ISO-10303-21;
HEADER;
FILE_DESCRIPTION (( 'STEP AP214' ),
    '1' );
FILE_NAME ('MP3V5004GP.STEP',
    '2025-01-31T11:23:55',
    ( '' ),
    ( '' ),
    'SwSTEP 2.0',
    'SolidWorks 2024',
    '' );
FILE_SCHEMA (( 'AUTOMOTIVE_DESIGN' ));
ENDSEC;

DATA;
#1 = EDGE_LOOP ( 'NONE', ( #443, #5209, #1879, #5099 ) ) ;
#2 = LINE ( 'NONE', #2743, #6857 ) ;
#3 = ORIENTED_EDGE ( 'NONE', *, *, #2290, .F. ) ;
#4 =( NAMED_UNIT ( * ) PLANE_ANGLE_UNIT ( ) SI_UNIT ( $, .RADIAN. ) );
#5 = FILL_AREA_STYLE ('',( #6336 ) ) ;
#6 = PLANE ( 'NONE',  #4479 ) ;
#7 = EDGE_CURVE ( 'NONE', #2881, #4317, #6040, .T. ) ;
#8 = CARTESIAN_POINT ( 'NONE',  ( 5.778500000000000192, -16.34406614034584848, -5.270500000000000185 ) ) ;
#9 = VERTEX_POINT ( 'NONE', #1747 ) ;
#10 =( LENGTH_UNIT ( ) NAMED_UNIT ( * ) SI_UNIT ( .MILLI., .METRE. ) );
#11 = EDGE_LOOP ( 'NONE', ( #1812, #1546, #1607, #5255, #4795, #946, #5133, #4170, #2695, #1795, #3857, #2522 ) ) ;
#12 =( NAMED_UNIT ( * ) PLANE_ANGLE_UNIT ( ) SI_UNIT ( $, .RADIAN. ) );
#13 = LINE ( 'NONE', #1081, #1743 ) ;
#14 = ADVANCED_FACE ( 'NONE', ( #1639 ), #5472, .T. ) ;
#15 = LINE ( 'NONE', #4357, #3615 ) ;
#16 = FILL_AREA_STYLE ('',( #1628 ) ) ;
#17 = CARTESIAN_POINT ( 'NONE',  ( -9.105900000000000105, 0.2535262387991554789, 3.301999999999999602 ) ) ;
#18 = ADVANCED_FACE ( 'NONE', ( #4366 ), #3814, .T. ) ;
#19 = CARTESIAN_POINT ( 'NONE',  ( -7.659338830835570100, 0.4213400374560394845, 1.778000000000000025 ) ) ;
#20 = STYLED_ITEM ( 'NONE', ( #3209 ), #112 ) ;
#21 = ORIENTED_EDGE ( 'NONE', *, *, #290, .T. ) ;
#22 = FILL_AREA_STYLE_COLOUR ( '', #3926 ) ;
#23 = AXIS2_PLACEMENT_3D ( 'NONE', #3584, #5183, #865 ) ;
#24 = VECTOR ( 'NONE', #5299, 1000.000000000000227 ) ;
#25 = FACE_OUTER_BOUND ( 'NONE', #2235, .T. ) ;
#26 =( NAMED_UNIT ( * ) PLANE_ANGLE_UNIT ( ) SI_UNIT ( $, .RADIAN. ) );
#27 =( GEOMETRIC_REPRESENTATION_CONTEXT ( 3 ) GLOBAL_UNCERTAINTY_ASSIGNED_CONTEXT ( ( #5011 ) ) GLOBAL_UNIT_ASSIGNED_CONTEXT ( ( #4892, #6503, #1136 ) ) REPRESENTATION_CONTEXT ( 'NONE', 'WORKASPACE' ) );
#28 = VERTEX_POINT ( 'NONE', #532 ) ;
#29 = CARTESIAN_POINT ( 'NONE',  ( -5.524499999999999744, 7.849999999999999645, 5.524499999999999744 ) ) ;
#30 = EDGE_LOOP ( 'NONE', ( #3340, #6064, #6453, #2651 ) ) ;
#31 =( LENGTH_UNIT ( ) NAMED_UNIT ( * ) SI_UNIT ( .MILLI., .METRE. ) );
#32 = DIRECTION ( 'NONE',  ( 0.000000000000000000, 0.000000000000000000, -1.000000000000000000 ) ) ;
#33 = LINE ( 'NONE', #4482, #6875 ) ;
#34 = AXIS2_PLACEMENT_3D ( 'NONE', #5376, #1488, #2040 ) ;
#35 = FACE_OUTER_BOUND ( 'NONE', #461, .T. ) ;
#36 =( NAMED_UNIT ( * ) PLANE_ANGLE_UNIT ( ) SI_UNIT ( $, .RADIAN. ) );
#37 = COLOUR_RGB ( '',0.6666666666666666297, 0.6980392156862744724, 0.7686274509803920907 ) ;
#38 = VERTEX_POINT ( 'NONE', #59 ) ;
#39 = LINE ( 'NONE', #1209, #650 ) ;
#40 = VERTEX_POINT ( 'NONE', #2253 ) ;
#41 = FILL_AREA_STYLE_COLOUR ( '', #3414 ) ;
#42 = SURFACE_STYLE_FILL_AREA ( #4937 ) ;
#43 = FILL_AREA_STYLE ('',( #696 ) ) ;
#44 = LINE ( 'NONE', #5001, #5750 ) ;
#45 = DIRECTION ( 'NONE',  ( 1.000000000000000000, 0.000000000000000000, 0.000000000000000000 ) ) ;
#46 = CIRCLE ( 'NONE', #6710, 0.3699966097798265130 ) ;
#47 = CARTESIAN_POINT ( 'NONE',  ( 9.105900000000000105, 0.2535262387991554789, -4.317999999999999616 ) ) ;
#48 = ORIENTED_EDGE ( 'NONE', *, *, #3043, .F. ) ;
#49 = VECTOR ( 'NONE', #4380, 1000.000000000000227 ) ;
#50 = ADVANCED_FACE ( 'NONE', ( #2712 ), #1601, .F. ) ;
#52 = MECHANICAL_DESIGN_GEOMETRIC_PRESENTATION_REPRESENTATION (  '', ( #2121 ), #3592 ) ;
#51 = UNCERTAINTY_MEASURE_WITH_UNIT (LENGTH_MEASURE( 1.000000000000000082E-05 ), #1515, 'distance_accuracy_value', 'NONE');
#53 = DIRECTION ( 'NONE',  ( -1.000000000000000000, 0.000000000000000000, 0.000000000000000000 ) ) ;
#54 =( NAMED_UNIT ( * ) SI_UNIT ( $, .STERADIAN. ) SOLID_ANGLE_UNIT ( ) );
#55 = LINE ( 'NONE', #5540, #6591 ) ;
#56 = CIRCLE ( 'NONE', #3149, 0.5079999999999997851 ) ;
#57 = EDGE_CURVE ( 'NONE', #3918, #5567, #5022, .T. ) ;
#58 = UNCERTAINTY_MEASURE_WITH_UNIT (LENGTH_MEASURE( 1.000000000000000082E-05 ), #4427, 'distance_accuracy_value', 'NONE');
#59 = CARTESIAN_POINT ( 'NONE',  ( 5.206424362375529746, 0.3769999999999999463, -4.825424362375530407 ) ) ;
#60 = STYLED_ITEM ( 'NONE', ( #2807 ), #6481 ) ;
#61 = DIRECTION ( 'NONE',  ( -0.06104853953484747076, -0.9981347984218675862, 0.000000000000000000 ) ) ;
#62 = SURFACE_STYLE_USAGE ( .BOTH. , #598 ) ;
#63 = FILL_AREA_STYLE_COLOUR ( '', #37 ) ;
#64 = CARTESIAN_POINT ( 'NONE',  ( 5.778500000000000192, 3.835465918153454723, 3.301999999999999602 ) ) ;
#65 = VECTOR ( 'NONE', #4876, 1000.000000000000000 ) ;
#66 = VECTOR ( 'NONE', #1736, 1000.000000000000000 ) ;
#67 = ADVANCED_FACE ( 'NONE', ( #210 ), #6146, .F. ) ;
#68 = EDGE_LOOP ( 'NONE', ( #5454, #4806, #2856, #5283 ) ) ;
#69 = DIRECTION ( 'NONE',  ( -1.000000000000000000, 0.000000000000000000, 0.000000000000000000 ) ) ;
#70 = VERTEX_POINT ( 'NONE', #5577 ) ;
#71 =( LENGTH_UNIT ( ) NAMED_UNIT ( * ) SI_UNIT ( .MILLI., .METRE. ) );
#72 = DIRECTION ( 'NONE',  ( 0.000000000000000000, 0.000000000000000000, 1.000000000000000000 ) ) ;
#73 = CARTESIAN_POINT ( 'NONE',  ( -6.386507856983209663, 3.581465918153455164, 0.7620000000000000107 ) ) ;
#74 = AXIS2_PLACEMENT_3D ( 'NONE', #4518, #6092, #292 ) ;
#75 = SURFACE_STYLE_USAGE ( .BOTH. , #6507 ) ;
#76 = DIRECTION ( 'NONE',  ( 0.2588190451025215166, 0.9659258262890680902, 0.000000000000000000 ) ) ;
#77 = MECHANICAL_DESIGN_GEOMETRIC_PRESENTATION_REPRESENTATION (  '', ( #985 ), #2487 ) ;
#78 = ORIENTED_EDGE ( 'NONE', *, *, #6410, .T. ) ;
#79 = DIRECTION ( 'NONE',  ( 0.000000000000000000, 0.000000000000000000, -1.000000000000000000 ) ) ;
#80 = ORIENTED_EDGE ( 'NONE', *, *, #509, .F. ) ;
#81 = FILL_AREA_STYLE_COLOUR ( '', #3421 ) ;
#82 = SURFACE_SIDE_STYLE ('',( #4971 ) ) ;
#83 = PLANE ( 'NONE',  #1971 ) ;
#84 =( NAMED_UNIT ( * ) SI_UNIT ( $, .STERADIAN. ) SOLID_ANGLE_UNIT ( ) );
#85 = CARTESIAN_POINT ( 'NONE',  ( 9.105900000000000105, 0.2535262387991554789, 1.778000000000000025 ) ) ;
#86 = ORIENTED_EDGE ( 'NONE', *, *, #533, .F. ) ;
#87 = CARTESIAN_POINT ( 'NONE',  ( -7.764301528365829874, 0.3355819165141765148, 1.778000000000000025 ) ) ;
#88 = VECTOR ( 'NONE', #211, 1000.000000000000000 ) ;
#89 = ORIENTED_EDGE ( 'NONE', *, *, #1221, .F. ) ;
#90 = FILL_AREA_STYLE ('',( #2797 ) ) ;
#91 = CARTESIAN_POINT ( 'NONE',  ( -2.158999999999999808, 6.859999999999999432, 6.032499999999999751 ) ) ;
#92 = FILL_AREA_STYLE ('',( #3289 ) ) ;
#93 = MECHANICAL_DESIGN_GEOMETRIC_PRESENTATION_REPRESENTATION (  '', ( #1701 ), #2828 ) ;
#94 = ADVANCED_FACE ( 'NONE', ( #6840 ), #3628, .F. ) ;
#95 = CARTESIAN_POINT ( 'NONE',  ( -6.386507856983209663, 3.581465918153455164, -0.7620000000000000107 ) ) ;
#97 = DIRECTION ( 'NONE',  ( 1.000000000000000000, 0.000000000000000000, 0.000000000000000000 ) ) ;
#96 = COLOUR_RGB ( '',0.6666666666666666297, 0.6980392156862744724, 0.7686274509803920907 ) ;
#98 = STYLED_ITEM ( 'NONE', ( #5346 ), #3100 ) ;
#99 = SURFACE_SIDE_STYLE ('',( #6528 ) ) ;
#100 = DIRECTION ( 'NONE',  ( 0.000000000000000000, 1.000000000000000000, 0.000000000000000000 ) ) ;
#101 = CYLINDRICAL_SURFACE ( 'NONE', #734, 0.4665790554353732578 ) ;
#102 = ADVANCED_FACE ( 'NONE', ( #3730 ), #5394, .F. ) ;
#103 = CYLINDRICAL_SURFACE ( 'NONE', #288, 0.3699966097798256248 ) ;
#104 = STYLED_ITEM ( 'NONE', ( #2318 ), #4163 ) ;
#105 = COLOUR_RGB ( '',0.2509803921568627416, 0.2509803921568627416, 0.2509803921568627416 ) ;
#106 = EDGE_LOOP ( 'NONE', ( #1383, #6729, #2959, #3956 ) ) ;
#107 = ORIENTED_EDGE ( 'NONE', *, *, #4406, .F. ) ;
#108 = PLANE ( 'NONE',  #6138 ) ;
#109 = DIRECTION ( 'NONE',  ( -1.000000000000000000, 0.000000000000000000, 0.000000000000000000 ) ) ;
#110 = CARTESIAN_POINT ( 'NONE',  ( -7.413993670958149984, 0.3556000000000000272, -1.778000000000000025 ) ) ;
#111 = DIRECTION ( 'NONE',  ( 0.000000000000000000, 0.000000000000000000, -1.000000000000000000 ) ) ;
#112 = ADVANCED_FACE ( 'NONE', ( #1009 ), #554, .F. ) ;
#113 = FILL_AREA_STYLE_COLOUR ( '', #5258 ) ;
#114 = EDGE_LOOP ( 'NONE', ( #2482, #2809, #1099, #4551 ) ) ;
#115 = CARTESIAN_POINT ( 'NONE',  ( 6.386507856983209663, 3.368886862718084796, -3.301999999999999602 ) ) ;
#116 = VERTEX_POINT ( 'NONE', #5819 ) ;
#117 = SURFACE_SIDE_STYLE ('',( #6548 ) ) ;
#118 = CARTESIAN_POINT ( 'NONE',  ( 7.771382951983880183, 0.4513621692343839920, -0.7620000000000000107 ) ) ;
#119 = SURFACE_STYLE_FILL_AREA ( #4421 ) ;
#120 = DIRECTION ( 'NONE',  ( 0.000000000000000000, 0.000000000000000000, 1.000000000000000000 ) ) ;
#121 = ORIENTED_EDGE ( 'NONE', *, *, #4624, .F. ) ;
#122 = DIRECTION ( 'NONE',  ( 0.000000000000000000, 0.000000000000000000, -1.000000000000000000 ) ) ;
#123 = ORIENTED_EDGE ( 'NONE', *, *, #2765, .F. ) ;
#124 = UNCERTAINTY_MEASURE_WITH_UNIT (LENGTH_MEASURE( 1.000000000000000082E-05 ), #6215, 'distance_accuracy_value', 'NONE');
#125 = CARTESIAN_POINT ( 'NONE',  ( -6.837188616633790517, 3.489646408310704828, -3.301999999999999602 ) ) ;
#126 = VECTOR ( 'NONE', #4259, 1000.000000000000000 ) ;
#127 = DIRECTION ( 'NONE',  ( 0.000000000000000000, 0.000000000000000000, 1.000000000000000000 ) ) ;
#128 = DIRECTION ( 'NONE',  ( 1.000000000000000000, 0.000000000000000000, 0.000000000000000000 ) ) ;
#129 = DIRECTION ( 'NONE',  ( 1.000000000000000000, 0.000000000000000000, 0.000000000000000000 ) ) ;
#130 = DIRECTION ( 'NONE',  ( 0.000000000000000000, 0.000000000000000000, 1.000000000000000000 ) ) ;
#131 =( NAMED_UNIT ( * ) SI_UNIT ( $, .STERADIAN. ) SOLID_ANGLE_UNIT ( ) );
#132 =( LENGTH_UNIT ( ) NAMED_UNIT ( * ) SI_UNIT ( .MILLI., .METRE. ) );
#133 = DIRECTION ( 'NONE',  ( 0.000000000000000000, 0.000000000000000000, 1.000000000000000000 ) ) ;
#134 = CARTESIAN_POINT ( 'NONE',  ( -5.778500000000000192, 3.581465918153455164, 0.7620000000000000107 ) ) ;
#135 =( GEOMETRIC_REPRESENTATION_CONTEXT ( 3 ) GLOBAL_UNCERTAINTY_ASSIGNED_CONTEXT ( ( #5638 ) ) GLOBAL_UNIT_ASSIGNED_CONTEXT ( ( #2841, #1641, #6495 ) ) REPRESENTATION_CONTEXT ( 'NONE', 'WORKASPACE' ) );
#136 = CARTESIAN_POINT ( 'NONE',  ( -6.386507856983209663, 3.368886862718084796, -4.317999999999999616 ) ) ;
#137 = VERTEX_POINT ( 'NONE', #4319 ) ;
#138 = AXIS2_PLACEMENT_3D ( 'NONE', #6345, #1665, #5891 ) ;
#139 = PRESENTATION_LAYER_ASSIGNMENT (  '', '', ( #6228 ) ) ;
#140 = VERTEX_POINT ( 'NONE', #4288 ) ;
#141 = UNCERTAINTY_MEASURE_WITH_UNIT (LENGTH_MEASURE( 1.000000000000000082E-05 ), #3755, 'distance_accuracy_value', 'NONE');
#142 = EDGE_CURVE ( 'NONE', #5668, #2056, #4886, .T. ) ;
#143 = CARTESIAN_POINT ( 'NONE',  ( 9.105900000000000105, 0.2535262387991554789, -1.778000000000000025 ) ) ;
#144 = CARTESIAN_POINT ( 'NONE',  ( -7.771382951983880183, 0.4513621692343839920, 4.317999999999999616 ) ) ;
#145 = DIRECTION ( 'NONE',  ( 1.000000000000000000, 0.000000000000000000, 0.000000000000000000 ) ) ;
#146 = CARTESIAN_POINT ( 'NONE',  ( 7.771382951983880183, 0.4513621692343839920, 0.7620000000000000107 ) ) ;
#147 = SURFACE_SIDE_STYLE ('',( #4991 ) ) ;
#148 = STYLED_ITEM ( 'NONE', ( #294 ), #238 ) ;
#149 = STYLED_ITEM ( 'NONE', ( #576 ), #4738 ) ;
#150 = FILL_AREA_STYLE ('',( #6576 ) ) ;
#151 = ORIENTED_EDGE ( 'NONE', *, *, #5541, .T. ) ;
#152 = LINE ( 'NONE', #2341, #5957 ) ;
#153 = ORIENTED_EDGE ( 'NONE', *, *, #4109, .T. ) ;
#154 = PRESENTATION_LAYER_ASSIGNMENT (  '', '', ( #3577 ) ) ;
#155 = ADVANCED_FACE ( 'NONE', ( #6344 ), #1617, .F. ) ;
#156 =( GEOMETRIC_REPRESENTATION_CONTEXT ( 3 ) GLOBAL_UNCERTAINTY_ASSIGNED_CONTEXT ( ( #5939 ) ) GLOBAL_UNIT_ASSIGNED_CONTEXT ( ( #608, #4481, #4893 ) ) REPRESENTATION_CONTEXT ( 'NONE', 'WORKASPACE' ) );
#157 = PLANE ( 'NONE',  #6203 ) ;
#158 =( NAMED_UNIT ( * ) SI_UNIT ( $, .STERADIAN. ) SOLID_ANGLE_UNIT ( ) );
#159 = FACE_OUTER_BOUND ( 'NONE', #2918, .T. ) ;
#160 = PLANE ( 'NONE',  #4039 ) ;
#161 = PRESENTATION_LAYER_ASSIGNMENT (  '', '', ( #3356 ) ) ;
#162 = VERTEX_POINT ( 'NONE', #3447 ) ;
#163 = CARTESIAN_POINT ( 'NONE',  ( -7.413993670958149984, 0.3556000000000000272, -4.317999999999999616 ) ) ;
#164 = VERTEX_POINT ( 'NONE', #1806 ) ;
#165 = EDGE_CURVE ( 'NONE', #4736, #4437, #4490, .T. ) ;
#166 = LINE ( 'NONE', #4425, #2811 ) ;
#167 = MECHANICAL_DESIGN_GEOMETRIC_PRESENTATION_REPRESENTATION (  '', ( #1530 ), #4258 ) ;
#168 = CARTESIAN_POINT ( 'NONE',  ( 5.778500000000000192, 3.835465918153454723, 3.301999999999999602 ) ) ;
#169 =( GEOMETRIC_REPRESENTATION_CONTEXT ( 3 ) GLOBAL_UNCERTAINTY_ASSIGNED_CONTEXT ( ( #4114 ) ) GLOBAL_UNIT_ASSIGNED_CONTEXT ( ( #2665, #1620, #4513 ) ) REPRESENTATION_CONTEXT ( 'NONE', 'WORKASPACE' ) );
#170 =( LENGTH_UNIT ( ) NAMED_UNIT ( * ) SI_UNIT ( .MILLI., .METRE. ) );
#171 = CYLINDRICAL_SURFACE ( 'NONE', #6714, 0.3810000000000002829 ) ;
#172 =( GEOMETRIC_REPRESENTATION_CONTEXT ( 3 ) GLOBAL_UNCERTAINTY_ASSIGNED_CONTEXT ( ( #2216 ) ) GLOBAL_UNIT_ASSIGNED_CONTEXT ( ( #3306, #4801, #1500 ) ) REPRESENTATION_CONTEXT ( 'NONE', 'WORKASPACE' ) );
#173 = CARTESIAN_POINT ( 'NONE',  ( 5.778500000000000192, -16.34406614034584848, 5.270500000000000185 ) ) ;
#174 = CARTESIAN_POINT ( 'NONE',  ( -9.105900000000000105, 0.2535262387991554789, 0.7620000000000000107 ) ) ;
#175 = PRESENTATION_LAYER_ASSIGNMENT (  '', '', ( #395 ) ) ;
#176 = MECHANICAL_DESIGN_GEOMETRIC_PRESENTATION_REPRESENTATION (  '', ( #1668 ), #5372 ) ;
#177 = COLOUR_RGB ( '',0.6666666666666666297, 0.6980392156862744724, 0.7686274509803920907 ) ;
#178 = ORIENTED_EDGE ( 'NONE', *, *, #2595, .T. ) ;
#179 = ORIENTED_EDGE ( 'NONE', *, *, #6418, .T. ) ;
#180 = FILL_AREA_STYLE ('',( #755 ) ) ;
#181 =( LENGTH_UNIT ( ) NAMED_UNIT ( * ) SI_UNIT ( .MILLI., .METRE. ) );
#182 = LINE ( 'NONE', #1103, #1463 ) ;
#183 = SURFACE_STYLE_FILL_AREA ( #651 ) ;
#184 = SURFACE_STYLE_USAGE ( .BOTH. , #4930 ) ;
#185 = PRESENTATION_LAYER_ASSIGNMENT (  '', '', ( #3155 ) ) ;
#186 = FILL_AREA_STYLE ('',( #6679 ) ) ;
#187 = EDGE_CURVE ( 'NONE', #1583, #5592, #5457, .T. ) ;
#188 = ORIENTED_EDGE ( 'NONE', *, *, #6796, .T. ) ;
#189 = FILL_AREA_STYLE ('',( #3511 ) ) ;
#190 = VERTEX_POINT ( 'NONE', #3931 ) ;
#191 = AXIS2_PLACEMENT_3D ( 'NONE', #5931, #410, #3702 ) ;
#192 = DIRECTION ( 'NONE',  ( 0.000000000000000000, 1.000000000000000000, 0.000000000000000000 ) ) ;
#193 =( NAMED_UNIT ( * ) SI_UNIT ( $, .STERADIAN. ) SOLID_ANGLE_UNIT ( ) );
#194 = CARTESIAN_POINT ( 'NONE',  ( -6.386507856983209663, 3.835465918153454723, 1.778000000000000025 ) ) ;
#195 = PLANE ( 'NONE',  #622 ) ;
#196 = VECTOR ( 'NONE', #6900, 1000.000000000000000 ) ;
#197 = EDGE_CURVE ( 'NONE', #5144, #2189, #2344, .T. ) ;
#198 = ORIENTED_EDGE ( 'NONE', *, *, #5351, .T. ) ;
#199 = CARTESIAN_POINT ( 'NONE',  ( 5.524499999999999744, 4.039999999999999147, 6.032499999999999751 ) ) ;
#200 = ORIENTED_EDGE ( 'NONE', *, *, #1180, .T. ) ;
#201 = DIRECTION ( 'NONE',  ( 0.000000000000000000, 0.000000000000000000, -1.000000000000000000 ) ) ;
#202 = STYLED_ITEM ( 'NONE', ( #958 ), #2179 ) ;
#203 = DIRECTION ( 'NONE',  ( 0.9659258262890684232, 0.2588190451025206285, 0.000000000000000000 ) ) ;
#204 = ADVANCED_FACE ( 'NONE', ( #4448 ), #695, .T. ) ;
#205 = AXIS2_PLACEMENT_3D ( 'NONE', #939, #3065, #5198 ) ;
#206 = CYLINDRICAL_SURFACE ( 'NONE', #1468, 0.1159966097798266205 ) ;
#207 = FACE_OUTER_BOUND ( 'NONE', #1210, .T. ) ;
#208 = UNCERTAINTY_MEASURE_WITH_UNIT (LENGTH_MEASURE( 1.000000000000000082E-05 ), #6172, 'distance_accuracy_value', 'NONE');
#209 =( NAMED_UNIT ( * ) PLANE_ANGLE_UNIT ( ) SI_UNIT ( $, .RADIAN. ) );
#210 = FACE_OUTER_BOUND ( 'NONE', #3332, .T. ) ;
#211 = DIRECTION ( 'NONE',  ( 0.000000000000000000, 0.000000000000000000, -1.000000000000000000 ) ) ;
#212 = AXIS2_PLACEMENT_3D ( 'NONE', #4808, #2630, #6444 ) ;
#213 = FILL_AREA_STYLE_COLOUR ( '', #5715 ) ;
#214 = VECTOR ( 'NONE', #3934, 1000.000000000000000 ) ;
#215 = PRESENTATION_LAYER_ASSIGNMENT (  '', '', ( #98 ) ) ;
#216 = ORIENTED_EDGE ( 'NONE', *, *, #1180, .F. ) ;
#217 = ORIENTED_EDGE ( 'NONE', *, *, #2144, .F. ) ;
#218 = DIRECTION ( 'NONE',  ( 0.000000000000000000, 0.000000000000000000, -1.000000000000000000 ) ) ;
#219 = LINE ( 'NONE', #1938, #6925 ) ;
#220 = CARTESIAN_POINT ( 'NONE',  ( 9.105900000000000105, 0.2535262387991554789, -1.778000000000000025 ) ) ;
#221 =( NAMED_UNIT ( * ) PLANE_ANGLE_UNIT ( ) SI_UNIT ( $, .RADIAN. ) );
#222 = LINE ( 'NONE', #1902, #940 ) ;
#223 = PRESENTATION_LAYER_ASSIGNMENT (  '', '', ( #6088 ) ) ;
#224 = DIRECTION ( 'NONE',  ( 0.000000000000000000, 1.000000000000000000, 0.000000000000000000 ) ) ;
#225 = VERTEX_POINT ( 'NONE', #3342 ) ;
#226 = ORIENTED_EDGE ( 'NONE', *, *, #5168, .F. ) ;
#227 = DIRECTION ( 'NONE',  ( 0.000000000000000000, 0.000000000000000000, -1.000000000000000000 ) ) ;
#228 = FILL_AREA_STYLE_COLOUR ( '', #6461 ) ;
#229 = LINE ( 'NONE', #803, #4792 ) ;
#230 = EDGE_CURVE ( 'NONE', #6671, #2417, #2894, .T. ) ;
#231 = ORIENTED_EDGE ( 'NONE', *, *, #1635, .T. ) ;
#232 = VERTEX_POINT ( 'NONE', #1111 ) ;
#233 = ADVANCED_FACE ( 'NONE', ( #583 ), #3315, .T. ) ;
#234 = DIRECTION ( 'NONE',  ( 1.000000000000000000, 0.000000000000000000, 0.000000000000000000 ) ) ;
#235 = SURFACE_STYLE_USAGE ( .BOTH. , #1818 ) ;
#236 = PRESENTATION_STYLE_ASSIGNMENT (( #2941 ) ) ;
#237 = FILL_AREA_STYLE ('',( #813 ) ) ;
#238 = ADVANCED_FACE ( 'NONE', ( #4693 ), #2550, .T. ) ;
#239 =( NAMED_UNIT ( * ) PLANE_ANGLE_UNIT ( ) SI_UNIT ( $, .RADIAN. ) );
#240 = FILL_AREA_STYLE ('',( #213 ) ) ;
#241 = EDGE_LOOP ( 'NONE', ( #3338, #3450, #3510, #5327 ) ) ;
#242 = ORIENTED_EDGE ( 'NONE', *, *, #4538, .F. ) ;
#243 = EDGE_CURVE ( 'NONE', #1076, #1756, #1631, .T. ) ;
#244 = CARTESIAN_POINT ( 'NONE',  ( 0.000000000000000000, 0.2500000000000000000, 0.000000000000000000 ) ) ;
#245 = PRESENTATION_LAYER_ASSIGNMENT (  '', '', ( #5900 ) ) ;
#246 = DIRECTION ( 'NONE',  ( -1.000000000000000000, 0.000000000000000000, 0.000000000000000000 ) ) ;
#247 = FILL_AREA_STYLE_COLOUR ( '', #2170 ) ;
#248 = CARTESIAN_POINT ( 'NONE',  ( 7.659338830835570100, 0.4213400374560394845, -3.301999999999999602 ) ) ;
#249 = CARTESIAN_POINT ( 'NONE',  ( -7.771382951983880183, 0.4513621692343839920, -0.7620000000000000107 ) ) ;
#250 = DIRECTION ( 'NONE',  ( 0.000000000000000000, 0.000000000000000000, -1.000000000000000000 ) ) ;
#251 = AXIS2_PLACEMENT_3D ( 'NONE', #1664, #2138, #4353 ) ;
#252 = AXIS2_PLACEMENT_3D ( 'NONE', #3281, #6872, #6415 ) ;
#253 = COLOUR_RGB ( '',0.6666666666666666297, 0.6980392156862744724, 0.7686274509803920907 ) ;
#254 = ORIENTED_EDGE ( 'NONE', *, *, #2479, .F. ) ;
#255 = PRESENTATION_STYLE_ASSIGNMENT (( #6120 ) ) ;
#256 = ORIENTED_EDGE ( 'NONE', *, *, #4616, .F. ) ;
#257 = LINE ( 'NONE', #1908, #6312 ) ;
#258 = SURFACE_STYLE_FILL_AREA ( #4043 ) ;
#259 = PRESENTATION_LAYER_ASSIGNMENT (  '', '', ( #6574 ) ) ;
#260 = DIRECTION ( 'NONE',  ( 0.9981347984218673641, 0.06104853953484971896, 0.000000000000000000 ) ) ;
#261 = FILL_AREA_STYLE_COLOUR ( '', #5189 ) ;
#262 = VECTOR ( 'NONE', #4694, 1000.000000000000227 ) ;
#263 = FACE_OUTER_BOUND ( 'NONE', #3745, .T. ) ;
#264 =( GEOMETRIC_REPRESENTATION_CONTEXT ( 3 ) GLOBAL_UNCERTAINTY_ASSIGNED_CONTEXT ( ( #4248 ) ) GLOBAL_UNIT_ASSIGNED_CONTEXT ( ( #31, #5519, #6016 ) ) REPRESENTATION_CONTEXT ( 'NONE', 'WORKASPACE' ) );
#265 = ORIENTED_EDGE ( 'NONE', *, *, #6877, .F. ) ;
#266 = ORIENTED_EDGE ( 'NONE', *, *, #2724, .T. ) ;
#267 = UNCERTAINTY_MEASURE_WITH_UNIT (LENGTH_MEASURE( 1.000000000000000082E-05 ), #3557, 'distance_accuracy_value', 'NONE');
#268 = SURFACE_STYLE_FILL_AREA ( #5050 ) ;
#269 = PRESENTATION_STYLE_ASSIGNMENT (( #1365 ) ) ;
#270 =( GEOMETRIC_REPRESENTATION_CONTEXT ( 3 ) GLOBAL_UNCERTAINTY_ASSIGNED_CONTEXT ( ( #5092 ) ) GLOBAL_UNIT_ASSIGNED_CONTEXT ( ( #5839, #1570, #1129 ) ) REPRESENTATION_CONTEXT ( 'NONE', 'WORKASPACE' ) );
#271 = CIRCLE ( 'NONE', #34, 0.1159966097798266205 ) ;
#272 = DIRECTION ( 'NONE',  ( -0.000000000000000000, 1.000000000000000000, 0.000000000000000000 ) ) ;
#273 = EDGE_CURVE ( 'NONE', #140, #6737, #6731, .T. ) ;
#274 =( NAMED_UNIT ( * ) SI_UNIT ( $, .STERADIAN. ) SOLID_ANGLE_UNIT ( ) );
#275 = UNCERTAINTY_MEASURE_WITH_UNIT (LENGTH_MEASURE( 1.000000000000000082E-05 ), #5118, 'distance_accuracy_value', 'NONE');
#276 = CARTESIAN_POINT ( 'NONE',  ( 6.837188616633790517, 3.489646408310704828, -3.301999999999999602 ) ) ;
#277 = CARTESIAN_POINT ( 'NONE',  ( 7.659338830835570100, 0.4213400374560394845, -0.7620000000000000107 ) ) ;
#278 = DIRECTION ( 'NONE',  ( 0.000000000000000000, 0.000000000000000000, 1.000000000000000000 ) ) ;
#279 = ADVANCED_FACE ( 'NONE', ( #4079 ), #4106, .T. ) ;
#280 = ORIENTED_EDGE ( 'NONE', *, *, #1116, .T. ) ;
#281 = ORIENTED_EDGE ( 'NONE', *, *, #4290, .F. ) ;
#282 = MECHANICAL_DESIGN_GEOMETRIC_PRESENTATION_REPRESENTATION (  '', ( #6945 ), #2460 ) ;
#283 = COLOUR_RGB ( '',0.6666666666666666297, 0.6980392156862744724, 0.7686274509803920907 ) ;
#284 = PRESENTATION_LAYER_ASSIGNMENT (  '', '', ( #3377 ) ) ;
#285 =( LENGTH_UNIT ( ) NAMED_UNIT ( * ) SI_UNIT ( .MILLI., .METRE. ) );
#286 = DIRECTION ( 'NONE',  ( 0.000000000000000000, -1.000000000000000000, 0.000000000000000000 ) ) ;
#287 = CARTESIAN_POINT ( 'NONE',  ( -6.386507856983209663, 3.835465918153454723, -1.778000000000000025 ) ) ;
#288 = AXIS2_PLACEMENT_3D ( 'NONE', #2877, #4435, #3434 ) ;
#289 = AXIS2_PLACEMENT_3D ( 'NONE', #3748, #6398, #4204 ) ;
#290 = EDGE_CURVE ( 'NONE', #2046, #40, #1462, .T. ) ;
#291 = ORIENTED_EDGE ( 'NONE', *, *, #4251, .T. ) ;
#292 = DIRECTION ( 'NONE',  ( -0.2588190451025206285, 0.9659258262890683122, 0.000000000000000000 ) ) ;
#293 = ORIENTED_EDGE ( 'NONE', *, *, #1870, .F. ) ;
#294 = PRESENTATION_STYLE_ASSIGNMENT (( #359 ) ) ;
#295 =( GEOMETRIC_REPRESENTATION_CONTEXT ( 3 ) GLOBAL_UNCERTAINTY_ASSIGNED_CONTEXT ( ( #1121 ) ) GLOBAL_UNIT_ASSIGNED_CONTEXT ( ( #1599, #5899, #6353 ) ) REPRESENTATION_CONTEXT ( 'NONE', 'WORKASPACE' ) );
#296 = SURFACE_STYLE_USAGE ( .BOTH. , #6169 ) ;
#297 = FACE_OUTER_BOUND ( 'NONE', #5600, .T. ) ;
#298 = STYLED_ITEM ( 'NONE', ( #4292 ), #1325 ) ;
#299 = MECHANICAL_DESIGN_GEOMETRIC_PRESENTATION_REPRESENTATION (  '', ( #2478 ), #2147 ) ;
#300 = EDGE_LOOP ( 'NONE', ( #1315, #1052, #6208, #2225 ) ) ;
#301 = PRESENTATION_STYLE_ASSIGNMENT (( #6271 ) ) ;
#302 = ORIENTED_EDGE ( 'NONE', *, *, #4501, .T. ) ;
#303 = PLANE ( 'NONE',  #2432 ) ;
#304 = SURFACE_STYLE_FILL_AREA ( #4184 ) ;
#305 = LINE ( 'NONE', #6739, #5690 ) ;
#306 = AXIS2_PLACEMENT_3D ( 'NONE', #3045, #5180, #3476 ) ;
#307 = DIRECTION ( 'NONE',  ( -0.2588190451025215166, -0.9659258262890680902, 0.000000000000000000 ) ) ;
#308 =( NAMED_UNIT ( * ) SI_UNIT ( $, .STERADIAN. ) SOLID_ANGLE_UNIT ( ) );
#309 = DIRECTION ( 'NONE',  ( -0.9981347984218673641, 0.06104853953484971896, 0.000000000000000000 ) ) ;
#310 = LINE ( 'NONE', #5094, #2816 ) ;
#311 = ADVANCED_FACE ( 'NONE', ( #3198 ), #3686, .F. ) ;
#312 = FILL_AREA_STYLE ('',( #4676 ) ) ;
#313 =( GEOMETRIC_REPRESENTATION_CONTEXT ( 3 ) GLOBAL_UNCERTAINTY_ASSIGNED_CONTEXT ( ( #2372 ) ) GLOBAL_UNIT_ASSIGNED_CONTEXT ( ( #6448, #6386, #3706 ) ) REPRESENTATION_CONTEXT ( 'NONE', 'WORKASPACE' ) );
#314 = DIRECTION ( 'NONE',  ( 0.000000000000000000, 1.000000000000000000, 0.000000000000000000 ) ) ;
#315 = ORIENTED_EDGE ( 'NONE', *, *, #647, .T. ) ;
#316 = VERTEX_POINT ( 'NONE', #5810 ) ;
#317 = STYLED_ITEM ( 'NONE', ( #1732 ), #2882 ) ;
#318 = PRESENTATION_STYLE_ASSIGNMENT (( #1963 ) ) ;
#319 = DIRECTION ( 'NONE',  ( -0.2588190451025215166, -0.9659258262890680902, 0.000000000000000000 ) ) ;
#320 =( NAMED_UNIT ( * ) SI_UNIT ( $, .STERADIAN. ) SOLID_ANGLE_UNIT ( ) );
#321 = SURFACE_SIDE_STYLE ('',( #2510 ) ) ;
#322 = ADVANCED_FACE ( 'NONE', ( #433 ), #2083, .T. ) ;
#323 = CARTESIAN_POINT ( 'NONE',  ( 6.591843456756369513, 3.423906370854659986, 1.778000000000000025 ) ) ;
#324 = AXIS2_PLACEMENT_3D ( 'NONE', #5759, #1114, #5727 ) ;
#325 = COLOUR_RGB ( '',0.6666666666666666297, 0.6980392156862744724, 0.7686274509803920907 ) ;
#326 = EDGE_LOOP ( 'NONE', ( #89, #2122, #4424, #2261 ) ) ;
#327 = SURFACE_STYLE_FILL_AREA ( #2442 ) ;
#328 = ORIENTED_EDGE ( 'NONE', *, *, #6454, .T. ) ;
#329 = COLOUR_RGB ( '',0.6666666666666666297, 0.6980392156862744724, 0.7686274509803920907 ) ;
#330 = SURFACE_STYLE_FILL_AREA ( #6267 ) ;
#331 = CARTESIAN_POINT ( 'NONE',  ( -7.771382951983880183, 0.4513621692343839920, 1.778000000000000025 ) ) ;
#332 = EDGE_CURVE ( 'NONE', #3035, #604, #6366, .T. ) ;
#333 =( NAMED_UNIT ( * ) SI_UNIT ( $, .STERADIAN. ) SOLID_ANGLE_UNIT ( ) );
#334 = ORIENTED_EDGE ( 'NONE', *, *, #5396, .F. ) ;
#335 = CYLINDRICAL_SURFACE ( 'NONE', #6506, 0.3810000000000002829 ) ;
#336 = ORIENTED_EDGE ( 'NONE', *, *, #5944, .F. ) ;
#337 = UNCERTAINTY_MEASURE_WITH_UNIT (LENGTH_MEASURE( 1.000000000000000082E-05 ), #10, 'distance_accuracy_value', 'NONE');
#338 =( NAMED_UNIT ( * ) SI_UNIT ( $, .STERADIAN. ) SOLID_ANGLE_UNIT ( ) );
#339 = SURFACE_SIDE_STYLE ('',( #904 ) ) ;
#340 =( LENGTH_UNIT ( ) NAMED_UNIT ( * ) SI_UNIT ( .MILLI., .METRE. ) );
#341 = COLOUR_RGB ( '',0.6666666666666666297, 0.6980392156862744724, 0.7686274509803920907 ) ;
#342 = EDGE_CURVE ( 'NONE', #40, #2546, #2128, .T. ) ;
#343 =( NAMED_UNIT ( * ) SI_UNIT ( $, .STERADIAN. ) SOLID_ANGLE_UNIT ( ) );
#344 = LINE ( 'NONE', #6804, #2104 ) ;
#345 = DIRECTION ( 'NONE',  ( -1.247827601593249791E-16, 0.000000000000000000, -1.000000000000000000 ) ) ;
#346 = LINE ( 'NONE', #5331, #2714 ) ;
#347 = DIRECTION ( 'NONE',  ( -0.000000000000000000, -1.000000000000000000, -0.000000000000000000 ) ) ;
#348 = ORIENTED_EDGE ( 'NONE', *, *, #4414, .T. ) ;
#349 = ORIENTED_EDGE ( 'NONE', *, *, #3873, .T. ) ;
#350 = PRESENTATION_STYLE_ASSIGNMENT (( #6887 ) ) ;
#351 = SURFACE_SIDE_STYLE ('',( #1023 ) ) ;
#352 = DIRECTION ( 'NONE',  ( 0.000000000000000000, 0.000000000000000000, -1.000000000000000000 ) ) ;
#353 =( NAMED_UNIT ( * ) SI_UNIT ( $, .STERADIAN. ) SOLID_ANGLE_UNIT ( ) );
#354 = CARTESIAN_POINT ( 'NONE',  ( 5.206424362375529746, 0.3769999999999999463, -5.206424362375529746 ) ) ;
#355 = ADVANCED_FACE ( 'NONE', ( #1540 ), #924, .F. ) ;
#356 = EDGE_LOOP ( 'NONE', ( #4381, #5085, #5029, #4135 ) ) ;
#357 = ORIENTED_EDGE ( 'NONE', *, *, #4523, .T. ) ;
#358 = FILL_AREA_STYLE_COLOUR ( '', #3194 ) ;
#359 = SURFACE_STYLE_USAGE ( .BOTH. , #6167 ) ;
#360 = PRESENTATION_STYLE_ASSIGNMENT (( #5745 ) ) ;
#361 = ADVANCED_FACE ( 'NONE', ( #5446 ), #108, .T. ) ;
#362 = VERTEX_POINT ( 'NONE', #1798 ) ;
#363 = CARTESIAN_POINT ( 'NONE',  ( -9.090393670958150096, 1.102058738522372051E-15, -4.317999999999999616 ) ) ;
#364 = ORIENTED_EDGE ( 'NONE', *, *, #2019, .T. ) ;
#365 = AXIS2_PLACEMENT_3D ( 'NONE', #2663, #3280, #6476 ) ;
#366 = AXIS2_PLACEMENT_3D ( 'NONE', #3766, #5358, #4772 ) ;
#367 = PRESENTATION_STYLE_ASSIGNMENT (( #6839 ) ) ;
#368 = COLOUR_RGB ( '',0.6666666666666666297, 0.6980392156862744724, 0.7686274509803920907 ) ;
#369 = FILL_AREA_STYLE_COLOUR ( '', #1878 ) ;
#370 = STYLED_ITEM ( 'NONE', ( #6514 ), #204 ) ;
#371 = PRESENTATION_LAYER_ASSIGNMENT (  '', '', ( #149 ) ) ;
#372 = EDGE_CURVE ( 'NONE', #116, #4067, #1101, .T. ) ;
#373 = FACE_OUTER_BOUND ( 'NONE', #2490, .T. ) ;
#374 = SURFACE_SIDE_STYLE ('',( #4094 ) ) ;
#375 = CARTESIAN_POINT ( 'NONE',  ( 7.771382951983880183, 0.4513621692343839920, 3.301999999999999602 ) ) ;
#376 = VECTOR ( 'NONE', #3106, 1000.000000000000000 ) ;
#377 = PLANE ( 'NONE',  #1117 ) ;
#378 = SURFACE_STYLE_USAGE ( .BOTH. , #1996 ) ;
#379 = PRESENTATION_LAYER_ASSIGNMENT (  '', '', ( #4805 ) ) ;
#380 = ORIENTED_EDGE ( 'NONE', *, *, #3407, .F. ) ;
#381 = ORIENTED_EDGE ( 'NONE', *, *, #1349, .F. ) ;
#382 = FACE_OUTER_BOUND ( 'NONE', #4970, .T. ) ;
#384 = LINE ( 'NONE', #497, #3464 ) ;
#383 = STYLED_ITEM ( 'NONE', ( #5235 ), #5937 ) ;
#385 = DIRECTION ( 'NONE',  ( 0.000000000000000000, 0.000000000000000000, 1.000000000000000000 ) ) ;
#386 = CARTESIAN_POINT ( 'NONE',  ( 5.778500000000000192, 3.835465918153454723, -0.7620000000000000107 ) ) ;
#387 = SURFACE_STYLE_USAGE ( .BOTH. , #5659 ) ;
#388 = VECTOR ( 'NONE', #6972, 1000.000000000000000 ) ;
#389 = VERTEX_POINT ( 'NONE', #3922 ) ;
#390 =( GEOMETRIC_REPRESENTATION_CONTEXT ( 3 ) GLOBAL_UNCERTAINTY_ASSIGNED_CONTEXT ( ( #6623 ) ) GLOBAL_UNIT_ASSIGNED_CONTEXT ( ( #5502, #1884, #2904 ) ) REPRESENTATION_CONTEXT ( 'NONE', 'WORKASPACE' ) );
#391 = FILL_AREA_STYLE ('',( #3196 ) ) ;
#392 = ORIENTED_EDGE ( 'NONE', *, *, #2352, .T. ) ;
#393 = FILL_AREA_STYLE ('',( #4862 ) ) ;
#394 = DIRECTION ( 'NONE',  ( 0.9659258262890680902, 0.2588190451025215166, 0.000000000000000000 ) ) ;
#395 = STYLED_ITEM ( 'NONE', ( #2118 ), #6401 ) ;
#396 = PRESENTATION_LAYER_ASSIGNMENT (  '', '', ( #5481 ) ) ;
#397 = ADVANCED_FACE ( 'NONE', ( #2229 ), #3304, .T. ) ;
#398 = ORIENTED_EDGE ( 'NONE', *, *, #2994, .T. ) ;
#399 = SURFACE_SIDE_STYLE ('',( #4700 ) ) ;
#400 = ORIENTED_EDGE ( 'NONE', *, *, #811, .F. ) ;
#401 = MECHANICAL_DESIGN_GEOMETRIC_PRESENTATION_REPRESENTATION (  '', ( #60 ), #2467 ) ;
#402 = UNCERTAINTY_MEASURE_WITH_UNIT (LENGTH_MEASURE( 1.000000000000000082E-05 ), #3419, 'distance_accuracy_value', 'NONE');
#403 = CARTESIAN_POINT ( 'NONE',  ( -6.032499999999999751, 4.039999999999999147, 6.032499999999999751 ) ) ;
#404 =( NAMED_UNIT ( * ) PLANE_ANGLE_UNIT ( ) SI_UNIT ( $, .RADIAN. ) );
#405 = SURFACE_SIDE_STYLE ('',( #3591 ) ) ;
#406 = FILL_AREA_STYLE_COLOUR ( '', #6260 ) ;
#407 = EDGE_CURVE ( 'NONE', #987, #162, #6674, .T. ) ;
#408 = AXIS2_PLACEMENT_3D ( 'NONE', #6807, #5787, #2464 ) ;
#409 = AXIS2_PLACEMENT_3D ( 'NONE', #199, #3553, #4558 ) ;
#410 = DIRECTION ( 'NONE',  ( 0.000000000000000000, 0.000000000000000000, -1.000000000000000000 ) ) ;
#411 = LINE ( 'NONE', #454, #5946 ) ;
#412 = DIRECTION ( 'NONE',  ( -1.000000000000000000, 0.000000000000000000, 0.000000000000000000 ) ) ;
#413 =( GEOMETRIC_REPRESENTATION_CONTEXT ( 3 ) GLOBAL_UNCERTAINTY_ASSIGNED_CONTEXT ( ( #5062 ) ) GLOBAL_UNIT_ASSIGNED_CONTEXT ( ( #6521, #4358, #2143 ) ) REPRESENTATION_CONTEXT ( 'NONE', 'WORKASPACE' ) );
#414 = AXIS2_PLACEMENT_3D ( 'NONE', #115, #551, #3416 ) ;
#415 = PRESENTATION_STYLE_ASSIGNMENT (( #2604 ) ) ;
#416 = FILL_AREA_STYLE ('',( #3066 ) ) ;
#417 = ADVANCED_FACE ( 'NONE', ( #4612 ), #6190, .F. ) ;
#418 = FILL_AREA_STYLE_COLOUR ( '', #1521 ) ;
#419 = SURFACE_SIDE_STYLE ('',( #458 ) ) ;
#420 = VECTOR ( 'NONE', #4969, 1000.000000000000000 ) ;
#421 = ORIENTED_EDGE ( 'NONE', *, *, #5468, .F. ) ;
#422 = EDGE_LOOP ( 'NONE', ( #6817, #1737, #3366, #2587, #3709, #552, #828, #3588, #2582, #4793, #1573, #6055 ) ) ;
#423 =( LENGTH_UNIT ( ) NAMED_UNIT ( * ) SI_UNIT ( .MILLI., .METRE. ) );
#424 = SURFACE_SIDE_STYLE ('',( #5798 ) ) ;
#425 = LINE ( 'NONE', #1024, #376 ) ;
#426 = SURFACE_SIDE_STYLE ('',( #6400 ) ) ;
#427 = VECTOR ( 'NONE', #1196, 1000.000000000000000 ) ;
#428 = VECTOR ( 'NONE', #4010, 1000.000000000000000 ) ;
#429 = ORIENTED_EDGE ( 'NONE', *, *, #3079, .T. ) ;
#430 = SURFACE_SIDE_STYLE ('',( #3718 ) ) ;
#431 = ORIENTED_EDGE ( 'NONE', *, *, #4696, .T. ) ;
#432 =( NAMED_UNIT ( * ) PLANE_ANGLE_UNIT ( ) SI_UNIT ( $, .RADIAN. ) );
#433 = FACE_OUTER_BOUND ( 'NONE', #5408, .T. ) ;
#434 =( LENGTH_UNIT ( ) NAMED_UNIT ( * ) SI_UNIT ( .MILLI., .METRE. ) );
#435 = SURFACE_SIDE_STYLE ('',( #6897 ) ) ;
#436 = CARTESIAN_POINT ( 'NONE',  ( 7.413993670958149984, 0.3556000000000000272, 3.301999999999999602 ) ) ;
#437 = PRESENTATION_LAYER_ASSIGNMENT (  '', '', ( #3067 ) ) ;
#438 = CIRCLE ( 'NONE', #6194, 0.5079999999999997851 ) ;
#439 =( NAMED_UNIT ( * ) PLANE_ANGLE_UNIT ( ) SI_UNIT ( $, .RADIAN. ) );
#440 = VERTEX_POINT ( 'NONE', #3504 ) ;
#441 = LINE ( 'NONE', #2627, #2802 ) ;
#442 = AXIS2_PLACEMENT_3D ( 'NONE', #3087, #5216, #4587 ) ;
#443 = ORIENTED_EDGE ( 'NONE', *, *, #3772, .F. ) ;
#444 = STYLED_ITEM ( 'NONE', ( #6232 ), #2965 ) ;
#445 = EDGE_CURVE ( 'NONE', #1005, #28, #2325, .T. ) ;
#446 = CARTESIAN_POINT ( 'NONE',  ( 9.105900000000000105, 0.2535262387991554789, -0.7620000000000000107 ) ) ;
#447 = SURFACE_STYLE_USAGE ( .BOTH. , #1551 ) ;
#448 = CARTESIAN_POINT ( 'NONE',  ( 6.386507856983209663, 3.835465918153454723, -0.7620000000000000107 ) ) ;
#449 = CARTESIAN_POINT ( 'NONE',  ( -9.105900000000000105, 0.2535262387991554789, 4.317999999999999616 ) ) ;
#450 = CARTESIAN_POINT ( 'NONE',  ( 9.090393670958150096, 1.102058738522372051E-15, -3.301999999999999602 ) ) ;
#451 = AXIS2_PLACEMENT_3D ( 'NONE', #1253, #2838, #745 ) ;
#452 = MECHANICAL_DESIGN_GEOMETRIC_PRESENTATION_REPRESENTATION (  '', ( #4857 ), #6876 ) ;
#453 = CARTESIAN_POINT ( 'NONE',  ( 5.778500000000000192, 3.835465918153454723, 4.317999999999999616 ) ) ;
#454 = CARTESIAN_POINT ( 'NONE',  ( -7.413993670958149984, 0.3556000000000000272, 4.317999999999999616 ) ) ;
#455 = ADVANCED_FACE ( 'NONE', ( #4545 ), #3542, .F. ) ;
#456 = FILL_AREA_STYLE ('',( #4360 ) ) ;
#457 = SURFACE_STYLE_FILL_AREA ( #5869 ) ;
#458 = SURFACE_STYLE_FILL_AREA ( #5236 ) ;
#459 = EDGE_CURVE ( 'NONE', #531, #6919, #1416, .T. ) ;
#460 = EDGE_LOOP ( 'NONE', ( #1943, #2160, #2370, #2018 ) ) ;
#461 = EDGE_LOOP ( 'NONE', ( #921, #2471, #6394, #3965, #1985, #5777, #2418, #5635, #121, #1755, #4927, #6230 ) ) ;
#462 = LINE ( 'NONE', #5764, #2388 ) ;
#463 = SURFACE_STYLE_FILL_AREA ( #6325 ) ;
#464 = PLANE ( 'NONE',  #4268 ) ;
#465 = DIRECTION ( 'NONE',  ( 1.000000000000000000, 0.000000000000000000, 0.000000000000000000 ) ) ;
#466 = EDGE_CURVE ( 'NONE', #5769, #791, #3690, .T. ) ;
#467 = EDGE_LOOP ( 'NONE', ( #1132, #4769, #1564, #807 ) ) ;
#468 = ORIENTED_EDGE ( 'NONE', *, *, #5177, .F. ) ;
#469 = SURFACE_STYLE_FILL_AREA ( #6896 ) ;
#470 = DIRECTION ( 'NONE',  ( -0.9981347984218674751, 0.06104853953484982304, 0.000000000000000000 ) ) ;
#471 = CARTESIAN_POINT ( 'NONE',  ( -5.524499999999999744, 4.039999999999999147, 5.524499999999999744 ) ) ;
#472 = DIRECTION ( 'NONE',  ( 0.000000000000000000, 0.000000000000000000, -1.000000000000000000 ) ) ;
#473 = EDGE_LOOP ( 'NONE', ( #3231, #542, #2854, #1881 ) ) ;
#474 = FILL_AREA_STYLE_COLOUR ( '', #4834 ) ;
#475 = ORIENTED_EDGE ( 'NONE', *, *, #2842, .F. ) ;
#476 = UNCERTAINTY_MEASURE_WITH_UNIT (LENGTH_MEASURE( 1.000000000000000082E-05 ), #6694, 'distance_accuracy_value', 'NONE');
#477 = CARTESIAN_POINT ( 'NONE',  ( -6.591843456756369513, 3.423906370854659986, -0.7620000000000000107 ) ) ;
#478 = PRESENTATION_STYLE_ASSIGNMENT (( #1590 ) ) ;
#479 =( LENGTH_UNIT ( ) NAMED_UNIT ( * ) SI_UNIT ( .MILLI., .METRE. ) );
#480 = FILL_AREA_STYLE_COLOUR ( '', #5575 ) ;
#481 =( GEOMETRIC_REPRESENTATION_CONTEXT ( 3 ) GLOBAL_UNCERTAINTY_ASSIGNED_CONTEXT ( ( #6342 ) ) GLOBAL_UNIT_ASSIGNED_CONTEXT ( ( #3360, #2220, #5375 ) ) REPRESENTATION_CONTEXT ( 'NONE', 'WORKASPACE' ) );
#482 = VECTOR ( 'NONE', #3897, 1000.000000000000227 ) ;
#483 =( GEOMETRIC_REPRESENTATION_CONTEXT ( 3 ) GLOBAL_UNCERTAINTY_ASSIGNED_CONTEXT ( ( #5086 ) ) GLOBAL_UNIT_ASSIGNED_CONTEXT ( ( #1017, #4714, #3216 ) ) REPRESENTATION_CONTEXT ( 'NONE', 'WORKASPACE' ) );
#484 = FILL_AREA_STYLE ('',( #6984 ) ) ;
#485 = UNCERTAINTY_MEASURE_WITH_UNIT (LENGTH_MEASURE( 1.000000000000000082E-05 ), #4726, 'distance_accuracy_value', 'NONE');
#486 =( LENGTH_UNIT ( ) NAMED_UNIT ( * ) SI_UNIT ( .MILLI., .METRE. ) );
#487 = DIRECTION ( 'NONE',  ( 0.000000000000000000, 0.000000000000000000, -1.000000000000000000 ) ) ;
#488 = VECTOR ( 'NONE', #6467, 1000.000000000000000 ) ;
#489 = SURFACE_SIDE_STYLE ('',( #2576 ) ) ;
#490 = EDGE_CURVE ( 'NONE', #863, #162, #219, .T. ) ;
#491 = FACE_OUTER_BOUND ( 'NONE', #861, .T. ) ;
#492 = ORIENTED_EDGE ( 'NONE', *, *, #2578, .T. ) ;
#493 = PRESENTATION_LAYER_ASSIGNMENT (  '', '', ( #6361 ) ) ;
#494 = VERTEX_POINT ( 'NONE', #1566 ) ;
#495 = SURFACE_STYLE_FILL_AREA ( #2536 ) ;
#496 =( LENGTH_UNIT ( ) NAMED_UNIT ( * ) SI_UNIT ( .MILLI., .METRE. ) );
#497 = CARTESIAN_POINT ( 'NONE',  ( 6.032499999999999751, 7.849999999999999645, -6.032499999999999751 ) ) ;
#498 = FACE_OUTER_BOUND ( 'NONE', #693, .T. ) ;
#499 = MECHANICAL_DESIGN_GEOMETRIC_PRESENTATION_REPRESENTATION (  '', ( #839 ), #2750 ) ;
#500 = COLOUR_RGB ( '',0.2509803921568627416, 0.2509803921568627416, 0.2509803921568627416 ) ;
#501 = ADVANCED_FACE ( 'NONE', ( #382 ), #4822, .T. ) ;
#502 = ORIENTED_EDGE ( 'NONE', *, *, #2749, .T. ) ;
#503 = ORIENTED_EDGE ( 'NONE', *, *, #3470, .F. ) ;
#504 = VECTOR ( 'NONE', #3670, 1000.000000000000000 ) ;
#505 = STYLED_ITEM ( 'NONE', ( #1841 ), #5378 ) ;
#506 =( NAMED_UNIT ( * ) PLANE_ANGLE_UNIT ( ) SI_UNIT ( $, .RADIAN. ) );
#507 = DIRECTION ( 'NONE',  ( 0.2588190451025215166, 0.9659258262890680902, 0.000000000000000000 ) ) ;
#508 = DIRECTION ( 'NONE',  ( 0.000000000000000000, 1.000000000000000000, 0.000000000000000000 ) ) ;
#509 = EDGE_CURVE ( 'NONE', #765, #3991, #6358, .T. ) ;
#510 =( NAMED_UNIT ( * ) SI_UNIT ( $, .STERADIAN. ) SOLID_ANGLE_UNIT ( ) );
#511 = MECHANICAL_DESIGN_GEOMETRIC_PRESENTATION_REPRESENTATION (  '', ( #743 ), #3259 ) ;
#512 =( GEOMETRIC_REPRESENTATION_CONTEXT ( 3 ) GLOBAL_UNCERTAINTY_ASSIGNED_CONTEXT ( ( #4536 ) ) GLOBAL_UNIT_ASSIGNED_CONTEXT ( ( #3924, #1169, #2232 ) ) REPRESENTATION_CONTEXT ( 'NONE', 'WORKASPACE' ) );
#513 = VECTOR ( 'NONE', #2565, 1000.000000000000000 ) ;
#514 = VERTEX_POINT ( 'NONE', #1526 ) ;
#515 =( NAMED_UNIT ( * ) SI_UNIT ( $, .STERADIAN. ) SOLID_ANGLE_UNIT ( ) );
#516 = ORIENTED_EDGE ( 'NONE', *, *, #2402, .F. ) ;
#517 = SURFACE_STYLE_USAGE ( .BOTH. , #4249 ) ;
#518 = VECTOR ( 'NONE', #6435, 1000.000000000000000 ) ;
#519 = DIRECTION ( 'NONE',  ( -0.06104853953484747076, -0.9981347984218675862, 0.000000000000000000 ) ) ;
#520 = CARTESIAN_POINT ( 'NONE',  ( -5.778500000000000192, 4.039999999999998259, 5.270500000000000185 ) ) ;
#521 =( LENGTH_UNIT ( ) NAMED_UNIT ( * ) SI_UNIT ( .MILLI., .METRE. ) );
#522 = STYLED_ITEM ( 'NONE', ( #2428 ), #6551 ) ;
#523 = STYLED_ITEM ( 'NONE', ( #4824 ), #1231 ) ;
#524 = FILL_AREA_STYLE ('',( #5361 ) ) ;
#525 = FILL_AREA_STYLE ('',( #3135 ) ) ;
#526 = DIRECTION ( 'NONE',  ( 1.000000000000000000, 0.000000000000000000, 0.000000000000000000 ) ) ;
#527 = CARTESIAN_POINT ( 'NONE',  ( -6.386507856983209663, 3.835465918153454723, -3.301999999999999602 ) ) ;
#528 = CARTESIAN_POINT ( 'NONE',  ( -5.206424362375529746, 0.2500000000000000000, -4.825424362375530407 ) ) ;
#529 = COLOUR_RGB ( '',0.6666666666666666297, 0.6980392156862744724, 0.7686274509803920907 ) ;
#530 = CARTESIAN_POINT ( 'NONE',  ( -6.386507856983209663, 3.368886862718084796, 4.317999999999999616 ) ) ;
#531 = VERTEX_POINT ( 'NONE', #2074 ) ;
#532 = CARTESIAN_POINT ( 'NONE',  ( 5.206424362375529746, 0.2500000000000000000, -5.587424362375529974 ) ) ;
#533 = EDGE_CURVE ( 'NONE', #6101, #4858, #2039, .T. ) ;
#534 = FILL_AREA_STYLE ('',( #3402 ) ) ;
#535 = PLANE ( 'NONE',  #2217 ) ;
#536 = FILL_AREA_STYLE ('',( #1454 ) ) ;
#537 = DIRECTION ( 'NONE',  ( 0.06104853953484972590, 0.9981347984218674751, 0.000000000000000000 ) ) ;
#538 = VECTOR ( 'NONE', #6164, 1000.000000000000000 ) ;
#539 = DIRECTION ( 'NONE',  ( 0.000000000000000000, 0.000000000000000000, 1.000000000000000000 ) ) ;
#540 = ORIENTED_EDGE ( 'NONE', *, *, #4155, .T. ) ;
#541 = CARTESIAN_POINT ( 'NONE',  ( -7.771382951983880183, 0.4513621692343839920, 3.301999999999999602 ) ) ;
#542 = ORIENTED_EDGE ( 'NONE', *, *, #2724, .F. ) ;
#543 = AXIS2_PLACEMENT_3D ( 'NONE', #541, #4537, #3886 ) ;
#544 = ADVANCED_FACE ( 'NONE', ( #948 ), #4301, .F. ) ;
#545 = SURFACE_STYLE_USAGE ( .BOTH. , #1166 ) ;
#546 = SURFACE_STYLE_USAGE ( .BOTH. , #5347 ) ;
#547 =( NAMED_UNIT ( * ) PLANE_ANGLE_UNIT ( ) SI_UNIT ( $, .RADIAN. ) );
#548 = FACE_OUTER_BOUND ( 'NONE', #1896, .T. ) ;
#549 = AXIS2_PLACEMENT_3D ( 'NONE', #3392, #1845, #2312 ) ;
#550 = ORIENTED_EDGE ( 'NONE', *, *, #459, .F. ) ;
#551 = DIRECTION ( 'NONE',  ( 0.000000000000000000, 0.000000000000000000, 1.000000000000000000 ) ) ;
#552 = ORIENTED_EDGE ( 'NONE', *, *, #1695, .F. ) ;
#553 = ADVANCED_FACE ( 'NONE', ( #3190 ), #6294, .T. ) ;
#554 = PLANE ( 'NONE',  #251 ) ;
#555 = DIRECTION ( 'NONE',  ( 0.000000000000000000, 1.000000000000000000, 0.000000000000000000 ) ) ;
#557 = PRESENTATION_LAYER_ASSIGNMENT (  '', '', ( #994 ) ) ;
#556 = SURFACE_SIDE_STYLE ('',( #3798 ) ) ;
#558 = CARTESIAN_POINT ( 'NONE',  ( 7.748795199323979865, 0.08205567771502250696, 3.301999999999999602 ) ) ;
#559 = VECTOR ( 'NONE', #227, 1000.000000000000000 ) ;
#560 = FACE_OUTER_BOUND ( 'NONE', #726, .T. ) ;
#561 = SURFACE_SIDE_STYLE ('',( #6952 ) ) ;
#562 = EDGE_CURVE ( 'NONE', #3581, #531, #4120, .T. ) ;
#563 = UNCERTAINTY_MEASURE_WITH_UNIT (LENGTH_MEASURE( 1.000000000000000082E-05 ), #6813, 'distance_accuracy_value', 'NONE');
#564 = FACE_OUTER_BOUND ( 'NONE', #30, .T. ) ;
#565 = STYLED_ITEM ( 'NONE', ( #350 ), #3336 ) ;
#566 = PLANE ( 'NONE',  #6930 ) ;
#567 = STYLED_ITEM ( 'NONE', ( #5224 ), #4188 ) ;
#568 = ORIENTED_EDGE ( 'NONE', *, *, #6734, .F. ) ;
#569 = UNCERTAINTY_MEASURE_WITH_UNIT (LENGTH_MEASURE( 1.000000000000000082E-05 ), #4506, 'distance_accuracy_value', 'NONE');
#570 = SURFACE_STYLE_FILL_AREA ( #675 ) ;
#571 = ORIENTED_EDGE ( 'NONE', *, *, #1260, .T. ) ;
#572 = CARTESIAN_POINT ( 'NONE',  ( -6.386507856983209663, 3.368886862718084796, 1.778000000000000025 ) ) ;
#573 = ORIENTED_EDGE ( 'NONE', *, *, #1605, .T. ) ;
#574 =( NAMED_UNIT ( * ) PLANE_ANGLE_UNIT ( ) SI_UNIT ( $, .RADIAN. ) );
#575 = PRESENTATION_STYLE_ASSIGNMENT (( #606 ) ) ;
#576 = PRESENTATION_STYLE_ASSIGNMENT (( #3960 ) ) ;
#577 =( LENGTH_UNIT ( ) NAMED_UNIT ( * ) SI_UNIT ( .MILLI., .METRE. ) );
#578 = ADVANCED_FACE ( 'NONE', ( #2806 ), #6006, .T. ) ;
#579 = ORIENTED_EDGE ( 'NONE', *, *, #5421, .F. ) ;
#580 = PLANE ( 'NONE',  #3047 ) ;
#581 = ORIENTED_EDGE ( 'NONE', *, *, #933, .T. ) ;
#582 = DIRECTION ( 'NONE',  ( 0.000000000000000000, 1.000000000000000000, 0.000000000000000000 ) ) ;
#583 = FACE_OUTER_BOUND ( 'NONE', #1217, .T. ) ;
#584 = CARTESIAN_POINT ( 'NONE',  ( 6.386507856983209663, 3.368886862718084796, 3.301999999999999602 ) ) ;
#585 = ADVANCED_FACE ( 'NONE', ( #3914 ), #1092, .F. ) ;
#586 = ORIENTED_EDGE ( 'NONE', *, *, #2901, .T. ) ;
#587 =( NAMED_UNIT ( * ) PLANE_ANGLE_UNIT ( ) SI_UNIT ( $, .RADIAN. ) );
#588 = VECTOR ( 'NONE', #5241, 1000.000000000000000 ) ;
#589 = SURFACE_STYLE_FILL_AREA ( #5366 ) ;
#590 = PRESENTATION_STYLE_ASSIGNMENT (( #5436 ) ) ;
#591 = EDGE_CURVE ( 'NONE', #28, #1005, #4011, .T. ) ;
#592 = CIRCLE ( 'NONE', #5443, 0.5079999999999997851 ) ;
#593 = DIRECTION ( 'NONE',  ( 0.000000000000000000, 1.000000000000000000, 0.000000000000000000 ) ) ;
#594 = VECTOR ( 'NONE', #1975, 1000.000000000000000 ) ;
#595 = MECHANICAL_DESIGN_GEOMETRIC_PRESENTATION_REPRESENTATION (  '', ( #5003 ), #1624 ) ;
#596 = LINE ( 'NONE', #638, #6978 ) ;
#597 = DIRECTION ( 'NONE',  ( -0.9659258262890680902, 0.2588190451025215166, 0.000000000000000000 ) ) ;
#598 = SURFACE_SIDE_STYLE ('',( #4920 ) ) ;
#599 = DIRECTION ( 'NONE',  ( -0.9659258262890680902, -0.2588190451025215166, 0.000000000000000000 ) ) ;
#600 =( LENGTH_UNIT ( ) NAMED_UNIT ( * ) SI_UNIT ( .MILLI., .METRE. ) );
#601 = PRESENTATION_LAYER_ASSIGNMENT (  '', '', ( #4685 ) ) ;
#602 = ORIENTED_EDGE ( 'NONE', *, *, #2069, .F. ) ;
#603 = PRESENTATION_STYLE_ASSIGNMENT (( #2719 ) ) ;
#604 = VERTEX_POINT ( 'NONE', #174 ) ;
#605 = LINE ( 'NONE', #2781, #2829 ) ;
#606 = SURFACE_STYLE_USAGE ( .BOTH. , #3334 ) ;
#608 =( LENGTH_UNIT ( ) NAMED_UNIT ( * ) SI_UNIT ( .MILLI., .METRE. ) );
#607 =( GEOMETRIC_REPRESENTATION_CONTEXT ( 3 ) GLOBAL_UNCERTAINTY_ASSIGNED_CONTEXT ( ( #2425 ) ) GLOBAL_UNIT_ASSIGNED_CONTEXT ( ( #2427, #239, #789 ) ) REPRESENTATION_CONTEXT ( 'NONE', 'WORKASPACE' ) );
#609 = CARTESIAN_POINT ( 'NONE',  ( -6.386507856983209663, 3.581465918153455164, -4.317999999999999616 ) ) ;
#610 = STYLED_ITEM ( 'NONE', ( #4302 ), #5096 ) ;
#611 = SURFACE_STYLE_FILL_AREA ( #4993 ) ;
#612 =( NAMED_UNIT ( * ) SI_UNIT ( $, .STERADIAN. ) SOLID_ANGLE_UNIT ( ) );
#613 = PRESENTATION_LAYER_ASSIGNMENT (  '', '', ( #5808 ) ) ;
#614 = ORIENTED_EDGE ( 'NONE', *, *, #5036, .F. ) ;
#615 = DIRECTION ( 'NONE',  ( 0.000000000000000000, 0.000000000000000000, -1.000000000000000000 ) ) ;
#616 = VERTEX_POINT ( 'NONE', #277 ) ;
#617 = CARTESIAN_POINT ( 'NONE',  ( -7.413993670958149984, 0.3556000000000000272, 4.317999999999999616 ) ) ;
#618 = DIRECTION ( 'NONE',  ( -1.000000000000000000, 0.000000000000000000, 0.000000000000000000 ) ) ;
#619 =( NAMED_UNIT ( * ) PLANE_ANGLE_UNIT ( ) SI_UNIT ( $, .RADIAN. ) );
#620 = EDGE_CURVE ( 'NONE', #791, #1843, #2365, .T. ) ;
#621 = AXIS2_PLACEMENT_3D ( 'NONE', #6741, #203, #2458 ) ;
#622 = AXIS2_PLACEMENT_3D ( 'NONE', #4588, #394, #3550 ) ;
#623 = MANIFOLD_SOLID_BREP ( 'Move Face6', #4583 ) ;
#624 = PLANE ( 'NONE',  #409 ) ;
#625 = ORIENTED_EDGE ( 'NONE', *, *, #690, .F. ) ;
#626 = COLOUR_RGB ( '',0.6666666666666666297, 0.6980392156862744724, 0.7686274509803920907 ) ;
#627 = PLANE ( 'NONE',  #3298 ) ;
#628 = VECTOR ( 'NONE', #6068, 1000.000000000000227 ) ;
#629 = EDGE_CURVE ( 'NONE', #6022, #5112, #6909, .T. ) ;
#630 = CARTESIAN_POINT ( 'NONE',  ( 6.591843456756369513, 3.423906370854659986, -0.7620000000000000107 ) ) ;
#631 = STYLED_ITEM ( 'NONE', ( #1532 ), #6446 ) ;
#632 = AXIS2_PLACEMENT_3D ( 'NONE', #2679, #6922, #385 ) ;
#633 =( NAMED_UNIT ( * ) PLANE_ANGLE_UNIT ( ) SI_UNIT ( $, .RADIAN. ) );
#634 = UNCERTAINTY_MEASURE_WITH_UNIT (LENGTH_MEASURE( 1.000000000000000082E-05 ), #6326, 'distance_accuracy_value', 'NONE');
#635 = CIRCLE ( 'NONE', #4599, 0.4665790554353732578 ) ;
#636 = VECTOR ( 'NONE', #5305, 1000.000000000000000 ) ;
#637 = EDGE_CURVE ( 'NONE', #1412, #3465, #2317, .T. ) ;
#638 = CARTESIAN_POINT ( 'NONE',  ( -9.090393670958150096, 1.102058738522372051E-15, -0.7620000000000000107 ) ) ;
#639 = SURFACE_STYLE_FILL_AREA ( #534 ) ;
#640 = SURFACE_STYLE_USAGE ( .BOTH. , #4883 ) ;
#641 = DIRECTION ( 'NONE',  ( -0.000000000000000000, -1.000000000000000000, -0.000000000000000000 ) ) ;
#642 = DIRECTION ( 'NONE',  ( 0.000000000000000000, 0.000000000000000000, -1.000000000000000000 ) ) ;
#643 = VECTOR ( 'NONE', #1823, 1000.000000000000000 ) ;
#644 = COLOUR_RGB ( '',0.2509803921568627416, 0.2509803921568627416, 0.2509803921568627416 ) ;
#645 = ORIENTED_EDGE ( 'NONE', *, *, #6892, .F. ) ;
#646 = ORIENTED_EDGE ( 'NONE', *, *, #445, .F. ) ;
#647 = EDGE_CURVE ( 'NONE', #514, #5796, #4110, .T. ) ;
#648 =( NAMED_UNIT ( * ) SI_UNIT ( $, .STERADIAN. ) SOLID_ANGLE_UNIT ( ) );
#649 = DIRECTION ( 'NONE',  ( 0.000000000000000000, 0.000000000000000000, -1.000000000000000000 ) ) ;
#650 = VECTOR ( 'NONE', #2272, 1000.000000000000227 ) ;
#651 = FILL_AREA_STYLE ('',( #3210 ) ) ;
#652 = DIRECTION ( 'NONE',  ( 0.000000000000000000, 0.000000000000000000, -1.000000000000000000 ) ) ;
#653 = LINE ( 'NONE', #5526, #5933 ) ;
#654 = PRESENTATION_LAYER_ASSIGNMENT (  '', '', ( #3173 ) ) ;
#655 = ORIENTED_EDGE ( 'NONE', *, *, #984, .F. ) ;
#656 = VERTEX_POINT ( 'NONE', #3565 ) ;
#657 = CARTESIAN_POINT ( 'NONE',  ( -7.764301528365829874, 0.3355819165141765148, 4.317999999999999616 ) ) ;
#658 = CARTESIAN_POINT ( 'NONE',  ( -6.591843456756369513, 3.423906370854659986, -1.778000000000000025 ) ) ;
#659 = FILL_AREA_STYLE_COLOUR ( '', #1001 ) ;
#660 = FILL_AREA_STYLE ('',( #2416 ) ) ;
#661 = AXIS2_PLACEMENT_3D ( 'NONE', #1559, #4295, #5863 ) ;
#662 = ORIENTED_EDGE ( 'NONE', *, *, #4789, .T. ) ;
#663 = CARTESIAN_POINT ( 'NONE',  ( -7.413993670958149984, 0.3556000000000000272, 0.7620000000000000107 ) ) ;
#664 = EDGE_LOOP ( 'NONE', ( #6622, #2718, #5345, #4519 ) ) ;
#665 = LINE ( 'NONE', #5012, #5849 ) ;
#666 =( NAMED_UNIT ( * ) PLANE_ANGLE_UNIT ( ) SI_UNIT ( $, .RADIAN. ) );
#667 = DIRECTION ( 'NONE',  ( 0.000000000000000000, 0.000000000000000000, -1.000000000000000000 ) ) ;
#668 = CARTESIAN_POINT ( 'NONE',  ( -6.386507856983209663, 3.581465918153455164, -0.7620000000000000107 ) ) ;
#669 = VECTOR ( 'NONE', #6583, 1000.000000000000000 ) ;
#670 = AXIS2_PLACEMENT_3D ( 'NONE', #2961, #3513, #802 ) ;
#671 = ADVANCED_FACE ( 'NONE', ( #1257 ), #4063, .T. ) ;
#672 = CARTESIAN_POINT ( 'NONE',  ( 6.386507856983209663, 3.835465918153454723, 1.778000000000000025 ) ) ;
#673 = DIRECTION ( 'NONE',  ( 0.000000000000000000, 0.000000000000000000, -1.000000000000000000 ) ) ;
#675 = FILL_AREA_STYLE ('',( #22 ) ) ;
#674 = STYLED_ITEM ( 'NONE', ( #6337 ), #3909 ) ;
#676 = AXIS2_PLACEMENT_3D ( 'NONE', #5100, #5617, #1265 ) ;
#677 = CARTESIAN_POINT ( 'NONE',  ( 6.386507856983209663, 3.581465918153455164, 3.301999999999999602 ) ) ;
#678 = SURFACE_STYLE_USAGE ( .BOTH. , #2186 ) ;
#679 = DIRECTION ( 'NONE',  ( 0.000000000000000000, 0.000000000000000000, -1.000000000000000000 ) ) ;
#680 = VECTOR ( 'NONE', #6106, 1000.000000000000000 ) ;
#681 =( GEOMETRIC_REPRESENTATION_CONTEXT ( 3 ) GLOBAL_UNCERTAINTY_ASSIGNED_CONTEXT ( ( #5854 ) ) GLOBAL_UNIT_ASSIGNED_CONTEXT ( ( #3952, #6147, #3534 ) ) REPRESENTATION_CONTEXT ( 'NONE', 'WORKASPACE' ) );
#682 = ADVANCED_FACE ( 'NONE', ( #3535 ), #6634, .F. ) ;
#683 = EDGE_LOOP ( 'NONE', ( #2058, #4756, #5703, #6151, #1776, #6186 ) ) ;
#684 = ORIENTED_EDGE ( 'NONE', *, *, #5027, .F. ) ;
#685 =( NAMED_UNIT ( * ) SI_UNIT ( $, .STERADIAN. ) SOLID_ANGLE_UNIT ( ) );
#686 = SURFACE_STYLE_USAGE ( .BOTH. , #2747 ) ;
#687 = FILL_AREA_STYLE_COLOUR ( '', #2006 ) ;
#688 = CARTESIAN_POINT ( 'NONE',  ( 7.413993670958149984, 0.3556000000000000272, 1.778000000000000025 ) ) ;
#689 = SURFACE_STYLE_USAGE ( .BOTH. , #1869 ) ;
#690 = EDGE_CURVE ( 'NONE', #5277, #6899, #982, .T. ) ;
#691 = ORIENTED_EDGE ( 'NONE', *, *, #4582, .T. ) ;
#692 = DIRECTION ( 'NONE',  ( 0.000000000000000000, 0.000000000000000000, 1.000000000000000000 ) ) ;
#693 = EDGE_LOOP ( 'NONE', ( #1774, #1314, #5037, #4974, #5734, #4266, #3554, #280 ) ) ;
#694 = SURFACE_STYLE_FILL_AREA ( #3836 ) ;
#695 = CYLINDRICAL_SURFACE ( 'NONE', #2990, 0.4665790554353732578 ) ;
#696 = FILL_AREA_STYLE_COLOUR ( '', #4897 ) ;
#697 = DIRECTION ( 'NONE',  ( -1.000000000000000000, 0.000000000000000000, 0.000000000000000000 ) ) ;
#698 = CARTESIAN_POINT ( 'NONE',  ( 5.778500000000000192, 3.581465918153455164, 0.7620000000000000107 ) ) ;
#699 = VERTEX_POINT ( 'NONE', #5232 ) ;
#700 = DIRECTION ( 'NONE',  ( 0.000000000000000000, 0.000000000000000000, -1.000000000000000000 ) ) ;
#701 = EDGE_LOOP ( 'NONE', ( #4339, #3444, #4898, #5841 ) ) ;
#702 = UNCERTAINTY_MEASURE_WITH_UNIT (LENGTH_MEASURE( 1.000000000000000082E-05 ), #3756, 'distance_accuracy_value', 'NONE');
#703 = PLANE ( 'NONE',  #4187 ) ;
#704 = FACE_OUTER_BOUND ( 'NONE', #1020, .T. ) ;
#705 = FACE_OUTER_BOUND ( 'NONE', #1341, .T. ) ;
#706 = CARTESIAN_POINT ( 'NONE',  ( 5.778500000000000192, 3.581465918153455164, -0.7620000000000000107 ) ) ;
#707 = FILL_AREA_STYLE_COLOUR ( '', #529 ) ;
#708 = MANIFOLD_SOLID_BREP ( 'Split2[2]', #4918 ) ;
#709 = UNCERTAINTY_MEASURE_WITH_UNIT (LENGTH_MEASURE( 1.000000000000000082E-05 ), #6830, 'distance_accuracy_value', 'NONE');
#710 = SURFACE_STYLE_FILL_AREA ( #1227 ) ;
#711 = DIRECTION ( 'NONE',  ( 1.000000000000000000, 0.000000000000000000, 0.000000000000000000 ) ) ;
#712 = EDGE_CURVE ( 'NONE', #6816, #1636, #1855, .T. ) ;
#713 = AXIS2_PLACEMENT_3D ( 'NONE', #6888, #6432, #1603 ) ;
#714 = MECHANICAL_DESIGN_GEOMETRIC_PRESENTATION_REPRESENTATION (  '', ( #4449 ), #5226 ) ;
#715 = ORIENTED_EDGE ( 'NONE', *, *, #2250, .T. ) ;
#716 = MECHANICAL_DESIGN_GEOMETRIC_PRESENTATION_REPRESENTATION (  '', ( #6228 ), #1626 ) ;
#717 = ORIENTED_EDGE ( 'NONE', *, *, #5665, .T. ) ;
#718 = UNCERTAINTY_MEASURE_WITH_UNIT (LENGTH_MEASURE( 1.000000000000000082E-05 ), #1444, 'distance_accuracy_value', 'NONE');
#719 = SURFACE_STYLE_FILL_AREA ( #2745 ) ;
#720 = CARTESIAN_POINT ( 'NONE',  ( -6.837188616633790517, 3.489646408310704828, 4.317999999999999616 ) ) ;
#721 = PRESENTATION_STYLE_ASSIGNMENT (( #6980 ) ) ;
#722 = EDGE_CURVE ( 'NONE', #494, #3918, #1043, .T. ) ;
#723 = VECTOR ( 'NONE', #2012, 1000.000000000000000 ) ;
#724 = VERTEX_POINT ( 'NONE', #3140 ) ;
#725 = DIRECTION ( 'NONE',  ( 0.000000000000000000, 0.000000000000000000, 1.000000000000000000 ) ) ;
#726 = EDGE_LOOP ( 'NONE', ( #3726, #4657, #5564, #3848 ) ) ;
#727 = AXIS2_PLACEMENT_3D ( 'NONE', #3469, #1417, #5735 ) ;
#728 = CARTESIAN_POINT ( 'NONE',  ( 5.778500000000000192, 3.835465918153454723, -1.778000000000000025 ) ) ;
#729 = CARTESIAN_POINT ( 'NONE',  ( -6.386507856983209663, 3.835465918153454723, -1.778000000000000025 ) ) ;
#730 = LINE ( 'NONE', #4904, #6240 ) ;
#731 = SURFACE_STYLE_USAGE ( .BOTH. , #5459 ) ;
#732 = EDGE_CURVE ( 'NONE', #1261, #1304, #3669, .T. ) ;
#733 = DIRECTION ( 'NONE',  ( 0.000000000000000000, 0.000000000000000000, -1.000000000000000000 ) ) ;
#734 = AXIS2_PLACEMENT_3D ( 'NONE', #3361, #4434, #4405 ) ;
#735 = AXIS2_PLACEMENT_3D ( 'NONE', #4706, #4090, #4217 ) ;
#736 = ORIENTED_EDGE ( 'NONE', *, *, #4150, .T. ) ;
#737 = DIRECTION ( 'NONE',  ( 0.9981347984218673641, -0.06104853953484981610, 0.000000000000000000 ) ) ;
#738 = ORIENTED_EDGE ( 'NONE', *, *, #6195, .T. ) ;
#739 = VECTOR ( 'NONE', #1406, 1000.000000000000000 ) ;
#740 =( GEOMETRIC_REPRESENTATION_CONTEXT ( 3 ) GLOBAL_UNCERTAINTY_ASSIGNED_CONTEXT ( ( #4330 ) ) GLOBAL_UNIT_ASSIGNED_CONTEXT ( ( #1467, #6766, #2966 ) ) REPRESENTATION_CONTEXT ( 'NONE', 'WORKASPACE' ) );
#741 = LINE ( 'NONE', #1819, #4477 ) ;
#742 = CLOSED_SHELL ( 'NONE', ( #455, #397, #1809, #6566, #3909, #1252, #6027, #4635, #6000, #6948, #2486, #4662, #922, #3393 ) ) ;
#743 = STYLED_ITEM ( 'NONE', ( #4037 ), #6245 ) ;
#744 = PRESENTATION_LAYER_ASSIGNMENT (  '', '', ( #1885 ) ) ;
#745 = DIRECTION ( 'NONE',  ( 1.000000000000000000, 0.000000000000000000, 0.000000000000000000 ) ) ;
#746 = DIRECTION ( 'NONE',  ( 1.000000000000000000, 0.000000000000000000, 0.000000000000000000 ) ) ;
#747 = LINE ( 'NONE', #5059, #88 ) ;
#748 = PRESENTATION_STYLE_ASSIGNMENT (( #3460 ) ) ;
#749 = MECHANICAL_DESIGN_GEOMETRIC_PRESENTATION_REPRESENTATION (  '', ( #3148 ), #3823 ) ;
#750 = DIRECTION ( 'NONE',  ( 1.000000000000000000, 0.000000000000000000, 0.000000000000000000 ) ) ;
#751 = MECHANICAL_DESIGN_GEOMETRIC_PRESENTATION_REPRESENTATION (  '', ( #523 ), #5043 ) ;
#752 = EDGE_CURVE ( 'NONE', #827, #3113, #4776, .T. ) ;
#753 = VERTEX_POINT ( 'NONE', #5790 ) ;
#754 = VERTEX_POINT ( 'NONE', #942 ) ;
#755 = FILL_AREA_STYLE_COLOUR ( '', #2728 ) ;
#756 = SURFACE_STYLE_FILL_AREA ( #3038 ) ;
#757 = CARTESIAN_POINT ( 'NONE',  ( -5.524499999999999744, 7.849999999999999645, 6.032499999999999751 ) ) ;
#758 = SURFACE_STYLE_FILL_AREA ( #3614 ) ;
#759 = DIRECTION ( 'NONE',  ( 0.000000000000000000, 0.000000000000000000, -1.000000000000000000 ) ) ;
#760 = VECTOR ( 'NONE', #6700, 1000.000000000000000 ) ;
#761 = PLANE ( 'NONE',  #3596 ) ;
#762 = EDGE_CURVE ( 'NONE', #699, #2929, #6387, .T. ) ;
#763 = ORIENTED_EDGE ( 'NONE', *, *, #6936, .T. ) ;
#764 = DIRECTION ( 'NONE',  ( 1.000000000000000000, 0.000000000000000000, 0.000000000000000000 ) ) ;
#765 = VERTEX_POINT ( 'NONE', #4221 ) ;
#766 = PRESENTATION_LAYER_ASSIGNMENT (  '', '', ( #3164 ) ) ;
#767 =( GEOMETRIC_REPRESENTATION_CONTEXT ( 3 ) GLOBAL_UNCERTAINTY_ASSIGNED_CONTEXT ( ( #836 ) ) GLOBAL_UNIT_ASSIGNED_CONTEXT ( ( #1360, #2489, #5601 ) ) REPRESENTATION_CONTEXT ( 'NONE', 'WORKASPACE' ) );
#768 = CARTESIAN_POINT ( 'NONE',  ( 7.659338830835570100, 0.4213400374560394845, -4.317999999999999616 ) ) ;
#769 = FACE_BOUND ( 'NONE', #4958, .T. ) ;
#770 = DIRECTION ( 'NONE',  ( 0.000000000000000000, 0.000000000000000000, 1.000000000000000000 ) ) ;
#771 = AXIS2_PLACEMENT_3D ( 'NONE', #5556, #6683, #1240 ) ;
#772 = EDGE_CURVE ( 'NONE', #5853, #2969, #592, .T. ) ;
#773 = VERTEX_POINT ( 'NONE', #3740 ) ;
#774 = ORIENTED_EDGE ( 'NONE', *, *, #57, .F. ) ;
#775 = UNCERTAINTY_MEASURE_WITH_UNIT (LENGTH_MEASURE( 1.000000000000000082E-05 ), #4539, 'distance_accuracy_value', 'NONE');
#776 = DIRECTION ( 'NONE',  ( -0.9659258262890680902, 0.2588190451025215166, 0.000000000000000000 ) ) ;
#777 =( GEOMETRIC_REPRESENTATION_CONTEXT ( 3 ) GLOBAL_UNCERTAINTY_ASSIGNED_CONTEXT ( ( #6276 ) ) GLOBAL_UNIT_ASSIGNED_CONTEXT ( ( #6264, #2124, #2547 ) ) REPRESENTATION_CONTEXT ( 'NONE', 'WORKASPACE' ) );
#778 =( NAMED_UNIT ( * ) SI_UNIT ( $, .STERADIAN. ) SOLID_ANGLE_UNIT ( ) );
#779 = SURFACE_SIDE_STYLE ('',( #2359 ) ) ;
#780 = EDGE_CURVE ( 'NONE', #2900, #1304, #5864, .T. ) ;
#781 = CARTESIAN_POINT ( 'NONE',  ( -7.764301528365829874, 0.3355819165141765148, -3.301999999999999602 ) ) ;
#782 = CARTESIAN_POINT ( 'NONE',  ( 7.413993670958149984, 0.3556000000000000272, -3.301999999999999602 ) ) ;
#783 = MANIFOLD_SOLID_BREP ( 'NONE', #2233 ) ;
#784 = UNCERTAINTY_MEASURE_WITH_UNIT (LENGTH_MEASURE( 1.000000000000000082E-05 ), #577, 'distance_accuracy_value', 'NONE');
#785 = LINE ( 'NONE', #5648, #4402 ) ;
#786 = CARTESIAN_POINT ( 'NONE',  ( 6.386507856983209663, 3.368886862718084796, 1.778000000000000025 ) ) ;
#787 = COLOUR_RGB ( '',0.2509803921568627416, 0.2509803921568627416, 0.2509803921568627416 ) ;
#788 = VECTOR ( 'NONE', #3627, 1000.000000000000000 ) ;
#789 =( NAMED_UNIT ( * ) SI_UNIT ( $, .STERADIAN. ) SOLID_ANGLE_UNIT ( ) );
#790 = AXIS2_PLACEMENT_3D ( 'NONE', #146, #5952, #2813 ) ;
#791 = VERTEX_POINT ( 'NONE', #528 ) ;
#792 = ORIENTED_EDGE ( 'NONE', *, *, #4778, .F. ) ;
#793 = SURFACE_STYLE_FILL_AREA ( #180 ) ;
#794 = DIRECTION ( 'NONE',  ( 0.000000000000000000, 0.000000000000000000, 1.000000000000000000 ) ) ;
#795 = CARTESIAN_POINT ( 'NONE',  ( 5.778500000000000192, 4.039999999999998259, -5.270500000000000185 ) ) ;
#796 = DIRECTION ( 'NONE',  ( 0.000000000000000000, 0.000000000000000000, -1.000000000000000000 ) ) ;
#797 = VECTOR ( 'NONE', #6831, 1000.000000000000227 ) ;
#798 = COLOUR_RGB ( '',0.6666666666666666297, 0.6980392156862744724, 0.7686274509803920907 ) ;
#799 =( NAMED_UNIT ( * ) SI_UNIT ( $, .STERADIAN. ) SOLID_ANGLE_UNIT ( ) );
#800 = VERTEX_POINT ( 'NONE', #4361 ) ;
#801 = ORIENTED_EDGE ( 'NONE', *, *, #372, .T. ) ;
#802 = DIRECTION ( 'NONE',  ( -1.000000000000000000, 0.000000000000000000, 0.000000000000000000 ) ) ;
#803 = CARTESIAN_POINT ( 'NONE',  ( -6.386507856983209663, 3.835465918153454723, -0.7620000000000000107 ) ) ;
#804 = EDGE_CURVE ( 'NONE', #316, #6510, #3288, .T. ) ;
#805 = MANIFOLD_SOLID_BREP ( 'NONE', #1074 ) ;
#806 = ORIENTED_EDGE ( 'NONE', *, *, #5978, .F. ) ;
#807 = ORIENTED_EDGE ( 'NONE', *, *, #3947, .T. ) ;
#808 = DIRECTION ( 'NONE',  ( 0.000000000000000000, 0.000000000000000000, -1.000000000000000000 ) ) ;
#809 =( NAMED_UNIT ( * ) SI_UNIT ( $, .STERADIAN. ) SOLID_ANGLE_UNIT ( ) );
#810 = CARTESIAN_POINT ( 'NONE',  ( 9.105900000000000105, 0.2535262387991554789, 0.7620000000000000107 ) ) ;
#811 = EDGE_CURVE ( 'NONE', #3942, #4631, #1633, .T. ) ;
#812 = SURFACE_STYLE_USAGE ( .BOTH. , #3595 ) ;
#813 = FILL_AREA_STYLE_COLOUR ( '', #4495 ) ;
#814 = CARTESIAN_POINT ( 'NONE',  ( -5.206424362375529746, 0.3769999999999999463, -5.206424362375529746 ) ) ;
#815 = FILL_AREA_STYLE_COLOUR ( '', #1112 ) ;
#816 = SURFACE_STYLE_FILL_AREA ( #5127 ) ;
#817 = EDGE_CURVE ( 'NONE', #4647, #4169, #4878, .T. ) ;
#818 = FILL_AREA_STYLE_COLOUR ( '', #4690 ) ;
#819 = ORIENTED_EDGE ( 'NONE', *, *, #1773, .F. ) ;
#820 = ORIENTED_EDGE ( 'NONE', *, *, #2556, .T. ) ;
#821 =( NAMED_UNIT ( * ) PLANE_ANGLE_UNIT ( ) SI_UNIT ( $, .RADIAN. ) );
#822 = FILL_AREA_STYLE ('',( #1940 ) ) ;
#823 = LINE ( 'NONE', #5137, #6047 ) ;
#824 = DIRECTION ( 'NONE',  ( -1.000000000000000000, 0.000000000000000000, 0.000000000000000000 ) ) ;
#825 = STYLED_ITEM ( 'NONE', ( #2859 ), #4531 ) ;
#826 = STYLED_ITEM ( 'NONE', ( #1959 ), #623 ) ;
#827 = VERTEX_POINT ( 'NONE', #4426 ) ;
#828 = ORIENTED_EDGE ( 'NONE', *, *, #3608, .F. ) ;
#829 = CYLINDRICAL_SURFACE ( 'NONE', #5191, 0.4665790554353732578 ) ;
#830 = STYLED_ITEM ( 'NONE', ( #1733 ), #233 ) ;
#831 =( LENGTH_UNIT ( ) NAMED_UNIT ( * ) SI_UNIT ( .MILLI., .METRE. ) );
#832 = AXIS2_PLACEMENT_3D ( 'NONE', #3515, #5077, #6201 ) ;
#833 = VERTEX_POINT ( 'NONE', #17 ) ;
#834 = SURFACE_SIDE_STYLE ('',( #1915 ) ) ;
#835 = ORIENTED_EDGE ( 'NONE', *, *, #4406, .T. ) ;
#836 = UNCERTAINTY_MEASURE_WITH_UNIT (LENGTH_MEASURE( 1.000000000000000082E-05 ), #1360, 'distance_accuracy_value', 'NONE');
#837 = FILL_AREA_STYLE ('',( #4115 ) ) ;
#838 = FACE_OUTER_BOUND ( 'NONE', #5880, .T. ) ;
#839 = STYLED_ITEM ( 'NONE', ( #5837 ), #501 ) ;
#840 = STYLED_ITEM ( 'NONE', ( #3839 ), #5301 ) ;
#841 = SURFACE_SIDE_STYLE ('',( #1956 ) ) ;
#842 = PRESENTATION_LAYER_ASSIGNMENT (  '', '', ( #5359 ) ) ;
#843 = ADVANCED_FACE ( 'NONE', ( #5435 ), #3845, .T. ) ;
#845 = COLOUR_RGB ( '',0.2509803921568627416, 0.2509803921568627416, 0.2509803921568627416 ) ;
#844 = UNCERTAINTY_MEASURE_WITH_UNIT (LENGTH_MEASURE( 1.000000000000000082E-05 ), #5898, 'distance_accuracy_value', 'NONE');
#846 = CARTESIAN_POINT ( 'NONE',  ( -6.032499999999999751, 4.039999999999999147, -5.524499999999999744 ) ) ;
#847 = MECHANICAL_DESIGN_GEOMETRIC_PRESENTATION_REPRESENTATION (  '', ( #3017 ), #3817 ) ;
#848 = CIRCLE ( 'NONE', #3483, 0.1159966097798266205 ) ;
#849 = DIRECTION ( 'NONE',  ( 0.06104853953484747076, -0.9981347984218675862, 0.000000000000000000 ) ) ;
#850 = EDGE_CURVE ( 'NONE', #5966, #1077, #5570, .T. ) ;
#851 = ORIENTED_EDGE ( 'NONE', *, *, #4196, .F. ) ;
#852 = ORIENTED_EDGE ( 'NONE', *, *, #142, .T. ) ;
#853 = PRESENTATION_LAYER_ASSIGNMENT (  '', '', ( #3148 ) ) ;
#854 = FILL_AREA_STYLE_COLOUR ( '', #6251 ) ;
#855 = CARTESIAN_POINT ( 'NONE',  ( -6.591843456756369513, 3.423906370854659986, 4.317999999999999616 ) ) ;
#856 = PLANE ( 'NONE',  #2178 ) ;
#857 = FACE_OUTER_BOUND ( 'NONE', #2642, .T. ) ;
#858 = DIRECTION ( 'NONE',  ( 1.000000000000000000, 0.000000000000000000, 0.000000000000000000 ) ) ;
#859 = VECTOR ( 'NONE', #2580, 1000.000000000000000 ) ;
#860 = ADVANCED_FACE ( 'NONE', ( #6176 ), #1289, .F. ) ;
#861 = EDGE_LOOP ( 'NONE', ( #2888, #614, #4575, #4621 ) ) ;
#862 = CARTESIAN_POINT ( 'NONE',  ( -7.771382951983880183, 0.4513621692343839920, 0.7620000000000000107 ) ) ;
#863 = VERTEX_POINT ( 'NONE', #5538 ) ;
#864 =( NAMED_UNIT ( * ) SI_UNIT ( $, .STERADIAN. ) SOLID_ANGLE_UNIT ( ) );
#865 = DIRECTION ( 'NONE',  ( 0.000000000000000000, 0.000000000000000000, 1.000000000000000000 ) ) ;
#866 = CARTESIAN_POINT ( 'NONE',  ( -6.386507856983209663, 3.581465918153455164, 4.317999999999999616 ) ) ;
#867 = LINE ( 'NONE', #4695, #797 ) ;
#868 = VECTOR ( 'NONE', #5932, 1000.000000000000000 ) ;
#869 = CARTESIAN_POINT ( 'NONE',  ( 6.032499999999999751, 7.849999999999999645, -5.524499999999999744 ) ) ;
#870 = ORIENTED_EDGE ( 'NONE', *, *, #1848, .T. ) ;
#871 = DIRECTION ( 'NONE',  ( 0.000000000000000000, 0.000000000000000000, 1.000000000000000000 ) ) ;
#872 = ORIENTED_EDGE ( 'NONE', *, *, #2144, .T. ) ;
#873 = DIRECTION ( 'NONE',  ( -0.2588190451025215166, 0.9659258262890680902, 0.000000000000000000 ) ) ;
#874 = DIRECTION ( 'NONE',  ( -1.000000000000000000, 0.000000000000000000, 0.000000000000000000 ) ) ;
#875 = VECTOR ( 'NONE', #692, 1000.000000000000000 ) ;
#876 = CARTESIAN_POINT ( 'NONE',  ( 6.386507856983209663, 3.368886862718084796, 4.317999999999999616 ) ) ;
#877 = CYLINDRICAL_SURFACE ( 'NONE', #4057, 0.3699966097798256248 ) ;
#878 = PLANE ( 'NONE',  #205 ) ;
#879 = SURFACE_STYLE_FILL_AREA ( #2204 ) ;
#880 = COLOUR_RGB ( '',0.6666666666666666297, 0.6980392156862744724, 0.7686274509803920907 ) ;
#881 = EDGE_CURVE ( 'NONE', #2628, #1842, #3821, .T. ) ;
#882 = FILL_AREA_STYLE ('',( #4025 ) ) ;
#883 = VERTEX_POINT ( 'NONE', #6102 ) ;
#885 = ORIENTED_EDGE ( 'NONE', *, *, #6195, .F. ) ;
#884 = AXIS2_PLACEMENT_3D ( 'NONE', #3851, #4332, #3359 ) ;
#886 = COLOUR_RGB ( '',0.6666666666666666297, 0.6980392156862744724, 0.7686274509803920907 ) ;
#887 =( NAMED_UNIT ( * ) PLANE_ANGLE_UNIT ( ) SI_UNIT ( $, .RADIAN. ) );
#888 = SURFACE_STYLE_USAGE ( .BOTH. , #6782 ) ;
#889 = DIRECTION ( 'NONE',  ( -1.000000000000000000, 0.000000000000000000, 0.000000000000000000 ) ) ;
#890 = CARTESIAN_POINT ( 'NONE',  ( -2.158999999999999808, 6.859999999999999432, -8.129105340826470183 ) ) ;
#891 = CARTESIAN_POINT ( 'NONE',  ( 9.090393670958150096, 1.102058738522372051E-15, 1.778000000000000025 ) ) ;
#892 = EDGE_CURVE ( 'NONE', #1871, #6499, #1364, .T. ) ;
#893 = COLOUR_RGB ( '',0.2509803921568627416, 0.2509803921568627416, 0.2509803921568627416 ) ;
#894 =( GEOMETRIC_REPRESENTATION_CONTEXT ( 3 ) GLOBAL_UNCERTAINTY_ASSIGNED_CONTEXT ( ( #5445 ) ) GLOBAL_UNIT_ASSIGNED_CONTEXT ( ( #2049, #923, #1609 ) ) REPRESENTATION_CONTEXT ( 'NONE', 'WORKASPACE' ) );
#895 = VERTEX_POINT ( 'NONE', #6625 ) ;
#896 = DIRECTION ( 'NONE',  ( 0.000000000000000000, 0.000000000000000000, -1.000000000000000000 ) ) ;
#897 = ORIENTED_EDGE ( 'NONE', *, *, #2613, .T. ) ;
#898 = EDGE_CURVE ( 'NONE', #1575, #440, #2974, .T. ) ;
#899 =( GEOMETRIC_REPRESENTATION_CONTEXT ( 3 ) GLOBAL_UNCERTAINTY_ASSIGNED_CONTEXT ( ( #275 ) ) GLOBAL_UNIT_ASSIGNED_CONTEXT ( ( #5118, #1437, #4561 ) ) REPRESENTATION_CONTEXT ( 'NONE', 'WORKASPACE' ) );
#900 = EDGE_LOOP ( 'NONE', ( #6748, #4308, #872, #919 ) ) ;
#901 = ORIENTED_EDGE ( 'NONE', *, *, #4911, .F. ) ;
#902 = UNCERTAINTY_MEASURE_WITH_UNIT (LENGTH_MEASURE( 1.000000000000000082E-05 ), #6457, 'distance_accuracy_value', 'NONE');
#903 = CARTESIAN_POINT ( 'NONE',  ( -5.270500000000000185, -16.34406614034584848, 5.778500000000000192 ) ) ;
#904 = SURFACE_STYLE_FILL_AREA ( #1474 ) ;
#905 = FACE_OUTER_BOUND ( 'NONE', #5220, .T. ) ;
#906 = DIRECTION ( 'NONE',  ( 0.000000000000000000, 0.000000000000000000, 1.000000000000000000 ) ) ;
#907 =( NAMED_UNIT ( * ) PLANE_ANGLE_UNIT ( ) SI_UNIT ( $, .RADIAN. ) );
#908 = CARTESIAN_POINT ( 'NONE',  ( 7.659338830835570100, 0.4213400374560394845, 1.778000000000000025 ) ) ;
#909 = DIRECTION ( 'NONE',  ( 0.000000000000000000, 1.000000000000000000, 0.000000000000000000 ) ) ;
#910 =( NAMED_UNIT ( * ) PLANE_ANGLE_UNIT ( ) SI_UNIT ( $, .RADIAN. ) );
#911 =( NAMED_UNIT ( * ) SI_UNIT ( $, .STERADIAN. ) SOLID_ANGLE_UNIT ( ) );
#912 = CARTESIAN_POINT ( 'NONE',  ( 7.748795199323979865, 0.08205567771502250696, 4.317999999999999616 ) ) ;
#913 = ORIENTED_EDGE ( 'NONE', *, *, #3023, .T. ) ;
#914 = ORIENTED_EDGE ( 'NONE', *, *, #3386, .F. ) ;
#915 = EDGE_CURVE ( 'NONE', #895, #5662, #3944, .T. ) ;
#916 = FACE_OUTER_BOUND ( 'NONE', #356, .T. ) ;
#917 = SURFACE_STYLE_FILL_AREA ( #5911 ) ;
#918 = CARTESIAN_POINT ( 'NONE',  ( -5.206424362375529746, -1.077630734528302048, 5.587424362375529974 ) ) ;
#919 = ORIENTED_EDGE ( 'NONE', *, *, #5342, .T. ) ;
#920 = DIRECTION ( 'NONE',  ( 1.000000000000000000, 0.000000000000000000, 0.000000000000000000 ) ) ;
#921 = ORIENTED_EDGE ( 'NONE', *, *, #2578, .F. ) ;
#922 = ADVANCED_FACE ( 'NONE', ( #704 ), #1250, .F. ) ;
#923 =( NAMED_UNIT ( * ) PLANE_ANGLE_UNIT ( ) SI_UNIT ( $, .RADIAN. ) );
#924 = CYLINDRICAL_SURFACE ( 'NONE', #1162, 0.2125790554353725048 ) ;
#925 = SURFACE_SIDE_STYLE ('',( #5774 ) ) ;
#926 = FILL_AREA_STYLE_COLOUR ( '', #329 ) ;
#927 = CARTESIAN_POINT ( 'NONE',  ( -6.591843456756369513, 3.423906370854659986, -0.7620000000000000107 ) ) ;
#928 = AXIS2_PLACEMENT_3D ( 'NONE', #786, #3433, #6219 ) ;
#929 = ORIENTED_EDGE ( 'NONE', *, *, #1991, .T. ) ;
#930 = CARTESIAN_POINT ( 'NONE',  ( 6.591843456756369513, 3.423906370854659986, 1.778000000000000025 ) ) ;
#931 = EDGE_LOOP ( 'NONE', ( #2937, #1730, #2804, #1108 ) ) ;
#932 = COLOUR_RGB ( '',0.2509803921568627416, 0.2509803921568627416, 0.2509803921568627416 ) ;
#933 = EDGE_CURVE ( 'NONE', #4996, #5144, #974, .T. ) ;
#934 = MECHANICAL_DESIGN_GEOMETRIC_PRESENTATION_REPRESENTATION (  '', ( #5234 ), #4017 ) ;
#935 = MECHANICAL_DESIGN_GEOMETRIC_PRESENTATION_REPRESENTATION (  '', ( #2538 ), #6691 ) ;
#936 = SURFACE_STYLE_USAGE ( .BOTH. , #6904 ) ;
#937 = AXIS2_PLACEMENT_3D ( 'NONE', #2163, #4240, #4797 ) ;
#938 = LINE ( 'NONE', #4601, #1086 ) ;
#939 = CARTESIAN_POINT ( 'NONE',  ( 0.000000000000000000, 0.2500000000000000000, 0.000000000000000000 ) ) ;
#940 = VECTOR ( 'NONE', #5738, 1000.000000000000000 ) ;
#941 = SURFACE_STYLE_USAGE ( .BOTH. , #5789 ) ;
#942 = CARTESIAN_POINT ( 'NONE',  ( 6.386507856983209663, 3.835465918153454723, -1.778000000000000025 ) ) ;
#943 = DIRECTION ( 'NONE',  ( 0.000000000000000000, 0.000000000000000000, -1.000000000000000000 ) ) ;
#944 = COLOUR_RGB ( '',0.6666666666666666297, 0.6980392156862744724, 0.7686274509803920907 ) ;
#945 =( GEOMETRIC_REPRESENTATION_CONTEXT ( 3 ) GLOBAL_UNCERTAINTY_ASSIGNED_CONTEXT ( ( #4398 ) ) GLOBAL_UNIT_ASSIGNED_CONTEXT ( ( #6874, #4185, #2976 ) ) REPRESENTATION_CONTEXT ( 'NONE', 'WORKASPACE' ) );
#946 = ORIENTED_EDGE ( 'NONE', *, *, #2569, .T. ) ;
#947 = ORIENTED_EDGE ( 'NONE', *, *, #4867, .F. ) ;
#948 = FACE_OUTER_BOUND ( 'NONE', #3277, .T. ) ;
#950 =( NAMED_UNIT ( * ) SI_UNIT ( $, .STERADIAN. ) SOLID_ANGLE_UNIT ( ) );
#949 = CIRCLE ( 'NONE', #2337, 0.5079999999999997851 ) ;
#951 = PLANE ( 'NONE',  #632 ) ;
#952 = VECTOR ( 'NONE', #1703, 1000.000000000000000 ) ;
#953 = SURFACE_SIDE_STYLE ('',( #6994 ) ) ;
#954 = CARTESIAN_POINT ( 'NONE',  ( 6.837188616633790517, 3.489646408310704828, 4.317999999999999616 ) ) ;
#955 = EDGE_CURVE ( 'NONE', #1505, #1679, #3024, .T. ) ;
#956 = VECTOR ( 'NONE', #6297, 1000.000000000000000 ) ;
#957 = ORIENTED_EDGE ( 'NONE', *, *, #6074, .T. ) ;
#958 = PRESENTATION_STYLE_ASSIGNMENT (( #3618 ) ) ;
#959 = ORIENTED_EDGE ( 'NONE', *, *, #5351, .F. ) ;
#960 = SURFACE_SIDE_STYLE ('',( #1496 ) ) ;
#961 = CARTESIAN_POINT ( 'NONE',  ( 5.778500000000000192, 3.835465918153454723, 4.317999999999999616 ) ) ;
#962 = PRESENTATION_STYLE_ASSIGNMENT (( #3234 ) ) ;
#963 = VECTOR ( 'NONE', #2683, 1000.000000000000000 ) ;
#964 = ADVANCED_FACE ( 'NONE', ( #4216 ), #1438, .F. ) ;
#965 = EDGE_LOOP ( 'NONE', ( #3452, #392, #4689, #2162 ) ) ;
#966 = CARTESIAN_POINT ( 'NONE',  ( 5.206424362375529746, -1.077630734528302048, -4.825424362375530407 ) ) ;
#967 = EDGE_LOOP ( 'NONE', ( #2443, #6736, #1689, #178 ) ) ;
#968 = VECTOR ( 'NONE', #3099, 1000.000000000000000 ) ;
#969 = COLOUR_RGB ( '',0.6666666666666666297, 0.6980392156862744724, 0.7686274509803920907 ) ;
#970 = UNCERTAINTY_MEASURE_WITH_UNIT (LENGTH_MEASURE( 1.000000000000000082E-05 ), #4254, 'distance_accuracy_value', 'NONE');
#971 = CARTESIAN_POINT ( 'NONE',  ( -3.101481404339325731, 6.859999999999999432, 9.277156605822819202 ) ) ;
#972 = SURFACE_STYLE_FILL_AREA ( #5890 ) ;
#973 = SURFACE_SIDE_STYLE ('',( #3243 ) ) ;
#974 = LINE ( 'NONE', #1988, #2123 ) ;
#975 = AXIS2_PLACEMENT_3D ( 'NONE', #1401, #3598, #1672 ) ;
#976 =( GEOMETRIC_REPRESENTATION_CONTEXT ( 3 ) GLOBAL_UNCERTAINTY_ASSIGNED_CONTEXT ( ( #3555 ) ) GLOBAL_UNIT_ASSIGNED_CONTEXT ( ( #2635, #4747, #5400 ) ) REPRESENTATION_CONTEXT ( 'NONE', 'WORKASPACE' ) );
#977 = EDGE_CURVE ( 'NONE', #225, #863, #5823, .T. ) ;
#978 = SURFACE_SIDE_STYLE ('',( #1627 ) ) ;
#979 = SURFACE_SIDE_STYLE ('',( #5363 ) ) ;
#980 = UNCERTAINTY_MEASURE_WITH_UNIT (LENGTH_MEASURE( 1.000000000000000082E-05 ), #6054, 'distance_accuracy_value', 'NONE');
#981 = DIRECTION ( 'NONE',  ( 0.000000000000000000, 0.000000000000000000, 1.000000000000000000 ) ) ;
#982 = LINE ( 'NONE', #2105, #1380 ) ;
#983 = FACE_OUTER_BOUND ( 'NONE', #4720, .T. ) ;
#984 = EDGE_CURVE ( 'NONE', #4349, #800, #46, .T. ) ;
#985 = STYLED_ITEM ( 'NONE', ( #3230 ), #2205 ) ;
#986 = VERTEX_POINT ( 'NONE', #3094 ) ;
#987 = VERTEX_POINT ( 'NONE', #5157 ) ;
#988 = CARTESIAN_POINT ( 'NONE',  ( 7.659338830835570100, 0.4213400374560394845, 1.778000000000000025 ) ) ;
#989 = SURFACE_STYLE_USAGE ( .BOTH. , #5874 ) ;
#990 =( GEOMETRIC_REPRESENTATION_CONTEXT ( 3 ) GLOBAL_UNCERTAINTY_ASSIGNED_CONTEXT ( ( #1135 ) ) GLOBAL_UNIT_ASSIGNED_CONTEXT ( ( #4943, #6590, #2246 ) ) REPRESENTATION_CONTEXT ( 'NONE', 'WORKASPACE' ) );
#991 =( NAMED_UNIT ( * ) SI_UNIT ( $, .STERADIAN. ) SOLID_ANGLE_UNIT ( ) );
#992 = FILL_AREA_STYLE ('',( #2682 ) ) ;
#993 = VECTOR ( 'NONE', #5684, 1000.000000000000000 ) ;
#994 = STYLED_ITEM ( 'NONE', ( #2137 ), #2808 ) ;
#995 = VERTEX_POINT ( 'NONE', #6775 ) ;
#996 = CARTESIAN_POINT ( 'NONE',  ( 7.413993670958149984, 0.3556000000000000272, -0.7620000000000000107 ) ) ;
#997 = ORIENTED_EDGE ( 'NONE', *, *, #591, .F. ) ;
#998 = FILL_AREA_STYLE_COLOUR ( '', #4237 ) ;
#999 = CARTESIAN_POINT ( 'NONE',  ( -7.659338830835570100, 0.4213400374560394845, -3.301999999999999602 ) ) ;
#1000 =( NAMED_UNIT ( * ) SI_UNIT ( $, .STERADIAN. ) SOLID_ANGLE_UNIT ( ) );
#1001 = COLOUR_RGB ( '',0.6666666666666666297, 0.6980392156862744724, 0.7686274509803920907 ) ;
#1002 =( GEOMETRIC_REPRESENTATION_CONTEXT ( 3 ) GLOBAL_UNCERTAINTY_ASSIGNED_CONTEXT ( ( #3207 ) ) GLOBAL_UNIT_ASSIGNED_CONTEXT ( ( #5706, #4042, #864 ) ) REPRESENTATION_CONTEXT ( 'NONE', 'WORKASPACE' ) );
#1003 = CARTESIAN_POINT ( 'NONE',  ( -7.771382951983880183, 0.4513621692343839920, -3.301999999999999602 ) ) ;
#1004 = MECHANICAL_DESIGN_GEOMETRIC_PRESENTATION_REPRESENTATION (  '', ( #4977 ), #6938 ) ;
#1005 = VERTEX_POINT ( 'NONE', #4636 ) ;
#1006 =( LENGTH_UNIT ( ) NAMED_UNIT ( * ) SI_UNIT ( .MILLI., .METRE. ) );
#1007 = ORIENTED_EDGE ( 'NONE', *, *, #2424, .T. ) ;
#1008 = LINE ( 'NONE', #477, #2277 ) ;
#1009 = FACE_OUTER_BOUND ( 'NONE', #5917, .T. ) ;
#1010 = CARTESIAN_POINT ( 'NONE',  ( 7.413993670958149984, 0.3556000000000000272, -3.301999999999999602 ) ) ;
#1011 = EDGE_CURVE ( 'NONE', #5106, #4996, #4773, .T. ) ;
#1012 = FACE_OUTER_BOUND ( 'NONE', #6049, .T. ) ;
#1013 = MECHANICAL_DESIGN_GEOMETRIC_PRESENTATION_REPRESENTATION (  '', ( #1228 ), #3870 ) ;
#1014 = SURFACE_STYLE_USAGE ( .BOTH. , #6421 ) ;
#1015 = CARTESIAN_POINT ( 'NONE',  ( 6.591843456756369513, 3.423906370854659986, -1.778000000000000025 ) ) ;
#1016 = EDGE_CURVE ( 'NONE', #724, #5393, #2023, .T. ) ;
#1017 =( LENGTH_UNIT ( ) NAMED_UNIT ( * ) SI_UNIT ( .MILLI., .METRE. ) );
#1018 = SURFACE_SIDE_STYLE ('',( #457 ) ) ;
#1019 = DIRECTION ( 'NONE',  ( -0.9981347984218675862, 0.06104853953484747076, 0.000000000000000000 ) ) ;
#1020 = EDGE_LOOP ( 'NONE', ( #4517, #3, #2071, #5666 ) ) ;
#1021 = ORIENTED_EDGE ( 'NONE', *, *, #4874, .F. ) ;
#1022 = ADVANCED_FACE ( 'NONE', ( #3593 ), #6905, .F. ) ;
#1023 = SURFACE_STYLE_FILL_AREA ( #3645 ) ;
#1024 = CARTESIAN_POINT ( 'NONE',  ( 6.837188616633790517, 3.489646408310704828, 1.778000000000000025 ) ) ;
#1025 = DIRECTION ( 'NONE',  ( 0.000000000000000000, 0.000000000000000000, 1.000000000000000000 ) ) ;
#1026 = ORIENTED_EDGE ( 'NONE', *, *, #1063, .F. ) ;
#1027 = SURFACE_STYLE_USAGE ( .BOTH. , #5879 ) ;
#1028 = ORIENTED_EDGE ( 'NONE', *, *, #811, .T. ) ;
#1029 = FILL_AREA_STYLE ('',( #3654 ) ) ;
#1030 = DIRECTION ( 'NONE',  ( 0.000000000000000000, 0.000000000000000000, 1.000000000000000000 ) ) ;
#1031 = LINE ( 'NONE', #6508, #2896 ) ;
#1032 = VERTEX_POINT ( 'NONE', #6087 ) ;
#1033 = CARTESIAN_POINT ( 'NONE',  ( -9.105900000000000105, 0.2535262387991554789, 4.317999999999999616 ) ) ;
#1034 = EDGE_LOOP ( 'NONE', ( #1164, #4488, #870, #1719 ) ) ;
#1035 = DIRECTION ( 'NONE',  ( 0.000000000000000000, 0.000000000000000000, 1.000000000000000000 ) ) ;
#1036 = SURFACE_SIDE_STYLE ('',( #972 ) ) ;
#1037 = CARTESIAN_POINT ( 'NONE',  ( 9.105900000000000105, 0.2535262387991554789, -0.7620000000000000107 ) ) ;
#1038 = CARTESIAN_POINT ( 'NONE',  ( 9.105900000000000105, 0.2535262387991554789, -0.7620000000000000107 ) ) ;
#1039 = DIRECTION ( 'NONE',  ( 0.000000000000000000, 0.000000000000000000, -1.000000000000000000 ) ) ;
#1040 = EDGE_CURVE ( 'NONE', #2380, #3195, #1591, .T. ) ;
#1041 = VECTOR ( 'NONE', #5329, 1000.000000000000227 ) ;
#1042 = DIRECTION ( 'NONE',  ( -1.000000000000000000, 0.000000000000000000, 0.000000000000000000 ) ) ;
#1043 = CIRCLE ( 'NONE', #5005, 0.3699966097798265130 ) ;
#1044 = DIRECTION ( 'NONE',  ( 1.000000000000000000, 0.000000000000000000, 0.000000000000000000 ) ) ;
#1045 = CARTESIAN_POINT ( 'NONE',  ( 7.659338830835570100, 0.4213400374560394845, -4.317999999999999616 ) ) ;
#1046 = UNCERTAINTY_MEASURE_WITH_UNIT (LENGTH_MEASURE( 1.000000000000000082E-05 ), #4508, 'distance_accuracy_value', 'NONE');
#1047 = CARTESIAN_POINT ( 'NONE',  ( -7.413993670958149984, 0.3556000000000000272, 1.778000000000000025 ) ) ;
#1048 = FILL_AREA_STYLE_COLOUR ( '', #253 ) ;
#1049 = AXIS2_PLACEMENT_3D ( 'NONE', #4989, #2296, #109 ) ;
#1050 = ADVANCED_FACE ( 'NONE', ( #4321 ), #4963, .T. ) ;
#1051 = MECHANICAL_DESIGN_GEOMETRIC_PRESENTATION_REPRESENTATION (  '', ( #3577 ), #3687 ) ;
#1052 = ORIENTED_EDGE ( 'NONE', *, *, #6761, .F. ) ;
#1054 = UNCERTAINTY_MEASURE_WITH_UNIT (LENGTH_MEASURE( 1.000000000000000082E-05 ), #831, 'distance_accuracy_value', 'NONE');
#1053 =( GEOMETRIC_REPRESENTATION_CONTEXT ( 3 ) GLOBAL_UNCERTAINTY_ASSIGNED_CONTEXT ( ( #634 ) ) GLOBAL_UNIT_ASSIGNED_CONTEXT ( ( #6326, #5909, #950 ) ) REPRESENTATION_CONTEXT ( 'NONE', 'WORKASPACE' ) );
#1055 = FILL_AREA_STYLE ('',( #4983 ) ) ;
#1056 = PRESENTATION_STYLE_ASSIGNMENT (( #4432 ) ) ;
#1057 = DIRECTION ( 'NONE',  ( 0.000000000000000000, 0.000000000000000000, -1.000000000000000000 ) ) ;
#1058 =( NAMED_UNIT ( * ) PLANE_ANGLE_UNIT ( ) SI_UNIT ( $, .RADIAN. ) );
#1059 = DIRECTION ( 'NONE',  ( 1.000000000000000000, 0.000000000000000000, 0.000000000000000000 ) ) ;
#1060 = STYLED_ITEM ( 'NONE', ( #5611 ), #5815 ) ;
#1061 = VECTOR ( 'NONE', #6380, 1000.000000000000114 ) ;
#1062 = CARTESIAN_POINT ( 'NONE',  ( -5.778500000000000192, 3.835465918153454723, -0.7620000000000000107 ) ) ;
#1063 = EDGE_CURVE ( 'NONE', #6355, #4437, #6478, .T. ) ;
#1064 = ORIENTED_EDGE ( 'NONE', *, *, #5665, .F. ) ;
#1065 =( LENGTH_UNIT ( ) NAMED_UNIT ( * ) SI_UNIT ( .MILLI., .METRE. ) );
#1066 = ORIENTED_EDGE ( 'NONE', *, *, #6426, .T. ) ;
#1067 = PRESENTATION_LAYER_ASSIGNMENT (  '', '', ( #5813 ) ) ;
#1068 = MECHANICAL_DESIGN_GEOMETRIC_PRESENTATION_REPRESENTATION (  '', ( #6480 ), #740 ) ;
#1069 = DIRECTION ( 'NONE',  ( 1.000000000000000000, 0.000000000000000000, 0.000000000000000000 ) ) ;
#1070 = DIRECTION ( 'NONE',  ( -0.9981347984218673641, -0.06104853953484981610, 0.000000000000000000 ) ) ;
#1071 = FILL_AREA_STYLE ('',( #2690 ) ) ;
#1072 = CARTESIAN_POINT ( 'NONE',  ( -9.090393670958150096, 1.102058738522372051E-15, -3.301999999999999602 ) ) ;
#1073 = CARTESIAN_POINT ( 'NONE',  ( -5.206424362375529746, -1.077630734528302048, 5.206424362375529746 ) ) ;
#1074 = CLOSED_SHELL ( 'NONE', ( #3983, #5937, #1231, #4820, #4126, #5782, #5761, #5994, #6282, #5867, #1762, #5378, #5096, #5722, #6626, #6974 ) ) ;
#1075 = VECTOR ( 'NONE', #3021, 1000.000000000000000 ) ;
#1076 = VERTEX_POINT ( 'NONE', #520 ) ;
#1077 = VERTEX_POINT ( 'NONE', #6646 ) ;
#1078 = SURFACE_STYLE_FILL_AREA ( #2094 ) ;
#1079 = SURFACE_STYLE_FILL_AREA ( #2201 ) ;
#1080 = COLOUR_RGB ( '',0.2509803921568627416, 0.2509803921568627416, 0.2509803921568627416 ) ;
#1081 = CARTESIAN_POINT ( 'NONE',  ( -7.413993670958149984, 0.3556000000000000272, -0.7620000000000000107 ) ) ;
#1082 = SURFACE_STYLE_FILL_AREA ( #524 ) ;
#1083 = SURFACE_STYLE_USAGE ( .BOTH. , #561 ) ;
#1084 = CARTESIAN_POINT ( 'NONE',  ( -2.158999999999999808, 6.859999999999999432, 6.032499999999999751 ) ) ;
#1085 = SURFACE_STYLE_USAGE ( .BOTH. , #5935 ) ;
#1086 = VECTOR ( 'NONE', #5723, 1000.000000000000000 ) ;
#1087 = PRESENTATION_LAYER_ASSIGNMENT (  '', '', ( #6844 ) ) ;
#1088 = VECTOR ( 'NONE', #6621, 1000.000000000000114 ) ;
#1089 = ORIENTED_EDGE ( 'NONE', *, *, #804, .T. ) ;
#1090 =( LENGTH_UNIT ( ) NAMED_UNIT ( * ) SI_UNIT ( .MILLI., .METRE. ) );
#1091 = CARTESIAN_POINT ( 'NONE',  ( -9.105900000000000105, 0.2535262387991554789, 3.301999999999999602 ) ) ;
#1092 = PLANE ( 'NONE',  #5671 ) ;
#1093 = DIRECTION ( 'NONE',  ( 0.000000000000000000, 0.000000000000000000, -1.000000000000000000 ) ) ;
#1094 = EDGE_CURVE ( 'NONE', #1304, #4099, #1407, .T. ) ;
#1095 = CIRCLE ( 'NONE', #6964, 0.4665790554353732578 ) ;
#1096 =( NAMED_UNIT ( * ) PLANE_ANGLE_UNIT ( ) SI_UNIT ( $, .RADIAN. ) );
#1097 = EDGE_LOOP ( 'NONE', ( #2183, #3743, #5593, #3571 ) ) ;
#1098 =( NAMED_UNIT ( * ) SI_UNIT ( $, .STERADIAN. ) SOLID_ANGLE_UNIT ( ) );
#1099 = ORIENTED_EDGE ( 'NONE', *, *, #4623, .T. ) ;
#1100 = CARTESIAN_POINT ( 'NONE',  ( -6.386507856983209663, 3.581465918153455164, 1.778000000000000025 ) ) ;
#1101 = LINE ( 'NONE', #1234, #1276 ) ;
#1102 = PRESENTATION_STYLE_ASSIGNMENT (( #6504 ) ) ;
#1103 = CARTESIAN_POINT ( 'NONE',  ( 5.778500000000000192, 3.581465918153455164, 4.317999999999999616 ) ) ;
#1104 = ADVANCED_FACE ( 'NONE', ( #1834 ), #4442, .T. ) ;
#1105 = SURFACE_STYLE_USAGE ( .BOTH. , #3760 ) ;
#1106 = DIRECTION ( 'NONE',  ( 0.000000000000000000, 1.000000000000000000, 0.000000000000000000 ) ) ;
#1107 = STYLED_ITEM ( 'NONE', ( #3806 ), #2486 ) ;
#1108 = ORIENTED_EDGE ( 'NONE', *, *, #6761, .T. ) ;
#1109 = FILL_AREA_STYLE ('',( #3928 ) ) ;
#1110 = ORIENTED_EDGE ( 'NONE', *, *, #1414, .T. ) ;
#1111 = CARTESIAN_POINT ( 'NONE',  ( -5.778500000000000192, 0.3769999999999988916, -5.270500000000000185 ) ) ;
#1112 = COLOUR_RGB ( '',0.6666666666666666297, 0.6980392156862744724, 0.7686274509803920907 ) ;
#1113 = DIRECTION ( 'NONE',  ( 0.000000000000000000, 0.000000000000000000, 1.000000000000000000 ) ) ;
#1115 = COLOUR_RGB ( '',0.6666666666666666297, 0.6980392156862744724, 0.7686274509803920907 ) ;
#1114 = DIRECTION ( 'NONE',  ( 0.000000000000000000, 0.000000000000000000, -1.000000000000000000 ) ) ;
#1116 = EDGE_CURVE ( 'NONE', #3186, #1372, #56, .T. ) ;
#1117 = AXIS2_PLACEMENT_3D ( 'NONE', #6516, #3872, #6098 ) ;
#1118 = PRESENTATION_LAYER_ASSIGNMENT (  '', '', ( #4193 ) ) ;
#1119 = CARTESIAN_POINT ( 'NONE',  ( -6.386507856983209663, 3.581465918153455164, 1.778000000000000025 ) ) ;
#1120 = ORIENTED_EDGE ( 'NONE', *, *, #3354, .F. ) ;
#1121 = UNCERTAINTY_MEASURE_WITH_UNIT (LENGTH_MEASURE( 1.000000000000000082E-05 ), #1599, 'distance_accuracy_value', 'NONE');
#1122 = LINE ( 'NONE', #4846, #1919 ) ;
#1123 = COLOUR_RGB ( '',0.6666666666666666297, 0.6980392156862744724, 0.7686274509803920907 ) ;
#1124 = DIRECTION ( 'NONE',  ( 0.000000000000000000, -1.000000000000000000, 0.000000000000000000 ) ) ;
#1125 = SURFACE_STYLE_USAGE ( .BOTH. , #6597 ) ;
#1126 =( LENGTH_UNIT ( ) NAMED_UNIT ( * ) SI_UNIT ( .MILLI., .METRE. ) );
#1127 = CARTESIAN_POINT ( 'NONE',  ( 6.837188616633790517, 3.489646408310704828, 0.7620000000000000107 ) ) ;
#1128 = FACE_OUTER_BOUND ( 'NONE', #1983, .T. ) ;
#1129 =( NAMED_UNIT ( * ) SI_UNIT ( $, .STERADIAN. ) SOLID_ANGLE_UNIT ( ) );
#1130 = SURFACE_STYLE_USAGE ( .BOTH. , #3883 ) ;
#1131 = ADVANCED_FACE ( 'NONE', ( #857 ), #6191, .T. ) ;
#1132 = ORIENTED_EDGE ( 'NONE', *, *, #1508, .F. ) ;
#1133 = DIRECTION ( 'NONE',  ( -0.9981347984218673641, -0.06104853953484981610, 0.000000000000000000 ) ) ;
#1134 = ORIENTED_EDGE ( 'NONE', *, *, #6426, .F. ) ;
#1135 = UNCERTAINTY_MEASURE_WITH_UNIT (LENGTH_MEASURE( 1.000000000000000082E-05 ), #4943, 'distance_accuracy_value', 'NONE');
#1136 =( NAMED_UNIT ( * ) SI_UNIT ( $, .STERADIAN. ) SOLID_ANGLE_UNIT ( ) );
#1137 = DIRECTION ( 'NONE',  ( 0.2588190451025215166, 0.9659258262890680902, 0.000000000000000000 ) ) ;
#1138 = SURFACE_STYLE_FILL_AREA ( #5523 ) ;
#1139 = SURFACE_STYLE_FILL_AREA ( #186 ) ;
#1140 = EDGE_CURVE ( 'NONE', #5113, #5888, #823, .T. ) ;
#1141 = ORIENTED_EDGE ( 'NONE', *, *, #6185, .F. ) ;
#1142 = DIRECTION ( 'NONE',  ( 0.9981347984218673641, -0.06104853953484981610, 0.000000000000000000 ) ) ;
#1143 = VERTEX_POINT ( 'NONE', #1967 ) ;
#1144 = LINE ( 'NONE', #3968, #6420 ) ;
#1145 = PRESENTATION_STYLE_ASSIGNMENT (( #2827 ) ) ;
#1146 = EDGE_CURVE ( 'NONE', #1077, #6976, #4548, .T. ) ;
#1147 = SURFACE_STYLE_USAGE ( .BOTH. , #1775 ) ;
#1148 = EDGE_LOOP ( 'NONE', ( #3512, #5311, #6797, #4526, #6020, #3074, #6081, #897, #5499, #2776, #3417, #2675 ) ) ;
#1149 = DIRECTION ( 'NONE',  ( 1.000000000000000000, 0.000000000000000000, 0.000000000000000000 ) ) ;
#1150 = PRESENTATION_STYLE_ASSIGNMENT (( #3846 ) ) ;
#1151 = STYLED_ITEM ( 'NONE', ( #6413 ), #102 ) ;
#1152 = COLOUR_RGB ( '',0.6666666666666666297, 0.6980392156862744724, 0.7686274509803920907 ) ;
#1153 = STYLED_ITEM ( 'NONE', ( #6319 ), #682 ) ;
#1154 = SURFACE_SIDE_STYLE ('',( #4981 ) ) ;
#1155 = CARTESIAN_POINT ( 'NONE',  ( 7.771382951983880183, 0.4513621692343839920, -0.7620000000000000107 ) ) ;
#1156 = PRESENTATION_LAYER_ASSIGNMENT (  '', '', ( #2320 ) ) ;
#1157 = CARTESIAN_POINT ( 'NONE',  ( 5.778500000000000192, 3.835465918153454723, -3.301999999999999602 ) ) ;
#1158 = SURFACE_STYLE_FILL_AREA ( #5509 ) ;
#1159 =( LENGTH_UNIT ( ) NAMED_UNIT ( * ) SI_UNIT ( .MILLI., .METRE. ) );
#1160 = CARTESIAN_POINT ( 'NONE',  ( 5.524499999999999744, 4.039999999999999147, -6.032499999999999751 ) ) ;
#1161 = SURFACE_STYLE_USAGE ( .BOTH. , #5479 ) ;
#1162 = AXIS2_PLACEMENT_3D ( 'NONE', #4411, #2264, #2782 ) ;
#1163 = VECTOR ( 'NONE', #246, 1000.000000000000000 ) ;
#1164 = ORIENTED_EDGE ( 'NONE', *, *, #3023, .F. ) ;
#1165 = ORIENTED_EDGE ( 'NONE', *, *, #2468, .T. ) ;
#1166 = SURFACE_SIDE_STYLE ('',( #4340 ) ) ;
#1167 = AXIS2_PLACEMENT_3D ( 'NONE', #1160, #6531, #679 ) ;
#1168 = CIRCLE ( 'NONE', #6810, 0.4665790554353732578 ) ;
#1169 =( NAMED_UNIT ( * ) PLANE_ANGLE_UNIT ( ) SI_UNIT ( $, .RADIAN. ) );
#1170 = ADVANCED_FACE ( 'NONE', ( #5103 ), #5620, .F. ) ;
#1171 = STYLED_ITEM ( 'NONE', ( #1150 ), #5994 ) ;
#1172 = STYLED_ITEM ( 'NONE', ( #4355 ), #5290 ) ;
#1173 = ORIENTED_EDGE ( 'NONE', *, *, #4118, .F. ) ;
#1174 = DIRECTION ( 'NONE',  ( -0.000000000000000000, 1.000000000000000000, 0.000000000000000000 ) ) ;
#1175 = ORIENTED_EDGE ( 'NONE', *, *, #955, .T. ) ;
#1176 = SURFACE_STYLE_USAGE ( .BOTH. , #117 ) ;
#1177 = DIRECTION ( 'NONE',  ( -0.000000000000000000, -1.000000000000000000, -0.000000000000000000 ) ) ;
#1178 = SURFACE_STYLE_USAGE ( .BOTH. , #1734 ) ;
#1179 = AXIS2_PLACEMENT_3D ( 'NONE', #6776, #5090, #6698 ) ;
#1180 = EDGE_CURVE ( 'NONE', #3221, #6022, #6296, .T. ) ;
#1181 =( GEOMETRIC_REPRESENTATION_CONTEXT ( 3 ) GLOBAL_UNCERTAINTY_ASSIGNED_CONTEXT ( ( #3984 ) ) GLOBAL_UNIT_ASSIGNED_CONTEXT ( ( #521, #3318, #2730 ) ) REPRESENTATION_CONTEXT ( 'NONE', 'WORKASPACE' ) );
#1182 = ORIENTED_EDGE ( 'NONE', *, *, #3470, .T. ) ;
#1183 = DIRECTION ( 'NONE',  ( 0.000000000000000000, 0.000000000000000000, 1.000000000000000000 ) ) ;
#1184 = EDGE_LOOP ( 'NONE', ( #2351, #6333, #3520, #3762 ) ) ;
#1185 = CIRCLE ( 'NONE', #4483, 0.5079999999999997851 ) ;
#1186 = AXIS2_PLACEMENT_3D ( 'NONE', #2005, #3080, #2998 ) ;
#1187 = LINE ( 'NONE', #1779, #1697 ) ;
#1188 = AXIS2_PLACEMENT_3D ( 'NONE', #4532, #5604, #3454 ) ;
#1189 = EDGE_CURVE ( 'NONE', #2056, #1433, #6433, .T. ) ;
#1190 = CIRCLE ( 'NONE', #2907, 0.1159966097798266205 ) ;
#1191 = COLOUR_RGB ( '',0.2509803921568627416, 0.2509803921568627416, 0.2509803921568627416 ) ;
#1192 = CARTESIAN_POINT ( 'NONE',  ( -6.386507856983209663, 3.368886862718084796, 4.317999999999999616 ) ) ;
#1193 = UNCERTAINTY_MEASURE_WITH_UNIT (LENGTH_MEASURE( 1.000000000000000082E-05 ), #1497, 'distance_accuracy_value', 'NONE');
#1194 = CIRCLE ( 'NONE', #2698, 0.3810000000000002829 ) ;
#1195 = PRESENTATION_LAYER_ASSIGNMENT (  '', '', ( #4273 ) ) ;
#1196 = DIRECTION ( 'NONE',  ( 0.06104853953484747076, -0.9981347984218675862, 0.000000000000000000 ) ) ;
#1197 = EDGE_CURVE ( 'NONE', #3195, #3974, #2041, .T. ) ;
#1198 = CARTESIAN_POINT ( 'NONE',  ( -6.386507856983209663, 3.581465918153455164, -3.301999999999999602 ) ) ;
#1199 = STYLED_ITEM ( 'NONE', ( #3736 ), #1535 ) ;
#1200 = ORIENTED_EDGE ( 'NONE', *, *, #142, .F. ) ;
#1201 = EDGE_LOOP ( 'NONE', ( #6655, #5974, #1858, #6929 ) ) ;
#1202 = UNCERTAINTY_MEASURE_WITH_UNIT (LENGTH_MEASURE( 1.000000000000000082E-05 ), #285, 'distance_accuracy_value', 'NONE');
#1203 = CARTESIAN_POINT ( 'NONE',  ( 6.386507856983209663, 3.368886862718084796, 4.317999999999999616 ) ) ;
#1204 = LINE ( 'NONE', #4441, #3868 ) ;
#1205 = STYLED_ITEM ( 'NONE', ( #2303 ), #1911 ) ;
#1206 =( NAMED_UNIT ( * ) SI_UNIT ( $, .STERADIAN. ) SOLID_ANGLE_UNIT ( ) );
#1207 = CARTESIAN_POINT ( 'NONE',  ( 5.778500000000000192, 4.039999999999998259, 5.270500000000000185 ) ) ;
#1208 = ORIENTED_EDGE ( 'NONE', *, *, #1991, .F. ) ;
#1209 = CARTESIAN_POINT ( 'NONE',  ( 7.413993670958149984, 0.3556000000000000272, 0.7620000000000000107 ) ) ;
#1210 = EDGE_LOOP ( 'NONE', ( #3782, #4486, #2593, #4145 ) ) ;
#1211 = LINE ( 'NONE', #5995, #2817 ) ;
#1212 = CARTESIAN_POINT ( 'NONE',  ( 9.105900000000000105, 0.2535262387991554789, 0.7620000000000000107 ) ) ;
#1213 = CARTESIAN_POINT ( 'NONE',  ( -5.778500000000000192, 3.835465918153454723, 4.317999999999999616 ) ) ;
#1214 = CARTESIAN_POINT ( 'NONE',  ( -7.771382951983880183, 0.4513621692343839920, 1.778000000000000025 ) ) ;
#1215 = FILL_AREA_STYLE_COLOUR ( '', #3812 ) ;
#1216 = VECTOR ( 'NONE', #5788, 1000.000000000000227 ) ;
#1217 = EDGE_LOOP ( 'NONE', ( #806, #6788, #3475, #5938 ) ) ;
#1218 = CARTESIAN_POINT ( 'NONE',  ( 7.413993670958149984, 0.3556000000000000272, -0.7620000000000000107 ) ) ;
#1219 = ORIENTED_EDGE ( 'NONE', *, *, #2338, .T. ) ;
#1220 =( GEOMETRIC_REPRESENTATION_CONTEXT ( 3 ) GLOBAL_UNCERTAINTY_ASSIGNED_CONTEXT ( ( #6083 ) ) GLOBAL_UNIT_ASSIGNED_CONTEXT ( ( #4838, #4740, #5328 ) ) REPRESENTATION_CONTEXT ( 'NONE', 'WORKASPACE' ) );
#1221 = EDGE_CURVE ( 'NONE', #2036, #6899, #1890, .T. ) ;
#1222 = DIRECTION ( 'NONE',  ( 0.000000000000000000, 0.000000000000000000, 1.000000000000000000 ) ) ;
#1223 = PRESENTATION_STYLE_ASSIGNMENT (( #1846 ) ) ;
#1224 = FILL_AREA_STYLE ('',( #3355 ) ) ;
#1225 = ADVANCED_FACE ( 'NONE', ( #2076 ), #951, .F. ) ;
#1227 = FILL_AREA_STYLE ('',( #2872 ) ) ;
#1226 = MECHANICAL_DESIGN_GEOMETRIC_PRESENTATION_REPRESENTATION (  '', ( #5413 ), #3311 ) ;
#1228 = STYLED_ITEM ( 'NONE', ( #3303 ), #3158 ) ;
#1229 = FILL_AREA_STYLE_COLOUR ( '', #1990 ) ;
#1230 = PRESENTATION_LAYER_ASSIGNMENT (  '', '', ( #567 ) ) ;
#1231 = ADVANCED_FACE ( 'NONE', ( #4233 ), #464, .T. ) ;
#1232 = ORIENTED_EDGE ( 'NONE', *, *, #4024, .T. ) ;
#1233 = ORIENTED_EDGE ( 'NONE', *, *, #6418, .F. ) ;
#1234 = CARTESIAN_POINT ( 'NONE',  ( -9.090393670958150096, 1.102058738522372051E-15, 1.778000000000000025 ) ) ;
#1235 = DIRECTION ( 'NONE',  ( 0.000000000000000000, 0.000000000000000000, -1.000000000000000000 ) ) ;
#1236 = CYLINDRICAL_SURFACE ( 'NONE', #4964, 0.3725677875102462178 ) ;
#1237 = SURFACE_SIDE_STYLE ('',( #183 ) ) ;
#1238 = DIRECTION ( 'NONE',  ( -0.2588190451025215166, 0.9659258262890680902, 0.000000000000000000 ) ) ;
#1239 = ORIENTED_EDGE ( 'NONE', *, *, #3900, .F. ) ;
#1240 = DIRECTION ( 'NONE',  ( 0.000000000000000000, 0.000000000000000000, 1.000000000000000000 ) ) ;
#1241 = ORIENTED_EDGE ( 'NONE', *, *, #1221, .T. ) ;
#1242 = DIRECTION ( 'NONE',  ( -0.2588190451025215166, 0.9659258262890680902, 0.000000000000000000 ) ) ;
#1243 = DIRECTION ( 'NONE',  ( 0.9659258262890680902, 0.2588190451025215166, 0.000000000000000000 ) ) ;
#1244 = LINE ( 'NONE', #194, #3420 ) ;
#1245 = CARTESIAN_POINT ( 'NONE',  ( 7.771382951983880183, 0.4513621692343839920, -3.301999999999999602 ) ) ;
#1246 = VERTEX_POINT ( 'NONE', #4854 ) ;
#1247 = PLANE ( 'NONE',  #2248 ) ;
#1248 = EDGE_LOOP ( 'NONE', ( #5254, #2433, #4246, #6535 ) ) ;
#1249 = UNCERTAINTY_MEASURE_WITH_UNIT (LENGTH_MEASURE( 1.000000000000000082E-05 ), #479, 'distance_accuracy_value', 'NONE');
#1250 = PLANE ( 'NONE',  #2349 ) ;
#1251 = PRESENTATION_STYLE_ASSIGNMENT (( #812 ) ) ;
#1252 = ADVANCED_FACE ( 'NONE', ( #2187 ), #1569, .T. ) ;
#1253 = CARTESIAN_POINT ( 'NONE',  ( -7.771382951983880183, 0.4513621692343839920, -4.317999999999999616 ) ) ;
#1254 = CARTESIAN_POINT ( 'NONE',  ( 9.105900000000000105, 0.2535262387991554789, -3.301999999999999602 ) ) ;
#1255 = UNCERTAINTY_MEASURE_WITH_UNIT (LENGTH_MEASURE( 1.000000000000000082E-05 ), #5553, 'distance_accuracy_value', 'NONE');
#1256 = SURFACE_SIDE_STYLE ('',( #710 ) ) ;
#1257 = FACE_OUTER_BOUND ( 'NONE', #326, .T. ) ;
#1258 = CARTESIAN_POINT ( 'NONE',  ( 6.386507856983209663, 3.581465918153455164, -1.778000000000000025 ) ) ;
#1259 = PRESENTATION_LAYER_ASSIGNMENT (  '', '', ( #6795 ) ) ;
#1260 = EDGE_CURVE ( 'NONE', #1907, #3125, #1299, .T. ) ;
#1261 = VERTEX_POINT ( 'NONE', #4370 ) ;
#1262 = VECTOR ( 'NONE', #1507, 1000.000000000000000 ) ;
#1263 = EDGE_LOOP ( 'NONE', ( #6578, #3671, #2751, #4416 ) ) ;
#1264 = UNCERTAINTY_MEASURE_WITH_UNIT (LENGTH_MEASURE( 1.000000000000000082E-05 ), #5533, 'distance_accuracy_value', 'NONE');
#1265 = DIRECTION ( 'NONE',  ( 1.000000000000000000, 0.000000000000000000, 0.000000000000000000 ) ) ;
#1266 = SURFACE_STYLE_FILL_AREA ( #6719 ) ;
#1267 = PLANE ( 'NONE',  #5865 ) ;
#1268 = FILL_AREA_STYLE_COLOUR ( '', #1191 ) ;
#1269 = ADVANCED_FACE ( 'NONE', ( #1128 ), #6562, .F. ) ;
#1270 = PRESENTATION_LAYER_ASSIGNMENT (  '', '', ( #2874 ) ) ;
#1271 = DIRECTION ( 'NONE',  ( 0.000000000000000000, 0.000000000000000000, -1.000000000000000000 ) ) ;
#1272 = COLOUR_RGB ( '',0.2509803921568627416, 0.2509803921568627416, 0.2509803921568627416 ) ;
#1273 = VERTEX_POINT ( 'NONE', #1514 ) ;
#1274 = DIRECTION ( 'NONE',  ( -1.000000000000000000, 0.000000000000000000, 0.000000000000000000 ) ) ;
#1275 = ORIENTED_EDGE ( 'NONE', *, *, #2392, .F. ) ;
#1276 = VECTOR ( 'NONE', #3439, 1000.000000000000114 ) ;
#1277 = FACE_OUTER_BOUND ( 'NONE', #114, .T. ) ;
#1278 = SURFACE_STYLE_FILL_AREA ( #4140 ) ;
#1279 = DIRECTION ( 'NONE',  ( 0.000000000000000000, 1.000000000000000000, 0.000000000000000000 ) ) ;
#1280 =( NAMED_UNIT ( * ) PLANE_ANGLE_UNIT ( ) SI_UNIT ( $, .RADIAN. ) );
#1281 = EDGE_CURVE ( 'NONE', #3378, #5444, #5266, .T. ) ;
#1282 =( GEOMETRIC_REPRESENTATION_CONTEXT ( 3 ) GLOBAL_UNCERTAINTY_ASSIGNED_CONTEXT ( ( #6990 ) ) GLOBAL_UNIT_ASSIGNED_CONTEXT ( ( #5942, #2313, #6103 ) ) REPRESENTATION_CONTEXT ( 'NONE', 'WORKASPACE' ) );
#1283 = ORIENTED_EDGE ( 'NONE', *, *, #1581, .F. ) ;
#1284 = CARTESIAN_POINT ( 'NONE',  ( 5.206424362375529746, -1.077630734528302048, 5.206424362375529746 ) ) ;
#1285 = ORIENTED_EDGE ( 'NONE', *, *, #620, .F. ) ;
#1286 = LINE ( 'NONE', #5223, #5972 ) ;
#1287 = PRESENTATION_LAYER_ASSIGNMENT (  '', '', ( #383 ) ) ;
#1288 = MECHANICAL_DESIGN_GEOMETRIC_PRESENTATION_REPRESENTATION (  '', ( #4698 ), #172 ) ;
#1289 = PLANE ( 'NONE',  #1188 ) ;
#1290 = DIRECTION ( 'NONE',  ( 1.000000000000000000, 0.000000000000000000, 0.000000000000000000 ) ) ;
#1291 = AXIS2_PLACEMENT_3D ( 'NONE', #6470, #1613, #5922 ) ;
#1292 = VECTOR ( 'NONE', #4073, 1000.000000000000000 ) ;
#1293 = DIRECTION ( 'NONE',  ( -1.000000000000000000, 0.000000000000000000, 0.000000000000000000 ) ) ;
#1294 = DIRECTION ( 'NONE',  ( -0.000000000000000000, -1.000000000000000000, -0.000000000000000000 ) ) ;
#1295 =( LENGTH_UNIT ( ) NAMED_UNIT ( * ) SI_UNIT ( .MILLI., .METRE. ) );
#1296 = CARTESIAN_POINT ( 'NONE',  ( -6.032499999999999751, 4.039999999999999147, 5.524499999999999744 ) ) ;
#1297 = SURFACE_STYLE_USAGE ( .BOTH. , #6704 ) ;
#1298 =( GEOMETRIC_REPRESENTATION_CONTEXT ( 3 ) GLOBAL_UNCERTAINTY_ASSIGNED_CONTEXT ( ( #980 ) ) GLOBAL_UNIT_ASSIGNED_CONTEXT ( ( #6054, #2300, #612 ) ) REPRESENTATION_CONTEXT ( 'NONE', 'WORKASPACE' ) );
#1299 = CIRCLE ( 'NONE', #6274, 0.3810000000000002829 ) ;
#1300 = CARTESIAN_POINT ( 'NONE',  ( 6.386507856983209663, 3.581465918153455164, 4.317999999999999616 ) ) ;
#1301 = AXIS2_PLACEMENT_3D ( 'NONE', #2533, #5128, #2469 ) ;
#1302 = MECHANICAL_DESIGN_GEOMETRIC_PRESENTATION_REPRESENTATION (  '', ( #6844 ), #5045 ) ;
#1303 = ORIENTED_EDGE ( 'NONE', *, *, #772, .T. ) ;
#1304 = VERTEX_POINT ( 'NONE', #1015 ) ;
#1305 = EDGE_CURVE ( 'NONE', #4277, #5048, #6389, .T. ) ;
#1306 =( NAMED_UNIT ( * ) PLANE_ANGLE_UNIT ( ) SI_UNIT ( $, .RADIAN. ) );
#1307 = DIRECTION ( 'NONE',  ( 1.000000000000000000, 0.000000000000000000, 0.000000000000000000 ) ) ;
#1308 = LINE ( 'NONE', #4650, #6139 ) ;
#1309 = LINE ( 'NONE', #3506, #5310 ) ;
#1310 =( NAMED_UNIT ( * ) SI_UNIT ( $, .STERADIAN. ) SOLID_ANGLE_UNIT ( ) );
#1311 = PRESENTATION_STYLE_ASSIGNMENT (( #6722 ) ) ;
#1312 = STYLED_ITEM ( 'NONE', ( #5757 ), #6948 ) ;
#1313 = FILL_AREA_STYLE ('',( #6786 ) ) ;
#1314 = ORIENTED_EDGE ( 'NONE', *, *, #243, .T. ) ;
#1315 = ORIENTED_EDGE ( 'NONE', *, *, #5603, .F. ) ;
#1316 = STYLED_ITEM ( 'NONE', ( #3661 ), #1809 ) ;
#1317 = ADVANCED_FACE ( 'NONE', ( #4325 ), #5830, .T. ) ;
#1318 = DIRECTION ( 'NONE',  ( 0.000000000000000000, 1.000000000000000000, 0.000000000000000000 ) ) ;
#1319 = CARTESIAN_POINT ( 'NONE',  ( -7.764301528365829874, 0.3355819165141765148, -1.778000000000000025 ) ) ;
#1320 = PLANE ( 'NONE',  #3970 ) ;
#1321 = SURFACE_STYLE_FILL_AREA ( #2520 ) ;
#1322 = COLOUR_RGB ( '',0.6666666666666666297, 0.6980392156862744724, 0.7686274509803920907 ) ;
#1323 = VERTEX_POINT ( 'NONE', #3246 ) ;
#1324 = VERTEX_POINT ( 'NONE', #3804 ) ;
#1325 = ADVANCED_FACE ( 'NONE', ( #3737 ), #6482, .F. ) ;
#1326 = UNCERTAINTY_MEASURE_WITH_UNIT (LENGTH_MEASURE( 1.000000000000000082E-05 ), #4123, 'distance_accuracy_value', 'NONE');
#1327 =( LENGTH_UNIT ( ) NAMED_UNIT ( * ) SI_UNIT ( .MILLI., .METRE. ) );
#1328 = SURFACE_STYLE_USAGE ( .BOTH. , #2492 ) ;
#1329 = FILL_AREA_STYLE ('',( #6140 ) ) ;
#1330 = AXIS2_PLACEMENT_3D ( 'NONE', #6633, #1826, #6108 ) ;
#1331 = AXIS2_PLACEMENT_3D ( 'NONE', #375, #4673, #1333 ) ;
#1332 = DIRECTION ( 'NONE',  ( -1.000000000000000000, 0.000000000000000000, 0.000000000000000000 ) ) ;
#1333 = DIRECTION ( 'NONE',  ( -1.000000000000000000, 0.000000000000000000, 0.000000000000000000 ) ) ;
#1334 = DIRECTION ( 'NONE',  ( 1.000000000000000000, 0.000000000000000000, 0.000000000000000000 ) ) ;
#1335 = MECHANICAL_DESIGN_GEOMETRIC_PRESENTATION_REPRESENTATION (  '', ( #3067 ), #3307 ) ;
#1336 = STYLED_ITEM ( 'NONE', ( #5855 ), #2773 ) ;
#1337 = LINE ( 'NONE', #3536, #739 ) ;
#1338 = AXIS2_PLACEMENT_3D ( 'NONE', #6406, #3759, #1498 ) ;
#1339 = PRESENTATION_LAYER_ASSIGNMENT (  '', '', ( #4300 ) ) ;
#1340 = ORIENTED_EDGE ( 'NONE', *, *, #915, .T. ) ;
#1341 = EDGE_LOOP ( 'NONE', ( #6323, #254, #6393, #3168 ) ) ;
#1342 = DIRECTION ( 'NONE',  ( -0.000000000000000000, 1.000000000000000000, 0.000000000000000000 ) ) ;
#1343 = DIRECTION ( 'NONE',  ( 0.000000000000000000, 0.000000000000000000, -1.000000000000000000 ) ) ;
#1344 =( NAMED_UNIT ( * ) PLANE_ANGLE_UNIT ( ) SI_UNIT ( $, .RADIAN. ) );
#1345 = DIRECTION ( 'NONE',  ( 0.000000000000000000, 0.000000000000000000, -1.000000000000000000 ) ) ;
#1346 = PRESENTATION_LAYER_ASSIGNMENT (  '', '', ( #3423 ) ) ;
#1347 = PRESENTATION_LAYER_ASSIGNMENT (  '', '', ( #2172 ) ) ;
#1348 = CARTESIAN_POINT ( 'NONE',  ( -7.659338830835570100, 0.4213400374560394845, 3.301999999999999602 ) ) ;
#1349 = EDGE_CURVE ( 'NONE', #5662, #5218, #2142, .T. ) ;
#1350 = ORIENTED_EDGE ( 'NONE', *, *, #6841, .F. ) ;
#1351 = CARTESIAN_POINT ( 'NONE',  ( -9.090393670958150096, 1.102058738522372051E-15, -3.301999999999999602 ) ) ;
#1352 = ORIENTED_EDGE ( 'NONE', *, *, #3273, .F. ) ;
#1353 = CARTESIAN_POINT ( 'NONE',  ( -7.659338830835570100, 0.4213400374560394845, -3.301999999999999602 ) ) ;
#1354 =( LENGTH_UNIT ( ) NAMED_UNIT ( * ) SI_UNIT ( .MILLI., .METRE. ) );
#1355 = DIRECTION ( 'NONE',  ( -0.2588190451025215166, -0.9659258262890680902, 0.000000000000000000 ) ) ;
#1356 = CARTESIAN_POINT ( 'NONE',  ( -9.105900000000000105, 0.2535262387991554789, -1.778000000000000025 ) ) ;
#1357 = CARTESIAN_POINT ( 'NONE',  ( -5.778500000000000192, 3.581465918153455164, 4.317999999999999616 ) ) ;
#1358 = EDGE_CURVE ( 'NONE', #2810, #4827, #411, .T. ) ;
#1359 = ORIENTED_EDGE ( 'NONE', *, *, #4565, .F. ) ;
#1360 =( LENGTH_UNIT ( ) NAMED_UNIT ( * ) SI_UNIT ( .MILLI., .METRE. ) );
#1361 = EDGE_LOOP ( 'NONE', ( #3858, #6657, #2725, #3776 ) ) ;
#1362 = SURFACE_SIDE_STYLE ('',( #3556 ) ) ;
#1363 = LINE ( 'NONE', #6774, #1829 ) ;
#1364 = LINE ( 'NONE', #168, #4922 ) ;
#1365 = SURFACE_STYLE_USAGE ( .BOTH. , #4637 ) ;
#1366 = PLANE ( 'NONE',  #1179 ) ;
#1367 = ADVANCED_FACE ( 'NONE', ( #2101 ), #1400, .T. ) ;
#1368 = AXIS2_PLACEMENT_3D ( 'NONE', #2575, #5332, #3180 ) ;
#1369 = CYLINDRICAL_SURFACE ( 'NONE', #1330, 0.3699966097798256248 ) ;
#1370 = DIRECTION ( 'NONE',  ( 0.000000000000000000, 0.000000000000000000, -1.000000000000000000 ) ) ;
#1371 = PRESENTATION_STYLE_ASSIGNMENT (( #1410 ) ) ;
#1372 = VERTEX_POINT ( 'NONE', #6141 ) ;
#1373 = EDGE_LOOP ( 'NONE', ( #5985, #6620, #3404, #6165 ) ) ;
#1374 =( NAMED_UNIT ( * ) PLANE_ANGLE_UNIT ( ) SI_UNIT ( $, .RADIAN. ) );
#1375 =( LENGTH_UNIT ( ) NAMED_UNIT ( * ) SI_UNIT ( .MILLI., .METRE. ) );
#1376 = DIRECTION ( 'NONE',  ( 1.000000000000000000, 0.000000000000000000, 0.000000000000000000 ) ) ;
#1377 = DIRECTION ( 'NONE',  ( -1.000000000000000000, 0.000000000000000000, 0.000000000000000000 ) ) ;
#1378 = PRESENTATION_STYLE_ASSIGNMENT (( #387 ) ) ;
#1379 = STYLED_ITEM ( 'NONE', ( #2095 ), #155 ) ;
#1380 = VECTOR ( 'NONE', #4750, 1000.000000000000000 ) ;
#1381 = VERTEX_POINT ( 'NONE', #3025 ) ;
#1382 = LINE ( 'NONE', #5038, #538 ) ;
#1383 = ORIENTED_EDGE ( 'NONE', *, *, #2925, .F. ) ;
#1384 = DIRECTION ( 'NONE',  ( 1.000000000000000000, 0.000000000000000000, 0.000000000000000000 ) ) ;
#1385 = DIRECTION ( 'NONE',  ( 0.000000000000000000, 0.000000000000000000, -1.000000000000000000 ) ) ;
#1386 = CARTESIAN_POINT ( 'NONE',  ( -5.778500000000000192, 3.835465918153454723, -0.7620000000000000107 ) ) ;
#1387 = PLANE ( 'NONE',  #442 ) ;
#1388 =( GEOMETRIC_REPRESENTATION_CONTEXT ( 3 ) GLOBAL_UNCERTAINTY_ASSIGNED_CONTEXT ( ( #6560 ) ) GLOBAL_UNIT_ASSIGNED_CONTEXT ( ( #434, #506, #5920 ) ) REPRESENTATION_CONTEXT ( 'NONE', 'WORKASPACE' ) );
#1389 = STYLED_ITEM ( 'NONE', ( #2955 ), #417 ) ;
#1390 = ORIENTED_EDGE ( 'NONE', *, *, #4707, .T. ) ;
#1391 = CARTESIAN_POINT ( 'NONE',  ( 7.413993670958149984, 0.3556000000000000272, -4.317999999999999616 ) ) ;
#1392 = VERTEX_POINT ( 'NONE', #1923 ) ;
#1393 = UNCERTAINTY_MEASURE_WITH_UNIT (LENGTH_MEASURE( 1.000000000000000082E-05 ), #3521, 'distance_accuracy_value', 'NONE');
#1394 = SURFACE_SIDE_STYLE ('',( #2562 ) ) ;
#1395 = EDGE_CURVE ( 'NONE', #3166, #2788, #6733, .T. ) ;
#1396 = CARTESIAN_POINT ( 'NONE',  ( -7.413993670958149984, 0.3556000000000000272, -0.7620000000000000107 ) ) ;
#1397 = AXIS2_PLACEMENT_3D ( 'NONE', #5621, #5104, #858 ) ;
#1398 = MECHANICAL_DESIGN_GEOMETRIC_PRESENTATION_REPRESENTATION (  '', ( #4805 ), #5250 ) ;
#1399 = CARTESIAN_POINT ( 'NONE',  ( -5.778500000000000192, 3.581465918153455164, -3.301999999999999602 ) ) ;
#1400 = PLANE ( 'NONE',  #3607 ) ;
#1401 = CARTESIAN_POINT ( 'NONE',  ( -6.386507856983209663, 3.368886862718084796, -0.7620000000000000107 ) ) ;
#1402 = VECTOR ( 'NONE', #3908, 1000.000000000000000 ) ;
#1403 =( GEOMETRIC_REPRESENTATION_CONTEXT ( 3 ) GLOBAL_UNCERTAINTY_ASSIGNED_CONTEXT ( ( #5370 ) ) GLOBAL_UNIT_ASSIGNED_CONTEXT ( ( #5534, #5079, #1980 ) ) REPRESENTATION_CONTEXT ( 'NONE', 'WORKASPACE' ) );
#1404 = CARTESIAN_POINT ( 'NONE',  ( -9.105900000000000105, 0.2535262387991554789, -3.301999999999999602 ) ) ;
#1405 = ADVANCED_FACE ( 'NONE', ( #373 ), #877, .T. ) ;
#1406 = DIRECTION ( 'NONE',  ( -1.000000000000000000, 0.000000000000000000, 0.000000000000000000 ) ) ;
#1407 = CIRCLE ( 'NONE', #4817, 0.2125790554353725048 ) ;
#1408 = STYLED_ITEM ( 'NONE', ( #236 ), #6111 ) ;
#1409 = STYLED_ITEM ( 'NONE', ( #2267 ), #5506 ) ;
#1410 = SURFACE_STYLE_USAGE ( .BOTH. , #5613 ) ;
#1411 = VERTEX_POINT ( 'NONE', #6248 ) ;
#1412 = VERTEX_POINT ( 'NONE', #5227 ) ;
#1413 = CONICAL_SURFACE ( 'NONE', #5936, 1.523999999999999799, 0.1176284409856254293 ) ;
#1414 = EDGE_CURVE ( 'NONE', #1273, #1842, #3492, .T. ) ;
#1415 =( LENGTH_UNIT ( ) NAMED_UNIT ( * ) SI_UNIT ( .MILLI., .METRE. ) );
#1416 = LINE ( 'NONE', #2473, #4568 ) ;
#1417 = DIRECTION ( 'NONE',  ( 0.000000000000000000, 0.000000000000000000, 1.000000000000000000 ) ) ;
#1418 = PRESENTATION_STYLE_ASSIGNMENT (( #2476 ) ) ;
#1419 = DIRECTION ( 'NONE',  ( 0.000000000000000000, 0.000000000000000000, 1.000000000000000000 ) ) ;
#1420 = CARTESIAN_POINT ( 'NONE',  ( -5.524499999999999744, 4.039999999999999147, -6.032499999999999751 ) ) ;
#1421 = AXIS2_PLACEMENT_3D ( 'NONE', #2000, #4127, #1893 ) ;
#1422 = COLOUR_RGB ( '',0.6666666666666666297, 0.6980392156862744724, 0.7686274509803920907 ) ;
#1423 = ORIENTED_EDGE ( 'NONE', *, *, #1441, .T. ) ;
#1424 =( LENGTH_UNIT ( ) NAMED_UNIT ( * ) SI_UNIT ( .MILLI., .METRE. ) );
#1425 = ORIENTED_EDGE ( 'NONE', *, *, #1146, .F. ) ;
#1426 = LINE ( 'NONE', #3086, #4522 ) ;
#1427 = VECTOR ( 'NONE', #2423, 1000.000000000000114 ) ;
#1428 = SURFACE_SIDE_STYLE ('',( #330 ) ) ;
#1429 = FACE_BOUND ( 'NONE', #6490, .T. ) ;
#1430 = MECHANICAL_DESIGN_GEOMETRIC_PRESENTATION_REPRESENTATION (  '', ( #3155 ), #1548 ) ;
#1431 = DIRECTION ( 'NONE',  ( 0.000000000000000000, 0.000000000000000000, 1.000000000000000000 ) ) ;
#1432 = VECTOR ( 'NONE', #3319, 1000.000000000000000 ) ;
#1433 = VERTEX_POINT ( 'NONE', #3529 ) ;
#1434 = ORIENTED_EDGE ( 'NONE', *, *, #722, .F. ) ;
#1435 = DIRECTION ( 'NONE',  ( 0.000000000000000000, 0.000000000000000000, 1.000000000000000000 ) ) ;
#1436 = DIRECTION ( 'NONE',  ( -0.9659258262890680902, -0.2588190451025215166, 0.000000000000000000 ) ) ;
#1437 =( NAMED_UNIT ( * ) PLANE_ANGLE_UNIT ( ) SI_UNIT ( $, .RADIAN. ) );
#1438 = PLANE ( 'NONE',  #3139 ) ;
#1439 = CARTESIAN_POINT ( 'NONE',  ( -7.413993670958149984, 0.3556000000000000272, -1.778000000000000025 ) ) ;
#1440 = CIRCLE ( 'NONE', #6619, 0.1159966097798266205 ) ;
#1441 = EDGE_CURVE ( 'NONE', #5548, #316, #5122, .T. ) ;
#1442 = STYLED_ITEM ( 'NONE', ( #6437 ), #2258 ) ;
#1443 = DIRECTION ( 'NONE',  ( 0.000000000000000000, -1.000000000000000000, 0.000000000000000000 ) ) ;
#1444 =( LENGTH_UNIT ( ) NAMED_UNIT ( * ) SI_UNIT ( .MILLI., .METRE. ) );
#1445 =( NAMED_UNIT ( * ) PLANE_ANGLE_UNIT ( ) SI_UNIT ( $, .RADIAN. ) );
#1446 = VECTOR ( 'NONE', #5647, 1000.000000000000000 ) ;
#1447 = CARTESIAN_POINT ( 'NONE',  ( 5.778500000000000192, 3.835465918153454723, 1.778000000000000025 ) ) ;
#1448 = EDGE_CURVE ( 'NONE', #2832, #995, #4600, .T. ) ;
#1449 = VERTEX_POINT ( 'NONE', #4641 ) ;
#1451 = ORIENTED_EDGE ( 'NONE', *, *, #5476, .F. ) ;
#1450 = STYLED_ITEM ( 'NONE', ( #5544 ), #3519 ) ;
#1452 = CYLINDRICAL_SURFACE ( 'NONE', #5185, 0.1159966097798266205 ) ;
#1453 =( LENGTH_UNIT ( ) NAMED_UNIT ( * ) SI_UNIT ( .MILLI., .METRE. ) );
#1454 = FILL_AREA_STYLE_COLOUR ( '', #5827 ) ;
#1455 = LINE ( 'NONE', #5067, #2234 ) ;
#1456 = SURFACE_STYLE_FILL_AREA ( #4168 ) ;
#1457 = VECTOR ( 'NONE', #5456, 1000.000000000000000 ) ;
#1458 = EDGE_CURVE ( 'NONE', #6331, #4049, #3212, .T. ) ;
#1459 = ORIENTED_EDGE ( 'NONE', *, *, #5673, .F. ) ;
#1460 = FACE_OUTER_BOUND ( 'NONE', #1201, .T. ) ;
#1461 = ORIENTED_EDGE ( 'NONE', *, *, #3313, .F. ) ;
#1462 = LINE ( 'NONE', #1577, #723 ) ;
#1463 = VECTOR ( 'NONE', #5988, 1000.000000000000000 ) ;
#1464 = DIRECTION ( 'NONE',  ( 1.000000000000000000, 0.000000000000000000, 0.000000000000000000 ) ) ;
#1466 = PRESENTATION_LAYER_ASSIGNMENT (  '', '', ( #565 ) ) ;
#1465 = SURFACE_STYLE_USAGE ( .BOTH. , #5146 ) ;
#1467 =( LENGTH_UNIT ( ) NAMED_UNIT ( * ) SI_UNIT ( .MILLI., .METRE. ) );
#1468 = AXIS2_PLACEMENT_3D ( 'NONE', #2800, #3456, #1822 ) ;
#1469 = EDGE_LOOP ( 'NONE', ( #5902, #5741, #4553, #6641 ) ) ;
#1470 = LINE ( 'NONE', #1033, #2598 ) ;
#1471 = ORIENTED_EDGE ( 'NONE', *, *, #6658, .F. ) ;
#1472 = UNCERTAINTY_MEASURE_WITH_UNIT (LENGTH_MEASURE( 1.000000000000000082E-05 ), #5072, 'distance_accuracy_value', 'NONE');
#1473 = DIRECTION ( 'NONE',  ( 0.9981347984218675862, 0.06104853953484747076, 0.000000000000000000 ) ) ;
#1474 = FILL_AREA_STYLE ('',( #3059 ) ) ;
#1475 = PLANE ( 'NONE',  #6318 ) ;
#1476 = DIRECTION ( 'NONE',  ( 1.000000000000000000, 0.000000000000000000, 0.000000000000000000 ) ) ;
#1477 = CARTESIAN_POINT ( 'NONE',  ( -5.778500000000000192, -16.34406614034584848, 5.270500000000000185 ) ) ;
#1478 = LINE ( 'NONE', #3136, #6496 ) ;
#1479 = DIRECTION ( 'NONE',  ( 0.000000000000000000, 0.000000000000000000, 1.000000000000000000 ) ) ;
#1480 = DIRECTION ( 'NONE',  ( -0.9981347984218673641, -0.06104853953484981610, 0.000000000000000000 ) ) ;
#1481 = DIRECTION ( 'NONE',  ( -1.000000000000000000, 0.000000000000000000, 0.000000000000000000 ) ) ;
#1482 = ADVANCED_FACE ( 'NONE', ( #560 ), #2668, .T. ) ;
#1483 = CARTESIAN_POINT ( 'NONE',  ( -7.659338830835570100, 0.4213400374560394845, -0.7620000000000000107 ) ) ;
#1484 = VERTEX_POINT ( 'NONE', #453 ) ;
#1485 = ORIENTED_EDGE ( 'NONE', *, *, #2569, .F. ) ;
#1486 = CARTESIAN_POINT ( 'NONE',  ( -5.778500000000000192, 3.835465918153454723, -4.317999999999999616 ) ) ;
#1487 = DIRECTION ( 'NONE',  ( 0.000000000000000000, 0.000000000000000000, -1.000000000000000000 ) ) ;
#1488 = DIRECTION ( 'NONE',  ( 0.000000000000000000, 0.000000000000000000, -1.000000000000000000 ) ) ;
#1489 = EDGE_CURVE ( 'NONE', #5432, #1076, #6951, .T. ) ;
#1490 = SURFACE_STYLE_USAGE ( .BOTH. , #953 ) ;
#1491 = CARTESIAN_POINT ( 'NONE',  ( 5.524499999999999744, 4.039999999999999147, -5.524499999999999744 ) ) ;
#1492 = ORIENTED_EDGE ( 'NONE', *, *, #5828, .T. ) ;
#1493 = FILL_AREA_STYLE_COLOUR ( '', #2709 ) ;
#1494 = VERTEX_POINT ( 'NONE', #6878 ) ;
#1495 = FILL_AREA_STYLE ('',( #358 ) ) ;
#1496 = SURFACE_STYLE_FILL_AREA ( #4210 ) ;
#1497 =( LENGTH_UNIT ( ) NAMED_UNIT ( * ) SI_UNIT ( .MILLI., .METRE. ) );
#1498 = DIRECTION ( 'NONE',  ( 0.000000000000000000, 0.000000000000000000, -1.000000000000000000 ) ) ;
#1499 = EDGE_CURVE ( 'NONE', #1636, #4008, #3666, .T. ) ;
#1500 =( NAMED_UNIT ( * ) SI_UNIT ( $, .STERADIAN. ) SOLID_ANGLE_UNIT ( ) );
#1501 =( GEOMETRIC_REPRESENTATION_CONTEXT ( 3 ) GLOBAL_UNCERTAINTY_ASSIGNED_CONTEXT ( ( #4458 ) ) GLOBAL_UNIT_ASSIGNED_CONTEXT ( ( #4250, #404, #4871 ) ) REPRESENTATION_CONTEXT ( 'NONE', 'WORKASPACE' ) );
#1502 = COLOUR_RGB ( '',0.2509803921568627416, 0.2509803921568627416, 0.2509803921568627416 ) ;
#1503 = ORIENTED_EDGE ( 'NONE', *, *, #6375, .F. ) ;
#1504 = CARTESIAN_POINT ( 'NONE',  ( 6.386507856983209663, 3.581465918153455164, 4.317999999999999616 ) ) ;
#1505 = VERTEX_POINT ( 'NONE', #1557 ) ;
#1506 =( GEOMETRIC_REPRESENTATION_CONTEXT ( 3 ) GLOBAL_UNCERTAINTY_ASSIGNED_CONTEXT ( ( #402 ) ) GLOBAL_UNIT_ASSIGNED_CONTEXT ( ( #3419, #6096, #2822 ) ) REPRESENTATION_CONTEXT ( 'NONE', 'WORKASPACE' ) );
#1507 = DIRECTION ( 'NONE',  ( 0.000000000000000000, 0.000000000000000000, -1.000000000000000000 ) ) ;
#1508 = EDGE_CURVE ( 'NONE', #6363, #1261, #3162, .T. ) ;
#1509 = CARTESIAN_POINT ( 'NONE',  ( -6.386507856983209663, 3.368886862718084796, 1.778000000000000025 ) ) ;
#1510 = DIRECTION ( 'NONE',  ( 0.000000000000000000, 0.000000000000000000, -1.000000000000000000 ) ) ;
#1511 = PRESENTATION_LAYER_ASSIGNMENT (  '', '', ( #4356 ) ) ;
#1512 = STYLED_ITEM ( 'NONE', ( #6934 ), #4662 ) ;
#1513 = FILL_AREA_STYLE ('',( #2180 ) ) ;
#1514 = CARTESIAN_POINT ( 'NONE',  ( -7.764301528365829874, 0.3355819165141765148, -3.301999999999999602 ) ) ;
#1515 =( LENGTH_UNIT ( ) NAMED_UNIT ( * ) SI_UNIT ( .MILLI., .METRE. ) );
#1516 =( GEOMETRIC_REPRESENTATION_CONTEXT ( 3 ) GLOBAL_UNCERTAINTY_ASSIGNED_CONTEXT ( ( #3562 ) ) GLOBAL_UNIT_ASSIGNED_CONTEXT ( ( #3749, #6328, #3226 ) ) REPRESENTATION_CONTEXT ( 'NONE', 'WORKASPACE' ) );
#1517 = AXIS2_PLACEMENT_3D ( 'NONE', #4377, #5033, #4511 ) ;
#1518 = DIRECTION ( 'NONE',  ( 0.000000000000000000, -1.000000000000000000, 0.000000000000000000 ) ) ;
#1519 = SURFACE_STYLE_USAGE ( .BOTH. , #1018 ) ;
#1520 = DIRECTION ( 'NONE',  ( 0.000000000000000000, 0.000000000000000000, -1.000000000000000000 ) ) ;
#1521 = COLOUR_RGB ( '',0.6666666666666666297, 0.6980392156862744724, 0.7686274509803920907 ) ;
#1522 = PRESENTATION_LAYER_ASSIGNMENT (  '', '', ( #3362 ) ) ;
#1523 = ORIENTED_EDGE ( 'NONE', *, *, #230, .F. ) ;
#1524 = ORIENTED_EDGE ( 'NONE', *, *, #4438, .T. ) ;
#1525 =( NAMED_UNIT ( * ) SI_UNIT ( $, .STERADIAN. ) SOLID_ANGLE_UNIT ( ) );
#1526 = CARTESIAN_POINT ( 'NONE',  ( 6.386507856983209663, 3.835465918153454723, 1.778000000000000025 ) ) ;
#1527 = CLOSED_SHELL ( 'NONE', ( #2205, #361, #860, #3336, #544, #6664, #4163, #4457, #2211, #5915, #2717, #1405, #5815, #964 ) ) ;
#1529 = CYLINDRICAL_SURFACE ( 'NONE', #4035, 0.3699966097798256248 ) ;
#1528 = VECTOR ( 'NONE', #4638, 1000.000000000000000 ) ;
#1530 = STYLED_ITEM ( 'NONE', ( #1145 ), #5334 ) ;
#1531 = PRESENTATION_STYLE_ASSIGNMENT (( #2077 ) ) ;
#1532 = PRESENTATION_STYLE_ASSIGNMENT (( #3192 ) ) ;
#1533 = PRESENTATION_LAYER_ASSIGNMENT (  '', '', ( #4589 ) ) ;
#1534 = COLOUR_RGB ( '',0.6666666666666666297, 0.6980392156862744724, 0.7686274509803920907 ) ;
#1535 = ADVANCED_FACE ( 'NONE', ( #5829 ), #2065, .F. ) ;
#1536 = VECTOR ( 'NONE', #759, 1000.000000000000000 ) ;
#1537 = ORIENTED_EDGE ( 'NONE', *, *, #6061, .F. ) ;
#1538 =( NAMED_UNIT ( * ) SI_UNIT ( $, .STERADIAN. ) SOLID_ANGLE_UNIT ( ) );
#1539 = VERTEX_POINT ( 'NONE', #3175 ) ;
#1540 = FACE_OUTER_BOUND ( 'NONE', #2927, .T. ) ;
#1541 =( NAMED_UNIT ( * ) PLANE_ANGLE_UNIT ( ) SI_UNIT ( $, .RADIAN. ) );
#1542 = VECTOR ( 'NONE', #642, 1000.000000000000000 ) ;
#1543 = COLOUR_RGB ( '',0.6666666666666666297, 0.6980392156862744724, 0.7686274509803920907 ) ;
#1544 = CARTESIAN_POINT ( 'NONE',  ( 6.386507856983209663, 3.835465918153454723, 3.301999999999999602 ) ) ;
#1545 = EDGE_CURVE ( 'NONE', #494, #5132, #4775, .T. ) ;
#1546 = ORIENTED_EDGE ( 'NONE', *, *, #533, .T. ) ;
#1547 = VERTEX_POINT ( 'NONE', #1218 ) ;
#1548 =( GEOMETRIC_REPRESENTATION_CONTEXT ( 3 ) GLOBAL_UNCERTAINTY_ASSIGNED_CONTEXT ( ( #2902 ) ) GLOBAL_UNIT_ASSIGNED_CONTEXT ( ( #4093, #2528, #2498 ) ) REPRESENTATION_CONTEXT ( 'NONE', 'WORKASPACE' ) );
#1549 = UNCERTAINTY_MEASURE_WITH_UNIT (LENGTH_MEASURE( 1.000000000000000082E-05 ), #1652, 'distance_accuracy_value', 'NONE');
#1550 = FILL_AREA_STYLE_COLOUR ( '', #4516 ) ;
#1551 = SURFACE_SIDE_STYLE ('',( #2174 ) ) ;
#1552 = DIRECTION ( 'NONE',  ( 0.000000000000000000, 0.000000000000000000, 1.000000000000000000 ) ) ;
#1553 = SURFACE_STYLE_USAGE ( .BOTH. , #2596 ) ;
#1554 = DIRECTION ( 'NONE',  ( 0.000000000000000000, 1.000000000000000000, 0.000000000000000000 ) ) ;
#1555 =( GEOMETRIC_REPRESENTATION_CONTEXT ( 3 ) GLOBAL_UNCERTAINTY_ASSIGNED_CONTEXT ( ( #6134 ) ) GLOBAL_UNIT_ASSIGNED_CONTEXT ( ( #6030, #5431, #5535 ) ) REPRESENTATION_CONTEXT ( 'NONE', 'WORKASPACE' ) );
#1556 = EDGE_CURVE ( 'NONE', #6031, #3035, #6518, .T. ) ;
#1557 = CARTESIAN_POINT ( 'NONE',  ( -6.386507856983209663, 3.835465918153454723, 1.778000000000000025 ) ) ;
#1558 = SHAPE_DEFINITION_REPRESENTATION ( #5289, #5296 ) ;
#1559 = CARTESIAN_POINT ( 'NONE',  ( -7.413993670958149984, 0.3556000000000000272, -0.7620000000000000107 ) ) ;
#1560 = DIRECTION ( 'NONE',  ( 0.000000000000000000, 0.000000000000000000, 1.000000000000000000 ) ) ;
#1561 =( NAMED_UNIT ( * ) PLANE_ANGLE_UNIT ( ) SI_UNIT ( $, .RADIAN. ) );
#1562 = DIRECTION ( 'NONE',  ( 0.000000000000000000, 0.000000000000000000, -1.000000000000000000 ) ) ;
#1563 = VERTEX_POINT ( 'NONE', #2831 ) ;
#1564 = ORIENTED_EDGE ( 'NONE', *, *, #2803, .T. ) ;
#1565 = DIRECTION ( 'NONE',  ( 0.000000000000000000, 0.000000000000000000, -1.000000000000000000 ) ) ;
#1566 = CARTESIAN_POINT ( 'NONE',  ( 7.748795199323979865, 0.08205567771502250696, 1.778000000000000025 ) ) ;
#1567 = FILL_AREA_STYLE_COLOUR ( '', #6582 ) ;
#1568 = STYLED_ITEM ( 'NONE', ( #3563 ), #2430 ) ;
#1569 = CYLINDRICAL_SURFACE ( 'NONE', #6603, 0.4665790554353732578 ) ;
#1570 =( NAMED_UNIT ( * ) PLANE_ANGLE_UNIT ( ) SI_UNIT ( $, .RADIAN. ) );
#1571 = AXIS2_PLACEMENT_3D ( 'NONE', #3150, #6960, #5278 ) ;
#1572 = COLOUR_RGB ( '',0.2509803921568627416, 0.2509803921568627416, 0.2509803921568627416 ) ;
#1573 = ORIENTED_EDGE ( 'NONE', *, *, #2803, .F. ) ;
#1574 = CARTESIAN_POINT ( 'NONE',  ( 5.524499999999999744, 7.849999999999999645, -6.032499999999999751 ) ) ;
#1575 = VERTEX_POINT ( 'NONE', #663 ) ;
#1576 = CARTESIAN_POINT ( 'NONE',  ( 6.386507856983209663, 3.368886862718084796, -0.7620000000000000107 ) ) ;
#1577 = CARTESIAN_POINT ( 'NONE',  ( 5.778500000000000192, 3.835465918153454723, -4.317999999999999616 ) ) ;
#1578 = DIRECTION ( 'NONE',  ( 0.000000000000000000, 0.000000000000000000, -1.000000000000000000 ) ) ;
#1579 = SURFACE_STYLE_USAGE ( .BOTH. , #3270 ) ;
#1580 = PRESENTATION_LAYER_ASSIGNMENT (  '', '', ( #2165 ) ) ;
#1581 = EDGE_CURVE ( 'NONE', #2788, #3942, #3425, .T. ) ;
#1582 = DIRECTION ( 'NONE',  ( 0.000000000000000000, 0.000000000000000000, 1.000000000000000000 ) ) ;
#1583 = VERTEX_POINT ( 'NONE', #4423 ) ;
#1584 = LINE ( 'NONE', #1504, #196 ) ;
#1585 = PRESENTATION_LAYER_ASSIGNMENT (  '', '', ( #674 ) ) ;
#1586 = ORIENTED_EDGE ( 'NONE', *, *, #4802, .T. ) ;
#1587 = AXIS2_PLACEMENT_3D ( 'NONE', #5694, #1565, #6855 ) ;
#1588 =( LENGTH_UNIT ( ) NAMED_UNIT ( * ) SI_UNIT ( .MILLI., .METRE. ) );
#1589 = DIRECTION ( 'NONE',  ( 1.000000000000000000, 0.000000000000000000, 0.000000000000000000 ) ) ;
#1590 = SURFACE_STYLE_USAGE ( .BOTH. , #973 ) ;
#1591 = LINE ( 'NONE', #1038, #2837 ) ;
#1592 = CARTESIAN_POINT ( 'NONE',  ( -3.351481404339324843, 6.859999999999999432, 9.277156605822819202 ) ) ;
#1593 = EDGE_CURVE ( 'NONE', #190, #986, #3451, .T. ) ;
#1594 = MECHANICAL_DESIGN_GEOMETRIC_PRESENTATION_REPRESENTATION (  '', ( #104 ), #6650 ) ;
#1595 = COLOUR_RGB ( '',0.6666666666666666297, 0.6980392156862744724, 0.7686274509803920907 ) ;
#1596 = DIRECTION ( 'NONE',  ( 0.000000000000000000, 0.000000000000000000, -1.000000000000000000 ) ) ;
#1597 = SURFACE_STYLE_USAGE ( .BOTH. , #2102 ) ;
#1598 = EDGE_CURVE ( 'NONE', #4086, #2546, #4497, .T. ) ;
#1599 =( LENGTH_UNIT ( ) NAMED_UNIT ( * ) SI_UNIT ( .MILLI., .METRE. ) );
#1600 = ORIENTED_EDGE ( 'NONE', *, *, #4947, .F. ) ;
#1601 = PLANE ( 'NONE',  #6800 ) ;
#1602 = FILL_AREA_STYLE_COLOUR ( '', #6187 ) ;
#1603 = DIRECTION ( 'NONE',  ( 0.000000000000000000, 0.000000000000000000, -1.000000000000000000 ) ) ;
#1604 = SURFACE_STYLE_FILL_AREA ( #536 ) ;
#1605 = EDGE_CURVE ( 'NONE', #1842, #3642, #1705, .T. ) ;
#1606 = CARTESIAN_POINT ( 'NONE',  ( 6.386507856983209663, 3.581465918153455164, 0.7620000000000000107 ) ) ;
#1607 = ORIENTED_EDGE ( 'NONE', *, *, #4880, .T. ) ;
#1608 = ORIENTED_EDGE ( 'NONE', *, *, #4118, .T. ) ;
#1609 =( NAMED_UNIT ( * ) SI_UNIT ( $, .STERADIAN. ) SOLID_ANGLE_UNIT ( ) );
#1610 =( NAMED_UNIT ( * ) PLANE_ANGLE_UNIT ( ) SI_UNIT ( $, .RADIAN. ) );
#1611 = CARTESIAN_POINT ( 'NONE',  ( 6.386507856983209663, 3.368886862718084796, 3.301999999999999602 ) ) ;
#1612 = CYLINDRICAL_SURFACE ( 'NONE', #2681, 0.1159966097798266205 ) ;
#1613 = DIRECTION ( 'NONE',  ( 0.000000000000000000, 0.000000000000000000, 1.000000000000000000 ) ) ;
#1614 = VERTEX_POINT ( 'NONE', #163 ) ;
#1615 = DIRECTION ( 'NONE',  ( 0.000000000000000000, 0.000000000000000000, -1.000000000000000000 ) ) ;
#1616 = ORIENTED_EDGE ( 'NONE', *, *, #4501, .F. ) ;
#1617 = PLANE ( 'NONE',  #3896 ) ;
#1618 = LINE ( 'NONE', #5961, #6347 ) ;
#1619 = PLANE ( 'NONE',  #324 ) ;
#1620 =( NAMED_UNIT ( * ) PLANE_ANGLE_UNIT ( ) SI_UNIT ( $, .RADIAN. ) );
#1621 = VECTOR ( 'NONE', #3773, 1000.000000000000114 ) ;
#1622 = LINE ( 'NONE', #450, #1061 ) ;
#1623 = AXIS2_PLACEMENT_3D ( 'NONE', #1716, #133, #2289 ) ;
#1624 =( GEOMETRIC_REPRESENTATION_CONTEXT ( 3 ) GLOBAL_UNCERTAINTY_ASSIGNED_CONTEXT ( ( #6430 ) ) GLOBAL_UNIT_ASSIGNED_CONTEXT ( ( #5458, #619, #158 ) ) REPRESENTATION_CONTEXT ( 'NONE', 'WORKASPACE' ) );
#1625 = CARTESIAN_POINT ( 'NONE',  ( 7.771382951983880183, 0.4513621692343839920, -1.778000000000000025 ) ) ;
#1626 =( GEOMETRIC_REPRESENTATION_CONTEXT ( 3 ) GLOBAL_UNCERTAINTY_ASSIGNED_CONTEXT ( ( #1326 ) ) GLOBAL_UNIT_ASSIGNED_CONTEXT ( ( #4123, #910, #6812 ) ) REPRESENTATION_CONTEXT ( 'NONE', 'WORKASPACE' ) );
#1627 = SURFACE_STYLE_FILL_AREA ( #525 ) ;
#1628 = FILL_AREA_STYLE_COLOUR ( '', #2798 ) ;
#1629 = ADVANCED_FACE ( 'NONE', ( #3841 ), #1247, .F. ) ;
#1630 = DIRECTION ( 'NONE',  ( 1.000000000000000000, 0.000000000000000000, 0.000000000000000000 ) ) ;
#1631 = CIRCLE ( 'NONE', #4896, 0.5079999999999997851 ) ;
#1632 = AXIS2_PLACEMENT_3D ( 'NONE', #1203, #5987, #145 ) ;
#1633 = CIRCLE ( 'NONE', #6131, 0.9424814043393259233 ) ;
#1634 = VECTOR ( 'NONE', #4649, 1000.000000000000000 ) ;
#1635 = EDGE_CURVE ( 'NONE', #2742, #3581, #5965, .T. ) ;
#1636 = VERTEX_POINT ( 'NONE', #1119 ) ;
#1638 = UNCERTAINTY_MEASURE_WITH_UNIT (LENGTH_MEASURE( 1.000000000000000082E-05 ), #340, 'distance_accuracy_value', 'NONE');
#1637 = AXIS2_PLACEMENT_3D ( 'NONE', #6962, #1057, #3747 ) ;
#1639 = FACE_OUTER_BOUND ( 'NONE', #1034, .T. ) ;
#1640 = DIRECTION ( 'NONE',  ( 0.000000000000000000, -1.000000000000000000, 0.000000000000000000 ) ) ;
#1641 =( NAMED_UNIT ( * ) PLANE_ANGLE_UNIT ( ) SI_UNIT ( $, .RADIAN. ) );
#1642 = FILL_AREA_STYLE_COLOUR ( '', #5467 ) ;
#1643 = DIRECTION ( 'NONE',  ( 0.000000000000000000, 0.000000000000000000, -1.000000000000000000 ) ) ;
#1644 = PRESENTATION_LAYER_ASSIGNMENT (  '', '', ( #2103 ) ) ;
#1645 = VECTOR ( 'NONE', #5330, 1000.000000000000000 ) ;
#1646 =( LENGTH_UNIT ( ) NAMED_UNIT ( * ) SI_UNIT ( .MILLI., .METRE. ) );
#1647 = EDGE_CURVE ( 'NONE', #6919, #137, #3722, .T. ) ;
#1648 = ORIENTED_EDGE ( 'NONE', *, *, #3347, .T. ) ;
#1649 = FILL_AREA_STYLE ('',( #6012 ) ) ;
#1650 = ORIENTED_EDGE ( 'NONE', *, *, #1997, .T. ) ;
#1651 = MECHANICAL_DESIGN_GEOMETRIC_PRESENTATION_REPRESENTATION (  '', ( #3254 ), #5696 ) ;
#1652 =( LENGTH_UNIT ( ) NAMED_UNIT ( * ) SI_UNIT ( .MILLI., .METRE. ) );
#1653 = FILL_AREA_STYLE ('',( #6086 ) ) ;
#1654 = LINE ( 'NONE', #6572, #5462 ) ;
#1655 = PRESENTATION_STYLE_ASSIGNMENT (( #1105 ) ) ;
#1656 = SURFACE_STYLE_FILL_AREA ( #6408 ) ;
#1657 = COLOUR_RGB ( '',0.6666666666666666297, 0.6980392156862744724, 0.7686274509803920907 ) ;
#1658 = AXIS2_PLACEMENT_3D ( 'NONE', #6543, #5448, #2378 ) ;
#1659 = VECTOR ( 'NONE', #6593, 1000.000000000000000 ) ;
#1660 = ORIENTED_EDGE ( 'NONE', *, *, #1189, .F. ) ;
#1661 = DIRECTION ( 'NONE',  ( 1.000000000000000000, 0.000000000000000000, 0.000000000000000000 ) ) ;
#1662 = ORIENTED_EDGE ( 'NONE', *, *, #4414, .F. ) ;
#1663 = DIRECTION ( 'NONE',  ( -0.9981347984218675862, 0.06104853953484747076, 0.000000000000000000 ) ) ;
#1664 = CARTESIAN_POINT ( 'NONE',  ( 7.413993670958149984, 0.3556000000000000272, -3.301999999999999602 ) ) ;
#1665 = DIRECTION ( 'NONE',  ( 0.000000000000000000, 0.000000000000000000, -1.000000000000000000 ) ) ;
#1666 = DIRECTION ( 'NONE',  ( 0.000000000000000000, 0.000000000000000000, 1.000000000000000000 ) ) ;
#1667 = VECTOR ( 'NONE', #3261, 1000.000000000000227 ) ;
#1668 = STYLED_ITEM ( 'NONE', ( #1371 ), #6566 ) ;
#1669 = STYLED_ITEM ( 'NONE', ( #1717 ), #1269 ) ;
#1670 = FACE_OUTER_BOUND ( 'NONE', #3157, .T. ) ;
#1671 = ORIENTED_EDGE ( 'NONE', *, *, #2219, .F. ) ;
#1672 = DIRECTION ( 'NONE',  ( -1.000000000000000000, 0.000000000000000000, 0.000000000000000000 ) ) ;
#1673 = LINE ( 'NONE', #3428, #3061 ) ;
#1674 = STYLED_ITEM ( 'NONE', ( #5091 ), #6707 ) ;
#1675 = STYLED_ITEM ( 'NONE', ( #2141 ), #1482 ) ;
#1676 = DIRECTION ( 'NONE',  ( 0.000000000000000000, 0.000000000000000000, 1.000000000000000000 ) ) ;
#1677 = EDGE_CURVE ( 'NONE', #1392, #1143, #3941, .T. ) ;
#1678 =( GEOMETRIC_REPRESENTATION_CONTEXT ( 3 ) GLOBAL_UNCERTAINTY_ASSIGNED_CONTEXT ( ( #1393 ) ) GLOBAL_UNIT_ASSIGNED_CONTEXT ( ( #3521, #5636, #5713 ) ) REPRESENTATION_CONTEXT ( 'NONE', 'WORKASPACE' ) );
#1679 = VERTEX_POINT ( 'NONE', #4390 ) ;
#1680 = SURFACE_SIDE_STYLE ('',( #6959 ) ) ;
#1681 = SURFACE_SIDE_STYLE ('',( #639 ) ) ;
#1682 =( NAMED_UNIT ( * ) PLANE_ANGLE_UNIT ( ) SI_UNIT ( $, .RADIAN. ) );
#1683 = SURFACE_SIDE_STYLE ('',( #4471 ) ) ;
#1684 = AXIS2_PLACEMENT_3D ( 'NONE', #2696, #5887, #5326 ) ;
#1685 = EDGE_CURVE ( 'NONE', #3166, #4631, #6063, .T. ) ;
#1686 =( NAMED_UNIT ( * ) SI_UNIT ( $, .STERADIAN. ) SOLID_ANGLE_UNIT ( ) );
#1687 = ORIENTED_EDGE ( 'NONE', *, *, #187, .F. ) ;
#1688 = DIRECTION ( 'NONE',  ( 1.000000000000000000, 0.000000000000000000, 0.000000000000000000 ) ) ;
#1689 = ORIENTED_EDGE ( 'NONE', *, *, #3674, .F. ) ;
#1690 = VECTOR ( 'NONE', #4307, 1000.000000000000000 ) ;
#1691 = SURFACE_STYLE_FILL_AREA ( #6571 ) ;
#1692 =( NAMED_UNIT ( * ) SI_UNIT ( $, .STERADIAN. ) SOLID_ANGLE_UNIT ( ) );
#1693 = CARTESIAN_POINT ( 'NONE',  ( -7.413993670958149984, 0.3556000000000000272, 1.778000000000000025 ) ) ;
#1694 =( NAMED_UNIT ( * ) PLANE_ANGLE_UNIT ( ) SI_UNIT ( $, .RADIAN. ) );
#1695 = EDGE_CURVE ( 'NONE', #1381, #4277, #15, .T. ) ;
#1696 =( LENGTH_UNIT ( ) NAMED_UNIT ( * ) SI_UNIT ( .MILLI., .METRE. ) );
#1697 = VECTOR ( 'NONE', #201, 1000.000000000000000 ) ;
#1698 = ORIENTED_EDGE ( 'NONE', *, *, #165, .T. ) ;
#1699 = ORIENTED_EDGE ( 'NONE', *, *, #6105, .F. ) ;
#1700 = SURFACE_STYLE_USAGE ( .BOTH. , #82 ) ;
#1701 = STYLED_ITEM ( 'NONE', ( #2553 ), #3831 ) ;
#1702 = STYLED_ITEM ( 'NONE', ( #2939 ), #2731 ) ;
#1703 = DIRECTION ( 'NONE',  ( 0.000000000000000000, 0.000000000000000000, -1.000000000000000000 ) ) ;
#1704 = VECTOR ( 'NONE', #6652, 1000.000000000000000 ) ;
#1705 = LINE ( 'NONE', #6554, #1088 ) ;
#1706 = ORIENTED_EDGE ( 'NONE', *, *, #6530, .F. ) ;
#1707 = LINE ( 'NONE', #1815, #428 ) ;
#1708 = DIRECTION ( 'NONE',  ( 0.000000000000000000, 0.000000000000000000, -1.000000000000000000 ) ) ;
#1709 = VECTOR ( 'NONE', #2972, 1000.000000000000000 ) ;
#1710 = DIRECTION ( 'NONE',  ( -1.247827601593249791E-16, 0.000000000000000000, -1.000000000000000000 ) ) ;
#1711 = PLANE ( 'NONE',  #3980 ) ;
#1712 = UNCERTAINTY_MEASURE_WITH_UNIT (LENGTH_MEASURE( 1.000000000000000082E-05 ), #2421, 'distance_accuracy_value', 'NONE');
#1713 = SURFACE_SIDE_STYLE ('',( #4331 ) ) ;
#1714 = ADVANCED_FACE ( 'NONE', ( #1670 ), #624, .T. ) ;
#1715 =( NAMED_UNIT ( * ) PLANE_ANGLE_UNIT ( ) SI_UNIT ( $, .RADIAN. ) );
#1716 = CARTESIAN_POINT ( 'NONE',  ( 7.771382951983880183, 0.4513621692343839920, -0.7620000000000000107 ) ) ;
#1717 = PRESENTATION_STYLE_ASSIGNMENT (( #62 ) ) ;
#1718 = PRESENTATION_STYLE_ASSIGNMENT (( #5411 ) ) ;
#1719 = ORIENTED_EDGE ( 'NONE', *, *, #5859, .T. ) ;
#1720 = EDGE_LOOP ( 'NONE', ( #2953, #2521, #1350, #302 ) ) ;
#1721 = UNCERTAINTY_MEASURE_WITH_UNIT (LENGTH_MEASURE( 1.000000000000000082E-05 ), #3860, 'distance_accuracy_value', 'NONE');
#1722 = EDGE_CURVE ( 'NONE', #2417, #2002, #3014, .T. ) ;
#1723 = FILL_AREA_STYLE_COLOUR ( '', #798 ) ;
#1724 =( NAMED_UNIT ( * ) PLANE_ANGLE_UNIT ( ) SI_UNIT ( $, .RADIAN. ) );
#1725 =( NAMED_UNIT ( * ) PLANE_ANGLE_UNIT ( ) SI_UNIT ( $, .RADIAN. ) );
#1726 = CARTESIAN_POINT ( 'NONE',  ( 7.764301528365829874, 0.3355819165141765148, 3.301999999999999602 ) ) ;
#1727 =( NAMED_UNIT ( * ) PLANE_ANGLE_UNIT ( ) SI_UNIT ( $, .RADIAN. ) );
#1728 = ORIENTED_EDGE ( 'NONE', *, *, #6207, .T. ) ;
#1729 = LINE ( 'NONE', #6021, #1799 ) ;
#1730 = ORIENTED_EDGE ( 'NONE', *, *, #3937, .F. ) ;
#1731 = ADVANCED_FACE ( 'NONE', ( #6238 ), #335, .T. ) ;
#1732 = PRESENTATION_STYLE_ASSIGNMENT (( #4386 ) ) ;
#1733 = PRESENTATION_STYLE_ASSIGNMENT (( #6024 ) ) ;
#1734 = SURFACE_SIDE_STYLE ('',( #3874 ) ) ;
#1735 = EDGE_LOOP ( 'NONE', ( #3044, #6712, #6188, #4688 ) ) ;
#1736 = DIRECTION ( 'NONE',  ( 0.000000000000000000, 0.000000000000000000, -1.000000000000000000 ) ) ;
#1737 = ORIENTED_EDGE ( 'NONE', *, *, #1942, .F. ) ;
#1738 = EDGE_CURVE ( 'NONE', #1484, #4828, #3624, .T. ) ;
#1739 = LINE ( 'NONE', #2390, #4844 ) ;
#1740 = MECHANICAL_DESIGN_GEOMETRIC_PRESENTATION_REPRESENTATION (  '', ( #1965 ), #2422 ) ;
#1741 = SURFACE_SIDE_STYLE ('',( #589 ) ) ;
#1742 =( NAMED_UNIT ( * ) SI_UNIT ( $, .STERADIAN. ) SOLID_ANGLE_UNIT ( ) );
#1743 = VECTOR ( 'NONE', #4840, 1000.000000000000000 ) ;
#1744 = PRESENTATION_LAYER_ASSIGNMENT (  '', '', ( #1153 ) ) ;
#1745 = FILL_AREA_STYLE ('',( #2870 ) ) ;
#1746 = SURFACE_SIDE_STYLE ('',( #5018 ) ) ;
#1747 = CARTESIAN_POINT ( 'NONE',  ( 7.659338830835570100, 0.4213400374560394845, 3.301999999999999602 ) ) ;
#1748 = COLOUR_RGB ( '',0.6666666666666666297, 0.6980392156862744724, 0.7686274509803920907 ) ;
#1749 = PLANE ( 'NONE',  #5510 ) ;
#1750 = DIRECTION ( 'NONE',  ( 0.000000000000000000, 0.000000000000000000, 1.000000000000000000 ) ) ;
#1751 = SURFACE_STYLE_FILL_AREA ( #2740 ) ;
#1752 =( NAMED_UNIT ( * ) SI_UNIT ( $, .STERADIAN. ) SOLID_ANGLE_UNIT ( ) );
#1753 = MECHANICAL_DESIGN_GEOMETRIC_PRESENTATION_REPRESENTATION (  '', ( #1389 ), #6581 ) ;
#1754 = AXIS2_PLACEMENT_3D ( 'NONE', #6783, #4033, #2474 ) ;
#1755 = ORIENTED_EDGE ( 'NONE', *, *, #898, .F. ) ;
#1756 = VERTEX_POINT ( 'NONE', #4629 ) ;
#1757 = SURFACE_SIDE_STYLE ('',( #1691 ) ) ;
#1758 = CARTESIAN_POINT ( 'NONE',  ( 6.386507856983209663, 3.835465918153454723, -0.7620000000000000107 ) ) ;
#1759 =( LENGTH_UNIT ( ) NAMED_UNIT ( * ) SI_UNIT ( .MILLI., .METRE. ) );
#1760 = CARTESIAN_POINT ( 'NONE',  ( 6.386507856983209663, 3.835465918153454723, -0.7620000000000000107 ) ) ;
#1761 = SURFACE_SIDE_STYLE ('',( #2410 ) ) ;
#1762 = ADVANCED_FACE ( 'NONE', ( #4112 ), #1984, .F. ) ;
#1763 = AXIS2_PLACEMENT_3D ( 'NONE', #5200, #347, #278 ) ;
#1764 = MECHANICAL_DESIGN_GEOMETRIC_PRESENTATION_REPRESENTATION (  '', ( #3474 ), #4914 ) ;
#1765 = ORIENTED_EDGE ( 'NONE', *, *, #4395, .F. ) ;
#1766 = CARTESIAN_POINT ( 'NONE',  ( -6.386507856983209663, 3.835465918153454723, -3.301999999999999602 ) ) ;
#1767 = EDGE_LOOP ( 'NONE', ( #3004, #80, #5779, #5171 ) ) ;
#1768 =( NAMED_UNIT ( * ) PLANE_ANGLE_UNIT ( ) SI_UNIT ( $, .RADIAN. ) );
#1769 = LINE ( 'NONE', #5000, #5116 ) ;
#1770 = CARTESIAN_POINT ( 'NONE',  ( -6.386507856983209663, 3.581465918153455164, -3.301999999999999602 ) ) ;
#1771 = DIRECTION ( 'NONE',  ( 0.000000000000000000, 1.000000000000000000, 0.000000000000000000 ) ) ;
#1772 = PRESENTATION_LAYER_ASSIGNMENT (  '', '', ( #3819 ) ) ;
#1773 = EDGE_CURVE ( 'NONE', #2881, #1449, #1584, .T. ) ;
#1774 = ORIENTED_EDGE ( 'NONE', *, *, #4222, .T. ) ;
#1775 = SURFACE_SIDE_STYLE ('',( #2794 ) ) ;
#1776 = ORIENTED_EDGE ( 'NONE', *, *, #3079, .F. ) ;
#1777 = CIRCLE ( 'NONE', #2355, 0.3810000000000002829 ) ;
#1778 = UNCERTAINTY_MEASURE_WITH_UNIT (LENGTH_MEASURE( 1.000000000000000082E-05 ), #1375, 'distance_accuracy_value', 'NONE');
#1779 = CARTESIAN_POINT ( 'NONE',  ( 9.105900000000000105, 0.2535262387991554789, 4.317999999999999616 ) ) ;
#1780 = CARTESIAN_POINT ( 'NONE',  ( -7.771382951983880183, 0.4513621692343839920, -4.317999999999999616 ) ) ;
#1781 = CARTESIAN_POINT ( 'NONE',  ( 6.032499999999999751, 7.849999999999999645, 6.032499999999999751 ) ) ;
#1782 = CARTESIAN_POINT ( 'NONE',  ( -2.158999999999999808, 6.859999999999999432, 9.277156605822819202 ) ) ;
#1783 = PRESENTATION_LAYER_ASSIGNMENT (  '', '', ( #60 ) ) ;
#1784 = EDGE_CURVE ( 'NONE', #4736, #2340, #1470, .T. ) ;
#1785 =( NAMED_UNIT ( * ) SI_UNIT ( $, .STERADIAN. ) SOLID_ANGLE_UNIT ( ) );
#1786 = PLANE ( 'NONE',  #4494 ) ;
#1787 = UNCERTAINTY_MEASURE_WITH_UNIT (LENGTH_MEASURE( 1.000000000000000082E-05 ), #2653, 'distance_accuracy_value', 'NONE');
#1788 = AXIS2_PLACEMENT_3D ( 'NONE', #1192, #3431, #1332 ) ;
#1789 = MECHANICAL_DESIGN_GEOMETRIC_PRESENTATION_REPRESENTATION (  '', ( #298 ), #5721 ) ;
#1790 = PRESENTATION_STYLE_ASSIGNMENT (( #2912 ) ) ;
#1791 = LINE ( 'NONE', #2323, #3249 ) ;
#1792 = FACE_OUTER_BOUND ( 'NONE', #1148, .T. ) ;
#1793 = VECTOR ( 'NONE', #2208, 1000.000000000000000 ) ;
#1794 = VERTEX_POINT ( 'NONE', #6867 ) ;
#1795 = ORIENTED_EDGE ( 'NONE', *, *, #4778, .T. ) ;
#1796 = UNCERTAINTY_MEASURE_WITH_UNIT (LENGTH_MEASURE( 1.000000000000000082E-05 ), #3986, 'distance_accuracy_value', 'NONE');
#1797 = DIRECTION ( 'NONE',  ( 1.000000000000000000, 0.000000000000000000, 0.000000000000000000 ) ) ;
#1798 = CARTESIAN_POINT ( 'NONE',  ( 7.748795199323979865, 0.08205567771502250696, -0.7620000000000000107 ) ) ;
#1799 = VECTOR ( 'NONE', #1803, 1000.000000000000000 ) ;
#1800 = DIRECTION ( 'NONE',  ( 1.000000000000000000, 0.000000000000000000, 0.000000000000000000 ) ) ;
#1801 = DIRECTION ( 'NONE',  ( 0.000000000000000000, -1.000000000000000000, 0.000000000000000000 ) ) ;
#1802 = ORIENTED_EDGE ( 'NONE', *, *, #4251, .F. ) ;
#1803 = DIRECTION ( 'NONE',  ( 0.000000000000000000, -1.000000000000000000, 0.000000000000000000 ) ) ;
#1804 = ORIENTED_EDGE ( 'NONE', *, *, #6037, .F. ) ;
#1805 = LINE ( 'NONE', #728, #4087 ) ;
#1806 = CARTESIAN_POINT ( 'NONE',  ( -5.778500000000000192, 3.581465918153455164, 3.301999999999999602 ) ) ;
#1807 =( NAMED_UNIT ( * ) PLANE_ANGLE_UNIT ( ) SI_UNIT ( $, .RADIAN. ) );
#1808 = PRESENTATION_STYLE_ASSIGNMENT (( #941 ) ) ;
#1809 = ADVANCED_FACE ( 'NONE', ( #2090 ), #3167, .F. ) ;
#1810 = FACE_OUTER_BOUND ( 'NONE', #3013, .T. ) ;
#1811 = CIRCLE ( 'NONE', #549, 0.3699966097798265130 ) ;
#1812 = ORIENTED_EDGE ( 'NONE', *, *, #1870, .T. ) ;
#1813 = ORIENTED_EDGE ( 'NONE', *, *, #2680, .T. ) ;
#1814 =( GEOMETRIC_REPRESENTATION_CONTEXT ( 3 ) GLOBAL_UNCERTAINTY_ASSIGNED_CONTEXT ( ( #476 ) ) GLOBAL_UNIT_ASSIGNED_CONTEXT ( ( #6694, #4148, #6773 ) ) REPRESENTATION_CONTEXT ( 'NONE', 'WORKASPACE' ) );
#1815 = CARTESIAN_POINT ( 'NONE',  ( -5.206424362375529746, -1.077630734528302048, -5.587424362375529974 ) ) ;
#1816 = EDGE_CURVE ( 'NONE', #6651, #6500, #5281, .T. ) ;
#1817 =( NAMED_UNIT ( * ) PLANE_ANGLE_UNIT ( ) SI_UNIT ( $, .RADIAN. ) );
#1818 = SURFACE_SIDE_STYLE ('',( #3818 ) ) ;
#1819 = CARTESIAN_POINT ( 'NONE',  ( -7.413993670958149984, 0.3556000000000000272, 3.301999999999999602 ) ) ;
#1820 =( GEOMETRIC_REPRESENTATION_CONTEXT ( 3 ) GLOBAL_UNCERTAINTY_ASSIGNED_CONTEXT ( ( #3993 ) ) GLOBAL_UNIT_ASSIGNED_CONTEXT ( ( #5996, #3344, #3449 ) ) REPRESENTATION_CONTEXT ( 'NONE', 'WORKASPACE' ) );
#1821 = MECHANICAL_DESIGN_GEOMETRIC_PRESENTATION_REPRESENTATION (  '', ( #4300 ), #3527 ) ;
#1822 = DIRECTION ( 'NONE',  ( 1.000000000000000000, 0.000000000000000000, 0.000000000000000000 ) ) ;
#1823 = DIRECTION ( 'NONE',  ( 0.000000000000000000, 0.000000000000000000, -1.000000000000000000 ) ) ;
#1824 = VECTOR ( 'NONE', #6395, 1000.000000000000000 ) ;
#1825 = EDGE_CURVE ( 'NONE', #5668, #3552, #6442, .T. ) ;
#1826 = DIRECTION ( 'NONE',  ( 0.000000000000000000, 0.000000000000000000, -1.000000000000000000 ) ) ;
#1827 =( NAMED_UNIT ( * ) PLANE_ANGLE_UNIT ( ) SI_UNIT ( $, .RADIAN. ) );
#1828 =( LENGTH_UNIT ( ) NAMED_UNIT ( * ) SI_UNIT ( .MILLI., .METRE. ) );
#1829 = VECTOR ( 'NONE', #4634, 1000.000000000000227 ) ;
#1830 = VERTEX_POINT ( 'NONE', #6310 ) ;
#1831 = VERTEX_POINT ( 'NONE', #4179 ) ;
#1832 = DIRECTION ( 'NONE',  ( -1.000000000000000000, 0.000000000000000000, 0.000000000000000000 ) ) ;
#1833 =( NAMED_UNIT ( * ) SI_UNIT ( $, .STERADIAN. ) SOLID_ANGLE_UNIT ( ) );
#1834 = FACE_OUTER_BOUND ( 'NONE', #6537, .T. ) ;
#1835 = VERTEX_POINT ( 'NONE', #363 ) ;
#1836 = FACE_OUTER_BOUND ( 'NONE', #6886, .T. ) ;
#1837 = ORIENTED_EDGE ( 'NONE', *, *, #4155, .F. ) ;
#1838 = FILL_AREA_STYLE_COLOUR ( '', #5410 ) ;
#1839 = DIRECTION ( 'NONE',  ( 0.000000000000000000, 0.000000000000000000, -1.000000000000000000 ) ) ;
#1840 = CARTESIAN_POINT ( 'NONE',  ( -7.748795199323979865, 0.08205567771502250696, -1.778000000000000025 ) ) ;
#1841 = PRESENTATION_STYLE_ASSIGNMENT (( #3345 ) ) ;
#1842 = VERTEX_POINT ( 'NONE', #3124 ) ;
#1843 = VERTEX_POINT ( 'NONE', #6942 ) ;
#1844 = UNCERTAINTY_MEASURE_WITH_UNIT (LENGTH_MEASURE( 1.000000000000000082E-05 ), #1295, 'distance_accuracy_value', 'NONE');
#1845 = DIRECTION ( 'NONE',  ( 0.000000000000000000, 0.000000000000000000, -1.000000000000000000 ) ) ;
#1846 = SURFACE_STYLE_USAGE ( .BOTH. , #5674 ) ;
#1847 = CARTESIAN_POINT ( 'NONE',  ( -5.778500000000000192, 3.835465918153454723, 3.301999999999999602 ) ) ;
#1848 = EDGE_CURVE ( 'NONE', #1005, #38, #3239, .T. ) ;
#1849 = CARTESIAN_POINT ( 'NONE',  ( 6.386507856983209663, 3.581465918153455164, -0.7620000000000000107 ) ) ;
#1850 = UNCERTAINTY_MEASURE_WITH_UNIT (LENGTH_MEASURE( 1.000000000000000082E-05 ), #4166, 'distance_accuracy_value', 'NONE');
#1851 = FILL_AREA_STYLE_COLOUR ( '', #4735 ) ;
#1852 = PRESENTATION_STYLE_ASSIGNMENT (( #5192 ) ) ;
#1853 = COLOUR_RGB ( '',0.2509803921568627416, 0.2509803921568627416, 0.2509803921568627416 ) ;
#1854 = CARTESIAN_POINT ( 'NONE',  ( 5.206424362375529746, 0.3769999999999999463, 4.825424362375530407 ) ) ;
#1855 = CIRCLE ( 'NONE', #5785, 0.2125790554353725048 ) ;
#1856 = EDGE_CURVE ( 'NONE', #4086, #5966, #1095, .T. ) ;
#1857 = PRESENTATION_LAYER_ASSIGNMENT (  '', '', ( #830 ) ) ;
#1858 = ORIENTED_EDGE ( 'NONE', *, *, #2701, .T. ) ;
#1859 = PRESENTATION_LAYER_ASSIGNMENT (  '', '', ( #825 ) ) ;
#1860 = EDGE_LOOP ( 'NONE', ( #3437, #3156, #3719, #4678 ) ) ;
#1861 =( LENGTH_UNIT ( ) NAMED_UNIT ( * ) SI_UNIT ( .MILLI., .METRE. ) );
#1862 =( NAMED_UNIT ( * ) PLANE_ANGLE_UNIT ( ) SI_UNIT ( $, .RADIAN. ) );
#1863 = CARTESIAN_POINT ( 'NONE',  ( -6.386507856983209663, 3.368886862718084796, 3.301999999999999602 ) ) ;
#1864 = DIRECTION ( 'NONE',  ( -1.000000000000000000, 0.000000000000000000, 0.000000000000000000 ) ) ;
#1865 = DIRECTION ( 'NONE',  ( 0.000000000000000000, 0.000000000000000000, -1.000000000000000000 ) ) ;
#1866 = SURFACE_SIDE_STYLE ('',( #6821 ) ) ;
#1867 = COLOUR_RGB ( '',0.6666666666666666297, 0.6980392156862744724, 0.7686274509803920907 ) ;
#1868 = MECHANICAL_DESIGN_GEOMETRIC_PRESENTATION_REPRESENTATION (  '', ( #3352 ), #5238 ) ;
#1869 = SURFACE_SIDE_STYLE ('',( #1139 ) ) ;
#1870 = EDGE_CURVE ( 'NONE', #2340, #6101, #5292, .T. ) ;
#1871 = VERTEX_POINT ( 'NONE', #5925 ) ;
#1872 = ORIENTED_EDGE ( 'NONE', *, *, #3976, .T. ) ;
#1873 = MECHANICAL_DESIGN_GEOMETRIC_PRESENTATION_REPRESENTATION (  '', ( #6143 ), #270 ) ;
#1874 = MECHANICAL_DESIGN_GEOMETRIC_PRESENTATION_REPRESENTATION (  '', ( #6361 ), #6697 ) ;
#1875 = DIRECTION ( 'NONE',  ( 0.000000000000000000, 1.000000000000000000, 0.000000000000000000 ) ) ;
#1876 = CARTESIAN_POINT ( 'NONE',  ( 7.771382951983880183, 0.4513621692343839920, -3.301999999999999602 ) ) ;
#1877 = PRESENTATION_LAYER_ASSIGNMENT (  '', '', ( #5129 ) ) ;
#1878 = COLOUR_RGB ( '',0.6666666666666666297, 0.6980392156862744724, 0.7686274509803920907 ) ;
#1879 = ORIENTED_EDGE ( 'NONE', *, *, #3386, .T. ) ;
#1880 = FILL_AREA_STYLE_COLOUR ( '', #5726 ) ;
#1881 = ORIENTED_EDGE ( 'NONE', *, *, #1489, .F. ) ;
#1882 = PRESENTATION_LAYER_ASSIGNMENT (  '', '', ( #3137 ) ) ;
#1883 = PRESENTATION_LAYER_ASSIGNMENT (  '', '', ( #505 ) ) ;
#1884 =( NAMED_UNIT ( * ) PLANE_ANGLE_UNIT ( ) SI_UNIT ( $, .RADIAN. ) );
#1885 = STYLED_ITEM ( 'NONE', ( #4379 ), #5554 ) ;
#1886 = COLOUR_RGB ( '',0.6666666666666666297, 0.6980392156862744724, 0.7686274509803920907 ) ;
#1887 = DIRECTION ( 'NONE',  ( 0.000000000000000000, 0.000000000000000000, 1.000000000000000000 ) ) ;
#1888 = DIRECTION ( 'NONE',  ( 0.000000000000000000, 0.000000000000000000, -1.000000000000000000 ) ) ;
#1889 = CARTESIAN_POINT ( 'NONE',  ( 6.386507856983209663, 3.368886862718084796, 0.7620000000000000107 ) ) ;
#1890 = CIRCLE ( 'NONE', #289, 0.5079999999999997851 ) ;
#1891 = EDGE_CURVE ( 'NONE', #5048, #616, #441, .T. ) ;
#1892 = DIRECTION ( 'NONE',  ( -1.000000000000000000, 0.000000000000000000, 0.000000000000000000 ) ) ;
#1893 = DIRECTION ( 'NONE',  ( 1.000000000000000000, 0.000000000000000000, -0.000000000000000000 ) ) ;
#1894 = STYLED_ITEM ( 'NONE', ( #5833 ), #6626 ) ;
#1895 = AXIS2_PLACEMENT_3D ( 'NONE', #5894, #4255, #2209 ) ;
#1896 = EDGE_LOOP ( 'NONE', ( #6853, #6013, #4028, #6057 ) ) ;
#1897 = ORIENTED_EDGE ( 'NONE', *, *, #722, .T. ) ;
#1898 = CARTESIAN_POINT ( 'NONE',  ( 5.206424362375529746, 0.3769999999999999463, 5.587424362375529974 ) ) ;
#1899 =( NAMED_UNIT ( * ) PLANE_ANGLE_UNIT ( ) SI_UNIT ( $, .RADIAN. ) );
#1900 = CARTESIAN_POINT ( 'NONE',  ( -5.270500000000000185, 4.039999999999998259, -5.270500000000000185 ) ) ;
#1901 = EDGE_CURVE ( 'NONE', #6237, #1539, #4768, .T. ) ;
#1902 = CARTESIAN_POINT ( 'NONE',  ( 6.386507856983209663, 3.835465918153454723, 3.301999999999999602 ) ) ;
#1903 =( GEOMETRIC_REPRESENTATION_CONTEXT ( 3 ) GLOBAL_UNCERTAINTY_ASSIGNED_CONTEXT ( ( #5433 ) ) GLOBAL_UNIT_ASSIGNED_CONTEXT ( ( #3457, #6179, #4465 ) ) REPRESENTATION_CONTEXT ( 'NONE', 'WORKASPACE' ) );
#1904 = DIRECTION ( 'NONE',  ( 0.000000000000000000, 0.000000000000000000, 1.000000000000000000 ) ) ;
#1905 = ORIENTED_EDGE ( 'NONE', *, *, #3802, .T. ) ;
#1906 = SURFACE_STYLE_USAGE ( .BOTH. , #3580 ) ;
#1907 = VERTEX_POINT ( 'NONE', #2819 ) ;
#1908 = CARTESIAN_POINT ( 'NONE',  ( 7.659338830835570100, 0.4213400374560394845, 3.301999999999999602 ) ) ;
#1909 = CARTESIAN_POINT ( 'NONE',  ( 7.764301528365829874, 0.3355819165141765148, -0.7620000000000000107 ) ) ;
#1910 = LINE ( 'NONE', #2963, #3901 ) ;
#1911 = ADVANCED_FACE ( 'NONE', ( #3893 ), #580, .F. ) ;
#1912 = DIRECTION ( 'NONE',  ( -0.000000000000000000, -1.000000000000000000, -0.000000000000000000 ) ) ;
#1913 = MECHANICAL_DESIGN_GEOMETRIC_PRESENTATION_REPRESENTATION (  '', ( #202 ), #6744 ) ;
#1914 = VERTEX_POINT ( 'NONE', #5423 ) ;
#1915 = SURFACE_STYLE_FILL_AREA ( #4146 ) ;
#1916 = ORIENTED_EDGE ( 'NONE', *, *, #5131, .T. ) ;
#1917 = UNCERTAINTY_MEASURE_WITH_UNIT (LENGTH_MEASURE( 1.000000000000000082E-05 ), #6383, 'distance_accuracy_value', 'NONE');
#1918 = LINE ( 'NONE', #4089, #4863 ) ;
#1919 = VECTOR ( 'NONE', #5306, 1000.000000000000000 ) ;
#1920 = LINE ( 'NONE', #3630, #4467 ) ;
#1921 = CARTESIAN_POINT ( 'NONE',  ( -9.090393670958150096, 1.102058738522372051E-15, 4.317999999999999616 ) ) ;
#1922 = VECTOR ( 'NONE', #5339, 1000.000000000000000 ) ;
#1923 = CARTESIAN_POINT ( 'NONE',  ( 7.764301528365829874, 0.3355819165141765148, -4.317999999999999616 ) ) ;
#1924 = FACE_OUTER_BOUND ( 'NONE', #6588, .T. ) ;
#1925 = UNCERTAINTY_MEASURE_WITH_UNIT (LENGTH_MEASURE( 1.000000000000000082E-05 ), #2702, 'distance_accuracy_value', 'NONE');
#1926 =( LENGTH_UNIT ( ) NAMED_UNIT ( * ) SI_UNIT ( .MILLI., .METRE. ) );
#1927 = SURFACE_STYLE_USAGE ( .BOTH. , #6992 ) ;
#1928 = CARTESIAN_POINT ( 'NONE',  ( -5.206424362375529746, -1.077630734528302048, -4.825424362375530407 ) ) ;
#1929 = MECHANICAL_DESIGN_GEOMETRIC_PRESENTATION_REPRESENTATION (  '', ( #2165 ), #2394 ) ;
#1930 = VECTOR ( 'NONE', #1974, 1000.000000000000000 ) ;
#1931 =( NAMED_UNIT ( * ) PLANE_ANGLE_UNIT ( ) SI_UNIT ( $, .RADIAN. ) );
#1932 = CARTESIAN_POINT ( 'NONE',  ( -9.105900000000000105, 0.2535262387991554789, -4.317999999999999616 ) ) ;
#1933 = VECTOR ( 'NONE', #2784, 1000.000000000000000 ) ;
#1934 = EDGE_CURVE ( 'NONE', #514, #1412, #6579, .T. ) ;
#1935 = EDGE_LOOP ( 'NONE', ( #1524, #540, #5626, #2382, #1650, #2609, #1916, #2488 ) ) ;
#1936 = EDGE_LOOP ( 'NONE', ( #6263, #2727, #4047, #4275 ) ) ;
#1937 =( NAMED_UNIT ( * ) SI_UNIT ( $, .STERADIAN. ) SOLID_ANGLE_UNIT ( ) );
#1938 = CARTESIAN_POINT ( 'NONE',  ( -6.386507856983209663, 3.835465918153454723, 3.301999999999999602 ) ) ;
#1939 = PLANE ( 'NONE',  #2667 ) ;
#1940 = FILL_AREA_STYLE_COLOUR ( '', #6423 ) ;
#1941 = MECHANICAL_DESIGN_GEOMETRIC_PRESENTATION_REPRESENTATION (  '', ( #567 ), #899 ) ;
#1942 = EDGE_CURVE ( 'NONE', #140, #2380, #2752, .T. ) ;
#1943 = ORIENTED_EDGE ( 'NONE', *, *, #3976, .F. ) ;
#1944 = SURFACE_STYLE_FILL_AREA ( #189 ) ;
#1945 = ORIENTED_EDGE ( 'NONE', *, *, #342, .T. ) ;
#1946 = LINE ( 'NONE', #5182, #4957 ) ;
#1947 =( NAMED_UNIT ( * ) SI_UNIT ( $, .STERADIAN. ) SOLID_ANGLE_UNIT ( ) );
#1948 = SURFACE_STYLE_FILL_AREA ( #3010 ) ;
#1949 = EDGE_CURVE ( 'NONE', #4557, #2417, #6509, .T. ) ;
#1950 = ORIENTED_EDGE ( 'NONE', *, *, #3811, .F. ) ;
#1951 = ORIENTED_EDGE ( 'NONE', *, *, #5036, .T. ) ;
#1952 = CARTESIAN_POINT ( 'NONE',  ( 6.386507856983209663, 3.368886862718084796, -4.317999999999999616 ) ) ;
#1953 =( NAMED_UNIT ( * ) SI_UNIT ( $, .STERADIAN. ) SOLID_ANGLE_UNIT ( ) );
#1954 = FACE_OUTER_BOUND ( 'NONE', #5993, .T. ) ;
#1955 = EDGE_CURVE ( 'NONE', #3113, #1583, #5392, .T. ) ;
#1956 = SURFACE_STYLE_FILL_AREA ( #2570 ) ;
#1957 =( NAMED_UNIT ( * ) PLANE_ANGLE_UNIT ( ) SI_UNIT ( $, .RADIAN. ) );
#1958 = DIRECTION ( 'NONE',  ( -1.000000000000000000, 0.000000000000000000, 0.000000000000000000 ) ) ;
#1959 = PRESENTATION_STYLE_ASSIGNMENT (( #1297 ) ) ;
#1960 = CARTESIAN_POINT ( 'NONE',  ( -5.778500000000000192, 3.581465918153455164, 1.778000000000000025 ) ) ;
#1961 = ORIENTED_EDGE ( 'NONE', *, *, #1825, .T. ) ;
#1962 = VERTEX_POINT ( 'NONE', #1766 ) ;
#1963 = SURFACE_STYLE_USAGE ( .BOTH. , #2954 ) ;
#1964 = DIRECTION ( 'NONE',  ( 0.000000000000000000, 0.000000000000000000, 1.000000000000000000 ) ) ;
#1965 = STYLED_ITEM ( 'NONE', ( #1056 ), #578 ) ;
#1966 = LINE ( 'NONE', #5656, #4908 ) ;
#1967 = CARTESIAN_POINT ( 'NONE',  ( 9.105900000000000105, 0.2535262387991554789, -4.317999999999999616 ) ) ;
#1968 = FILL_AREA_STYLE_COLOUR ( '', #6379 ) ;
#1969 =( NAMED_UNIT ( * ) PLANE_ANGLE_UNIT ( ) SI_UNIT ( $, .RADIAN. ) );
#1970 = STYLED_ITEM ( 'NONE', ( #4666 ), #94 ) ;
#1971 = AXIS2_PLACEMENT_3D ( 'NONE', #1213, #3480, #2345 ) ;
#1972 = ORIENTED_EDGE ( 'NONE', *, *, #5955, .F. ) ;
#1973 = ORIENTED_EDGE ( 'NONE', *, *, #4493, .T. ) ;
#1974 = DIRECTION ( 'NONE',  ( 0.000000000000000000, 1.000000000000000000, 0.000000000000000000 ) ) ;
#1975 = DIRECTION ( 'NONE',  ( 0.000000000000000000, 0.000000000000000000, -1.000000000000000000 ) ) ;
#1976 = COLOUR_RGB ( '',0.2509803921568627416, 0.2509803921568627416, 0.2509803921568627416 ) ;
#1977 = FACE_OUTER_BOUND ( 'NONE', #967, .T. ) ;
#1978 = SURFACE_SIDE_STYLE ('',( #5746 ) ) ;
#1979 = STYLED_ITEM ( 'NONE', ( #3622 ), #4635 ) ;
#1980 =( NAMED_UNIT ( * ) SI_UNIT ( $, .STERADIAN. ) SOLID_ANGLE_UNIT ( ) );
#1981 = EDGE_CURVE ( 'NONE', #5567, #3552, #39, .T. ) ;
#1982 = MECHANICAL_DESIGN_GEOMETRIC_PRESENTATION_REPRESENTATION (  '', ( #2879 ), #1053 ) ;
#1983 = EDGE_LOOP ( 'NONE', ( #3146, #2281, #852, #2650 ) ) ;
#1984 = CYLINDRICAL_SURFACE ( 'NONE', #1684, 0.2125790554353725048 ) ;
#1985 = ORIENTED_EDGE ( 'NONE', *, *, #2468, .F. ) ;
#1986 = UNCERTAINTY_MEASURE_WITH_UNIT (LENGTH_MEASURE( 1.000000000000000082E-05 ), #1424, 'distance_accuracy_value', 'NONE');
#1987 = LINE ( 'NONE', #903, #788 ) ;
#1988 = CARTESIAN_POINT ( 'NONE',  ( 9.105900000000000105, 0.2535262387991554789, 0.7620000000000000107 ) ) ;
#1989 = CARTESIAN_POINT ( 'NONE',  ( -5.778500000000000192, 3.835465918153454723, 0.7620000000000000107 ) ) ;
#1990 = COLOUR_RGB ( '',0.6666666666666666297, 0.6980392156862744724, 0.7686274509803920907 ) ;
#1991 = EDGE_CURVE ( 'NONE', #5691, #765, #2025, .T. ) ;
#1992 = MECHANICAL_DESIGN_GEOMETRIC_PRESENTATION_REPRESENTATION (  '', ( #5020 ), #1282 ) ;
#1993 = SURFACE_SIDE_STYLE ('',( #4121 ) ) ;
#1994 = CARTESIAN_POINT ( 'NONE',  ( -6.386507856983209663, 3.835465918153454723, 4.317999999999999616 ) ) ;
#1995 = DIRECTION ( 'NONE',  ( -1.000000000000000000, 0.000000000000000000, 0.000000000000000000 ) ) ;
#1996 = SURFACE_SIDE_STYLE ('',( #6954 ) ) ;
#1997 = EDGE_CURVE ( 'NONE', #5452, #1794, #5528, .T. ) ;
#1998 = CYLINDRICAL_SURFACE ( 'NONE', #4362, 0.2125790554353725048 ) ;
#1999 = AXIS2_PLACEMENT_3D ( 'NONE', #6369, #3062, #1582 ) ;
#2000 = CARTESIAN_POINT ( 'NONE',  ( 5.524499999999999744, 4.319999999999999396, 6.032499999999999751 ) ) ;
#2001 = VERTEX_POINT ( 'NONE', #2855 ) ;
#2002 = VERTEX_POINT ( 'NONE', #3276 ) ;
#2003 = DIRECTION ( 'NONE',  ( 0.000000000000000000, 0.000000000000000000, -1.000000000000000000 ) ) ;
#2004 = DIRECTION ( 'NONE',  ( -1.000000000000000000, 0.000000000000000000, 0.000000000000000000 ) ) ;
#2005 = CARTESIAN_POINT ( 'NONE',  ( -7.771382951983880183, 0.4513621692343839920, 0.7620000000000000107 ) ) ;
#2006 = COLOUR_RGB ( '',0.2509803921568627416, 0.2509803921568627416, 0.2509803921568627416 ) ;
#2007 = PRESENTATION_LAYER_ASSIGNMENT (  '', '', ( #4051 ) ) ;
#2008 = ORIENTED_EDGE ( 'NONE', *, *, #7, .T. ) ;
#2009 = PLANE ( 'NONE',  #543 ) ;
#2010 = ORIENTED_EDGE ( 'NONE', *, *, #562, .T. ) ;
#2011 = LINE ( 'NONE', #6334, #6080 ) ;
#2012 = DIRECTION ( 'NONE',  ( 0.000000000000000000, 1.000000000000000000, 0.000000000000000000 ) ) ;
#2013 = DIRECTION ( 'NONE',  ( 0.000000000000000000, 0.000000000000000000, -1.000000000000000000 ) ) ;
#2014 = FACE_OUTER_BOUND ( 'NONE', #4767, .T. ) ;
#2015 = CARTESIAN_POINT ( 'NONE',  ( 5.270500000000000185, 4.039999999999998259, -5.778500000000000192 ) ) ;
#2016 = ORIENTED_EDGE ( 'NONE', *, *, #1856, .F. ) ;
#2017 = CARTESIAN_POINT ( 'NONE',  ( -9.105900000000000105, 0.2535262387991554789, 4.317999999999999616 ) ) ;
#2018 = ORIENTED_EDGE ( 'NONE', *, *, #1011, .T. ) ;
#2019 = EDGE_CURVE ( 'NONE', #137, #3036, #152, .T. ) ;
#2020 = PLANE ( 'NONE',  #6308 ) ;
#2021 = CARTESIAN_POINT ( 'NONE',  ( 7.413993670958149984, 0.3556000000000000272, 1.778000000000000025 ) ) ;
#2022 = DIRECTION ( 'NONE',  ( 0.000000000000000000, -1.000000000000000000, 0.000000000000000000 ) ) ;
#2023 = LINE ( 'NONE', #1396, #5026 ) ;
#2024 = SURFACE_SIDE_STYLE ('',( #5120 ) ) ;
#2025 = CIRCLE ( 'NONE', #414, 0.2125790554353725048 ) ;
#2026 = DIRECTION ( 'NONE',  ( 0.06104853953484747076, -0.9981347984218675862, 0.000000000000000000 ) ) ;
#2027 =( GEOMETRIC_REPRESENTATION_CONTEXT ( 3 ) GLOBAL_UNCERTAINTY_ASSIGNED_CONTEXT ( ( #1472 ) ) GLOBAL_UNIT_ASSIGNED_CONTEXT ( ( #5072, #5143, #4552 ) ) REPRESENTATION_CONTEXT ( 'NONE', 'WORKASPACE' ) );
#2028 = EDGE_CURVE ( 'NONE', #3974, #6363, #4487, .T. ) ;
#2029 = LINE ( 'NONE', #1404, #3738 ) ;
#2030 = PRESENTATION_STYLE_ASSIGNMENT (( #4674 ) ) ;
#2031 = SURFACE_STYLE_USAGE ( .BOTH. , #489 ) ;
#2032 =( GEOMETRIC_REPRESENTATION_CONTEXT ( 3 ) GLOBAL_UNCERTAINTY_ASSIGNED_CONTEXT ( ( #6014 ) ) GLOBAL_UNIT_ASSIGNED_CONTEXT ( ( #1926, #5680, #4095 ) ) REPRESENTATION_CONTEXT ( 'NONE', 'WORKASPACE' ) );
#2033 = EDGE_CURVE ( 'NONE', #1372, #232, #1729, .T. ) ;
#2034 = ORIENTED_EDGE ( 'NONE', *, *, #1305, .T. ) ;
#2036 = VERTEX_POINT ( 'NONE', #6511 ) ;
#2035 =( GEOMETRIC_REPRESENTATION_CONTEXT ( 3 ) GLOBAL_UNCERTAINTY_ASSIGNED_CONTEXT ( ( #4478 ) ) GLOBAL_UNIT_ASSIGNED_CONTEXT ( ( #423, #2038, #4269 ) ) REPRESENTATION_CONTEXT ( 'NONE', 'WORKASPACE' ) );
#2037 = STYLED_ITEM ( 'NONE', ( #4978 ), #2691 ) ;
#2038 =( NAMED_UNIT ( * ) PLANE_ANGLE_UNIT ( ) SI_UNIT ( $, .RADIAN. ) );
#2039 = LINE ( 'NONE', #3076, #6346 ) ;
#2040 = DIRECTION ( 'NONE',  ( 1.000000000000000000, 0.000000000000000000, 0.000000000000000000 ) ) ;
#2041 = LINE ( 'NONE', #2647, #2242 ) ;
#2042 = PLANE ( 'NONE',  #6026 ) ;
#2043 = PRESENTATION_STYLE_ASSIGNMENT (( #6859 ) ) ;
#2044 = STYLED_ITEM ( 'NONE', ( #4556 ), #3822 ) ;
#2045 =( GEOMETRIC_REPRESENTATION_CONTEXT ( 3 ) GLOBAL_UNCERTAINTY_ASSIGNED_CONTEXT ( ( #2780 ) ) GLOBAL_UNIT_ASSIGNED_CONTEXT ( ( #3159, #432, #5321 ) ) REPRESENTATION_CONTEXT ( 'NONE', 'WORKASPACE' ) );
#2046 = VERTEX_POINT ( 'NONE', #3867 ) ;
#2047 =( NAMED_UNIT ( * ) SI_UNIT ( $, .STERADIAN. ) SOLID_ANGLE_UNIT ( ) );
#2048 = ORIENTED_EDGE ( 'NONE', *, *, #6498, .F. ) ;
#2049 =( LENGTH_UNIT ( ) NAMED_UNIT ( * ) SI_UNIT ( .MILLI., .METRE. ) );
#2050 =( NAMED_UNIT ( * ) PLANE_ANGLE_UNIT ( ) SI_UNIT ( $, .RADIAN. ) );
#2051 = VECTOR ( 'NONE', #3586, 1000.000000000000114 ) ;
#2052 = LINE ( 'NONE', #5883, #5795 ) ;
#2054 = PRESENTATION_LAYER_ASSIGNMENT (  '', '', ( #1228 ) ) ;
#2053 = FILL_AREA_STYLE_COLOUR ( '', #2947 ) ;
#2055 = FACE_OUTER_BOUND ( 'NONE', #2171, .T. ) ;
#2056 = VERTEX_POINT ( 'NONE', #2726 ) ;
#2057 = SURFACE_STYLE_USAGE ( .BOTH. , #399 ) ;
#2058 = ORIENTED_EDGE ( 'NONE', *, *, #6329, .T. ) ;
#2059 = UNCERTAINTY_MEASURE_WITH_UNIT (LENGTH_MEASURE( 1.000000000000000082E-05 ), #2563, 'distance_accuracy_value', 'NONE');
#2060 = PLANE ( 'NONE',  #5070 ) ;
#2061 = CARTESIAN_POINT ( 'NONE',  ( 6.386507856983209663, 3.368886862718084796, 1.778000000000000025 ) ) ;
#2062 = FACE_OUTER_BOUND ( 'NONE', #3652, .T. ) ;
#2063 = PRESENTATION_STYLE_ASSIGNMENT (( #3664 ) ) ;
#2064 = DIRECTION ( 'NONE',  ( 0.000000000000000000, 1.000000000000000000, 0.000000000000000000 ) ) ;
#2065 = CYLINDRICAL_SURFACE ( 'NONE', #191, 0.2125790554353725048 ) ;
#2066 =( NAMED_UNIT ( * ) PLANE_ANGLE_UNIT ( ) SI_UNIT ( $, .RADIAN. ) );
#2067 = SURFACE_STYLE_USAGE ( .BOTH. , #1993 ) ;
#2068 = DIRECTION ( 'NONE',  ( 0.000000000000000000, 0.000000000000000000, -1.000000000000000000 ) ) ;
#2069 = EDGE_CURVE ( 'NONE', #3330, #5106, #1440, .T. ) ;
#2070 = CARTESIAN_POINT ( 'NONE',  ( 9.105900000000000105, 0.2535262387991554789, 4.317999999999999616 ) ) ;
#2071 = ORIENTED_EDGE ( 'NONE', *, *, #3443, .F. ) ;
#2072 = ORIENTED_EDGE ( 'NONE', *, *, #984, .T. ) ;
#2073 = CARTESIAN_POINT ( 'NONE',  ( 7.413993670958149984, 0.3556000000000000272, 4.317999999999999616 ) ) ;
#2074 = CARTESIAN_POINT ( 'NONE',  ( 5.778500000000000192, 0.3769999999999988916, -5.270500000000000185 ) ) ;
#2075 = LINE ( 'NONE', #4682, #3122 ) ;
#2076 = FACE_OUTER_BOUND ( 'NONE', #4656, .T. ) ;
#2077 = SURFACE_STYLE_USAGE ( .BOTH. , #6890 ) ;
#2078 = EDGE_CURVE ( 'NONE', #5028, #1575, #2922, .T. ) ;
#2079 =( NAMED_UNIT ( * ) SI_UNIT ( $, .STERADIAN. ) SOLID_ANGLE_UNIT ( ) );
#2080 = ORIENTED_EDGE ( 'NONE', *, *, #2290, .T. ) ;
#2081 = COLOUR_RGB ( '',0.6666666666666666297, 0.6980392156862744724, 0.7686274509803920907 ) ;
#2082 = ORIENTED_EDGE ( 'NONE', *, *, #2613, .F. ) ;
#2083 = CYLINDRICAL_SURFACE ( 'NONE', #937, 0.5079999999999997851 ) ;
#2084 = CARTESIAN_POINT ( 'NONE',  ( -7.771382951983880183, 0.4513621692343839920, -0.7620000000000000107 ) ) ;
#2085 =( LENGTH_UNIT ( ) NAMED_UNIT ( * ) SI_UNIT ( .MILLI., .METRE. ) );
#2086 = COLOUR_RGB ( '',0.6666666666666666297, 0.6980392156862744724, 0.7686274509803920907 ) ;
#2087 = EDGE_CURVE ( 'NONE', #5276, #753, #5496, .T. ) ;
#2088 = PRESENTATION_LAYER_ASSIGNMENT (  '', '', ( #4231 ) ) ;
#2089 = ORIENTED_EDGE ( 'NONE', *, *, #4234, .F. ) ;
#2090 = FACE_OUTER_BOUND ( 'NONE', #6757, .T. ) ;
#2091 = ORIENTED_EDGE ( 'NONE', *, *, #6635, .T. ) ;
#2092 =( GEOMETRIC_REPRESENTATION_CONTEXT ( 3 ) GLOBAL_UNCERTAINTY_ASSIGNED_CONTEXT ( ( #3427 ) ) GLOBAL_UNIT_ASSIGNED_CONTEXT ( ( #2621, #1610, #3655 ) ) REPRESENTATION_CONTEXT ( 'NONE', 'WORKASPACE' ) );
#2093 = CIRCLE ( 'NONE', #1632, 0.4665790554353732578 ) ;
#2094 = FILL_AREA_STYLE ('',( #5927 ) ) ;
#2095 = PRESENTATION_STYLE_ASSIGNMENT (( #3169 ) ) ;
#2096 = CYLINDRICAL_SURFACE ( 'NONE', #6568, 0.5079999999999997851 ) ;
#2097 = SURFACE_SIDE_STYLE ('',( #3245 ) ) ;
#2098 = MECHANICAL_DESIGN_GEOMETRIC_PRESENTATION_REPRESENTATION (  '', ( #4685 ), #264 ) ;
#2099 = AXIS2_PLACEMENT_3D ( 'NONE', #2436, #5135, #889 ) ;
#2100 = SURFACE_STYLE_FILL_AREA ( #1513 ) ;
#2101 = FACE_OUTER_BOUND ( 'NONE', #1935, .T. ) ;
#2102 = SURFACE_SIDE_STYLE ('',( #3739 ) ) ;
#2103 = STYLED_ITEM ( 'NONE', ( #6963 ), #5693 ) ;
#2104 = VECTOR ( 'NONE', #2064, 1000.000000000000000 ) ;
#2105 = CARTESIAN_POINT ( 'NONE',  ( 6.032499999999999751, 4.039999999999999147, -6.032499999999999751 ) ) ;
#2106 = CARTESIAN_POINT ( 'NONE',  ( -5.778500000000000192, -16.34406614034584848, -5.778500000000000192 ) ) ;
#2107 = DIRECTION ( 'NONE',  ( 0.000000000000000000, 0.000000000000000000, 1.000000000000000000 ) ) ;
#2108 =( GEOMETRIC_REPRESENTATION_CONTEXT ( 3 ) GLOBAL_UNCERTAINTY_ASSIGNED_CONTEXT ( ( #6217 ) ) GLOBAL_UNIT_ASSIGNED_CONTEXT ( ( #2988, #1931, #4571 ) ) REPRESENTATION_CONTEXT ( 'NONE', 'WORKASPACE' ) );
#2109 = CIRCLE ( 'NONE', #735, 0.9424814043393257013 ) ;
#2110 = EDGE_LOOP ( 'NONE', ( #2710, #6769, #684, #4976 ) ) ;
#2111 = ORIENTED_EDGE ( 'NONE', *, *, #5342, .F. ) ;
#2112 = EDGE_CURVE ( 'NONE', #3291, #5806, #3725, .T. ) ;
#2113 = CARTESIAN_POINT ( 'NONE',  ( 9.090393670958150096, 1.102058738522372051E-15, -3.301999999999999602 ) ) ;
#2115 = DIRECTION ( 'NONE',  ( 0.000000000000000000, 0.000000000000000000, -1.000000000000000000 ) ) ;
#2114 =( GEOMETRIC_REPRESENTATION_CONTEXT ( 3 ) GLOBAL_UNCERTAINTY_ASSIGNED_CONTEXT ( ( #1712 ) ) GLOBAL_UNIT_ASSIGNED_CONTEXT ( ( #2421, #4117, #2977 ) ) REPRESENTATION_CONTEXT ( 'NONE', 'WORKASPACE' ) );
#2116 = CARTESIAN_POINT ( 'NONE',  ( 7.771382951983880183, 0.4513621692343839920, 4.317999999999999616 ) ) ;
#2117 = SURFACE_STYLE_FILL_AREA ( #3820 ) ;
#2118 = PRESENTATION_STYLE_ASSIGNMENT (( #6927 ) ) ;
#2119 = STYLED_ITEM ( 'NONE', ( #1852 ), #50 ) ;
#2120 = MECHANICAL_DESIGN_GEOMETRIC_PRESENTATION_REPRESENTATION (  '', ( #631 ), #3028 ) ;
#2121 = STYLED_ITEM ( 'NONE', ( #1655 ), #5500 ) ;
#2122 = ORIENTED_EDGE ( 'NONE', *, *, #2350, .F. ) ;
#2123 = VECTOR ( 'NONE', #6803, 1000.000000000000114 ) ;
#2124 =( NAMED_UNIT ( * ) PLANE_ANGLE_UNIT ( ) SI_UNIT ( $, .RADIAN. ) );
#2125 = ORIENTED_EDGE ( 'NONE', *, *, #6084, .F. ) ;
#2126 = EDGE_CURVE ( 'NONE', #5691, #2002, #1382, .T. ) ;
#2127 = SURFACE_STYLE_FILL_AREA ( #4730 ) ;
#2128 = LINE ( 'NONE', #3268, #5681 ) ;
#2129 =( NAMED_UNIT ( * ) SI_UNIT ( $, .STERADIAN. ) SOLID_ANGLE_UNIT ( ) );
#2130 =( NAMED_UNIT ( * ) PLANE_ANGLE_UNIT ( ) SI_UNIT ( $, .RADIAN. ) );
#2131 = FACE_OUTER_BOUND ( 'NONE', #2820, .T. ) ;
#2132 = PLANE ( 'NONE',  #5701 ) ;
#2133 = ORIENTED_EDGE ( 'NONE', *, *, #3684, .T. ) ;
#2134 = ORIENTED_EDGE ( 'NONE', *, *, #4068, .F. ) ;
#2135 = VECTOR ( 'NONE', #4153, 1000.000000000000000 ) ;
#2136 = ADVANCED_FACE ( 'NONE', ( #6789 ), #5625, .F. ) ;
#2137 = PRESENTATION_STYLE_ASSIGNMENT (( #3279 ) ) ;
#2138 = DIRECTION ( 'NONE',  ( 0.9659258262890680902, 0.2588190451025215166, 0.000000000000000000 ) ) ;
#2139 = CARTESIAN_POINT ( 'NONE',  ( 9.105900000000000105, 0.2535262387991554789, -3.301999999999999602 ) ) ;
#2140 = FILL_AREA_STYLE ('',( #687 ) ) ;
#2141 = PRESENTATION_STYLE_ASSIGNMENT (( #1014 ) ) ;
#2142 = LINE ( 'NONE', #5786, #3939 ) ;
#2143 =( NAMED_UNIT ( * ) SI_UNIT ( $, .STERADIAN. ) SOLID_ANGLE_UNIT ( ) );
#2144 = EDGE_CURVE ( 'NONE', #5106, #4209, #3546, .T. ) ;
#2145 = UNCERTAINTY_MEASURE_WITH_UNIT (LENGTH_MEASURE( 1.000000000000000082E-05 ), #1646, 'distance_accuracy_value', 'NONE');
#2146 =( NAMED_UNIT ( * ) SI_UNIT ( $, .STERADIAN. ) SOLID_ANGLE_UNIT ( ) );
#2147 =( GEOMETRIC_REPRESENTATION_CONTEXT ( 3 ) GLOBAL_UNCERTAINTY_ASSIGNED_CONTEXT ( ( #3057 ) ) GLOBAL_UNIT_ASSIGNED_CONTEXT ( ( #3055, #2387, #515 ) ) REPRESENTATION_CONTEXT ( 'NONE', 'WORKASPACE' ) );
#2148 = SURFACE_STYLE_FILL_AREA ( #4912 ) ;
#2149 = PRESENTATION_STYLE_ASSIGNMENT (( #6427 ) ) ;
#2150 = VECTOR ( 'NONE', #4642, 1000.000000000000000 ) ;
#2151 = ORIENTED_EDGE ( 'NONE', *, *, #3551, .T. ) ;
#2152 = ORIENTED_EDGE ( 'NONE', *, *, #3043, .T. ) ;
#2153 = CARTESIAN_POINT ( 'NONE',  ( 5.206424362375529746, -1.077630734528302048, 5.587424362375529974 ) ) ;
#2154 =( NAMED_UNIT ( * ) PLANE_ANGLE_UNIT ( ) SI_UNIT ( $, .RADIAN. ) );
#2155 = FILL_AREA_STYLE_COLOUR ( '', #5572 ) ;
#2156 = PRESENTATION_LAYER_ASSIGNMENT (  '', '', ( #2608 ) ) ;
#2157 = SURFACE_STYLE_USAGE ( .BOTH. , #4855 ) ;
#2158 = DIRECTION ( 'NONE',  ( -1.000000000000000000, 0.000000000000000000, 0.000000000000000000 ) ) ;
#2159 = AXIS2_PLACEMENT_3D ( 'NONE', #5906, #4431, #5440 ) ;
#2160 = ORIENTED_EDGE ( 'NONE', *, *, #6207, .F. ) ;
#2161 = PLANE ( 'NONE',  #4177 ) ;
#2162 = ORIENTED_EDGE ( 'NONE', *, *, #2983, .T. ) ;
#2163 = CARTESIAN_POINT ( 'NONE',  ( 5.524499999999999744, 4.039999999999999147, -5.524499999999999744 ) ) ;
#2164 = SURFACE_SIDE_STYLE ('',( #4733 ) ) ;
#2165 = STYLED_ITEM ( 'NONE', ( #2030 ), #3659 ) ;
#2166 = MECHANICAL_DESIGN_GEOMETRIC_PRESENTATION_REPRESENTATION (  '', ( #444 ), #1002 ) ;
#2167 = ADVANCED_FACE ( 'NONE', ( #1836 ), #6728, .F. ) ;
#2168 = ORIENTED_EDGE ( 'NONE', *, *, #2641, .T. ) ;
#2169 = CARTESIAN_POINT ( 'NONE',  ( -9.105900000000000105, 0.2535262387991554789, -0.7620000000000000107 ) ) ;
#2170 = COLOUR_RGB ( '',0.6666666666666666297, 0.6980392156862744724, 0.7686274509803920907 ) ;
#2171 = EDGE_LOOP ( 'NONE', ( #2082, #2618, #4926, #662 ) ) ;
#2172 = STYLED_ITEM ( 'NONE', ( #3574 ), #3293 ) ;
#2173 = DIRECTION ( 'NONE',  ( 0.000000000000000000, 0.000000000000000000, -1.000000000000000000 ) ) ;
#2174 = SURFACE_STYLE_FILL_AREA ( #4771 ) ;
#2175 = DIRECTION ( 'NONE',  ( 0.000000000000000000, 1.000000000000000000, 0.000000000000000000 ) ) ;
#2176 = CARTESIAN_POINT ( 'NONE',  ( -6.386507856983209663, 3.368886862718084796, 4.317999999999999616 ) ) ;
#2177 = CARTESIAN_POINT ( 'NONE',  ( -5.206424362375529746, 0.2500000000000000000, 5.206424362375529746 ) ) ;
#2178 = AXIS2_PLACEMENT_3D ( 'NONE', #3040, #5174, #5619 ) ;
#2179 = ADVANCED_FACE ( 'NONE', ( #6758 ), #4728, .F. ) ;
#2180 = FILL_AREA_STYLE_COLOUR ( '', #6494 ) ;
#2181 = PRESENTATION_STYLE_ASSIGNMENT (( #1085 ) ) ;
#2182 = ADVANCED_FACE ( 'NONE', ( #1460 ), #6403, .F. ) ;
#2183 = ORIENTED_EDGE ( 'NONE', *, *, #6084, .T. ) ;
#2184 = CARTESIAN_POINT ( 'NONE',  ( 5.206424362375529746, -1.077630734528302048, -5.206424362375529746 ) ) ;
#2185 = DIRECTION ( 'NONE',  ( -1.000000000000000000, 0.000000000000000000, 0.000000000000000000 ) ) ;
#2186 = SURFACE_SIDE_STYLE ('',( #1158 ) ) ;
#2187 = FACE_OUTER_BOUND ( 'NONE', #4780, .T. ) ;
#2188 = SURFACE_SIDE_STYLE ('',( #4856 ) ) ;
#2189 = VERTEX_POINT ( 'NONE', #4276 ) ;
#2190 = LINE ( 'NONE', #3300, #1690 ) ;
#2191 = ORIENTED_EDGE ( 'NONE', *, *, #5944, .T. ) ;
#2192 = PRESENTATION_STYLE_ASSIGNMENT (( #3333 ) ) ;
#2193 = SURFACE_STYLE_FILL_AREA ( #1653 ) ;
#2194 =( NAMED_UNIT ( * ) SI_UNIT ( $, .STERADIAN. ) SOLID_ANGLE_UNIT ( ) );
#2195 = FILL_AREA_STYLE_COLOUR ( '', #5477 ) ;
#2196 = CARTESIAN_POINT ( 'NONE',  ( 5.962741177057059971, 2.827606123320820064, 4.317999999999999616 ) ) ;
#2197 = ORIENTED_EDGE ( 'NONE', *, *, #3558, .T. ) ;
#2198 = DIRECTION ( 'NONE',  ( 0.000000000000000000, 0.000000000000000000, -1.000000000000000000 ) ) ;
#2199 = VERTEX_POINT ( 'NONE', #1574 ) ;
#2200 =( NAMED_UNIT ( * ) SI_UNIT ( $, .STERADIAN. ) SOLID_ANGLE_UNIT ( ) );
#2201 = FILL_AREA_STYLE ('',( #3837 ) ) ;
#2202 = MECHANICAL_DESIGN_GEOMETRIC_PRESENTATION_REPRESENTATION (  '', ( #1970 ), #5904 ) ;
#2203 = DIRECTION ( 'NONE',  ( 0.000000000000000000, 1.000000000000000000, 0.000000000000000000 ) ) ;
#2204 = FILL_AREA_STYLE ('',( #3282 ) ) ;
#2205 = ADVANCED_FACE ( 'NONE', ( #6827 ), #2009, .F. ) ;
#2206 = STYLED_ITEM ( 'NONE', ( #4401 ), #585 ) ;
#2207 = CIRCLE ( 'NONE', #6688, 0.3810000000000002829 ) ;
#2208 = DIRECTION ( 'NONE',  ( 0.000000000000000000, 0.000000000000000000, -1.000000000000000000 ) ) ;
#2209 = DIRECTION ( 'NONE',  ( -1.000000000000000000, 0.000000000000000000, 0.000000000000000000 ) ) ;
#2210 = PLANE ( 'NONE',  #661 ) ;
#2211 = ADVANCED_FACE ( 'NONE', ( #6665 ), #2161, .F. ) ;
#2212 =( LENGTH_UNIT ( ) NAMED_UNIT ( * ) SI_UNIT ( .MILLI., .METRE. ) );
#2213 = CIRCLE ( 'NONE', #5343, 0.3699966097798265130 ) ;
#2214 = FACE_OUTER_BOUND ( 'NONE', #300, .T. ) ;
#2215 = ORIENTED_EDGE ( 'NONE', *, *, #4867, .T. ) ;
#2217 = AXIS2_PLACEMENT_3D ( 'NONE', #4786, #6856, #2615 ) ;
#2216 = UNCERTAINTY_MEASURE_WITH_UNIT (LENGTH_MEASURE( 1.000000000000000082E-05 ), #3306, 'distance_accuracy_value', 'NONE');
#2218 = DIRECTION ( 'NONE',  ( 0.000000000000000000, 0.000000000000000000, -1.000000000000000000 ) ) ;
#2219 = EDGE_CURVE ( 'NONE', #4227, #6237, #2, .T. ) ;
#2220 =( NAMED_UNIT ( * ) PLANE_ANGLE_UNIT ( ) SI_UNIT ( $, .RADIAN. ) );
#2221 = CARTESIAN_POINT ( 'NONE',  ( -6.386507856983209663, 3.368886862718084796, -0.7620000000000000107 ) ) ;
#2222 =( NAMED_UNIT ( * ) SI_UNIT ( $, .STERADIAN. ) SOLID_ANGLE_UNIT ( ) );
#2223 = CIRCLE ( 'NONE', #3130, 0.1159966097798266205 ) ;
#2224 =( GEOMETRIC_REPRESENTATION_CONTEXT ( 3 ) GLOBAL_UNCERTAINTY_ASSIGNED_CONTEXT ( ( #2288 ) ) GLOBAL_UNIT_ASSIGNED_CONTEXT ( ( #6212, #5263, #5675 ) ) REPRESENTATION_CONTEXT ( 'NONE', 'WORKASPACE' ) );
#2225 = ORIENTED_EDGE ( 'NONE', *, *, #2973, .T. ) ;
#2226 = ORIENTED_EDGE ( 'NONE', *, *, #3228, .F. ) ;
#2227 = AXIS2_PLACEMENT_3D ( 'NONE', #1592, #3768, #5429 ) ;
#2228 = CARTESIAN_POINT ( 'NONE',  ( -5.270500000000000185, 4.039999999999998259, -5.778500000000000192 ) ) ;
#2229 = FACE_OUTER_BOUND ( 'NONE', #6272, .T. ) ;
#2230 = SURFACE_STYLE_FILL_AREA ( #5520 ) ;
#2231 =( NAMED_UNIT ( * ) SI_UNIT ( $, .STERADIAN. ) SOLID_ANGLE_UNIT ( ) );
#2232 =( NAMED_UNIT ( * ) SI_UNIT ( $, .STERADIAN. ) SOLID_ANGLE_UNIT ( ) );
#2233 = CLOSED_SHELL ( 'NONE', ( #5554, #3822, #2649, #4738, #3891, #1317, #4188, #2943, #94, #2258, #5124, #3528, #1629, #2773 ) ) ;
#2234 = VECTOR ( 'NONE', #1377, 1000.000000000000000 ) ;
#2235 = EDGE_LOOP ( 'NONE', ( #1608, #2934, #6682, #6301, #2619, #4727, #21, #1945, #3957, #6975, #5705, #4006 ) ) ;
#2236 = CARTESIAN_POINT ( 'NONE',  ( -6.032499999999999751, 7.849999999999999645, 6.032499999999999751 ) ) ;
#2237 = EDGE_LOOP ( 'NONE', ( #959, #2431 ) ) ;
#2238 = SURFACE_SIDE_STYLE ('',( #42 ) ) ;
#2239 = MECHANICAL_DESIGN_GEOMETRIC_PRESENTATION_REPRESENTATION (  '', ( #395 ), #4708 ) ;
#2240 = FACE_OUTER_BOUND ( 'NONE', #5211, .T. ) ;
#2241 = LINE ( 'NONE', #1770, #214 ) ;
#2242 = VECTOR ( 'NONE', #6993, 1000.000000000000000 ) ;
#2243 = LINE ( 'NONE', #6517, #952 ) ;
#2244 = EDGE_CURVE ( 'NONE', #5369, #3113, #2190, .T. ) ;
#2245 = ORIENTED_EDGE ( 'NONE', *, *, #6884, .F. ) ;
#2246 =( NAMED_UNIT ( * ) SI_UNIT ( $, .STERADIAN. ) SOLID_ANGLE_UNIT ( ) );
#2247 = MECHANICAL_DESIGN_GEOMETRIC_PRESENTATION_REPRESENTATION (  '', ( #1312 ), #3160 ) ;
#2248 = AXIS2_PLACEMENT_3D ( 'NONE', #3875, #2353, #1183 ) ;
#2249 = LINE ( 'NONE', #706, #1402 ) ;
#2250 = EDGE_CURVE ( 'NONE', #616, #140, #2256, .T. ) ;
#2251 = FACE_OUTER_BOUND ( 'NONE', #4103, .T. ) ;
#2252 = AXIS2_PLACEMENT_3D ( 'NONE', #2169, #4316, #6340 ) ;
#2253 = CARTESIAN_POINT ( 'NONE',  ( 5.778500000000000192, 3.835465918153454723, -4.317999999999999616 ) ) ;
#2254 = LINE ( 'NONE', #6561, #2496 ) ;
#2255 = FILL_AREA_STYLE ('',( #63 ) ) ;
#2256 = CIRCLE ( 'NONE', #5612, 0.1159966097798266205 ) ;
#2257 = FACE_OUTER_BOUND ( 'NONE', #6512, .T. ) ;
#2258 = ADVANCED_FACE ( 'NONE', ( #2946 ), #6464, .F. ) ;
#2259 = ORIENTED_EDGE ( 'NONE', *, *, #977, .F. ) ;
#2260 = DIRECTION ( 'NONE',  ( 0.000000000000000000, 1.000000000000000000, 0.000000000000000000 ) ) ;
#2261 = ORIENTED_EDGE ( 'NONE', *, *, #6338, .F. ) ;
#2262 = VECTOR ( 'NONE', #1443, 1000.000000000000000 ) ;
#2263 = LINE ( 'NONE', #1100, #2503 ) ;
#2264 = DIRECTION ( 'NONE',  ( 0.000000000000000000, 0.000000000000000000, -1.000000000000000000 ) ) ;
#2265 = CYLINDRICAL_SURFACE ( 'NONE', #6023, 0.3699966097798256248 ) ;
#2266 = CARTESIAN_POINT ( 'NONE',  ( -9.090393670958150096, 1.102058738522372051E-15, 4.317999999999999616 ) ) ;
#2267 = PRESENTATION_STYLE_ASSIGNMENT (( #75 ) ) ;
#2268 = AXIS2_PLACEMENT_3D ( 'NONE', #5126, #6598, #5578 ) ;
#2269 = MECHANICAL_DESIGN_GEOMETRIC_PRESENTATION_REPRESENTATION (  '', ( #5300 ), #990 ) ;
#2270 = EDGE_CURVE ( 'NONE', #1794, #4933, #4396, .T. ) ;
#2271 = VERTEX_POINT ( 'NONE', #5230 ) ;
#2272 = DIRECTION ( 'NONE',  ( -0.2588190451025215166, 0.9659258262890680902, 0.000000000000000000 ) ) ;
#2273 = ORIENTED_EDGE ( 'NONE', *, *, #2327, .F. ) ;
#2274 = FILL_AREA_STYLE ('',( #81 ) ) ;
#2275 = CIRCLE ( 'NONE', #5513, 0.3699966097798265130 ) ;
#2276 = FILL_AREA_STYLE ('',( #6615 ) ) ;
#2277 = VECTOR ( 'NONE', #4770, 1000.000000000000000 ) ;
#2278 = AXIS2_PLACEMENT_3D ( 'NONE', #4990, #2297, #649 ) ;
#2279 =( GEOMETRIC_REPRESENTATION_CONTEXT ( 3 ) GLOBAL_UNCERTAINTY_ASSIGNED_CONTEXT ( ( #141 ) ) GLOBAL_UNIT_ASSIGNED_CONTEXT ( ( #3755, #4309, #3267 ) ) REPRESENTATION_CONTEXT ( 'NONE', 'WORKASPACE' ) );
#2280 = FILL_AREA_STYLE_COLOUR ( '', #2369 ) ;
#2281 = ORIENTED_EDGE ( 'NONE', *, *, #1825, .F. ) ;
#2282 = SURFACE_SIDE_STYLE ('',( #4459 ) ) ;
#2283 = DIRECTION ( 'NONE',  ( 0.000000000000000000, 0.000000000000000000, 1.000000000000000000 ) ) ;
#2284 =( GEOMETRIC_REPRESENTATION_CONTEXT ( 3 ) GLOBAL_UNCERTAINTY_ASSIGNED_CONTEXT ( ( #5576 ) ) GLOBAL_UNIT_ASSIGNED_CONTEXT ( ( #5054, #633, #6559 ) ) REPRESENTATION_CONTEXT ( 'NONE', 'WORKASPACE' ) );
#2285 =( GEOMETRIC_REPRESENTATION_CONTEXT ( 3 ) GLOBAL_UNCERTAINTY_ASSIGNED_CONTEXT ( ( #5518 ) ) GLOBAL_UNIT_ASSIGNED_CONTEXT ( ( #1861, #1306, #1525 ) ) REPRESENTATION_CONTEXT ( 'NONE', 'WORKASPACE' ) );
#2286 = SURFACE_STYLE_USAGE ( .BOTH. , #1154 ) ;
#2287 = CARTESIAN_POINT ( 'NONE',  ( 9.090393670958150096, 1.102058738522372051E-15, 1.778000000000000025 ) ) ;
#2288 = UNCERTAINTY_MEASURE_WITH_UNIT (LENGTH_MEASURE( 1.000000000000000082E-05 ), #6212, 'distance_accuracy_value', 'NONE');
#2289 = DIRECTION ( 'NONE',  ( 1.000000000000000000, 0.000000000000000000, 0.000000000000000000 ) ) ;
#2290 = EDGE_CURVE ( 'NONE', #1830, #3754, #5758, .T. ) ;
#2291 = SURFACE_STYLE_USAGE ( .BOTH. , #1683 ) ;
#2292 = ORIENTED_EDGE ( 'NONE', *, *, #5246, .F. ) ;
#2293 = ORIENTED_EDGE ( 'NONE', *, *, #2749, .F. ) ;
#2294 = UNCERTAINTY_MEASURE_WITH_UNIT (LENGTH_MEASURE( 1.000000000000000082E-05 ), #71, 'distance_accuracy_value', 'NONE');
#2295 = DIRECTION ( 'NONE',  ( 0.000000000000000000, 0.000000000000000000, -1.000000000000000000 ) ) ;
#2296 = DIRECTION ( 'NONE',  ( 0.000000000000000000, 0.000000000000000000, -1.000000000000000000 ) ) ;
#2297 = DIRECTION ( 'NONE',  ( 0.9659258262890680902, -0.2588190451025215166, 0.000000000000000000 ) ) ;
#2298 = DIRECTION ( 'NONE',  ( 0.000000000000000000, 0.000000000000000000, 1.000000000000000000 ) ) ;
#2299 = EDGE_CURVE ( 'NONE', #225, #987, #3667, .T. ) ;
#2300 =( NAMED_UNIT ( * ) PLANE_ANGLE_UNIT ( ) SI_UNIT ( $, .RADIAN. ) );
#2301 = ORIENTED_EDGE ( 'NONE', *, *, #6595, .F. ) ;
#2302 = COLOUR_RGB ( '',0.2509803921568627416, 0.2509803921568627416, 0.2509803921568627416 ) ;
#2303 = PRESENTATION_STYLE_ASSIGNMENT (( #3966 ) ) ;
#2304 = ORIENTED_EDGE ( 'NONE', *, *, #6149, .F. ) ;
#2305 = DIRECTION ( 'NONE',  ( 1.000000000000000000, 0.000000000000000000, 0.000000000000000000 ) ) ;
#2306 = SURFACE_STYLE_FILL_AREA ( #43 ) ;
#2307 = CARTESIAN_POINT ( 'NONE',  ( -5.206424362375529746, 0.3769999999999999463, -5.206424362375529746 ) ) ;
#2308 = EDGE_CURVE ( 'NONE', #5796, #3330, #4712, .T. ) ;
#2309 = ORIENTED_EDGE ( 'NONE', *, *, #5623, .F. ) ;
#2310 = DIRECTION ( 'NONE',  ( 0.000000000000000000, 0.000000000000000000, -1.000000000000000000 ) ) ;
#2311 = ORIENTED_EDGE ( 'NONE', *, *, #3181, .F. ) ;
#2312 = DIRECTION ( 'NONE',  ( -1.000000000000000000, 0.000000000000000000, 0.000000000000000000 ) ) ;
#2313 =( NAMED_UNIT ( * ) PLANE_ANGLE_UNIT ( ) SI_UNIT ( $, .RADIAN. ) );
#2314 = DIRECTION ( 'NONE',  ( -0.000000000000000000, -1.000000000000000000, -0.000000000000000000 ) ) ;
#2315 = VECTOR ( 'NONE', #6073, 1000.000000000000000 ) ;
#2316 = CIRCLE ( 'NONE', #366, 0.3810000000000002829 ) ;
#2317 = CIRCLE ( 'NONE', #6681, 0.4665790554353732578 ) ;
#2318 = PRESENTATION_STYLE_ASSIGNMENT (( #1125 ) ) ;
#2319 = FILL_AREA_STYLE ('',( #707 ) ) ;
#2320 = STYLED_ITEM ( 'NONE', ( #6933 ), #322 ) ;
#2321 = COLOUR_RGB ( '',0.6666666666666666297, 0.6980392156862744724, 0.7686274509803920907 ) ;
#2322 = FACE_OUTER_BOUND ( 'NONE', #5517, .T. ) ;
#2323 = CARTESIAN_POINT ( 'NONE',  ( 7.659338830835570100, 0.4213400374560394845, -1.778000000000000025 ) ) ;
#2324 =( NAMED_UNIT ( * ) SI_UNIT ( $, .STERADIAN. ) SOLID_ANGLE_UNIT ( ) );
#2325 = CIRCLE ( 'NONE', #4134, 0.3810000000000002829 ) ;
#2326 = VECTOR ( 'NONE', #4271, 1000.000000000000114 ) ;
#2327 = EDGE_CURVE ( 'NONE', #9, #5527, #5403, .T. ) ;
#2328 = ORIENTED_EDGE ( 'NONE', *, *, #4573, .T. ) ;
#2329 = ORIENTED_EDGE ( 'NONE', *, *, #2506, .F. ) ;
#2330 = CARTESIAN_POINT ( 'NONE',  ( 5.778500000000000192, 3.581465918153455164, -3.301999999999999602 ) ) ;
#2331 = DIRECTION ( 'NONE',  ( 1.000000000000000000, 0.000000000000000000, 0.000000000000000000 ) ) ;
#2332 = AXIS2_PLACEMENT_3D ( 'NONE', #3328, #599, #2774 ) ;
#2333 = SURFACE_STYLE_FILL_AREA ( #3305 ) ;
#2334 = PRESENTATION_STYLE_ASSIGNMENT (( #6116 ) ) ;
#2335 = PRESENTATION_LAYER_ASSIGNMENT (  '', '', ( #5020 ) ) ;
#2336 = CARTESIAN_POINT ( 'NONE',  ( 9.105900000000000105, 0.2535262387991554789, 4.317999999999999616 ) ) ;
#2337 = AXIS2_PLACEMENT_3D ( 'NONE', #3353, #2314, #6524 ) ;
#2338 = EDGE_CURVE ( 'NONE', #6885, #5112, #6808, .T. ) ;
#2339 = AXIS2_PLACEMENT_3D ( 'NONE', #6584, #1771, #770 ) ;
#2340 = VERTEX_POINT ( 'NONE', #4154 ) ;
#2341 = CARTESIAN_POINT ( 'NONE',  ( 5.270500000000000185, -16.34406614034584848, 5.778500000000000192 ) ) ;
#2342 = ORIENTED_EDGE ( 'NONE', *, *, #4845, .F. ) ;
#2343 = SURFACE_SIDE_STYLE ('',( #694 ) ) ;
#2344 = LINE ( 'NONE', #1212, #3566 ) ;
#2345 = DIRECTION ( 'NONE',  ( 0.000000000000000000, 0.000000000000000000, 1.000000000000000000 ) ) ;
#2346 = DIRECTION ( 'NONE',  ( 1.000000000000000000, 0.000000000000000000, 0.000000000000000000 ) ) ;
#2347 = CIRCLE ( 'NONE', #6370, 0.2125790554353725048 ) ;
#2348 = COLOUR_RGB ( '',0.6666666666666666297, 0.6980392156862744724, 0.7686274509803920907 ) ;
#2349 = AXIS2_PLACEMENT_3D ( 'NONE', #5302, #5857, #5754 ) ;
#2350 = EDGE_CURVE ( 'NONE', #5452, #2036, #6283, .T. ) ;
#2351 = ORIENTED_EDGE ( 'NONE', *, *, #1197, .F. ) ;
#2352 = EDGE_CURVE ( 'NONE', #5382, #3581, #3026, .T. ) ;
#2353 = DIRECTION ( 'NONE',  ( -0.06104853953484972590, 0.9981347984218674751, 0.000000000000000000 ) ) ;
#2354 = ORIENTED_EDGE ( 'NONE', *, *, #6037, .T. ) ;
#2355 = AXIS2_PLACEMENT_3D ( 'NONE', #354, #2542, #1904 ) ;
#2356 = UNCERTAINTY_MEASURE_WITH_UNIT (LENGTH_MEASURE( 1.000000000000000082E-05 ), #3251, 'distance_accuracy_value', 'NONE');
#2357 = DIRECTION ( 'NONE',  ( 0.06104853953484747076, -0.9981347984218675862, 0.000000000000000000 ) ) ;
#2358 =( LENGTH_UNIT ( ) NAMED_UNIT ( * ) SI_UNIT ( .MILLI., .METRE. ) );
#2359 = SURFACE_STYLE_FILL_AREA ( #1329 ) ;
#2360 = VECTOR ( 'NONE', #314, 1000.000000000000000 ) ;
#2361 = CARTESIAN_POINT ( 'NONE',  ( -6.386507856983209663, 3.581465918153455164, 3.301999999999999602 ) ) ;
#2362 = DIRECTION ( 'NONE',  ( 0.000000000000000000, -1.000000000000000000, 0.000000000000000000 ) ) ;
#2363 = UNCERTAINTY_MEASURE_WITH_UNIT (LENGTH_MEASURE( 1.000000000000000082E-05 ), #4660, 'distance_accuracy_value', 'NONE');
#2364 = COLOUR_RGB ( '',0.2509803921568627416, 0.2509803921568627416, 0.2509803921568627416 ) ;
#2365 = LINE ( 'NONE', #1928, #3237 ) ;
#2366 = LINE ( 'NONE', #6078, #5923 ) ;
#2367 = DIRECTION ( 'NONE',  ( 0.000000000000000000, 0.000000000000000000, 1.000000000000000000 ) ) ;
#2368 = AXIS2_PLACEMENT_3D ( 'NONE', #1084, #3805, #4256 ) ;
#2369 = COLOUR_RGB ( '',0.6666666666666666297, 0.6980392156862744724, 0.7686274509803920907 ) ;
#2370 = ORIENTED_EDGE ( 'NONE', *, *, #2069, .T. ) ;
#2371 = EDGE_LOOP ( 'NONE', ( #5353, #5039, #736, #3147 ) ) ;
#2372 = UNCERTAINTY_MEASURE_WITH_UNIT (LENGTH_MEASURE( 1.000000000000000082E-05 ), #6448, 'distance_accuracy_value', 'NONE');
#2373 = CARTESIAN_POINT ( 'NONE',  ( 7.748795199323979865, 0.08205567771502250696, 4.317999999999999616 ) ) ;
#2374 = CARTESIAN_POINT ( 'NONE',  ( -5.206424362375529746, 0.2500000000000000000, -5.206424362375529746 ) ) ;
#2375 = SURFACE_SIDE_STYLE ('',( #2230 ) ) ;
#2376 = PRESENTATION_LAYER_ASSIGNMENT (  '', '', ( #1316 ) ) ;
#2377 = DIRECTION ( 'NONE',  ( 0.000000000000000000, 0.000000000000000000, -1.000000000000000000 ) ) ;
#2378 = DIRECTION ( 'NONE',  ( -0.9981347984218674751, 0.06104853953484982304, 0.000000000000000000 ) ) ;
#2379 = PRESENTATION_LAYER_ASSIGNMENT (  '', '', ( #1442 ) ) ;
#2380 = VERTEX_POINT ( 'NONE', #2499 ) ;
#2381 = PRESENTATION_STYLE_ASSIGNMENT (( #1906 ) ) ;
#2382 = ORIENTED_EDGE ( 'NONE', *, *, #4328, .T. ) ;
#2383 = SURFACE_STYLE_USAGE ( .BOTH. , #3343 ) ;
#2384 = CIRCLE ( 'NONE', #6299, 0.4665790554353732578 ) ;
#2385 = EDGE_CURVE ( 'NONE', #5592, #3619, #2384, .T. ) ;
#2386 = ORIENTED_EDGE ( 'NONE', *, *, #3873, .F. ) ;
#2387 =( NAMED_UNIT ( * ) PLANE_ANGLE_UNIT ( ) SI_UNIT ( $, .RADIAN. ) );
#2388 = VECTOR ( 'NONE', #4784, 1000.000000000000114 ) ;
#2389 = EDGE_LOOP ( 'NONE', ( #503, #4180, #1423, #6374 ) ) ;
#2390 = CARTESIAN_POINT ( 'NONE',  ( -9.105900000000000105, 0.2535262387991554789, 0.7620000000000000107 ) ) ;
#2391 = DIRECTION ( 'NONE',  ( 0.000000000000000000, -1.000000000000000000, 0.000000000000000000 ) ) ;
#2392 = EDGE_CURVE ( 'NONE', #656, #3642, #2029, .T. ) ;
#2393 = DIRECTION ( 'NONE',  ( 1.000000000000000000, 0.000000000000000000, 0.000000000000000000 ) ) ;
#2394 =( GEOMETRIC_REPRESENTATION_CONTEXT ( 3 ) GLOBAL_UNCERTAINTY_ASSIGNED_CONTEXT ( ( #5031 ) ) GLOBAL_UNIT_ASSIGNED_CONTEXT ( ( #5929, #2729, #6811 ) ) REPRESENTATION_CONTEXT ( 'NONE', 'WORKASPACE' ) );
#2395 = VECTOR ( 'NONE', #582, 1000.000000000000000 ) ;
#2396 = CARTESIAN_POINT ( 'NONE',  ( 5.524499999999999744, 7.849999999999999645, -5.524499999999999744 ) ) ;
#2397 = CARTESIAN_POINT ( 'NONE',  ( 5.778500000000000192, 3.835465918153454723, 4.317999999999999616 ) ) ;
#2398 = PRESENTATION_STYLE_ASSIGNMENT (( #3985 ) ) ;
#2399 = MECHANICAL_DESIGN_GEOMETRIC_PRESENTATION_REPRESENTATION (  '', ( #565 ), #2035 ) ;
#2400 = LINE ( 'NONE', #1296, #4083 ) ;
#2401 = FILL_AREA_STYLE ('',( #5685 ) ) ;
#2402 = EDGE_CURVE ( 'NONE', #116, #3073, #2465, .T. ) ;
#2403 = ORIENTED_EDGE ( 'NONE', *, *, #6449, .T. ) ;
#2404 = ORIENTED_EDGE ( 'NONE', *, *, #4707, .F. ) ;
#2405 =( NAMED_UNIT ( * ) SI_UNIT ( $, .STERADIAN. ) SOLID_ANGLE_UNIT ( ) );
#2406 =( NAMED_UNIT ( * ) PLANE_ANGLE_UNIT ( ) SI_UNIT ( $, .RADIAN. ) );
#2407 = DIRECTION ( 'NONE',  ( 0.9981347984218673641, -0.06104853953484981610, 0.000000000000000000 ) ) ;
#2408 = CARTESIAN_POINT ( 'NONE',  ( -7.748795199323979865, 0.08205567771502250696, 1.778000000000000025 ) ) ;
#2409 = LINE ( 'NONE', #3648, #5801 ) ;
#2410 = SURFACE_STYLE_FILL_AREA ( #150 ) ;
#2411 = ORIENTED_EDGE ( 'NONE', *, *, #5732, .F. ) ;
#2412 = EDGE_LOOP ( 'NONE', ( #4941, #5071, #2659, #3503 ) ) ;
#2413 = SURFACE_STYLE_USAGE ( .BOTH. , #6762 ) ;
#2414 = DIRECTION ( 'NONE',  ( -1.000000000000000000, 0.000000000000000000, 0.000000000000000000 ) ) ;
#2415 = FILL_AREA_STYLE ('',( #6170 ) ) ;
#2416 = FILL_AREA_STYLE_COLOUR ( '', #5470 ) ;
#2417 = VERTEX_POINT ( 'NONE', #3600 ) ;
#2418 = ORIENTED_EDGE ( 'NONE', *, *, #2852, .F. ) ;
#2419 = EDGE_CURVE ( 'NONE', #3813, #362, #6181, .T. ) ;
#2420 = UNCERTAINTY_MEASURE_WITH_UNIT (LENGTH_MEASURE( 1.000000000000000082E-05 ), #6644, 'distance_accuracy_value', 'NONE');
#2421 =( LENGTH_UNIT ( ) NAMED_UNIT ( * ) SI_UNIT ( .MILLI., .METRE. ) );
#2422 =( GEOMETRIC_REPRESENTATION_CONTEXT ( 3 ) GLOBAL_UNCERTAINTY_ASSIGNED_CONTEXT ( ( #902 ) ) GLOBAL_UNIT_ASSIGNED_CONTEXT ( ( #6457, #26, #3881 ) ) REPRESENTATION_CONTEXT ( 'NONE', 'WORKASPACE' ) );
#2423 = DIRECTION ( 'NONE',  ( 0.9981347984218673641, -0.06104853953484981610, 0.000000000000000000 ) ) ;
#2424 = EDGE_CURVE ( 'NONE', #1077, #389, #5064, .T. ) ;
#2425 = UNCERTAINTY_MEASURE_WITH_UNIT (LENGTH_MEASURE( 1.000000000000000082E-05 ), #2427, 'distance_accuracy_value', 'NONE');
#2426 = FILL_AREA_STYLE_COLOUR ( '', #4946 ) ;
#2427 =( LENGTH_UNIT ( ) NAMED_UNIT ( * ) SI_UNIT ( .MILLI., .METRE. ) );
#2428 = PRESENTATION_STYLE_ASSIGNMENT (( #6221 ) ) ;
#2429 = MECHANICAL_DESIGN_GEOMETRIC_PRESENTATION_REPRESENTATION (  '', ( #2660 ), #5006 ) ;
#2430 = ADVANCED_FACE ( 'NONE', ( #5163 ), #878, .F. ) ;
#2431 = ORIENTED_EDGE ( 'NONE', *, *, #466, .F. ) ;
#2432 = AXIS2_PLACEMENT_3D ( 'NONE', #6477, #6445, #4320 ) ;
#2433 = ORIENTED_EDGE ( 'NONE', *, *, #5828, .F. ) ;
#2434 = FILL_AREA_STYLE_COLOUR ( '', #105 ) ;
#2435 = CARTESIAN_POINT ( 'NONE',  ( -6.386507856983209663, 3.835465918153454723, 4.317999999999999616 ) ) ;
#2436 = CARTESIAN_POINT ( 'NONE',  ( -2.158999999999999808, 6.859999999999999432, 12.38250000000000028 ) ) ;
#2437 = FILL_AREA_STYLE ('',( #247 ) ) ;
#2438 = LINE ( 'NONE', #2477, #4026 ) ;
#2439 = PRESENTATION_LAYER_ASSIGNMENT (  '', '', ( #6915 ) ) ;
#2440 = CARTESIAN_POINT ( 'NONE',  ( 6.591843456756369513, 3.423906370854659986, 4.317999999999999616 ) ) ;
#2441 = EDGE_LOOP ( 'NONE', ( #1600, #5714, #3992, #3791 ) ) ;
#2442 = FILL_AREA_STYLE ('',( #5107 ) ) ;
#2443 = ORIENTED_EDGE ( 'NONE', *, *, #4206, .T. ) ;
#2444 = AXIS2_PLACEMENT_3D ( 'NONE', #386, #1059, #5316 ) ;
#2445 = VECTOR ( 'NONE', #3923, 1000.000000000000000 ) ;
#2446 = DIRECTION ( 'NONE',  ( 0.000000000000000000, 0.000000000000000000, -1.000000000000000000 ) ) ;
#2447 = COLOUR_RGB ( '',0.2509803921568627416, 0.2509803921568627416, 0.2509803921568627416 ) ;
#2448 = AXIS2_PLACEMENT_3D ( 'NONE', #3095, #1476, #3129 ) ;
#2449 = ORIENTED_EDGE ( 'NONE', *, *, #5468, .T. ) ;
#2450 = DIRECTION ( 'NONE',  ( 0.000000000000000000, 1.000000000000000000, 0.000000000000000000 ) ) ;
#2451 = ORIENTED_EDGE ( 'NONE', *, *, #290, .F. ) ;
#2452 =( NAMED_UNIT ( * ) SI_UNIT ( $, .STERADIAN. ) SOLID_ANGLE_UNIT ( ) );
#2453 = CLOSED_SHELL ( 'NONE', ( #3519, #2516, #311, #5204, #67, #204, #4036, #155, #5415, #1269, #6320, #4755, #1325, #6401 ) ) ;
#2454 = VECTOR ( 'NONE', #1106, 1000.000000000000000 ) ;
#2455 = SURFACE_STYLE_FILL_AREA ( #4596 ) ;
#2456 = SURFACE_STYLE_FILL_AREA ( #5119 ) ;
#2457 = FILL_AREA_STYLE ('',( #369 ) ) ;
#2458 = DIRECTION ( 'NONE',  ( -0.2588190451025209615, 0.9659258262890682012, 0.000000000000000000 ) ) ;
#2459 = EDGE_CURVE ( 'NONE', #2969, #5417, #346, .T. ) ;
#2460 =( GEOMETRIC_REPRESENTATION_CONTEXT ( 3 ) GLOBAL_UNCERTAINTY_ASSIGNED_CONTEXT ( ( #2629 ) ) GLOBAL_UNIT_ASSIGNED_CONTEXT ( ( #1090, #3257, #6492 ) ) REPRESENTATION_CONTEXT ( 'NONE', 'WORKASPACE' ) );
#2461 = PRESENTATION_LAYER_ASSIGNMENT (  '', '', ( #5367 ) ) ;
#2462 = AXIS2_PLACEMENT_3D ( 'NONE', #4243, #508, #2748 ) ;
#2463 = DIRECTION ( 'NONE',  ( -0.06104853953484747076, -0.9981347984218675862, 0.000000000000000000 ) ) ;
#2464 = DIRECTION ( 'NONE',  ( 1.000000000000000000, 0.000000000000000000, -1.247827601593249791E-16 ) ) ;
#2465 = LINE ( 'NONE', #4603, #3178 ) ;
#2466 = CARTESIAN_POINT ( 'NONE',  ( 5.270500000000000185, 0.3769999999999988916, -5.778500000000000192 ) ) ;
#2467 =( GEOMETRIC_REPRESENTATION_CONTEXT ( 3 ) GLOBAL_UNCERTAINTY_ASSIGNED_CONTEXT ( ( #1046 ) ) GLOBAL_UNIT_ASSIGNED_CONTEXT ( ( #4508, #3329, #2324 ) ) REPRESENTATION_CONTEXT ( 'NONE', 'WORKASPACE' ) );
#2468 = EDGE_CURVE ( 'NONE', #3728, #2832, #5968, .T. ) ;
#2469 = DIRECTION ( 'NONE',  ( -1.000000000000000000, 0.000000000000000000, 0.000000000000000000 ) ) ;
#2470 =( GEOMETRIC_REPRESENTATION_CONTEXT ( 3 ) GLOBAL_UNCERTAINTY_ASSIGNED_CONTEXT ( ( #970 ) ) GLOBAL_UNIT_ASSIGNED_CONTEXT ( ( #4254, #4812, #3134 ) ) REPRESENTATION_CONTEXT ( 'NONE', 'WORKASPACE' ) );
#2471 = ORIENTED_EDGE ( 'NONE', *, *, #332, .F. ) ;
#2472 = EDGE_LOOP ( 'NONE', ( #2342, #2643, #2034, #357 ) ) ;
#2473 = CARTESIAN_POINT ( 'NONE',  ( 5.778500000000000192, 0.3769999999999988916, 5.778500000000000192 ) ) ;
#2474 = DIRECTION ( 'NONE',  ( 1.000000000000000000, 0.000000000000000000, 0.000000000000000000 ) ) ;
#2475 = SURFACE_SIDE_STYLE ('',( #4100 ) ) ;
#2476 = SURFACE_STYLE_USAGE ( .BOTH. , #6258 ) ;
#2477 = CARTESIAN_POINT ( 'NONE',  ( -7.659338830835570100, 0.4213400374560394845, -3.301999999999999602 ) ) ;
#2478 = STYLED_ITEM ( 'NONE', ( #301 ), #1762 ) ;
#2479 = EDGE_CURVE ( 'NONE', #1962, #2271, #2705, .T. ) ;
#2480 = CARTESIAN_POINT ( 'NONE',  ( -6.386507856983209663, 3.581465918153455164, -0.7620000000000000107 ) ) ;
#2481 = VERTEX_POINT ( 'NONE', #2670 ) ;
#2482 = ORIENTED_EDGE ( 'NONE', *, *, #1949, .F. ) ;
#2483 = CYLINDRICAL_SURFACE ( 'NONE', #5860, 0.3699966097798256248 ) ;
#2484 = SURFACE_STYLE_USAGE ( .BOTH. , #1978 ) ;
#2485 = FILL_AREA_STYLE_COLOUR ( '', #4584 ) ;
#2486 = ADVANCED_FACE ( 'NONE', ( #564 ), #2210, .F. ) ;
#2487 =( GEOMETRIC_REPRESENTATION_CONTEXT ( 3 ) GLOBAL_UNCERTAINTY_ASSIGNED_CONTEXT ( ( #6838 ) ) GLOBAL_UNIT_ASSIGNED_CONTEXT ( ( #6302, #3112, #2047 ) ) REPRESENTATION_CONTEXT ( 'NONE', 'WORKASPACE' ) );
#2488 = ORIENTED_EDGE ( 'NONE', *, *, #3273, .T. ) ;
#2489 =( NAMED_UNIT ( * ) PLANE_ANGLE_UNIT ( ) SI_UNIT ( $, .RADIAN. ) );
#2490 = EDGE_LOOP ( 'NONE', ( #2197, #6589, #6833, #2152 ) ) ;
#2491 = UNCERTAINTY_MEASURE_WITH_UNIT (LENGTH_MEASURE( 1.000000000000000082E-05 ), #5426, 'distance_accuracy_value', 'NONE');
#2492 = SURFACE_SIDE_STYLE ('',( #2455 ) ) ;
#2493 = VECTOR ( 'NONE', #3179, 1000.000000000000000 ) ;
#2494 = FACE_OUTER_BOUND ( 'NONE', #460, .T. ) ;
#2495 = DIRECTION ( 'NONE',  ( -1.000000000000000000, 0.000000000000000000, 0.000000000000000000 ) ) ;
#2496 = VECTOR ( 'NONE', #2185, 1000.000000000000000 ) ;
#2497 = MECHANICAL_DESIGN_GEOMETRIC_PRESENTATION_REPRESENTATION (  '', ( #994 ), #6751 ) ;
#2498 =( NAMED_UNIT ( * ) SI_UNIT ( $, .STERADIAN. ) SOLID_ANGLE_UNIT ( ) );
#2499 = CARTESIAN_POINT ( 'NONE',  ( 9.105900000000000105, 0.2535262387991554789, -0.7620000000000000107 ) ) ;
#2500 = FACE_OUTER_BOUND ( 'NONE', #68, .T. ) ;
#2501 = SURFACE_STYLE_USAGE ( .BOTH. , #2950 ) ;
#2502 = SURFACE_SIDE_STYLE ('',( #4572 ) ) ;
#2503 = VECTOR ( 'NONE', #6015, 1000.000000000000000 ) ;
#2504 = ORIENTED_EDGE ( 'NONE', *, *, #4829, .T. ) ;
#2505 = ORIENTED_EDGE ( 'NONE', *, *, #4150, .F. ) ;
#2506 = EDGE_CURVE ( 'NONE', #4933, #4593, #1122, .T. ) ;
#2507 = DIRECTION ( 'NONE',  ( 1.000000000000000000, 0.000000000000000000, 0.000000000000000000 ) ) ;
#2508 = FACE_OUTER_BOUND ( 'NONE', #6119, .T. ) ;
#2509 = CARTESIAN_POINT ( 'NONE',  ( 6.591843456756369513, 3.423906370854659986, 3.301999999999999602 ) ) ;
#2510 = SURFACE_STYLE_FILL_AREA ( #2540 ) ;
#2511 = DIRECTION ( 'NONE',  ( 0.000000000000000000, 1.000000000000000000, 0.000000000000000000 ) ) ;
#2512 = CIRCLE ( 'NONE', #6428, 0.5079999999999997851 ) ;
#2513 = ORIENTED_EDGE ( 'NONE', *, *, #5876, .T. ) ;
#2514 = SURFACE_SIDE_STYLE ('',( #327 ) ) ;
#2515 = VERTEX_POINT ( 'NONE', #3843 ) ;
#2516 = ADVANCED_FACE ( 'NONE', ( #6912 ), #3286, .T. ) ;
#2517 = CARTESIAN_POINT ( 'NONE',  ( 6.386507856983209663, 3.835465918153454723, 4.317999999999999616 ) ) ;
#2518 = DIRECTION ( 'NONE',  ( 0.000000000000000000, 1.000000000000000000, 0.000000000000000000 ) ) ;
#2519 = FILL_AREA_STYLE ('',( #4044 ) ) ;
#2520 = FILL_AREA_STYLE ('',( #5747 ) ) ;
#2521 = ORIENTED_EDGE ( 'NONE', *, *, #2244, .F. ) ;
#2522 = ORIENTED_EDGE ( 'NONE', *, *, #1784, .T. ) ;
#2523 = EDGE_CURVE ( 'NONE', #4987, #5336, #5969, .T. ) ;
#2524 = SURFACE_STYLE_USAGE ( .BOTH. , #339 ) ;
#2525 = CARTESIAN_POINT ( 'NONE',  ( 5.778500000000000192, 3.835465918153454723, -0.7620000000000000107 ) ) ;
#2526 = DIRECTION ( 'NONE',  ( 0.9981347984218675862, 0.06104853953484747076, 0.000000000000000000 ) ) ;
#2527 = CYLINDRICAL_SURFACE ( 'NONE', #3006, 0.1159966097798266205 ) ;
#2528 =( NAMED_UNIT ( * ) PLANE_ANGLE_UNIT ( ) SI_UNIT ( $, .RADIAN. ) );
#2529 = PLANE ( 'NONE',  #408 ) ;
#2530 = DIRECTION ( 'NONE',  ( 0.2588190451025215166, -0.9659258262890680902, 0.000000000000000000 ) ) ;
#2531 = CARTESIAN_POINT ( 'NONE',  ( -9.105900000000000105, 0.2535262387991554789, -4.317999999999999616 ) ) ;
#2532 = CARTESIAN_POINT ( 'NONE',  ( -6.386507856983209663, 3.368886862718084796, 1.778000000000000025 ) ) ;
#2533 = CARTESIAN_POINT ( 'NONE',  ( -7.771382951983880183, 0.4513621692343839920, -0.7620000000000000107 ) ) ;
#2534 = EDGE_LOOP ( 'NONE', ( #5557, #364, #2311, #266 ) ) ;
#2535 = VERTEX_POINT ( 'NONE', #1047 ) ;
#2536 = FILL_AREA_STYLE ('',( #6357 ) ) ;
#2537 =( NAMED_UNIT ( * ) PLANE_ANGLE_UNIT ( ) SI_UNIT ( $, .RADIAN. ) );
#2538 = STYLED_ITEM ( 'NONE', ( #2181 ), #805 ) ;
#2539 = CARTESIAN_POINT ( 'NONE',  ( 9.105900000000000105, 0.2535262387991554789, 4.317999999999999616 ) ) ;
#2540 = FILL_AREA_STYLE ('',( #1268 ) ) ;
#2541 = LINE ( 'NONE', #5658, #956 ) ;
#2542 = DIRECTION ( 'NONE',  ( -0.000000000000000000, -1.000000000000000000, -0.000000000000000000 ) ) ;
#2543 = MECHANICAL_DESIGN_GEOMETRIC_PRESENTATION_REPRESENTATION (  '', ( #1151 ), #1501 ) ;
#2544 = EDGE_CURVE ( 'NONE', #3991, #2046, #1673, .T. ) ;
#2545 = VECTOR ( 'NONE', #4004, 1000.000000000000000 ) ;
#2546 = VERTEX_POINT ( 'NONE', #5569 ) ;
#2547 =( NAMED_UNIT ( * ) SI_UNIT ( $, .STERADIAN. ) SOLID_ANGLE_UNIT ( ) );
#2548 = VERTEX_POINT ( 'NONE', #3943 ) ;
#2549 = SURFACE_STYLE_USAGE ( .BOTH. , #3685 ) ;
#2550 = CYLINDRICAL_SURFACE ( 'NONE', #5913, 0.5079999999999997851 ) ;
#2551 = PRESENTATION_LAYER_ASSIGNMENT (  '', '', ( #2660 ) ) ;
#2552 = CARTESIAN_POINT ( 'NONE',  ( -9.090393670958150096, 1.102058738522372051E-15, -1.778000000000000025 ) ) ;
#2553 = PRESENTATION_STYLE_ASSIGNMENT (( #1465 ) ) ;
#2554 = MECHANICAL_DESIGN_GEOMETRIC_PRESENTATION_REPRESENTATION (  '', ( #1979 ), #6129 ) ;
#2555 = DIRECTION ( 'NONE',  ( -0.000000000000000000, 1.000000000000000000, 0.000000000000000000 ) ) ;
#2556 = EDGE_CURVE ( 'NONE', #5548, #5179, #1187, .T. ) ;
#2557 = AXIS2_PLACEMENT_3D ( 'NONE', #5655, #794, #6155 ) ;
#2558 = ORIENTED_EDGE ( 'NONE', *, *, #3954, .F. ) ;
#2559 = CARTESIAN_POINT ( 'NONE',  ( 6.386507856983209663, 3.368886862718084796, -3.301999999999999602 ) ) ;
#2560 = VERTEX_POINT ( 'NONE', #2764 ) ;
#2561 = UNCERTAINTY_MEASURE_WITH_UNIT (LENGTH_MEASURE( 1.000000000000000082E-05 ), #2616, 'distance_accuracy_value', 'NONE');
#2562 = SURFACE_STYLE_FILL_AREA ( #837 ) ;
#2563 =( LENGTH_UNIT ( ) NAMED_UNIT ( * ) SI_UNIT ( .MILLI., .METRE. ) );
#2564 = DIRECTION ( 'NONE',  ( 0.9981347984218673641, -0.06104853953484981610, 0.000000000000000000 ) ) ;
#2565 = DIRECTION ( 'NONE',  ( 0.000000000000000000, 0.000000000000000000, -1.000000000000000000 ) ) ;
#2566 = DIRECTION ( 'NONE',  ( 0.06104853953484747076, -0.9981347984218675862, 0.000000000000000000 ) ) ;
#2567 = PRESENTATION_LAYER_ASSIGNMENT (  '', '', ( #1060 ) ) ;
#2568 = AXIS2_PLACEMENT_3D ( 'NONE', #5539, #4461, #127 ) ;
#2569 = EDGE_CURVE ( 'NONE', #4647, #1563, #2864, .T. ) ;
#2570 = FILL_AREA_STYLE ('',( #5196 ) ) ;
#2571 = CARTESIAN_POINT ( 'NONE',  ( -3.351481404339324843, 6.859999999999999432, 12.38250000000000028 ) ) ;
#2572 = PRESENTATION_LAYER_ASSIGNMENT (  '', '', ( #4698 ) ) ;
#2573 = CARTESIAN_POINT ( 'NONE',  ( -6.386507856983209663, 3.368886862718084796, -1.778000000000000025 ) ) ;
#2574 =( NAMED_UNIT ( * ) SI_UNIT ( $, .STERADIAN. ) SOLID_ANGLE_UNIT ( ) );
#2575 = CARTESIAN_POINT ( 'NONE',  ( -6.386507856983209663, 3.368886862718084796, -3.301999999999999602 ) ) ;
#2576 = SURFACE_STYLE_FILL_AREA ( #6849 ) ;
#2577 = AXIS2_PLACEMENT_3D ( 'NONE', #876, #4533, #2393 ) ;
#2578 = EDGE_CURVE ( 'NONE', #604, #3073, #1739, .T. ) ;
#2579 = MECHANICAL_DESIGN_GEOMETRIC_PRESENTATION_REPRESENTATION (  '', ( #1409 ), #6825 ) ;
#2580 = DIRECTION ( 'NONE',  ( 0.000000000000000000, 0.000000000000000000, -1.000000000000000000 ) ) ;
#2581 = ORIENTED_EDGE ( 'NONE', *, *, #3767, .T. ) ;
#2582 = ORIENTED_EDGE ( 'NONE', *, *, #3430, .F. ) ;
#2583 =( GEOMETRIC_REPRESENTATION_CONTEXT ( 3 ) GLOBAL_UNCERTAINTY_ASSIGNED_CONTEXT ( ( #2561 ) ) GLOBAL_UNIT_ASSIGNED_CONTEXT ( ( #2616, #5242, #5377 ) ) REPRESENTATION_CONTEXT ( 'NONE', 'WORKASPACE' ) );
#2584 = FILL_AREA_STYLE_COLOUR ( '', #1422 ) ;
#2585 = FACE_OUTER_BOUND ( 'NONE', #2534, .T. ) ;
#2586 = ORIENTED_EDGE ( 'NONE', *, *, #4837, .T. ) ;
#2587 = ORIENTED_EDGE ( 'NONE', *, *, #1891, .F. ) ;
#2588 = VECTOR ( 'NONE', #6701, 1000.000000000000000 ) ;
#2589 = FACE_OUTER_BOUND ( 'NONE', #5529, .T. ) ;
#2590 = PRESENTATION_LAYER_ASSIGNMENT (  '', '', ( #298 ) ) ;
#2591 = PRESENTATION_LAYER_ASSIGNMENT (  '', '', ( #1199 ) ) ;
#2592 = ORIENTED_EDGE ( 'NONE', *, *, #3400, .F. ) ;
#2593 = ORIENTED_EDGE ( 'NONE', *, *, #6805, .T. ) ;
#2594 = FILL_AREA_STYLE ('',( #1550 ) ) ;
#2595 = EDGE_CURVE ( 'NONE', #2863, #4348, #6624, .T. ) ;
#2596 = SURFACE_SIDE_STYLE ('',( #304 ) ) ;
#2597 = FACE_OUTER_BOUND ( 'NONE', #3111, .T. ) ;
#2598 = VECTOR ( 'NONE', #4286, 1000.000000000000114 ) ;
#2599 = SURFACE_SIDE_STYLE ('',( #1082 ) ) ;
#2600 = PRESENTATION_STYLE_ASSIGNMENT (( #1083 ) ) ;
#2601 = FILL_AREA_STYLE_COLOUR ( '', #3278 ) ;
#2602 = MECHANICAL_DESIGN_GEOMETRIC_PRESENTATION_REPRESENTATION (  '', ( #1442 ), #3955 ) ;
#2603 = EDGE_CURVE ( 'NONE', #2036, #1411, #665, .T. ) ;
#2604 = SURFACE_STYLE_USAGE ( .BOTH. , #4191 ) ;
#2605 = DIRECTION ( 'NONE',  ( 0.000000000000000000, 0.000000000000000000, -1.000000000000000000 ) ) ;
#2606 = CARTESIAN_POINT ( 'NONE',  ( -6.386507856983209663, 3.368886862718084796, 4.317999999999999616 ) ) ;
#2607 = COLOUR_RGB ( '',0.6666666666666666297, 0.6980392156862744724, 0.7686274509803920907 ) ;
#2608 = STYLED_ITEM ( 'NONE', ( #6880 ), #2516 ) ;
#2609 = ORIENTED_EDGE ( 'NONE', *, *, #2270, .T. ) ;
#2611 = ORIENTED_EDGE ( 'NONE', *, *, #2459, .T. ) ;
#2610 = MECHANICAL_DESIGN_GEOMETRIC_PRESENTATION_REPRESENTATION (  '', ( #2044 ), #3855 ) ;
#2612 =( GEOMETRIC_REPRESENTATION_CONTEXT ( 3 ) GLOBAL_UNCERTAINTY_ASSIGNED_CONTEXT ( ( #3368 ) ) GLOBAL_UNIT_ASSIGNED_CONTEXT ( ( #1327, #5639, #2452 ) ) REPRESENTATION_CONTEXT ( 'NONE', 'WORKASPACE' ) );
#2613 = EDGE_CURVE ( 'NONE', #3054, #754, #166, .T. ) ;
#2614 = SURFACE_STYLE_USAGE ( .BOTH. , #424 ) ;
#2615 = DIRECTION ( 'NONE',  ( 0.000000000000000000, 1.000000000000000000, 0.000000000000000000 ) ) ;
#2616 =( LENGTH_UNIT ( ) NAMED_UNIT ( * ) SI_UNIT ( .MILLI., .METRE. ) );
#2617 = PLANE ( 'NONE',  #1167 ) ;
#2618 = ORIENTED_EDGE ( 'NONE', *, *, #4241, .F. ) ;
#2619 = ORIENTED_EDGE ( 'NONE', *, *, #4234, .T. ) ;
#2620 = CARTESIAN_POINT ( 'NONE',  ( 6.032499999999999751, 4.039999999999999147, 6.032499999999999751 ) ) ;
#2621 =( LENGTH_UNIT ( ) NAMED_UNIT ( * ) SI_UNIT ( .MILLI., .METRE. ) );
#2622 = AXIS2_PLACEMENT_3D ( 'NONE', #1952, #4116, #3127 ) ;
#2623 = STYLED_ITEM ( 'NONE', ( #2192 ), #3214 ) ;
#2624 = DIRECTION ( 'NONE',  ( -0.9981347984218673641, -0.06104853953484981610, 0.000000000000000000 ) ) ;
#2625 = FACE_OUTER_BOUND ( 'NONE', #5580, .T. ) ;
#2626 = EDGE_LOOP ( 'NONE', ( #1471, #3089, #5555, #6640 ) ) ;
#2627 = CARTESIAN_POINT ( 'NONE',  ( 7.659338830835570100, 0.4213400374560394845, -0.7620000000000000107 ) ) ;
#2628 = VERTEX_POINT ( 'NONE', #5434 ) ;
#2629 = UNCERTAINTY_MEASURE_WITH_UNIT (LENGTH_MEASURE( 1.000000000000000082E-05 ), #1090, 'distance_accuracy_value', 'NONE');
#2630 = DIRECTION ( 'NONE',  ( 0.000000000000000000, 0.000000000000000000, -1.000000000000000000 ) ) ;
#2631 = FILL_AREA_STYLE_COLOUR ( '', #5114 ) ;
#2632 = DIRECTION ( 'NONE',  ( 0.000000000000000000, 0.000000000000000000, -1.000000000000000000 ) ) ;
#2633 = SURFACE_STYLE_FILL_AREA ( #4810 ) ;
#2634 = EDGE_CURVE ( 'NONE', #5132, #5567, #1811, .T. ) ;
#2635 =( LENGTH_UNIT ( ) NAMED_UNIT ( * ) SI_UNIT ( .MILLI., .METRE. ) );
#2636 = DIRECTION ( 'NONE',  ( 1.000000000000000000, 0.000000000000000000, 0.000000000000000000 ) ) ;
#2637 = UNCERTAINTY_MEASURE_WITH_UNIT (LENGTH_MEASURE( 1.000000000000000082E-05 ), #3963, 'distance_accuracy_value', 'NONE');
#2638 = CARTESIAN_POINT ( 'NONE',  ( 7.771382951983880183, 0.4513621692343839920, 1.778000000000000025 ) ) ;
#2639 = PRESENTATION_STYLE_ASSIGNMENT (( #2031 ) ) ;
#2640 = PLANE ( 'NONE',  #5831 ) ;
#2641 = EDGE_CURVE ( 'NONE', #5769, #1324, #1707, .T. ) ;
#2642 = EDGE_LOOP ( 'NONE', ( #3540, #6474, #5926, #914 ) ) ;
#2643 = ORIENTED_EDGE ( 'NONE', *, *, #4789, .F. ) ;
#2644 = FACE_OUTER_BOUND ( 'NONE', #2110, .T. ) ;
#2645 = SURFACE_STYLE_USAGE ( .BOTH. , #4230 ) ;
#2646 = CARTESIAN_POINT ( 'NONE',  ( -6.837188616633790517, 3.489646408310704828, 4.317999999999999616 ) ) ;
#2647 = CARTESIAN_POINT ( 'NONE',  ( 9.105900000000000105, 0.2535262387991554789, -1.778000000000000025 ) ) ;
#2648 = LINE ( 'NONE', #1606, #5590 ) ;
#2649 = ADVANCED_FACE ( 'NONE', ( #3453 ), #703, .F. ) ;
#2650 = ORIENTED_EDGE ( 'NONE', *, *, #1189, .T. ) ;
#2651 = ORIENTED_EDGE ( 'NONE', *, *, #4284, .T. ) ;
#2652 = PRESENTATION_STYLE_ASSIGNMENT (( #5286 ) ) ;
#2653 =( LENGTH_UNIT ( ) NAMED_UNIT ( * ) SI_UNIT ( .MILLI., .METRE. ) );
#2654 = LINE ( 'NONE', #1072, #6715 ) ;
#2655 = VECTOR ( 'NONE', #6695, 1000.000000000000000 ) ;
#2656 = LINE ( 'NONE', #6898, #2454 ) ;
#2657 = AXIS2_PLACEMENT_3D ( 'NONE', #3027, #2913, #5545 ) ;
#2658 = ORIENTED_EDGE ( 'NONE', *, *, #2019, .F. ) ;
#2659 = ORIENTED_EDGE ( 'NONE', *, *, #1891, .T. ) ;
#2660 = STYLED_ITEM ( 'NONE', ( #6266 ), #279 ) ;
#2661 = AXIS2_PLACEMENT_3D ( 'NONE', #999, #5847, #6367 ) ;
#2662 = CARTESIAN_POINT ( 'NONE',  ( -7.659338830835570100, 0.4213400374560394845, -1.778000000000000025 ) ) ;
#2663 = CARTESIAN_POINT ( 'NONE',  ( 0.000000000000000000, 0.2500000000000000000, 0.000000000000000000 ) ) ;
#2664 =( LENGTH_UNIT ( ) NAMED_UNIT ( * ) SI_UNIT ( .MILLI., .METRE. ) );
#2665 =( LENGTH_UNIT ( ) NAMED_UNIT ( * ) SI_UNIT ( .MILLI., .METRE. ) );
#2666 = FILL_AREA_STYLE_COLOUR ( '', #2672 ) ;
#2667 = AXIS2_PLACEMENT_3D ( 'NONE', #2539, #4579, #5697 ) ;
#2668 = CYLINDRICAL_SURFACE ( 'NONE', #3495, 0.3810000000000002829 ) ;
#2669 = SURFACE_STYLE_USAGE ( .BOTH. , #978 ) ;
#2670 = CARTESIAN_POINT ( 'NONE',  ( 6.837188616633790517, 3.489646408310704828, 3.301999999999999602 ) ) ;
#2671 = MECHANICAL_DESIGN_GEOMETRIC_PRESENTATION_REPRESENTATION (  '', ( #2103 ), #1516 ) ;
#2672 = COLOUR_RGB ( '',0.2509803921568627416, 0.2509803921568627416, 0.2509803921568627416 ) ;
#2673 = FILL_AREA_STYLE ('',( #3144 ) ) ;
#2674 = ORIENTED_EDGE ( 'NONE', *, *, #2126, .F. ) ;
#2675 = ORIENTED_EDGE ( 'NONE', *, *, #4947, .T. ) ;
#2676 = SURFACE_SIDE_STYLE ('',( #495 ) ) ;
#2678 = SURFACE_SIDE_STYLE ('',( #3151 ) ) ;
#2677 = VECTOR ( 'NONE', #4347, 1000.000000000000000 ) ;
#2679 = CARTESIAN_POINT ( 'NONE',  ( -5.778500000000000192, 3.835465918153454723, -3.301999999999999602 ) ) ;
#2680 = EDGE_CURVE ( 'NONE', #3073, #5028, #2833, .T. ) ;
#2681 = AXIS2_PLACEMENT_3D ( 'NONE', #4865, #6865, #4281 ) ;
#2682 = FILL_AREA_STYLE_COLOUR ( '', #4244 ) ;
#2683 = DIRECTION ( 'NONE',  ( 0.000000000000000000, 1.000000000000000000, 0.000000000000000000 ) ) ;
#2684 = COLOUR_RGB ( '',0.2509803921568627416, 0.2509803921568627416, 0.2509803921568627416 ) ;
#2685 = ORIENTED_EDGE ( 'NONE', *, *, #273, .T. ) ;
#2686 = AXIS2_PLACEMENT_3D ( 'NONE', #1509, #4151, #874 ) ;
#2687 = SURFACE_SIDE_STYLE ('',( #6332 ) ) ;
#2688 = ORIENTED_EDGE ( 'NONE', *, *, #4916, .F. ) ;
#2689 = SURFACE_SIDE_STYLE ('',( #2127 ) ) ;
#2690 = FILL_AREA_STYLE_COLOUR ( '', #1123 ) ;
#2691 = ADVANCED_FACE ( 'NONE', ( #6659 ), #627, .F. ) ;
#2692 = DIRECTION ( 'NONE',  ( 0.9981347984218673641, 0.06104853953484971896, 0.000000000000000000 ) ) ;
#2693 =( GEOMETRIC_REPRESENTATION_CONTEXT ( 3 ) GLOBAL_UNCERTAINTY_ASSIGNED_CONTEXT ( ( #5501 ) ) GLOBAL_UNIT_ASSIGNED_CONTEXT ( ( #3852, #1682, #6043 ) ) REPRESENTATION_CONTEXT ( 'NONE', 'WORKASPACE' ) );
#2694 = LINE ( 'NONE', #5956, #2677 ) ;
#2695 = ORIENTED_EDGE ( 'NONE', *, *, #3639, .T. ) ;
#2696 = CARTESIAN_POINT ( 'NONE',  ( 6.386507856983209663, 3.368886862718084796, 4.317999999999999616 ) ) ;
#2697 = ORIENTED_EDGE ( 'NONE', *, *, #5272, .T. ) ;
#2698 = AXIS2_PLACEMENT_3D ( 'NONE', #814, #5645, #6845 ) ;
#2699 =( GEOMETRIC_REPRESENTATION_CONTEXT ( 3 ) GLOBAL_UNCERTAINTY_ASSIGNED_CONTEXT ( ( #4181 ) ) GLOBAL_UNIT_ASSIGNED_CONTEXT ( ( #1159, #4954, #4433 ) ) REPRESENTATION_CONTEXT ( 'NONE', 'WORKASPACE' ) );
#2700 = CARTESIAN_POINT ( 'NONE',  ( -6.837188616633790517, 3.489646408310704828, -4.317999999999999616 ) ) ;
#2701 = EDGE_CURVE ( 'NONE', #1547, #2900, #1286, .T. ) ;
#2702 =( LENGTH_UNIT ( ) NAMED_UNIT ( * ) SI_UNIT ( .MILLI., .METRE. ) );
#2703 = STYLED_ITEM ( 'NONE', ( #4007 ), #1731 ) ;
#2704 = APPLICATION_PROTOCOL_DEFINITION ( 'draft international standard', 'automotive_design', 1998, #6608 ) ;
#2705 = LINE ( 'NONE', #527, #2493 ) ;
#2706 = MECHANICAL_DESIGN_GEOMETRIC_PRESENTATION_REPRESENTATION (  '', ( #1316 ), #3287 ) ;
#2707 = DIRECTION ( 'NONE',  ( 0.000000000000000000, 0.000000000000000000, -1.000000000000000000 ) ) ;
#2708 = FACE_OUTER_BOUND ( 'NONE', #701, .T. ) ;
#2709 = COLOUR_RGB ( '',0.6666666666666666297, 0.6980392156862744724, 0.7686274509803920907 ) ;
#2710 = ORIENTED_EDGE ( 'NONE', *, *, #1063, .T. ) ;
#2711 = UNCERTAINTY_MEASURE_WITH_UNIT (LENGTH_MEASURE( 1.000000000000000082E-05 ), #5405, 'distance_accuracy_value', 'NONE');
#2712 = FACE_OUTER_BOUND ( 'NONE', #3350, .T. ) ;
#2713 = PRESENTATION_STYLE_ASSIGNMENT (( #235 ) ) ;
#2714 = VECTOR ( 'NONE', #5364, 1000.000000000000000 ) ;
#2715 = SURFACE_STYLE_USAGE ( .BOTH. , #5800 ) ;
#2716 = VECTOR ( 'NONE', #4318, 1000.000000000000227 ) ;
#2717 = ADVANCED_FACE ( 'NONE', ( #5117 ), #2020, .F. ) ;
#2718 = ORIENTED_EDGE ( 'NONE', *, *, #3802, .F. ) ;
#2719 = SURFACE_STYLE_USAGE ( .BOTH. , #4020 ) ;
#2720 = ORIENTED_EDGE ( 'NONE', *, *, #6658, .T. ) ;
#2721 = PLANE ( 'NONE',  #3526 ) ;
#2722 = FILL_AREA_STYLE_COLOUR ( '', #845 ) ;
#2723 = PRESENTATION_STYLE_ASSIGNMENT (( #6440 ) ) ;
#2724 = EDGE_CURVE ( 'NONE', #1756, #3929, #1987, .T. ) ;
#2725 = ORIENTED_EDGE ( 'NONE', *, *, #4748, .T. ) ;
#2726 = CARTESIAN_POINT ( 'NONE',  ( 6.386507856983209663, 3.581465918153455164, 1.778000000000000025 ) ) ;
#2727 = ORIENTED_EDGE ( 'NONE', *, *, #7, .F. ) ;
#2728 = COLOUR_RGB ( '',0.2509803921568627416, 0.2509803921568627416, 0.2509803921568627416 ) ;
#2729 =( NAMED_UNIT ( * ) PLANE_ANGLE_UNIT ( ) SI_UNIT ( $, .RADIAN. ) );
#2730 =( NAMED_UNIT ( * ) SI_UNIT ( $, .STERADIAN. ) SOLID_ANGLE_UNIT ( ) );
#2731 = ADVANCED_FACE ( 'NONE', ( #5670 ), #3092, .T. ) ;
#2732 = DIRECTION ( 'NONE',  ( 0.000000000000000000, 0.000000000000000000, -1.000000000000000000 ) ) ;
#2733 =( LENGTH_UNIT ( ) NAMED_UNIT ( * ) SI_UNIT ( .MILLI., .METRE. ) );
#2734 = PRESENTATION_STYLE_ASSIGNMENT (( #3213 ) ) ;
#2735 = SURFACE_SIDE_STYLE ('',( #4327 ) ) ;
#2736 = FILL_AREA_STYLE_COLOUR ( '', #2779 ) ;
#2737 = ORIENTED_EDGE ( 'NONE', *, *, #2126, .T. ) ;
#2738 =( NAMED_UNIT ( * ) SI_UNIT ( $, .STERADIAN. ) SOLID_ANGLE_UNIT ( ) );
#2739 = DIRECTION ( 'NONE',  ( 0.000000000000000000, 0.000000000000000000, 1.000000000000000000 ) ) ;
#2740 = FILL_AREA_STYLE ('',( #1229 ) ) ;
#2741 =( NAMED_UNIT ( * ) SI_UNIT ( $, .STERADIAN. ) SOLID_ANGLE_UNIT ( ) );
#2742 = VERTEX_POINT ( 'NONE', #3242 ) ;
#2743 = CARTESIAN_POINT ( 'NONE',  ( -9.105900000000000105, 0.2535262387991554789, -0.7620000000000000107 ) ) ;
#2744 = ORIENTED_EDGE ( 'NONE', *, *, #2270, .F. ) ;
#2745 = FILL_AREA_STYLE ('',( #3889 ) ) ;
#2746 = CARTESIAN_POINT ( 'NONE',  ( -7.764301528365829874, 0.3355819165141765148, 4.317999999999999616 ) ) ;
#2747 = SURFACE_SIDE_STYLE ('',( #2333 ) ) ;
#2748 = DIRECTION ( 'NONE',  ( 0.000000000000000000, 0.000000000000000000, 1.000000000000000000 ) ) ;
#2749 = EDGE_CURVE ( 'NONE', #5444, #4049, #5356, .T. ) ;
#2750 =( GEOMETRIC_REPRESENTATION_CONTEXT ( 3 ) GLOBAL_UNCERTAINTY_ASSIGNED_CONTEXT ( ( #6211 ) ) GLOBAL_UNIT_ASSIGNED_CONTEXT ( ( #5907, #2537, #4681 ) ) REPRESENTATION_CONTEXT ( 'NONE', 'WORKASPACE' ) );
#2751 = ORIENTED_EDGE ( 'NONE', *, *, #6300, .T. ) ;
#2752 = LINE ( 'NONE', #5453, #3950 ) ;
#2753 = ORIENTED_EDGE ( 'NONE', *, *, #6587, .F. ) ;
#2754 =( NAMED_UNIT ( * ) SI_UNIT ( $, .STERADIAN. ) SOLID_ANGLE_UNIT ( ) );
#2755 = DIRECTION ( 'NONE',  ( 0.000000000000000000, 1.000000000000000000, 0.000000000000000000 ) ) ;
#2756 = COLOUR_RGB ( '',0.6666666666666666297, 0.6980392156862744724, 0.7686274509803920907 ) ;
#2757 = CARTESIAN_POINT ( 'NONE',  ( 7.748795199323979865, 0.08205567771502250696, -3.301999999999999602 ) ) ;
#2758 = LINE ( 'NONE', #3733, #2886 ) ;
#2759 = VECTOR ( 'NONE', #2068, 1000.000000000000000 ) ;
#2760 = EDGE_CURVE ( 'NONE', #3619, #4161, #3208, .T. ) ;
#2761 = MECHANICAL_DESIGN_GEOMETRIC_PRESENTATION_REPRESENTATION (  '', ( #6127 ), #5338 ) ;
#2762 = ORIENTED_EDGE ( 'NONE', *, *, #6734, .T. ) ;
#2763 = UNCERTAINTY_MEASURE_WITH_UNIT (LENGTH_MEASURE( 1.000000000000000082E-05 ), #5197, 'distance_accuracy_value', 'NONE');
#2764 = CARTESIAN_POINT ( 'NONE',  ( 5.778500000000000192, 3.581465918153455164, -3.301999999999999602 ) ) ;
#2765 = EDGE_CURVE ( 'NONE', #3036, #5549, #438, .T. ) ;
#2766 = COLOUR_RGB ( '',0.6666666666666666297, 0.6980392156862744724, 0.7686274509803920907 ) ;
#2767 =( LENGTH_UNIT ( ) NAMED_UNIT ( * ) SI_UNIT ( .MILLI., .METRE. ) );
#2768 = UNCERTAINTY_MEASURE_WITH_UNIT (LENGTH_MEASURE( 1.000000000000000082E-05 ), #4973, 'distance_accuracy_value', 'NONE');
#2769 = PRESENTATION_STYLE_ASSIGNMENT (( #3292 ) ) ;
#2770 = DIRECTION ( 'NONE',  ( 0.9981347984218673641, 0.06104853953484971896, 0.000000000000000000 ) ) ;
#2771 = DIRECTION ( 'NONE',  ( 0.000000000000000000, 0.000000000000000000, 1.000000000000000000 ) ) ;
#2772 = DIRECTION ( 'NONE',  ( -1.000000000000000000, 0.000000000000000000, 0.000000000000000000 ) ) ;
#2773 = ADVANCED_FACE ( 'NONE', ( #6343 ), #5295, .F. ) ;
#2774 = DIRECTION ( 'NONE',  ( -0.2588190451025215166, 0.9659258262890680902, 0.000000000000000000 ) ) ;
#2775 = VECTOR ( 'NONE', #1370, 1000.000000000000000 ) ;
#2776 = ORIENTED_EDGE ( 'NONE', *, *, #5766, .T. ) ;
#2777 = CARTESIAN_POINT ( 'NONE',  ( -6.386507856983209663, 3.581465918153455164, 4.317999999999999616 ) ) ;
#2778 = ORIENTED_EDGE ( 'NONE', *, *, #4241, .T. ) ;
#2780 = UNCERTAINTY_MEASURE_WITH_UNIT (LENGTH_MEASURE( 1.000000000000000082E-05 ), #3159, 'distance_accuracy_value', 'NONE');
#2779 = COLOUR_RGB ( '',0.6666666666666666297, 0.6980392156862744724, 0.7686274509803920907 ) ;
#2781 = CARTESIAN_POINT ( 'NONE',  ( 9.105900000000000105, 0.2535262387991554789, 1.778000000000000025 ) ) ;
#2782 = DIRECTION ( 'NONE',  ( 1.000000000000000000, 0.000000000000000000, 0.000000000000000000 ) ) ;
#2783 = DIRECTION ( 'NONE',  ( 0.06104853953484982304, -0.9981347984218674751, 0.000000000000000000 ) ) ;
#2784 = DIRECTION ( 'NONE',  ( 1.000000000000000000, 0.000000000000000000, 0.000000000000000000 ) ) ;
#2785 = LINE ( 'NONE', #2814, #1536 ) ;
#2786 = VECTOR ( 'NONE', #3689, 1000.000000000000000 ) ;
#2787 = ORIENTED_EDGE ( 'NONE', *, *, #5386, .F. ) ;
#2788 = VERTEX_POINT ( 'NONE', #971 ) ;
#2789 = FACE_OUTER_BOUND ( 'NONE', #6309, .T. ) ;
#2790 = CARTESIAN_POINT ( 'NONE',  ( 7.413993670958149984, 0.3556000000000000272, -3.301999999999999602 ) ) ;
#2791 = STYLED_ITEM ( 'NONE', ( #2043 ), #6365 ) ;
#2792 = DIRECTION ( 'NONE',  ( 0.000000000000000000, 0.000000000000000000, -1.000000000000000000 ) ) ;
#2793 = FILL_AREA_STYLE_COLOUR ( '', #4472 ) ;
#2794 = SURFACE_STYLE_FILL_AREA ( #2899 ) ;
#2795 = ORIENTED_EDGE ( 'NONE', *, *, #2385, .T. ) ;
#2796 = EDGE_CURVE ( 'NONE', #5393, #4498, #1008, .T. ) ;
#2797 = FILL_AREA_STYLE_COLOUR ( '', #4627 ) ;
#2798 = COLOUR_RGB ( '',0.6666666666666666297, 0.6980392156862744724, 0.7686274509803920907 ) ;
#2799 = VECTOR ( 'NONE', #6447, 1000.000000000000000 ) ;
#2800 = CARTESIAN_POINT ( 'NONE',  ( 7.771382951983880183, 0.4513621692343839920, 4.317999999999999616 ) ) ;
#2801 = DIRECTION ( 'NONE',  ( 0.000000000000000000, 0.000000000000000000, -1.000000000000000000 ) ) ;
#2802 = VECTOR ( 'NONE', #5219, 1000.000000000000227 ) ;
#2803 = EDGE_CURVE ( 'NONE', #362, #1547, #6416, .T. ) ;
#2804 = ORIENTED_EDGE ( 'NONE', *, *, #4670, .T. ) ;
#2805 = CARTESIAN_POINT ( 'NONE',  ( 9.105900000000000105, 0.2535262387991554789, -3.301999999999999602 ) ) ;
#2806 = FACE_OUTER_BOUND ( 'NONE', #6862, .T. ) ;
#2807 = PRESENTATION_STYLE_ASSIGNMENT (( #1130 ) ) ;
#2808 = ADVANCED_FACE ( 'NONE', ( #3795 ), #2060, .F. ) ;
#2809 = ORIENTED_EDGE ( 'NONE', *, *, #4493, .F. ) ;
#2810 = VERTEX_POINT ( 'NONE', #617 ) ;
#2811 = VECTOR ( 'NONE', #1149, 1000.000000000000000 ) ;
#2812 = CYLINDRICAL_SURFACE ( 'NONE', #1049, 0.1159966097798266205 ) ;
#2813 = DIRECTION ( 'NONE',  ( -1.000000000000000000, 0.000000000000000000, 0.000000000000000000 ) ) ;
#2814 = CARTESIAN_POINT ( 'NONE',  ( 6.386507856983209663, 3.581465918153455164, -0.7620000000000000107 ) ) ;
#2815 = DIRECTION ( 'NONE',  ( 1.000000000000000000, 0.000000000000000000, 0.000000000000000000 ) ) ;
#2816 = VECTOR ( 'NONE', #4570, 1000.000000000000000 ) ;
#2817 = VECTOR ( 'NONE', #6058, 1000.000000000000114 ) ;
#2818 = ORIENTED_EDGE ( 'NONE', *, *, #3110, .F. ) ;
#2819 = CARTESIAN_POINT ( 'NONE',  ( -5.206424362375529746, 0.3769999999999999463, 4.825424362375530407 ) ) ;
#2820 = EDGE_LOOP ( 'NONE', ( #5924, #3485, #4265, #5142 ) ) ;
#2821 =( LENGTH_UNIT ( ) NAMED_UNIT ( * ) SI_UNIT ( .MILLI., .METRE. ) );
#2822 =( NAMED_UNIT ( * ) SI_UNIT ( $, .STERADIAN. ) SOLID_ANGLE_UNIT ( ) );
#2823 = VECTOR ( 'NONE', #4354, 1000.000000000000227 ) ;
#2824 = DIRECTION ( 'NONE',  ( 0.000000000000000000, 0.000000000000000000, -1.000000000000000000 ) ) ;
#2826 = MECHANICAL_DESIGN_GEOMETRIC_PRESENTATION_REPRESENTATION (  '', ( #3972 ), #2279 ) ;
#2825 = LINE ( 'NONE', #4451, #669 ) ;
#2827 = SURFACE_STYLE_USAGE ( .BOTH. , #4938 ) ;
#2828 =( GEOMETRIC_REPRESENTATION_CONTEXT ( 3 ) GLOBAL_UNCERTAINTY_ASSIGNED_CONTEXT ( ( #2363 ) ) GLOBAL_UNIT_ASSIGNED_CONTEXT ( ( #4660, #2932, #1947 ) ) REPRESENTATION_CONTEXT ( 'NONE', 'WORKASPACE' ) );
#2829 = VECTOR ( 'NONE', #4410, 1000.000000000000000 ) ;
#2830 = VERTEX_POINT ( 'NONE', #3930 ) ;
#2831 = CARTESIAN_POINT ( 'NONE',  ( -5.778500000000000192, 3.581465918153455164, 4.317999999999999616 ) ) ;
#2832 = VERTEX_POINT ( 'NONE', #4351 ) ;
#2833 = LINE ( 'NONE', #5049, #3856 ) ;
#2834 = CARTESIAN_POINT ( 'NONE',  ( -9.090393670958150096, 1.102058738522372051E-15, -0.7620000000000000107 ) ) ;
#2835 = STYLED_ITEM ( 'NONE', ( #3611 ), #3393 ) ;
#2836 = PRODUCT_RELATED_PRODUCT_CATEGORY ( 'part', '', ( #5850 ) ) ;
#2837 = VECTOR ( 'NONE', #2850, 1000.000000000000000 ) ;
#2838 = DIRECTION ( 'NONE',  ( 0.000000000000000000, 0.000000000000000000, 1.000000000000000000 ) ) ;
#2839 = UNCERTAINTY_MEASURE_WITH_UNIT (LENGTH_MEASURE( 1.000000000000000082E-05 ), #1828, 'distance_accuracy_value', 'NONE');
#2840 = LINE ( 'NONE', #1157, #5971 ) ;
#2841 =( LENGTH_UNIT ( ) NAMED_UNIT ( * ) SI_UNIT ( .MILLI., .METRE. ) );
#2842 = EDGE_CURVE ( 'NONE', #1914, #4557, #1211, .T. ) ;
#2843 = CARTESIAN_POINT ( 'NONE',  ( 5.206424362375529746, -1.077630734528302048, -5.206424362375529746 ) ) ;
#2844 = ORIENTED_EDGE ( 'NONE', *, *, #2112, .F. ) ;
#2845 = ORIENTED_EDGE ( 'NONE', *, *, #4992, .F. ) ;
#2846 = UNCERTAINTY_MEASURE_WITH_UNIT (LENGTH_MEASURE( 1.000000000000000082E-05 ), #1065, 'distance_accuracy_value', 'NONE');
#2847 =( NAMED_UNIT ( * ) PLANE_ANGLE_UNIT ( ) SI_UNIT ( $, .RADIAN. ) );
#2848 = FILL_AREA_STYLE_COLOUR ( '', #2321 ) ;
#2849 = DIRECTION ( 'NONE',  ( 0.000000000000000000, 0.000000000000000000, -1.000000000000000000 ) ) ;
#2850 = DIRECTION ( 'NONE',  ( 0.000000000000000000, 0.000000000000000000, -1.000000000000000000 ) ) ;
#2851 = FILL_AREA_STYLE_COLOUR ( '', #6154 ) ;
#2852 = EDGE_CURVE ( 'NONE', #5763, #5218, #4902, .T. ) ;
#2853 = PRESENTATION_STYLE_ASSIGNMENT (( #3925 ) ) ;
#2854 = ORIENTED_EDGE ( 'NONE', *, *, #243, .F. ) ;
#2855 = CARTESIAN_POINT ( 'NONE',  ( -5.778500000000000192, 3.835465918153454723, -3.301999999999999602 ) ) ;
#2856 = ORIENTED_EDGE ( 'NONE', *, *, #690, .T. ) ;
#2857 =( LENGTH_UNIT ( ) NAMED_UNIT ( * ) SI_UNIT ( .MILLI., .METRE. ) );
#2858 = CARTESIAN_POINT ( 'NONE',  ( 6.386507856983209663, 3.368886862718084796, 1.778000000000000025 ) ) ;
#2859 = PRESENTATION_STYLE_ASSIGNMENT (( #4972 ) ) ;
#2860 = PLANE ( 'NONE',  #5303 ) ;
#2861 = ORIENTED_EDGE ( 'NONE', *, *, #4284, .F. ) ;
#2862 = CARTESIAN_POINT ( 'NONE',  ( -6.591843456756369513, 3.423906370854659986, -3.301999999999999602 ) ) ;
#2863 = VERTEX_POINT ( 'NONE', #6513 ) ;
#2864 = LINE ( 'NONE', #6522, #5616 ) ;
#2865 = COLOUR_RGB ( '',0.6666666666666666297, 0.6980392156862744724, 0.7686274509803920907 ) ;
#2866 = CARTESIAN_POINT ( 'NONE',  ( -7.413993670958149984, 0.3556000000000000272, 0.7620000000000000107 ) ) ;
#2867 = CARTESIAN_POINT ( 'NONE',  ( 7.771382951983880183, 0.4513621692343839920, 4.317999999999999616 ) ) ;
#2868 = SURFACE_STYLE_FILL_AREA ( #6069 ) ;
#2869 = VECTOR ( 'NONE', #6060, 1000.000000000000000 ) ;
#2870 = FILL_AREA_STYLE_COLOUR ( '', #3199 ) ;
#2871 = DIRECTION ( 'NONE',  ( 1.000000000000000000, 0.000000000000000000, 0.000000000000000000 ) ) ;
#2872 = FILL_AREA_STYLE_COLOUR ( '', #2086 ) ;
#2873 = AXIS2_PLACEMENT_3D ( 'NONE', #6123, #1385, #4173 ) ;
#2874 = STYLED_ITEM ( 'NONE', ( #1102 ), #4755 ) ;
#2875 = DIRECTION ( 'NONE',  ( 0.000000000000000000, 1.000000000000000000, 0.000000000000000000 ) ) ;
#2876 =( NAMED_UNIT ( * ) PLANE_ANGLE_UNIT ( ) SI_UNIT ( $, .RADIAN. ) );
#2877 = CARTESIAN_POINT ( 'NONE',  ( -7.771382951983880183, 0.4513621692343839920, -3.301999999999999602 ) ) ;
#2878 = AXIS2_PLACEMENT_3D ( 'NONE', #6114, #1964, #2507 ) ;
#2879 = STYLED_ITEM ( 'NONE', ( #3646 ), #4984 ) ;
#2880 = ORIENTED_EDGE ( 'NONE', *, *, #6214, .T. ) ;
#2881 = VERTEX_POINT ( 'NONE', #4418 ) ;
#2882 = ADVANCED_FACE ( 'NONE', ( #3871 ), #157, .F. ) ;
#2883 = DIRECTION ( 'NONE',  ( 0.000000000000000000, 1.000000000000000000, 0.000000000000000000 ) ) ;
#2884 = DIRECTION ( 'NONE',  ( 1.000000000000000000, 0.000000000000000000, 0.000000000000000000 ) ) ;
#2885 =( LENGTH_UNIT ( ) NAMED_UNIT ( * ) SI_UNIT ( .MILLI., .METRE. ) );
#2886 = VECTOR ( 'NONE', #1039, 1000.000000000000000 ) ;
#2887 = MECHANICAL_DESIGN_GEOMETRIC_PRESENTATION_REPRESENTATION (  '', ( #3019 ), #6371 ) ;
#2888 = ORIENTED_EDGE ( 'NONE', *, *, #4565, .T. ) ;
#2889 = PRESENTATION_LAYER_ASSIGNMENT (  '', '', ( #6372 ) ) ;
#2890 =( NAMED_UNIT ( * ) SI_UNIT ( $, .STERADIAN. ) SOLID_ANGLE_UNIT ( ) );
#2891 = ORIENTED_EDGE ( 'NONE', *, *, #5804, .F. ) ;
#2892 = EDGE_CURVE ( 'NONE', #3927, #3054, #1805, .T. ) ;
#2893 = CARTESIAN_POINT ( 'NONE',  ( 6.837188616633790517, 3.489646408310704828, 4.317999999999999616 ) ) ;
#2894 = LINE ( 'NONE', #2790, #6913 ) ;
#2895 = CARTESIAN_POINT ( 'NONE',  ( 7.764301528365829874, 0.3355819165141765148, 4.317999999999999616 ) ) ;
#2896 = VECTOR ( 'NONE', #4766, 1000.000000000000114 ) ;
#2897 = PRESENTATION_LAYER_ASSIGNMENT (  '', '', ( #2121 ) ) ;
#2898 = ORIENTED_EDGE ( 'NONE', *, *, #3461, .F. ) ;
#2899 = FILL_AREA_STYLE ('',( #2280 ) ) ;
#2900 = VERTEX_POINT ( 'NONE', #3341 ) ;
#2901 = EDGE_CURVE ( 'NONE', #6239, #3299, #5425, .T. ) ;
#2902 = UNCERTAINTY_MEASURE_WITH_UNIT (LENGTH_MEASURE( 1.000000000000000082E-05 ), #4093, 'distance_accuracy_value', 'NONE');
#2903 = CARTESIAN_POINT ( 'NONE',  ( -9.105900000000000105, 0.2535262387991554789, 1.778000000000000025 ) ) ;
#2904 =( NAMED_UNIT ( * ) SI_UNIT ( $, .STERADIAN. ) SOLID_ANGLE_UNIT ( ) );
#2905 = CARTESIAN_POINT ( 'NONE',  ( -3.718452194160842605, 6.859999999999999432, 9.277156605822819202 ) ) ;
#2906 = FILL_AREA_STYLE ('',( #3559 ) ) ;
#2907 = AXIS2_PLACEMENT_3D ( 'NONE', #2915, #5060, #3854 ) ;
#2908 = FACE_OUTER_BOUND ( 'NONE', #3693, .T. ) ;
#2909 = LINE ( 'NONE', #5055, #5720 ) ;
#2910 = UNCERTAINTY_MEASURE_WITH_UNIT (LENGTH_MEASURE( 1.000000000000000082E-05 ), #181, 'distance_accuracy_value', 'NONE');
#2911 = VECTOR ( 'NONE', #673, 1000.000000000000000 ) ;
#2912 = SURFACE_STYLE_USAGE ( .BOTH. , #2984 ) ;
#2913 = DIRECTION ( 'NONE',  ( 0.000000000000000000, 1.000000000000000000, 0.000000000000000000 ) ) ;
#2914 = DIRECTION ( 'NONE',  ( -0.06104853953484972590, 0.9981347984218674751, 0.000000000000000000 ) ) ;
#2915 = CARTESIAN_POINT ( 'NONE',  ( 7.771382951983880183, 0.4513621692343839920, 4.317999999999999616 ) ) ;
#2916 = VECTOR ( 'NONE', #737, 1000.000000000000114 ) ;
#2917 = ORIENTED_EDGE ( 'NONE', *, *, #5986, .T. ) ;
#2918 = EDGE_LOOP ( 'NONE', ( #5318, #6967, #6113, #3391 ) ) ;
#2919 = FACE_OUTER_BOUND ( 'NONE', #5312, .T. ) ;
#2920 = LINE ( 'NONE', #220, #4245 ) ;
#2921 = SURFACE_STYLE_USAGE ( .BOTH. , #2475 ) ;
#2922 = CIRCLE ( 'NONE', #3620, 0.3699966097798265130 ) ;
#2923 = FACE_OUTER_BOUND ( 'NONE', #473, .T. ) ;
#2924 = CARTESIAN_POINT ( 'NONE',  ( 6.386507856983209663, 3.368886862718084796, -3.301999999999999602 ) ) ;
#2925 = EDGE_CURVE ( 'NONE', #5432, #232, #1144, .T. ) ;
#2926 = PRESENTATION_LAYER_ASSIGNMENT (  '', '', ( #985 ) ) ;
#2927 = EDGE_LOOP ( 'NONE', ( #2089, #2674, #929, #4528 ) ) ;
#2928 = DIRECTION ( 'NONE',  ( 0.9981347984218673641, -0.06104853953484981610, 0.000000000000000000 ) ) ;
#2929 = VERTEX_POINT ( 'NONE', #3446 ) ;
#2930 = DIRECTION ( 'NONE',  ( 0.000000000000000000, 0.000000000000000000, -1.000000000000000000 ) ) ;
#2931 = DIRECTION ( 'NONE',  ( 0.000000000000000000, 0.000000000000000000, -1.000000000000000000 ) ) ;
#2932 =( NAMED_UNIT ( * ) PLANE_ANGLE_UNIT ( ) SI_UNIT ( $, .RADIAN. ) );
#2933 = EDGE_CURVE ( 'NONE', #6373, #2481, #5558, .T. ) ;
#2934 = ORIENTED_EDGE ( 'NONE', *, *, #2842, .T. ) ;
#2935 = SURFACE_STYLE_USAGE ( .BOTH. , #5084 ) ;
#2936 =( GEOMETRIC_REPRESENTATION_CONTEXT ( 3 ) GLOBAL_UNCERTAINTY_ASSIGNED_CONTEXT ( ( #1796 ) ) GLOBAL_UNIT_ASSIGNED_CONTEXT ( ( #3986, #6667, #6182 ) ) REPRESENTATION_CONTEXT ( 'NONE', 'WORKASPACE' ) );
#2937 = ORIENTED_EDGE ( 'NONE', *, *, #892, .F. ) ;
#2938 = PRESENTATION_LAYER_ASSIGNMENT (  '', '', ( #6077 ) ) ;
#2939 = PRESENTATION_STYLE_ASSIGNMENT (( #4702 ) ) ;
#2940 = PLANE ( 'NONE',  #2568 ) ;
#2941 = SURFACE_STYLE_USAGE ( .BOTH. , #779 ) ;
#2942 =( GEOMETRIC_REPRESENTATION_CONTEXT ( 3 ) GLOBAL_UNCERTAINTY_ASSIGNED_CONTEXT ( ( #718 ) ) GLOBAL_UNIT_ASSIGNED_CONTEXT ( ( #1444, #3601, #2574 ) ) REPRESENTATION_CONTEXT ( 'NONE', 'WORKASPACE' ) );
#2943 = ADVANCED_FACE ( 'NONE', ( #2789 ), #4936, .F. ) ;
#2944 = PRESENTATION_STYLE_ASSIGNMENT (( #5161 ) ) ;
#2945 = CARTESIAN_POINT ( 'NONE',  ( 6.386507856983209663, 3.581465918153455164, -0.7620000000000000107 ) ) ;
#2946 = FACE_OUTER_BOUND ( 'NONE', #3538, .T. ) ;
#2947 = COLOUR_RGB ( '',0.6666666666666666297, 0.6980392156862744724, 0.7686274509803920907 ) ;
#2948 = AXIS2_PLACEMENT_3D ( 'NONE', #3994, #5585, #4611 ) ;
#2949 = DIRECTION ( 'NONE',  ( 0.000000000000000000, 0.000000000000000000, -1.000000000000000000 ) ) ;
#2950 = SURFACE_SIDE_STYLE ('',( #3030 ) ) ;
#2951 =( LENGTH_UNIT ( ) NAMED_UNIT ( * ) SI_UNIT ( .MILLI., .METRE. ) );
#2952 = EDGE_LOOP ( 'NONE', ( #6441, #217, #602, #6770, #4247, #2505, #2301, #3197, #1200, #5181, #1434, #6404 ) ) ;
#2953 = ORIENTED_EDGE ( 'NONE', *, *, #752, .T. ) ;
#2954 = SURFACE_SIDE_STYLE ('',( #793 ) ) ;
#2955 = PRESENTATION_STYLE_ASSIGNMENT (( #4070 ) ) ;
#2956 = CARTESIAN_POINT ( 'NONE',  ( 6.386507856983209663, 3.835465918153454723, -3.301999999999999602 ) ) ;
#2957 = SURFACE_STYLE_USAGE ( .BOTH. , #321 ) ;
#2958 = CYLINDRICAL_SURFACE ( 'NONE', #6485, 0.5079999999999997851 ) ;
#2959 = ORIENTED_EDGE ( 'NONE', *, *, #4222, .F. ) ;
#2960 = ORIENTED_EDGE ( 'NONE', *, *, #1647, .F. ) ;
#2961 = CARTESIAN_POINT ( 'NONE',  ( 7.771382951983880183, 0.4513621692343839920, 4.317999999999999616 ) ) ;
#2962 =( NAMED_UNIT ( * ) SI_UNIT ( $, .STERADIAN. ) SOLID_ANGLE_UNIT ( ) );
#2963 = CARTESIAN_POINT ( 'NONE',  ( -7.659338830835570100, 0.4213400374560394845, -0.7620000000000000107 ) ) ;
#2964 = FACE_BOUND ( 'NONE', #3653, .T. ) ;
#2965 = ADVANCED_FACE ( 'NONE', ( #1277 ), #2483, .T. ) ;
#2966 =( NAMED_UNIT ( * ) SI_UNIT ( $, .STERADIAN. ) SOLID_ANGLE_UNIT ( ) );
#2967 = ORIENTED_EDGE ( 'NONE', *, *, #6914, .F. ) ;
#2968 = PRESENTATION_STYLE_ASSIGNMENT (( #2935 ) ) ;
#2969 = VERTEX_POINT ( 'NONE', #3048 ) ;
#2970 = UNCERTAINTY_MEASURE_WITH_UNIT (LENGTH_MEASURE( 1.000000000000000082E-05 ), #2212, 'distance_accuracy_value', 'NONE');
#2971 = DIRECTION ( 'NONE',  ( -0.2588190451025215166, 0.9659258262890680902, 0.000000000000000000 ) ) ;
#2972 = DIRECTION ( 'NONE',  ( 0.000000000000000000, 0.000000000000000000, 1.000000000000000000 ) ) ;
#2973 = EDGE_CURVE ( 'NONE', #4828, #6121, #5074, .T. ) ;
#2974 = LINE ( 'NONE', #2866, #5365 ) ;
#2975 =( GEOMETRIC_REPRESENTATION_CONTEXT ( 3 ) GLOBAL_UNCERTAINTY_ASSIGNED_CONTEXT ( ( #2970 ) ) GLOBAL_UNIT_ASSIGNED_CONTEXT ( ( #2212, #6558, #4296 ) ) REPRESENTATION_CONTEXT ( 'NONE', 'WORKASPACE' ) );
#2976 =( NAMED_UNIT ( * ) SI_UNIT ( $, .STERADIAN. ) SOLID_ANGLE_UNIT ( ) );
#2977 =( NAMED_UNIT ( * ) SI_UNIT ( $, .STERADIAN. ) SOLID_ANGLE_UNIT ( ) );
#2978 = SURFACE_STYLE_USAGE ( .BOTH. , #841 ) ;
#2979 = PRESENTATION_LAYER_ASSIGNMENT (  '', '', ( #2206 ) ) ;
#2980 = LINE ( 'NONE', #3096, #2135 ) ;
#2981 = UNCERTAINTY_MEASURE_WITH_UNIT (LENGTH_MEASURE( 1.000000000000000082E-05 ), #170, 'distance_accuracy_value', 'NONE');
#2982 = DIRECTION ( 'NONE',  ( 0.000000000000000000, 0.000000000000000000, -1.000000000000000000 ) ) ;
#2983 = EDGE_CURVE ( 'NONE', #2742, #3186, #1946, .T. ) ;
#2984 = SURFACE_SIDE_STYLE ('',( #4470 ) ) ;
#2985 = DIRECTION ( 'NONE',  ( 0.000000000000000000, 0.000000000000000000, 1.000000000000000000 ) ) ;
#2986 = CIRCLE ( 'NONE', #4346, 0.5079999999999997851 ) ;
#2987 = PRESENTATION_LAYER_ASSIGNMENT (  '', '', ( #2538 ) ) ;
#2988 =( LENGTH_UNIT ( ) NAMED_UNIT ( * ) SI_UNIT ( .MILLI., .METRE. ) );
#2989 =( GEOMETRIC_REPRESENTATION_CONTEXT ( 3 ) GLOBAL_UNCERTAINTY_ASSIGNED_CONTEXT ( ( #4739 ) ) GLOBAL_UNIT_ASSIGNED_CONTEXT ( ( #6075, #1827, #6148 ) ) REPRESENTATION_CONTEXT ( 'NONE', 'WORKASPACE' ) );
#2990 = AXIS2_PLACEMENT_3D ( 'NONE', #2858, #4520, #4999 ) ;
#2991 = EDGE_LOOP ( 'NONE', ( #3415, #5202, #6569, #4407 ) ) ;
#2992 = CIRCLE ( 'NONE', #6462, 0.2125790554353725048 ) ;
#2993 = ORIENTED_EDGE ( 'NONE', *, *, #772, .F. ) ;
#2994 = EDGE_CURVE ( 'NONE', #5336, #2929, #4658, .T. ) ;
#2995 = CARTESIAN_POINT ( 'NONE',  ( 6.386507856983209663, 3.581465918153455164, 1.778000000000000025 ) ) ;
#2996 = CARTESIAN_POINT ( 'NONE',  ( 6.386507856983209663, 3.835465918153454723, 1.778000000000000025 ) ) ;
#2997 = DIRECTION ( 'NONE',  ( 0.000000000000000000, 1.000000000000000000, 0.000000000000000000 ) ) ;
#2998 = DIRECTION ( 'NONE',  ( 1.000000000000000000, 0.000000000000000000, 0.000000000000000000 ) ) ;
#2999 = COLOUR_RGB ( '',0.6666666666666666297, 0.6980392156862744724, 0.7686274509803920907 ) ;
#3000 = AXIS2_PLACEMENT_3D ( 'NONE', #1863, #3505, #5618 ) ;
#3001 = LINE ( 'NONE', #5208, #6487 ) ;
#3002 = ORIENTED_EDGE ( 'NONE', *, *, #3302, .T. ) ;
#3003 = DIRECTION ( 'NONE',  ( 0.000000000000000000, 0.000000000000000000, 1.000000000000000000 ) ) ;
#3004 = ORIENTED_EDGE ( 'NONE', *, *, #2544, .F. ) ;
#3005 = MECHANICAL_DESIGN_GEOMETRIC_PRESENTATION_REPRESENTATION (  '', ( #5129 ), #4804 ) ;
#3006 = AXIS2_PLACEMENT_3D ( 'NONE', #5719, #1510, #5194 ) ;
#3007 = CARTESIAN_POINT ( 'NONE',  ( -7.764301528365829874, 0.3355819165141765148, 0.7620000000000000107 ) ) ;
#3008 =( NAMED_UNIT ( * ) SI_UNIT ( $, .STERADIAN. ) SOLID_ANGLE_UNIT ( ) );
#3009 = SURFACE_STYLE_FILL_AREA ( #2415 ) ;
#3010 = FILL_AREA_STYLE ('',( #2485 ) ) ;
#3011 =( GEOMETRIC_REPRESENTATION_CONTEXT ( 3 ) GLOBAL_UNCERTAINTY_ASSIGNED_CONTEXT ( ( #2711 ) ) GLOBAL_UNIT_ASSIGNED_CONTEXT ( ( #5405, #5469, #4464 ) ) REPRESENTATION_CONTEXT ( 'NONE', 'WORKASPACE' ) );
#3012 = CIRCLE ( 'NONE', #3705, 0.4665790554353732578 ) ;
#3013 = EDGE_LOOP ( 'NONE', ( #2898, #3436, #5355, #3102, #2016, #4162, #3015, #579, #1208, #1765, #6520, #2292 ) ) ;
#3014 = LINE ( 'NONE', #1391, #4385 ) ;
#3015 = ORIENTED_EDGE ( 'NONE', *, *, #5212, .F. ) ;
#3016 = DIRECTION ( 'NONE',  ( 0.000000000000000000, -1.000000000000000000, 0.000000000000000000 ) ) ;
#3017 = STYLED_ITEM ( 'NONE', ( #2723 ), #6171 ) ;
#3018 = CARTESIAN_POINT ( 'NONE',  ( 7.748795199323979865, 0.08205567771502250696, -3.301999999999999602 ) ) ;
#3019 = STYLED_ITEM ( 'NONE', ( #4625 ), #5415 ) ;
#3020 = SURFACE_STYLE_FILL_AREA ( #2457 ) ;
#3021 = DIRECTION ( 'NONE',  ( 0.000000000000000000, 0.000000000000000000, -1.000000000000000000 ) ) ;
#3022 = AXIS2_PLACEMENT_3D ( 'NONE', #2184, #593, #3850 ) ;
#3023 = EDGE_CURVE ( 'NONE', #28, #3445, #1426, .T. ) ;
#3024 = CIRCLE ( 'NONE', #2686, 0.4665790554353732578 ) ;
#3025 = CARTESIAN_POINT ( 'NONE',  ( 5.778500000000000192, 3.835465918153454723, -0.7620000000000000107 ) ) ;
#3026 = LINE ( 'NONE', #3634, #1446 ) ;
#3027 = CARTESIAN_POINT ( 'NONE',  ( 5.206424362375529746, 0.2500000000000000000, -5.206424362375529746 ) ) ;
#3028 =( GEOMETRIC_REPRESENTATION_CONTEXT ( 3 ) GLOBAL_UNCERTAINTY_ASSIGNED_CONTEXT ( ( #2145 ) ) GLOBAL_UNIT_ASSIGNED_CONTEXT ( ( #1646, #3296, #1686 ) ) REPRESENTATION_CONTEXT ( 'NONE', 'WORKASPACE' ) );
#3029 = STYLED_ITEM ( 'NONE', ( #4334 ), #1252 ) ;
#3030 = SURFACE_STYLE_FILL_AREA ( #312 ) ;
#3031 = LINE ( 'NONE', #1447, #2360 ) ;
#3032 = EDGE_CURVE ( 'NONE', #2810, #2830, #5743, .T. ) ;
#3033 =( GEOMETRIC_REPRESENTATION_CONTEXT ( 3 ) GLOBAL_UNCERTAINTY_ASSIGNED_CONTEXT ( ( #2763 ) ) GLOBAL_UNIT_ASSIGNED_CONTEXT ( ( #5197, #1957, #274 ) ) REPRESENTATION_CONTEXT ( 'NONE', 'WORKASPACE' ) );
#3034 = AXIS2_PLACEMENT_3D ( 'NONE', #4843, #1596, #2636 ) ;
#3035 = VERTEX_POINT ( 'NONE', #3007 ) ;
#3036 = VERTEX_POINT ( 'NONE', #6685 ) ;
#3037 = CARTESIAN_POINT ( 'NONE',  ( -0.9665185956606708872, 6.859999999999999432, 12.38250000000000028 ) ) ;
#3038 = FILL_AREA_STYLE ('',( #4031 ) ) ;
#3039 = CARTESIAN_POINT ( 'NONE',  ( 6.386507856983209663, 3.835465918153454723, 4.317999999999999616 ) ) ;
#3040 = CARTESIAN_POINT ( 'NONE',  ( 5.778500000000000192, -16.34406614034584848, 5.778500000000000192 ) ) ;
#3041 = CARTESIAN_POINT ( 'NONE',  ( 6.944121816566750205, 3.090566273144979892, 4.317999999999999616 ) ) ;
#3042 = SURFACE_STYLE_FILL_AREA ( #1313 ) ;
#3043 = EDGE_CURVE ( 'NONE', #4858, #6152, #6730, .T. ) ;
#3044 = ORIENTED_EDGE ( 'NONE', *, *, #1997, .F. ) ;
#3045 = CARTESIAN_POINT ( 'NONE',  ( 6.386507856983209663, 3.581465918153455164, -3.301999999999999602 ) ) ;
#3046 = ORIENTED_EDGE ( 'NONE', *, *, #6796, .F. ) ;
#3047 = AXIS2_PLACEMENT_3D ( 'NONE', #5489, #1174, #1661 ) ;
#3048 = CARTESIAN_POINT ( 'NONE',  ( 5.524499999999999744, 4.039999999999999147, 6.032499999999999751 ) ) ;
#3049 = CARTESIAN_POINT ( 'NONE',  ( 5.270500000000000185, -16.34406614034584848, -5.270500000000000185 ) ) ;
#3050 = CARTESIAN_POINT ( 'NONE',  ( 9.090393670958150096, 1.102058738522372051E-15, -3.301999999999999602 ) ) ;
#3051 = LINE ( 'NONE', #4107, #6986 ) ;
#3052 = DIRECTION ( 'NONE',  ( 0.000000000000000000, 0.000000000000000000, -1.000000000000000000 ) ) ;
#3053 =( GEOMETRIC_REPRESENTATION_CONTEXT ( 3 ) GLOBAL_UNCERTAINTY_ASSIGNED_CONTEXT ( ( #2846 ) ) GLOBAL_UNIT_ASSIGNED_CONTEXT ( ( #1065, #6145, #5381 ) ) REPRESENTATION_CONTEXT ( 'NONE', 'WORKASPACE' ) );
#3054 = VERTEX_POINT ( 'NONE', #6166 ) ;
#3055 =( LENGTH_UNIT ( ) NAMED_UNIT ( * ) SI_UNIT ( .MILLI., .METRE. ) );
#3056 = ORIENTED_EDGE ( 'NONE', *, *, #4582, .F. ) ;
#3057 = UNCERTAINTY_MEASURE_WITH_UNIT (LENGTH_MEASURE( 1.000000000000000082E-05 ), #3055, 'distance_accuracy_value', 'NONE');
#3058 =( LENGTH_UNIT ( ) NAMED_UNIT ( * ) SI_UNIT ( .MILLI., .METRE. ) );
#3059 = FILL_AREA_STYLE_COLOUR ( '', #5559 ) ;
#3060 = FILL_AREA_STYLE_COLOUR ( '', #1152 ) ;
#3061 = VECTOR ( 'NONE', #53, 1000.000000000000000 ) ;
#3062 = DIRECTION ( 'NONE',  ( 0.000000000000000000, 1.000000000000000000, 0.000000000000000000 ) ) ;
#3063 = MECHANICAL_DESIGN_GEOMETRIC_PRESENTATION_REPRESENTATION (  '', ( #3631 ), #6519 ) ;
#3064 = CARTESIAN_POINT ( 'NONE',  ( -7.771382951983880183, 0.4513621692343839920, 4.317999999999999616 ) ) ;
#3065 = DIRECTION ( 'NONE',  ( -0.000000000000000000, 1.000000000000000000, 0.000000000000000000 ) ) ;
#3066 = FILL_AREA_STYLE_COLOUR ( '', #1502 ) ;
#3067 = STYLED_ITEM ( 'NONE', ( #5042 ), #3724 ) ;
#3068 = EDGE_CURVE ( 'NONE', #6510, #3378, #3637, .T. ) ;
#3069 = DIRECTION ( 'NONE',  ( 0.000000000000000000, 0.000000000000000000, 1.000000000000000000 ) ) ;
#3070 =( NAMED_UNIT ( * ) PLANE_ANGLE_UNIT ( ) SI_UNIT ( $, .RADIAN. ) );
#3071 = PRESENTATION_LAYER_ASSIGNMENT (  '', '', ( #5755 ) ) ;
#3072 = AXIS2_PLACEMENT_3D ( 'NONE', #5797, #3675, #4201 ) ;
#3073 = VERTEX_POINT ( 'NONE', #5109 ) ;
#3074 = ORIENTED_EDGE ( 'NONE', *, *, #5868, .T. ) ;
#3075 = FILL_AREA_STYLE ('',( #4164 ) ) ;
#3076 = CARTESIAN_POINT ( 'NONE',  ( -9.090393670958150096, 1.102058738522372051E-15, 4.317999999999999616 ) ) ;
#3077 = CARTESIAN_POINT ( 'NONE',  ( -6.837188616633790517, 3.489646408310704828, 1.778000000000000025 ) ) ;
#3078 = CARTESIAN_POINT ( 'NONE',  ( 5.206424362375529746, -1.077630734528302048, 5.206424362375529746 ) ) ;
#3079 = EDGE_CURVE ( 'NONE', #2481, #9, #257, .T. ) ;
#3080 = DIRECTION ( 'NONE',  ( 0.000000000000000000, 0.000000000000000000, 1.000000000000000000 ) ) ;
#3081 = STYLED_ITEM ( 'NONE', ( #4534 ), #4126 ) ;
#3082 = DIRECTION ( 'NONE',  ( 0.000000000000000000, 1.000000000000000000, 0.000000000000000000 ) ) ;
#3083 = ORIENTED_EDGE ( 'NONE', *, *, #5732, .T. ) ;
#3084 = DIRECTION ( 'NONE',  ( 0.000000000000000000, 0.000000000000000000, -1.000000000000000000 ) ) ;
#3085 = VERTEX_POINT ( 'NONE', #1353 ) ;
#3086 = CARTESIAN_POINT ( 'NONE',  ( 5.206424362375529746, -1.077630734528302048, -5.587424362375529974 ) ) ;
#3087 = CARTESIAN_POINT ( 'NONE',  ( 0.000000000000000000, 0.3770000000000000018, 0.000000000000000000 ) ) ;
#3088 = ADVANCED_FACE ( 'NONE', ( #5663 ), #829, .T. ) ;
#3089 = ORIENTED_EDGE ( 'NONE', *, *, #3262, .F. ) ;
#3090 = DIRECTION ( 'NONE',  ( 0.000000000000000000, 0.000000000000000000, 1.000000000000000000 ) ) ;
#3091 = ORIENTED_EDGE ( 'NONE', *, *, #5476, .T. ) ;
#3092 = PLANE ( 'NONE',  #6526 ) ;
#3093 = DIRECTION ( 'NONE',  ( 0.000000000000000000, 0.000000000000000000, -1.000000000000000000 ) ) ;
#3094 = CARTESIAN_POINT ( 'NONE',  ( -6.591843456756369513, 3.423906370854659986, -4.317999999999999616 ) ) ;
#3095 = CARTESIAN_POINT ( 'NONE',  ( 5.778500000000000192, 3.835465918153454723, -3.301999999999999602 ) ) ;
#3096 = CARTESIAN_POINT ( 'NONE',  ( -6.386507856983209663, 3.835465918153454723, -4.317999999999999616 ) ) ;
#3097 = CARTESIAN_POINT ( 'NONE',  ( -7.748795199323979865, 0.08205567771502250696, -0.7620000000000000107 ) ) ;
#3098 = CARTESIAN_POINT ( 'NONE',  ( -5.524499999999999744, 7.849999999999999645, -6.032499999999999751 ) ) ;
#3099 = DIRECTION ( 'NONE',  ( 0.000000000000000000, 0.000000000000000000, -1.000000000000000000 ) ) ;
#3100 = MANIFOLD_SOLID_BREP ( 'NONE', #4149 ) ;
#3101 = EDGE_LOOP ( 'NONE', ( #1141, #5098, #4591, #3824, #5816, #819, #1804, #6341 ) ) ;
#3102 = ORIENTED_EDGE ( 'NONE', *, *, #850, .F. ) ;
#3103 = PRESENTATION_LAYER_ASSIGNMENT (  '', '', ( #1151 ) ) ;
#3104 = PLANE ( 'NONE',  #884 ) ;
#3105 = CARTESIAN_POINT ( 'NONE',  ( -2.158999999999999808, 6.859999999999999432, -8.129105340826470183 ) ) ;
#3106 = DIRECTION ( 'NONE',  ( 0.000000000000000000, 0.000000000000000000, -1.000000000000000000 ) ) ;
#3107 = FILL_AREA_STYLE_COLOUR ( '', #944 ) ;
#3108 = DIRECTION ( 'NONE',  ( 0.000000000000000000, 0.000000000000000000, -1.000000000000000000 ) ) ;
#3109 =( GEOMETRIC_REPRESENTATION_CONTEXT ( 3 ) GLOBAL_UNCERTAINTY_ASSIGNED_CONTEXT ( ( #702 ) ) GLOBAL_UNIT_ASSIGNED_CONTEXT ( ( #3756, #2050, #5882 ) ) REPRESENTATION_CONTEXT ( 'NONE', 'WORKASPACE' ) );
#3110 = EDGE_CURVE ( 'NONE', #4593, #2969, #2011, .T. ) ;
#3111 = EDGE_LOOP ( 'NONE', ( #2451, #3240, #4391, #4445 ) ) ;
#3112 =( NAMED_UNIT ( * ) PLANE_ANGLE_UNIT ( ) SI_UNIT ( $, .RADIAN. ) );
#3113 = VERTEX_POINT ( 'NONE', #3785 ) ;
#3114 = PRESENTATION_LAYER_ASSIGNMENT (  '', '', ( #3119 ) ) ;
#3115 = DIRECTION ( 'NONE',  ( 0.9981347984218673641, 0.06104853953484971896, 0.000000000000000000 ) ) ;
#3116 = PRESENTATION_STYLE_ASSIGNMENT (( #4343 ) ) ;
#3117 = AXIS2_PLACEMENT_3D ( 'NONE', #2084, #1578, #3758 ) ;
#3118 = CARTESIAN_POINT ( 'NONE',  ( 6.386507856983209663, 3.581465918153455164, -3.301999999999999602 ) ) ;
#3119 = STYLED_ITEM ( 'NONE', ( #575 ), #397 ) ;
#3120 = MECHANICAL_DESIGN_GEOMETRIC_PRESENTATION_REPRESENTATION (  '', ( #3377 ), #4705 ) ;
#3121 = EDGE_CURVE ( 'NONE', #5853, #1246, #4172, .T. ) ;
#3122 = VECTOR ( 'NONE', #5799, 1000.000000000000000 ) ;
#3123 = ORIENTED_EDGE ( 'NONE', *, *, #2796, .T. ) ;
#3124 = CARTESIAN_POINT ( 'NONE',  ( -7.764301528365829874, 0.3355819165141765148, -4.317999999999999616 ) ) ;
#3125 = VERTEX_POINT ( 'NONE', #3720 ) ;
#3126 = UNCERTAINTY_MEASURE_WITH_UNIT (LENGTH_MEASURE( 1.000000000000000082E-05 ), #496, 'distance_accuracy_value', 'NONE');
#3127 = DIRECTION ( 'NONE',  ( 1.000000000000000000, 0.000000000000000000, 0.000000000000000000 ) ) ;
#3128 = DIRECTION ( 'NONE',  ( 1.000000000000000000, 0.000000000000000000, 0.000000000000000000 ) ) ;
#3129 = DIRECTION ( 'NONE',  ( 0.000000000000000000, 1.000000000000000000, 0.000000000000000000 ) ) ;
#3130 = AXIS2_PLACEMENT_3D ( 'NONE', #4235, #1643, #5877 ) ;
#3131 = MANIFOLD_SOLID_BREP ( 'Move Face4', #6823 ) ;
#3132 = MECHANICAL_DESIGN_GEOMETRIC_PRESENTATION_REPRESENTATION (  '', ( #840 ), #1181 ) ;
#3133 = EDGE_CURVE ( 'NONE', #2560, #2046, #6050, .T. ) ;
#3134 =( NAMED_UNIT ( * ) SI_UNIT ( $, .STERADIAN. ) SOLID_ANGLE_UNIT ( ) );
#3135 = FILL_AREA_STYLE_COLOUR ( '', #4826 ) ;
#3136 = CARTESIAN_POINT ( 'NONE',  ( -9.105900000000000105, 0.2535262387991554789, -3.301999999999999602 ) ) ;
#3137 = STYLED_ITEM ( 'NONE', ( #6668 ), #5867 ) ;
#3138 = SURFACE_SIDE_STYLE ('',( #5724 ) ) ;
#3139 = AXIS2_PLACEMENT_3D ( 'NONE', #449, #2526, #2632 ) ;
#3140 = CARTESIAN_POINT ( 'NONE',  ( -7.413993670958149984, 0.3556000000000000272, -0.7620000000000000107 ) ) ;
#3141 = DIRECTION ( 'NONE',  ( -1.000000000000000000, 0.000000000000000000, 0.000000000000000000 ) ) ;
#3142 = CIRCLE ( 'NONE', #2577, 0.2125790554353725048 ) ;
#3143 = MECHANICAL_DESIGN_GEOMETRIC_PRESENTATION_REPRESENTATION (  '', ( #1885 ), #5260 ) ;
#3144 = FILL_AREA_STYLE_COLOUR ( '', #6955 ) ;
#3145 = MECHANICAL_DESIGN_GEOMETRIC_PRESENTATION_REPRESENTATION (  '', ( #5587 ), #5262 ) ;
#3146 = ORIENTED_EDGE ( 'NONE', *, *, #6699, .F. ) ;
#3147 = ORIENTED_EDGE ( 'NONE', *, *, #1934, .T. ) ;
#3148 = STYLED_ITEM ( 'NONE', ( #1378 ), #6320 ) ;
#3149 = AXIS2_PLACEMENT_3D ( 'NONE', #1900, #2997, #5657 ) ;
#3150 = CARTESIAN_POINT ( 'NONE',  ( -6.386507856983209663, 3.368886862718084796, -3.301999999999999602 ) ) ;
#3151 = SURFACE_STYLE_FILL_AREA ( #3713 ) ;
#3152 = PLANE ( 'NONE',  #2444 ) ;
#3153 = DIRECTION ( 'NONE',  ( 1.000000000000000000, 0.000000000000000000, 0.000000000000000000 ) ) ;
#3154 = COLOUR_RGB ( '',0.6666666666666666297, 0.6980392156862744724, 0.7686274509803920907 ) ;
#3155 = STYLED_ITEM ( 'NONE', ( #4018 ), #1367 ) ;
#3156 = ORIENTED_EDGE ( 'NONE', *, *, #4829, .F. ) ;
#3157 = EDGE_LOOP ( 'NONE', ( #5010, #2611, #3466, #5190 ) ) ;
#3158 = MANIFOLD_SOLID_BREP ( 'NONE', #5257 ) ;
#3159 =( LENGTH_UNIT ( ) NAMED_UNIT ( * ) SI_UNIT ( .MILLI., .METRE. ) );
#3160 =( GEOMETRIC_REPRESENTATION_CONTEXT ( 3 ) GLOBAL_UNCERTAINTY_ASSIGNED_CONTEXT ( ( #51 ) ) GLOBAL_UNIT_ASSIGNED_CONTEXT ( ( #1515, #907, #308 ) ) REPRESENTATION_CONTEXT ( 'NONE', 'WORKASPACE' ) );
#3161 = FILL_AREA_STYLE ('',( #926 ) ) ;
#3162 = CIRCLE ( 'NONE', #4500, 0.3699966097798265130 ) ;
#3163 = EDGE_CURVE ( 'NONE', #1636, #895, #2263, .T. ) ;
#3164 = STYLED_ITEM ( 'NONE', ( #2734 ), #6974 ) ;
#3165 = MECHANICAL_DESIGN_GEOMETRIC_PRESENTATION_REPRESENTATION (  '', ( #1205 ), #6851 ) ;
#3166 = VERTEX_POINT ( 'NONE', #5845 ) ;
#3167 = PLANE ( 'NONE',  #2252 ) ;
#3168 = ORIENTED_EDGE ( 'NONE', *, *, #4290, .T. ) ;
#3169 = SURFACE_STYLE_USAGE ( .BOTH. , #1036 ) ;
#3170 = FILL_AREA_STYLE ('',( #5395 ) ) ;
#3171 = SURFACE_SIDE_STYLE ('',( #5225 ) ) ;
#3172 = SURFACE_STYLE_USAGE ( .BOTH. , #3211 ) ;
#3173 = STYLED_ITEM ( 'NONE', ( #6894 ), #2182 ) ;
#3174 = EDGE_CURVE ( 'NONE', #4209, #5614, #605, .T. ) ;
#3175 = CARTESIAN_POINT ( 'NONE',  ( -9.105900000000000105, 0.2535262387991554789, -1.778000000000000025 ) ) ;
#3176 =( NAMED_UNIT ( * ) PLANE_ANGLE_UNIT ( ) SI_UNIT ( $, .RADIAN. ) );
#3177 = APPLICATION_PROTOCOL_DEFINITION ( 'draft international standard', 'automotive_design', 1998, #6882 ) ;
#3178 = VECTOR ( 'NONE', #4190, 1000.000000000000000 ) ;
#3179 = DIRECTION ( 'NONE',  ( 0.000000000000000000, 0.000000000000000000, -1.000000000000000000 ) ) ;
#3180 = DIRECTION ( 'NONE',  ( -1.000000000000000000, 0.000000000000000000, 0.000000000000000000 ) ) ;
#3181 = EDGE_CURVE ( 'NONE', #1756, #3036, #4861, .T. ) ;
#3182 =( NAMED_UNIT ( * ) SI_UNIT ( $, .STERADIAN. ) SOLID_ANGLE_UNIT ( ) );
#3183 = VECTOR ( 'NONE', #4021, 1000.000000000000000 ) ;
#3184 = MECHANICAL_DESIGN_GEOMETRIC_PRESENTATION_REPRESENTATION (  '', ( #1702 ), #2612 ) ;
#3185 = MANIFOLD_SOLID_BREP ( 'NONE', #742 ) ;
#3186 = VERTEX_POINT ( 'NONE', #2228 ) ;
#3188 = ORIENTED_EDGE ( 'NONE', *, *, #5901, .F. ) ;
#3187 = AXIS2_PLACEMENT_3D ( 'NONE', #2176, #4644, #1995 ) ;
#3189 =( GEOMETRIC_REPRESENTATION_CONTEXT ( 3 ) GLOBAL_UNCERTAINTY_ASSIGNED_CONTEXT ( ( #6501 ) ) GLOBAL_UNIT_ASSIGNED_CONTEXT ( ( #3058, #6277, #338 ) ) REPRESENTATION_CONTEXT ( 'NONE', 'WORKASPACE' ) );
#3190 = FACE_OUTER_BOUND ( 'NONE', #422, .T. ) ;
#3191 = CARTESIAN_POINT ( 'NONE',  ( 7.764301528365829874, 0.3355819165141765148, 0.7620000000000000107 ) ) ;
#3192 = SURFACE_STYLE_USAGE ( .BOTH. , #2188 ) ;
#3193 = CIRCLE ( 'NONE', #790, 0.1159966097798266205 ) ;
#3194 = COLOUR_RGB ( '',0.2509803921568627416, 0.2509803921568627416, 0.2509803921568627416 ) ;
#3195 = VERTEX_POINT ( 'NONE', #143 ) ;
#3196 = FILL_AREA_STYLE_COLOUR ( '', #5736 ) ;
#3197 = ORIENTED_EDGE ( 'NONE', *, *, #4906, .F. ) ;
#3198 = FACE_OUTER_BOUND ( 'NONE', #900, .T. ) ;
#3199 = COLOUR_RGB ( '',0.6666666666666666297, 0.6980392156862744724, 0.7686274509803920907 ) ;
#3200 = SURFACE_SIDE_STYLE ('',( #4342 ) ) ;
#3202 = VECTOR ( 'NONE', #218, 1000.000000000000000 ) ;
#3201 = SURFACE_STYLE_FILL_AREA ( #3161 ) ;
#3203 = CARTESIAN_POINT ( 'NONE',  ( -9.105900000000000105, 0.2535262387991554789, -3.301999999999999602 ) ) ;
#3204 = ORIENTED_EDGE ( 'NONE', *, *, #898, .T. ) ;
#3205 = DIRECTION ( 'NONE',  ( 0.06104853953484747076, -0.9981347984218675862, 0.000000000000000000 ) ) ;
#3206 = ORIENTED_EDGE ( 'NONE', *, *, #197, .F. ) ;
#3207 = UNCERTAINTY_MEASURE_WITH_UNIT (LENGTH_MEASURE( 1.000000000000000082E-05 ), #5706, 'distance_accuracy_value', 'NONE');
#3208 = LINE ( 'NONE', #2662, #3523 ) ;
#3209 = PRESENTATION_STYLE_ASSIGNMENT (( #447 ) ) ;
#3210 = FILL_AREA_STYLE_COLOUR ( '', #341 ) ;
#3211 = SURFACE_SIDE_STYLE ('',( #2633 ) ) ;
#3212 = LINE ( 'NONE', #5893, #636 ) ;
#3213 = SURFACE_STYLE_USAGE ( .BOTH. , #979 ) ;
#3214 = ADVANCED_FACE ( 'NONE', ( #6538 ), #3959, .F. ) ;
#3215 = CARTESIAN_POINT ( 'NONE',  ( 7.771382951983880183, 0.4513621692343839920, 1.778000000000000025 ) ) ;
#3216 =( NAMED_UNIT ( * ) SI_UNIT ( $, .STERADIAN. ) SOLID_ANGLE_UNIT ( ) );
#3217 = SURFACE_SIDE_STYLE ('',( #4753 ) ) ;
#3218 = CARTESIAN_POINT ( 'NONE',  ( -6.386507856983209663, 3.581465918153455164, 3.301999999999999602 ) ) ;
#3219 = VECTOR ( 'NONE', #5760, 1000.000000000000227 ) ;
#3220 = EDGE_CURVE ( 'NONE', #2001, #1962, #3467, .T. ) ;
#3221 = VERTEX_POINT ( 'NONE', #3037 ) ;
#3222 = ORIENTED_EDGE ( 'NONE', *, *, #6498, .T. ) ;
#3223 = SURFACE_STYLE_FILL_AREA ( #3075 ) ;
#3224 = CARTESIAN_POINT ( 'NONE',  ( 9.105900000000000105, 0.2535262387991554789, 3.301999999999999602 ) ) ;
#3225 = FILL_AREA_STYLE ('',( #5875 ) ) ;
#3226 =( NAMED_UNIT ( * ) SI_UNIT ( $, .STERADIAN. ) SOLID_ANGLE_UNIT ( ) );
#3227 = DIRECTION ( 'NONE',  ( -0.9981347984218675862, 0.06104853953484747076, 0.000000000000000000 ) ) ;
#3228 = EDGE_CURVE ( 'NONE', #4498, #827, #6316, .T. ) ;
#3229 = ORIENTED_EDGE ( 'NONE', *, *, #5603, .T. ) ;
#3230 = PRESENTATION_STYLE_ASSIGNMENT (( #1027 ) ) ;
#3231 = ORIENTED_EDGE ( 'NONE', *, *, #6848, .F. ) ;
#3232 = SURFACE_SIDE_STYLE ('',( #5772 ) ) ;
#3233 = PRESENTATION_STYLE_ASSIGNMENT (( #4731 ) ) ;
#3234 = SURFACE_STYLE_USAGE ( .BOTH. , #2164 ) ;
#3235 = AXIS2_PLACEMENT_3D ( 'NONE', #3458, #1436, #873 ) ;
#3236 = CARTESIAN_POINT ( 'NONE',  ( -9.105900000000000105, 0.2535262387991554789, 1.778000000000000025 ) ) ;
#3237 = VECTOR ( 'NONE', #4505, 1000.000000000000000 ) ;
#3238 = ORIENTED_EDGE ( 'NONE', *, *, #5253, .F. ) ;
#3239 = LINE ( 'NONE', #966, #4171 ) ;
#3240 = ORIENTED_EDGE ( 'NONE', *, *, #3133, .F. ) ;
#3241 = CIRCLE ( 'NONE', #4679, 0.2125790554353725048 ) ;
#3242 = CARTESIAN_POINT ( 'NONE',  ( -5.270500000000000185, 0.3769999999999988916, -5.778500000000000192 ) ) ;
#3243 = SURFACE_STYLE_FILL_AREA ( #3170 ) ;
#3244 =( NAMED_UNIT ( * ) PLANE_ANGLE_UNIT ( ) SI_UNIT ( $, .RADIAN. ) );
#3245 = SURFACE_STYLE_FILL_AREA ( #4774 ) ;
#3246 = CARTESIAN_POINT ( 'NONE',  ( 6.837188616633790517, 3.489646408310704828, -1.778000000000000025 ) ) ;
#3247 = CARTESIAN_POINT ( 'NONE',  ( 0.000000000000000000, 0.000000000000000000, 0.000000000000000000 ) ) ;
#3248 = CARTESIAN_POINT ( 'NONE',  ( 5.778500000000000192, 3.581465918153455164, 1.778000000000000025 ) ) ;
#3249 = VECTOR ( 'NONE', #4985, 1000.000000000000227 ) ;
#3250 = VECTOR ( 'NONE', #3945, 1000.000000000000000 ) ;
#3251 =( LENGTH_UNIT ( ) NAMED_UNIT ( * ) SI_UNIT ( .MILLI., .METRE. ) );
#3252 = CARTESIAN_POINT ( 'NONE',  ( -9.105900000000000105, 0.2535262387991554789, -1.778000000000000025 ) ) ;
#3253 = ADVANCED_FACE ( 'NONE', ( #2919 ), #6189, .T. ) ;
#3254 = STYLED_ITEM ( 'NONE', ( #4814 ), #5915 ) ;
#3255 = COLOUR_RGB ( '',0.6666666666666666297, 0.6980392156862744724, 0.7686274509803920907 ) ;
#3256 = ORIENTED_EDGE ( 'NONE', *, *, #6892, .T. ) ;
#3257 =( NAMED_UNIT ( * ) PLANE_ANGLE_UNIT ( ) SI_UNIT ( $, .RADIAN. ) );
#3258 = CARTESIAN_POINT ( 'NONE',  ( -5.524499999999999744, 4.039999999999999147, 5.524499999999999744 ) ) ;
#3260 = DIRECTION ( 'NONE',  ( -1.000000000000000000, 0.000000000000000000, 0.000000000000000000 ) ) ;
#3259 =( GEOMETRIC_REPRESENTATION_CONTEXT ( 3 ) GLOBAL_UNCERTAINTY_ASSIGNED_CONTEXT ( ( #4950 ) ) GLOBAL_UNIT_ASSIGNED_CONTEXT ( ( #5035, #1727, #6544 ) ) REPRESENTATION_CONTEXT ( 'NONE', 'WORKASPACE' ) );
#3261 = DIRECTION ( 'NONE',  ( 0.1173573685780239517, 1.437213257854333151E-17, -0.9930897482304615886 ) ) ;
#3262 = EDGE_CURVE ( 'NONE', #6510, #5237, #5550, .T. ) ;
#3263 = FACE_OUTER_BOUND ( 'NONE', #6545, .T. ) ;
#3264 = AXIS2_PLACEMENT_3D ( 'NONE', #5341, #5803, #465 ) ;
#3265 = ORIENTED_EDGE ( 'NONE', *, *, #187, .T. ) ;
#3266 = ORIENTED_EDGE ( 'NONE', *, *, #780, .F. ) ;
#3267 =( NAMED_UNIT ( * ) SI_UNIT ( $, .STERADIAN. ) SOLID_ANGLE_UNIT ( ) );
#3268 = CARTESIAN_POINT ( 'NONE',  ( 6.386507856983209663, 3.835465918153454723, -4.317999999999999616 ) ) ;
#3269 = SURFACE_STYLE_USAGE ( .BOTH. , #435 ) ;
#3270 = SURFACE_SIDE_STYLE ('',( #4832 ) ) ;
#3271 = AXIS2_PLACEMENT_3D ( 'NONE', #4607, #6288, #6747 ) ;
#3272 = MECHANICAL_DESIGN_GEOMETRIC_PRESENTATION_REPRESENTATION (  '', ( #4709 ), #3712 ) ;
#3273 = EDGE_CURVE ( 'NONE', #5417, #6082, #6987, .T. ) ;
#3274 = CARTESIAN_POINT ( 'NONE',  ( -9.105900000000000105, 0.2535262387991554789, -0.7620000000000000107 ) ) ;
#3275 = ORIENTED_EDGE ( 'NONE', *, *, #1981, .F. ) ;
#3276 = CARTESIAN_POINT ( 'NONE',  ( 6.591843456756369513, 3.423906370854659986, -4.317999999999999616 ) ) ;
#3277 = EDGE_LOOP ( 'NONE', ( #4729, #2558, #792, #1951 ) ) ;
#3278 = COLOUR_RGB ( '',0.6666666666666666297, 0.6980392156862744724, 0.7686274509803920907 ) ;
#3279 = SURFACE_STYLE_USAGE ( .BOTH. , #3663 ) ;
#3280 = DIRECTION ( 'NONE',  ( -0.000000000000000000, 1.000000000000000000, 0.000000000000000000 ) ) ;
#3281 = CARTESIAN_POINT ( 'NONE',  ( 5.270500000000000185, 4.039999999999998259, -5.270500000000000185 ) ) ;
#3282 = FILL_AREA_STYLE_COLOUR ( '', #4745 ) ;
#3283 = CARTESIAN_POINT ( 'NONE',  ( 6.386507856983209663, 3.368886862718084796, -1.778000000000000025 ) ) ;
#3284 = DIRECTION ( 'NONE',  ( 0.2588190451025215166, 0.9659258262890680902, 0.000000000000000000 ) ) ;
#3285 = AXIS2_PLACEMENT_3D ( 'NONE', #3247, #3703, #526 ) ;
#3286 = PLANE ( 'NONE',  #4742 ) ;
#3287 =( GEOMETRIC_REPRESENTATION_CONTEXT ( 3 ) GLOBAL_UNCERTAINTY_ASSIGNED_CONTEXT ( ( #5222 ) ) GLOBAL_UNIT_ASSIGNED_CONTEXT ( ( #1006, #6834, #5778 ) ) REPRESENTATION_CONTEXT ( 'NONE', 'WORKASPACE' ) );
#3288 = LINE ( 'NONE', #4847, #1621 ) ;
#3289 = FILL_AREA_STYLE_COLOUR ( '', #3915 ) ;
#3290 = MECHANICAL_DESIGN_GEOMETRIC_PRESENTATION_REPRESENTATION (  '', ( #3173 ), #777 ) ;
#3291 = VERTEX_POINT ( 'NONE', #1898 ) ;
#3292 = SURFACE_STYLE_USAGE ( .BOTH. , #6527 ) ;
#3293 = ADVANCED_FACE ( 'NONE', ( #3541 ), #4640, .T. ) ;
#3294 = SURFACE_STYLE_USAGE ( .BOTH. , #99 ) ;
#3295 = FACE_OUTER_BOUND ( 'NONE', #1361, .T. ) ;
#3296 =( NAMED_UNIT ( * ) PLANE_ANGLE_UNIT ( ) SI_UNIT ( $, .RADIAN. ) );
#3297 = VECTOR ( 'NONE', #5941, 1000.000000000000000 ) ;
#3298 = AXIS2_PLACEMENT_3D ( 'NONE', #6241, #3016, #808 ) ;
#3299 = VERTEX_POINT ( 'NONE', #1486 ) ;
#3300 = CARTESIAN_POINT ( 'NONE',  ( -5.778500000000000192, 3.581465918153455164, -0.7620000000000000107 ) ) ;
#3301 = EDGE_LOOP ( 'NONE', ( #4455, #4076, #1026, #4299, #1359, #5660, #1699, #4510, #3826, #1537, #6094, #4446 ) ) ;
#3302 = EDGE_CURVE ( 'NONE', #995, #3035, #6089, .T. ) ;
#3303 = PRESENTATION_STYLE_ASSIGNMENT (( #545 ) ) ;
#3304 = PLANE ( 'NONE',  #2878 ) ;
#3305 = FILL_AREA_STYLE ('',( #6505 ) ) ;
#3306 =( LENGTH_UNIT ( ) NAMED_UNIT ( * ) SI_UNIT ( .MILLI., .METRE. ) );
#3307 =( GEOMETRIC_REPRESENTATION_CONTEXT ( 3 ) GLOBAL_UNCERTAINTY_ASSIGNED_CONTEXT ( ( #1264 ) ) GLOBAL_UNIT_ASSIGNED_CONTEXT ( ( #5533, #6126, #84 ) ) REPRESENTATION_CONTEXT ( 'NONE', 'WORKASPACE' ) );
#3308 = DIRECTION ( 'NONE',  ( 0.000000000000000000, 1.000000000000000000, 0.000000000000000000 ) ) ;
#3309 = EDGE_LOOP ( 'NONE', ( #3256, #3091, #2072, #3547, #6750, #5581, #5325, #5602, #1648, #4178, #4910, #4212 ) ) ;
#3310 = CARTESIAN_POINT ( 'NONE',  ( -9.105900000000000105, 0.2535262387991554789, -0.7620000000000000107 ) ) ;
#3311 =( GEOMETRIC_REPRESENTATION_CONTEXT ( 3 ) GLOBAL_UNCERTAINTY_ASSIGNED_CONTEXT ( ( #4882 ) ) GLOBAL_UNIT_ASSIGNED_CONTEXT ( ( #2885, #1725, #2231 ) ) REPRESENTATION_CONTEXT ( 'NONE', 'WORKASPACE' ) );
#3312 = ORIENTED_EDGE ( 'NONE', *, *, #5246, .T. ) ;
#3313 = EDGE_CURVE ( 'NONE', #4648, #1914, #6293, .T. ) ;
#3314 = DIRECTION ( 'NONE',  ( -0.9659258262890680902, -0.2588190451025215166, 0.000000000000000000 ) ) ;
#3315 = CYLINDRICAL_SURFACE ( 'NONE', #23, 0.5079999999999997851 ) ;
#3316 = DIRECTION ( 'NONE',  ( 0.000000000000000000, 0.000000000000000000, -1.000000000000000000 ) ) ;
#3317 = FILL_AREA_STYLE_COLOUR ( '', #3744 ) ;
#3318 =( NAMED_UNIT ( * ) PLANE_ANGLE_UNIT ( ) SI_UNIT ( $, .RADIAN. ) );
#3319 = DIRECTION ( 'NONE',  ( 0.000000000000000000, 0.000000000000000000, -1.000000000000000000 ) ) ;
#3320 = ORIENTED_EDGE ( 'NONE', *, *, #2523, .T. ) ;
#3321 = DIRECTION ( 'NONE',  ( 1.000000000000000000, 0.000000000000000000, 0.000000000000000000 ) ) ;
#3322 = SURFACE_STYLE_USAGE ( .BOTH. , #2282 ) ;
#3323 = CARTESIAN_POINT ( 'NONE',  ( -6.386507856983209663, 3.581465918153455164, 4.317999999999999616 ) ) ;
#3324 = DIRECTION ( 'NONE',  ( -0.2588190451025215166, 0.9659258262890680902, 0.000000000000000000 ) ) ;
#3325 = DIRECTION ( 'NONE',  ( 0.000000000000000000, 0.000000000000000000, -1.000000000000000000 ) ) ;
#3326 = CARTESIAN_POINT ( 'NONE',  ( -7.413993670958149984, 0.3556000000000000272, -3.301999999999999602 ) ) ;
#3327 = FILL_AREA_STYLE_COLOUR ( '', #177 ) ;
#3328 = CARTESIAN_POINT ( 'NONE',  ( 7.659338830835570100, 0.4213400374560394845, 4.317999999999999616 ) ) ;
#3329 =( NAMED_UNIT ( * ) PLANE_ANGLE_UNIT ( ) SI_UNIT ( $, .RADIAN. ) );
#3330 = VERTEX_POINT ( 'NONE', #988 ) ;
#3331 = CARTESIAN_POINT ( 'NONE',  ( 7.771382951983880183, 0.4513621692343839920, -0.7620000000000000107 ) ) ;
#3332 = EDGE_LOOP ( 'NONE', ( #2386, #4881, #4757, #1728 ) ) ;
#3333 = SURFACE_STYLE_USAGE ( .BOTH. , #6502 ) ;
#3334 = SURFACE_SIDE_STYLE ('',( #719 ) ) ;
#3335 = CARTESIAN_POINT ( 'NONE',  ( 6.386507856983209663, 3.581465918153455164, -4.317999999999999616 ) ) ;
#3336 = ADVANCED_FACE ( 'NONE', ( #2644 ), #1452, .F. ) ;
#3337 = MECHANICAL_DESIGN_GEOMETRIC_PRESENTATION_REPRESENTATION (  '', ( #6795 ), #135 ) ;
#3338 = ORIENTED_EDGE ( 'NONE', *, *, #2994, .F. ) ;
#3339 = CARTESIAN_POINT ( 'NONE',  ( 7.771382951983880183, 0.4513621692343839920, -4.317999999999999616 ) ) ;
#3340 = ORIENTED_EDGE ( 'NONE', *, *, #5221, .T. ) ;
#3341 = CARTESIAN_POINT ( 'NONE',  ( 6.591843456756369513, 3.423906370854659986, -0.7620000000000000107 ) ) ;
#3342 = CARTESIAN_POINT ( 'NONE',  ( -5.778500000000000192, 3.835465918153454723, 4.317999999999999616 ) ) ;
#3343 = SURFACE_SIDE_STYLE ('',( #3971 ) ) ;
#3344 =( NAMED_UNIT ( * ) PLANE_ANGLE_UNIT ( ) SI_UNIT ( $, .RADIAN. ) );
#3345 = SURFACE_STYLE_USAGE ( .BOTH. , #6654 ) ;
#3346 = VECTOR ( 'NONE', #1708, 1000.000000000000000 ) ;
#3347 = EDGE_CURVE ( 'NONE', #1962, #2863, #4626, .T. ) ;
#3348 = VECTOR ( 'NONE', #260, 1000.000000000000114 ) ;
#3349 = CARTESIAN_POINT ( 'NONE',  ( -1.216518595660673885, 6.859999999999999432, -8.129105340826470183 ) ) ;
#3350 = EDGE_LOOP ( 'NONE', ( #1173, #1662, #5653, #4041 ) ) ;
#3351 = UNCERTAINTY_MEASURE_WITH_UNIT (LENGTH_MEASURE( 1.000000000000000082E-05 ), #600, 'distance_accuracy_value', 'NONE');
#3352 = STYLED_ITEM ( 'NONE', ( #360 ), #4655 ) ;
#3353 = CARTESIAN_POINT ( 'NONE',  ( -5.270500000000000185, 0.3769999999999988916, -5.270500000000000185 ) ) ;
#3354 = EDGE_CURVE ( 'NONE', #1835, #5047, #462, .T. ) ;
#3355 = FILL_AREA_STYLE_COLOUR ( '', #3429 ) ;
#3356 = STYLED_ITEM ( 'NONE', ( #6434 ), #5722 ) ;
#3358 = CIRCLE ( 'NONE', #1754, 0.4665790554353732578 ) ;
#3357 = UNCERTAINTY_MEASURE_WITH_UNIT (LENGTH_MEASURE( 1.000000000000000082E-05 ), #1696, 'distance_accuracy_value', 'NONE');
#3359 = DIRECTION ( 'NONE',  ( 0.000000000000000000, 0.000000000000000000, -1.000000000000000000 ) ) ;
#3360 =( LENGTH_UNIT ( ) NAMED_UNIT ( * ) SI_UNIT ( .MILLI., .METRE. ) );
#3361 = CARTESIAN_POINT ( 'NONE',  ( 6.386507856983209663, 3.368886862718084796, 4.317999999999999616 ) ) ;
#3362 = STYLED_ITEM ( 'NONE', ( #4152 ), #5187 ) ;
#3363 = CARTESIAN_POINT ( 'NONE',  ( 7.771382951983880183, 0.4513621692343839920, -1.778000000000000025 ) ) ;
#3364 = EDGE_LOOP ( 'NONE', ( #216, #6163, #1219, #4199 ) ) ;
#3365 = SURFACE_STYLE_FILL_AREA ( #1649 ) ;
#3366 = ORIENTED_EDGE ( 'NONE', *, *, #2250, .F. ) ;
#3368 = UNCERTAINTY_MEASURE_WITH_UNIT (LENGTH_MEASURE( 1.000000000000000082E-05 ), #1327, 'distance_accuracy_value', 'NONE');
#3367 = PRESENTATION_LAYER_ASSIGNMENT (  '', '', ( #1408 ) ) ;
#3369 = AXIS2_PLACEMENT_3D ( 'NONE', #4082, #2555, #4734 ) ;
#3370 = SURFACE_STYLE_USAGE ( .BOTH. , #1757 ) ;
#3371 = PRESENTATION_STYLE_ASSIGNMENT (( #5950 ) ) ;
#3372 = MECHANICAL_DESIGN_GEOMETRIC_PRESENTATION_REPRESENTATION (  '', ( #6372 ), #169 ) ;
#3373 = LINE ( 'NONE', #1758, #2445 ) ;
#3374 = CARTESIAN_POINT ( 'NONE',  ( 6.059168816056420326, 2.467733275321295050, 4.317999999999999616 ) ) ;
#3375 = MECHANICAL_DESIGN_GEOMETRIC_PRESENTATION_REPRESENTATION (  '', ( #4589 ), #3707 ) ;
#3376 = PRESENTATION_LAYER_ASSIGNMENT (  '', '', ( #2791 ) ) ;
#3377 = STYLED_ITEM ( 'NONE', ( #1311 ), #5583 ) ;
#3378 = VERTEX_POINT ( 'NONE', #2073 ) ;
#3379 = SURFACE_STYLE_FILL_AREA ( #1109 ) ;
#3380 = ORIENTED_EDGE ( 'NONE', *, *, #1458, .T. ) ;
#3381 = PRESENTATION_STYLE_ASSIGNMENT (( #1176 ) ) ;
#3382 = CARTESIAN_POINT ( 'NONE',  ( 5.778500000000000192, 3.835465918153454723, 1.778000000000000025 ) ) ;
#3383 = CYLINDRICAL_SURFACE ( 'NONE', #6352, 0.1159966097798266205 ) ;
#3384 = LINE ( 'NONE', #5561, #4192 ) ;
#3385 = MECHANICAL_DESIGN_GEOMETRIC_PRESENTATION_REPRESENTATION (  '', ( #4051 ), #5716 ) ;
#3386 = EDGE_CURVE ( 'NONE', #6402, #3291, #4229, .T. ) ;
#3387 = AXIS2_PLACEMENT_3D ( 'NONE', #5333, #1562, #4298 ) ;
#3388 = AXIS2_PLACEMENT_3D ( 'NONE', #5943, #1093, #1044 ) ;
#3389 = ORIENTED_EDGE ( 'NONE', *, *, #4364, .F. ) ;
#3390 = CARTESIAN_POINT ( 'NONE',  ( 5.778500000000000192, 0.3769999999999988916, -5.778500000000000192 ) ) ;
#3391 = ORIENTED_EDGE ( 'NONE', *, *, #4088, .T. ) ;
#3392 = CARTESIAN_POINT ( 'NONE',  ( 7.771382951983880183, 0.4513621692343839920, 0.7620000000000000107 ) ) ;
#3393 = ADVANCED_FACE ( 'NONE', ( #916 ), #3104, .F. ) ;
#3394 = AXIS2_PLACEMENT_3D ( 'NONE', #4293, #3770, #3321 ) ;
#3395 = PRESENTATION_LAYER_ASSIGNMENT (  '', '', ( #2478 ) ) ;
#3396 = PLANE ( 'NONE',  #6706 ) ;
#3397 = DIRECTION ( 'NONE',  ( 0.000000000000000000, 0.000000000000000000, 1.000000000000000000 ) ) ;
#3398 = CARTESIAN_POINT ( 'NONE',  ( -5.270500000000000185, 0.3769999999999988916, 5.270500000000000185 ) ) ;
#3399 = EDGE_LOOP ( 'NONE', ( #573, #1275, #3834, #1110 ) ) ;
#3400 = EDGE_CURVE ( 'NONE', #6893, #40, #2840, .T. ) ;
#3401 = DIRECTION ( 'NONE',  ( 1.000000000000000000, 0.000000000000000000, 0.000000000000000000 ) ) ;
#3402 = FILL_AREA_STYLE_COLOUR ( '', #4995 ) ;
#3403 = SURFACE_STYLE_FILL_AREA ( #6079 ) ;
#3404 = ORIENTED_EDGE ( 'NONE', *, *, #6854, .T. ) ;
#3405 = ORIENTED_EDGE ( 'NONE', *, *, #2338, .F. ) ;
#3406 = PRESENTATION_LAYER_ASSIGNMENT (  '', '', ( #1107 ) ) ;
#3407 = EDGE_CURVE ( 'NONE', #2199, #5277, #6456, .T. ) ;
#3408 = FACE_OUTER_BOUND ( 'NONE', #5151, .T. ) ;
#3409 = FACE_OUTER_BOUND ( 'NONE', #4336, .T. ) ;
#3410 = DIRECTION ( 'NONE',  ( 0.000000000000000000, 0.000000000000000000, 1.000000000000000000 ) ) ;
#3411 = PLANE ( 'NONE',  #1186 ) ;
#3412 = DIRECTION ( 'NONE',  ( 1.000000000000000000, 0.000000000000000000, 0.000000000000000000 ) ) ;
#3413 = PRESENTATION_LAYER_ASSIGNMENT (  '', '', ( #5069 ) ) ;
#3414 = COLOUR_RGB ( '',0.6666666666666666297, 0.6980392156862744724, 0.7686274509803920907 ) ;
#3415 = ORIENTED_EDGE ( 'NONE', *, *, #562, .F. ) ;
#3416 = DIRECTION ( 'NONE',  ( 1.000000000000000000, 0.000000000000000000, 0.000000000000000000 ) ) ;
#3417 = ORIENTED_EDGE ( 'NONE', *, *, #6236, .T. ) ;
#3418 = DIRECTION ( 'NONE',  ( 0.000000000000000000, 0.000000000000000000, 1.000000000000000000 ) ) ;
#3419 =( LENGTH_UNIT ( ) NAMED_UNIT ( * ) SI_UNIT ( .MILLI., .METRE. ) );
#3420 = VECTOR ( 'NONE', #697, 1000.000000000000000 ) ;
#3421 = COLOUR_RGB ( '',0.6666666666666666297, 0.6980392156862744724, 0.7686274509803920907 ) ;
#3422 = SURFACE_STYLE_FILL_AREA ( #4524 ) ;
#3423 = STYLED_ITEM ( 'NONE', ( #6158 ), #4046 ) ;
#3424 = EDGE_LOOP ( 'NONE', ( #4306, #2592, #5878, #4887 ) ) ;
#3425 = LINE ( 'NONE', #3903, #3840 ) ;
#3426 = ORIENTED_EDGE ( 'NONE', *, *, #5644, .F. ) ;
#3427 = UNCERTAINTY_MEASURE_WITH_UNIT (LENGTH_MEASURE( 1.000000000000000082E-05 ), #2621, 'distance_accuracy_value', 'NONE');
#3428 = CARTESIAN_POINT ( 'NONE',  ( 6.386507856983209663, 3.581465918153455164, -4.317999999999999616 ) ) ;
#3429 = COLOUR_RGB ( '',0.6666666666666666297, 0.6980392156862744724, 0.7686274509803920907 ) ;
#3430 = EDGE_CURVE ( 'NONE', #2900, #1032, #5748, .T. ) ;
#3431 = DIRECTION ( 'NONE',  ( 0.000000000000000000, 0.000000000000000000, -1.000000000000000000 ) ) ;
#3432 = DIRECTION ( 'NONE',  ( 0.000000000000000000, 0.000000000000000000, 1.000000000000000000 ) ) ;
#3433 = DIRECTION ( 'NONE',  ( 0.000000000000000000, 0.000000000000000000, -1.000000000000000000 ) ) ;
#3434 = DIRECTION ( 'NONE',  ( -1.000000000000000000, 0.000000000000000000, 0.000000000000000000 ) ) ;
#3435 = EDGE_CURVE ( 'NONE', #833, #6231, #5473, .T. ) ;
#3436 = ORIENTED_EDGE ( 'NONE', *, *, #6752, .F. ) ;
#3437 = ORIENTED_EDGE ( 'NONE', *, *, #332, .T. ) ;
#3438 = UNCERTAINTY_MEASURE_WITH_UNIT (LENGTH_MEASURE( 1.000000000000000082E-05 ), #132, 'distance_accuracy_value', 'NONE');
#3439 = DIRECTION ( 'NONE',  ( 0.9981347984218673641, 0.06104853953484971896, 0.000000000000000000 ) ) ;
#3440 = CARTESIAN_POINT ( 'NONE',  ( -5.270500000000000185, 0.3769999999999988916, 5.778500000000000192 ) ) ;
#3441 = CARTESIAN_POINT ( 'NONE',  ( -7.771382951983880183, 0.4513621692343839920, -3.301999999999999602 ) ) ;
#3442 = PRESENTATION_STYLE_ASSIGNMENT (( #4895 ) ) ;
#3443 = EDGE_CURVE ( 'NONE', #5113, #1830, #596, .T. ) ;
#3444 = ORIENTED_EDGE ( 'NONE', *, *, #817, .F. ) ;
#3445 = VERTEX_POINT ( 'NONE', #4917 ) ;
#3446 = CARTESIAN_POINT ( 'NONE',  ( 5.778500000000000192, 3.835465918153454723, 0.7620000000000000107 ) ) ;
#3447 = CARTESIAN_POINT ( 'NONE',  ( -6.386507856983209663, 3.835465918153454723, 3.301999999999999602 ) ) ;
#3448 =( LENGTH_UNIT ( ) NAMED_UNIT ( * ) SI_UNIT ( .MILLI., .METRE. ) );
#3449 =( NAMED_UNIT ( * ) SI_UNIT ( $, .STERADIAN. ) SOLID_ANGLE_UNIT ( ) );
#3450 = ORIENTED_EDGE ( 'NONE', *, *, #2523, .F. ) ;
#3451 = LINE ( 'NONE', #2862, #5385 ) ;
#3452 = ORIENTED_EDGE ( 'NONE', *, *, #5460, .F. ) ;
#3453 = FACE_OUTER_BOUND ( 'NONE', #1860, .T. ) ;
#3454 = DIRECTION ( 'NONE',  ( 0.000000000000000000, 0.000000000000000000, -1.000000000000000000 ) ) ;
#3455 = AXIS2_PLACEMENT_3D ( 'NONE', #6183, #2875, #2985 ) ;
#3456 = DIRECTION ( 'NONE',  ( 0.000000000000000000, 0.000000000000000000, -1.000000000000000000 ) ) ;
#3457 =( LENGTH_UNIT ( ) NAMED_UNIT ( * ) SI_UNIT ( .MILLI., .METRE. ) );
#3458 = CARTESIAN_POINT ( 'NONE',  ( 7.659338830835570100, 0.4213400374560394845, 1.778000000000000025 ) ) ;
#3459 = CARTESIAN_POINT ( 'NONE',  ( 6.591843456756369513, 3.423906370854659986, 0.7620000000000000107 ) ) ;
#3460 = SURFACE_STYLE_USAGE ( .BOTH. , #4097 ) ;
#3461 = EDGE_CURVE ( 'NONE', #4509, #4648, #4367, .T. ) ;
#3462 = FACE_OUTER_BOUND ( 'NONE', #106, .T. ) ;
#3463 = FILL_AREA_STYLE_COLOUR ( '', #5041 ) ;
#3464 = VECTOR ( 'NONE', #3260, 1000.000000000000000 ) ;
#3465 = VERTEX_POINT ( 'NONE', #1127 ) ;
#3466 = ORIENTED_EDGE ( 'NONE', *, *, #5131, .F. ) ;
#3467 = LINE ( 'NONE', #6673, #6647 ) ;
#3468 = CARTESIAN_POINT ( 'NONE',  ( 5.206424362375529746, 0.2500000000000000000, -5.206424362375529746 ) ) ;
#3469 = CARTESIAN_POINT ( 'NONE',  ( -7.771382951983880183, 0.4513621692343839920, 4.317999999999999616 ) ) ;
#3470 = EDGE_CURVE ( 'NONE', #5179, #3842, #4952, .T. ) ;
#3471 = FILL_AREA_STYLE_COLOUR ( '', #2348 ) ;
#3472 = CARTESIAN_POINT ( 'NONE',  ( -7.413993670958149984, 0.3556000000000000272, -3.301999999999999602 ) ) ;
#3473 = MECHANICAL_DESIGN_GEOMETRIC_PRESENTATION_REPRESENTATION (  '', ( #5813 ), #6819 ) ;
#3474 = STYLED_ITEM ( 'NONE', ( #6099 ), #5317 ) ;
#3475 = ORIENTED_EDGE ( 'NONE', *, *, #1116, .F. ) ;
#3476 = DIRECTION ( 'NONE',  ( 1.000000000000000000, 0.000000000000000000, 0.000000000000000000 ) ) ;
#3477 = EDGE_LOOP ( 'NONE', ( #1165, #2688, #5484, #2151 ) ) ;
#3478 = SURFACE_STYLE_FILL_AREA ( #3583 ) ;
#3479 =( NAMED_UNIT ( * ) PLANE_ANGLE_UNIT ( ) SI_UNIT ( $, .RADIAN. ) );
#3480 = DIRECTION ( 'NONE',  ( -1.000000000000000000, 0.000000000000000000, 0.000000000000000000 ) ) ;
#3481 = CARTESIAN_POINT ( 'NONE',  ( 9.090393670958150096, 1.102058738522372051E-15, -0.7620000000000000107 ) ) ;
#3482 = EDGE_CURVE ( 'NONE', #137, #3929, #2254, .T. ) ;
#3483 = AXIS2_PLACEMENT_3D ( 'NONE', #249, #4101, #6192 ) ;
#3484 = PRESENTATION_LAYER_ASSIGNMENT (  '', '', ( #5587 ) ) ;
#3485 = ORIENTED_EDGE ( 'NONE', *, *, #1414, .F. ) ;
#3486 = ORIENTED_EDGE ( 'NONE', *, *, #2634, .F. ) ;
#3487 =( GEOMETRIC_REPRESENTATION_CONTEXT ( 3 ) GLOBAL_UNCERTAINTY_ASSIGNED_CONTEXT ( ( #1249 ) ) GLOBAL_UNIT_ASSIGNED_CONTEXT ( ( #479, #3244, #353 ) ) REPRESENTATION_CONTEXT ( 'NONE', 'WORKASPACE' ) );
#3488 = DIRECTION ( 'NONE',  ( 0.000000000000000000, 0.000000000000000000, -1.000000000000000000 ) ) ;
#3489 = SURFACE_STYLE_FILL_AREA ( #4563 ) ;
#3490 = AXIS2_PLACEMENT_3D ( 'NONE', #2843, #6046, #3989 ) ;
#3491 = MECHANICAL_DESIGN_GEOMETRIC_PRESENTATION_REPRESENTATION (  '', ( #4273 ), #6956 ) ;
#3492 = LINE ( 'NONE', #781, #760 ) ;
#3493 = DIRECTION ( 'NONE',  ( -1.000000000000000000, 0.000000000000000000, 0.000000000000000000 ) ) ;
#3494 = UNCERTAINTY_MEASURE_WITH_UNIT (LENGTH_MEASURE( 1.000000000000000082E-05 ), #4788, 'distance_accuracy_value', 'NONE');
#3495 = AXIS2_PLACEMENT_3D ( 'NONE', #5861, #3803, #4324 ) ;
#3496 = CARTESIAN_POINT ( 'NONE',  ( 5.778500000000000192, 3.835465918153454723, -0.7620000000000000107 ) ) ;
#3497 = SURFACE_STYLE_FILL_AREA ( #6109 ) ;
#3498 = FILL_AREA_STYLE ('',( #818 ) ) ;
#3499 = LINE ( 'NONE', #5169, #968 ) ;
#3500 = COLOUR_RGB ( '',0.6666666666666666297, 0.6980392156862744724, 0.7686274509803920907 ) ;
#3501 = ADVANCED_FACE ( 'NONE', ( #25 ), #1749, .F. ) ;
#3502 = ORIENTED_EDGE ( 'NONE', *, *, #1349, .T. ) ;
#3503 = ORIENTED_EDGE ( 'NONE', *, *, #6530, .T. ) ;
#3504 = CARTESIAN_POINT ( 'NONE',  ( -6.591843456756369513, 3.423906370854659986, 0.7620000000000000107 ) ) ;
#3505 = DIRECTION ( 'NONE',  ( 0.000000000000000000, 0.000000000000000000, -1.000000000000000000 ) ) ;
#3506 = CARTESIAN_POINT ( 'NONE',  ( -7.748795199323979865, 0.08205567771502250696, 1.778000000000000025 ) ) ;
#3507 = AXIS2_PLACEMENT_3D ( 'NONE', #3339, #615, #6056 ) ;
#3508 = DIRECTION ( 'NONE',  ( 0.9659258262890680902, 0.2588190451025215166, 0.000000000000000000 ) ) ;
#3509 = EDGE_CURVE ( 'NONE', #4317, #1871, #5508, .T. ) ;
#3510 = ORIENTED_EDGE ( 'NONE', *, *, #6595, .T. ) ;
#3511 = FILL_AREA_STYLE_COLOUR ( '', #4608 ) ;
#3512 = ORIENTED_EDGE ( 'NONE', *, *, #1197, .T. ) ;
#3513 = DIRECTION ( 'NONE',  ( 0.000000000000000000, 0.000000000000000000, -1.000000000000000000 ) ) ;
#3514 =( LENGTH_UNIT ( ) NAMED_UNIT ( * ) SI_UNIT ( .MILLI., .METRE. ) );
#3515 = CARTESIAN_POINT ( 'NONE',  ( -6.386507856983209663, 3.368886862718084796, 3.301999999999999602 ) ) ;
#3516 = SURFACE_SIDE_STYLE ('',( #1948 ) ) ;
#3517 = MECHANICAL_DESIGN_GEOMETRIC_PRESENTATION_REPRESENTATION (  '', ( #5069 ), #681 ) ;
#3518 = VECTOR ( 'NONE', #3978, 1000.000000000000000 ) ;
#3519 = ADVANCED_FACE ( 'NONE', ( #2322 ), #6431, .F. ) ;
#3520 = ORIENTED_EDGE ( 'NONE', *, *, #4430, .T. ) ;
#3521 =( LENGTH_UNIT ( ) NAMED_UNIT ( * ) SI_UNIT ( .MILLI., .METRE. ) );
#3522 = EDGE_LOOP ( 'NONE', ( #6604, #5240, #4285, #3589, #5063, #3623, #231, #2010 ) ) ;
#3523 = VECTOR ( 'NONE', #5256, 1000.000000000000227 ) ;
#3524 = CARTESIAN_POINT ( 'NONE',  ( 7.659338830835570100, 0.4213400374560394845, -3.301999999999999602 ) ) ;
#3525 = LINE ( 'NONE', #6213, #4919 ) ;
#3526 = AXIS2_PLACEMENT_3D ( 'NONE', #5287, #3787, #470 ) ;
#3527 =( GEOMETRIC_REPRESENTATION_CONTEXT ( 3 ) GLOBAL_UNCERTAINTY_ASSIGNED_CONTEXT ( ( #3859 ) ) GLOBAL_UNIT_ASSIGNED_CONTEXT ( ( #2821, #1768, #3548 ) ) REPRESENTATION_CONTEXT ( 'NONE', 'WORKASPACE' ) );
#3528 = ADVANCED_FACE ( 'NONE', ( #6218 ), #1369, .T. ) ;
#3529 = CARTESIAN_POINT ( 'NONE',  ( 6.386507856983209663, 3.581465918153455164, 0.7620000000000000107 ) ) ;
#3530 = LINE ( 'NONE', #2287, #5945 ) ;
#3531 = FILL_AREA_STYLE ('',( #2426 ) ) ;
#3532 = PRESENTATION_LAYER_ASSIGNMENT (  '', '', ( #3081 ) ) ;
#3533 = PRESENTATION_LAYER_ASSIGNMENT (  '', '', ( #4857 ) ) ;
#3534 =( NAMED_UNIT ( * ) SI_UNIT ( $, .STERADIAN. ) SOLID_ANGLE_UNIT ( ) );
#3535 = FACE_OUTER_BOUND ( 'NONE', #1097, .T. ) ;
#3536 = CARTESIAN_POINT ( 'NONE',  ( -6.386507856983209663, 3.835465918153454723, 0.7620000000000000107 ) ) ;
#3537 =( NAMED_UNIT ( * ) SI_UNIT ( $, .STERADIAN. ) SOLID_ANGLE_UNIT ( ) );
#3538 = EDGE_LOOP ( 'NONE', ( #5624, #5751, #6613, #4130 ) ) ;
#3539 = PRODUCT_DEFINITION_CONTEXT ( 'detailed design', #6608, 'design' ) ;
#3540 = ORIENTED_EDGE ( 'NONE', *, *, #4364, .T. ) ;
#3541 = FACE_OUTER_BOUND ( 'NONE', #3364, .T. ) ;
#3542 = PLANE ( 'NONE',  #2557 ) ;
#3543 =( LENGTH_UNIT ( ) NAMED_UNIT ( * ) SI_UNIT ( .MILLI., .METRE. ) );
#3544 = PLANE ( 'NONE',  #3264 ) ;
#3545 = ORIENTED_EDGE ( 'NONE', *, *, #3590, .F. ) ;
#3546 = LINE ( 'NONE', #6197, #4283 ) ;
#3547 = ORIENTED_EDGE ( 'NONE', *, *, #6275, .T. ) ;
#3548 =( NAMED_UNIT ( * ) SI_UNIT ( $, .STERADIAN. ) SOLID_ANGLE_UNIT ( ) );
#3549 =( NAMED_UNIT ( * ) PLANE_ANGLE_UNIT ( ) SI_UNIT ( $, .RADIAN. ) );
#3550 = DIRECTION ( 'NONE',  ( 0.000000000000000000, 0.000000000000000000, -1.000000000000000000 ) ) ;
#3551 = EDGE_CURVE ( 'NONE', #1505, #3728, #785, .T. ) ;
#3552 = VERTEX_POINT ( 'NONE', #3459 ) ;
#3553 = DIRECTION ( 'NONE',  ( 0.000000000000000000, 0.000000000000000000, 1.000000000000000000 ) ) ;
#3554 = ORIENTED_EDGE ( 'NONE', *, *, #5460, .T. ) ;
#3555 = UNCERTAINTY_MEASURE_WITH_UNIT (LENGTH_MEASURE( 1.000000000000000082E-05 ), #2635, 'distance_accuracy_value', 'NONE');
#3556 = SURFACE_STYLE_FILL_AREA ( #5087 ) ;
#3557 =( LENGTH_UNIT ( ) NAMED_UNIT ( * ) SI_UNIT ( .MILLI., .METRE. ) );
#3558 = EDGE_CURVE ( 'NONE', #6152, #2830, #5298, .T. ) ;
#3559 = FILL_AREA_STYLE_COLOUR ( '', #1657 ) ;
#3560 = CARTESIAN_POINT ( 'NONE',  ( 9.105900000000000105, 0.2535262387991554789, 4.317999999999999616 ) ) ;
#3561 = FACE_OUTER_BOUND ( 'NONE', #4850, .T. ) ;
#3562 = UNCERTAINTY_MEASURE_WITH_UNIT (LENGTH_MEASURE( 1.000000000000000082E-05 ), #3749, 'distance_accuracy_value', 'NONE');
#3563 = PRESENTATION_STYLE_ASSIGNMENT (( #5125 ) ) ;
#3564 = LINE ( 'NONE', #3496, #993 ) ;
#3565 = CARTESIAN_POINT ( 'NONE',  ( -9.105900000000000105, 0.2535262387991554789, -3.301999999999999602 ) ) ;
#3566 = VECTOR ( 'NONE', #5492, 1000.000000000000000 ) ;
#3567 = EDGE_CURVE ( 'NONE', #5966, #6292, #5165, .T. ) ;
#3568 = VECTOR ( 'NONE', #519, 1000.000000000000000 ) ;
#3569 = DIRECTION ( 'NONE',  ( -0.000000000000000000, 1.000000000000000000, 0.000000000000000000 ) ) ;
#3570 = MECHANICAL_DESIGN_GEOMETRIC_PRESENTATION_REPRESENTATION (  '', ( #370 ), #1506 ) ;
#3571 = ORIENTED_EDGE ( 'NONE', *, *, #1593, .T. ) ;
#3572 = COLOUR_RGB ( '',0.6666666666666666297, 0.6980392156862744724, 0.7686274509803920907 ) ;
#3573 = ORIENTED_EDGE ( 'NONE', *, *, #1458, .F. ) ;
#3574 = PRESENTATION_STYLE_ASSIGNMENT (( #5654 ) ) ;
#3575 =( NAMED_UNIT ( * ) SI_UNIT ( $, .STERADIAN. ) SOLID_ANGLE_UNIT ( ) );
#3576 =( NAMED_UNIT ( * ) SI_UNIT ( $, .STERADIAN. ) SOLID_ANGLE_UNIT ( ) );
#3577 = STYLED_ITEM ( 'NONE', ( #6717 ), #455 ) ;
#3578 = PRESENTATION_LAYER_ASSIGNMENT (  '', '', ( #2879 ) ) ;
#3579 = EDGE_LOOP ( 'NONE', ( #5335, #6091 ) ) ;
#3580 = SURFACE_SIDE_STYLE ('',( #1944 ) ) ;
#3581 = VERTEX_POINT ( 'NONE', #2466 ) ;
#3582 = AXIS2_PLACEMENT_3D ( 'NONE', #2177, #1554, #5858 ) ;
#3583 = FILL_AREA_STYLE ('',( #1838 ) ) ;
#3584 = CARTESIAN_POINT ( 'NONE',  ( -5.270500000000000185, -16.34406614034584848, -5.270500000000000185 ) ) ;
#3585 = DIRECTION ( 'NONE',  ( -1.000000000000000000, 0.000000000000000000, 0.000000000000000000 ) ) ;
#3586 = DIRECTION ( 'NONE',  ( -0.9981347984218673641, -0.06104853953484981610, 0.000000000000000000 ) ) ;
#3587 = SURFACE_SIDE_STYLE ('',( #1321 ) ) ;
#3588 = ORIENTED_EDGE ( 'NONE', *, *, #6805, .F. ) ;
#3589 = ORIENTED_EDGE ( 'NONE', *, *, #6848, .T. ) ;
#3590 = EDGE_CURVE ( 'NONE', #6048, #9, #747, .T. ) ;
#3591 = SURFACE_STYLE_FILL_AREA ( #3629 ) ;
#3592 =( GEOMETRIC_REPRESENTATION_CONTEXT ( 3 ) GLOBAL_UNCERTAINTY_ASSIGNED_CONTEXT ( ( #784 ) ) GLOBAL_UNIT_ASSIGNED_CONTEXT ( ( #577, #4312, #1000 ) ) REPRESENTATION_CONTEXT ( 'NONE', 'WORKASPACE' ) );
#3593 = FACE_OUTER_BOUND ( 'NONE', #6443, .T. ) ;
#3594 = CARTESIAN_POINT ( 'NONE',  ( 7.748795199323979865, 0.08205567771502250696, 0.7620000000000000107 ) ) ;
#3595 = SURFACE_SIDE_STYLE ('',( #5643 ) ) ;
#3596 = AXIS2_PLACEMENT_3D ( 'NONE', #5068, #2815, #224 ) ;
#3597 = CARTESIAN_POINT ( 'NONE',  ( 0.000000000000000000, 7.849999999999999645, 0.000000000000000000 ) ) ;
#3598 = DIRECTION ( 'NONE',  ( 0.000000000000000000, 0.000000000000000000, -1.000000000000000000 ) ) ;
#3599 = EDGE_CURVE ( 'NONE', #1411, #1794, #2400, .T. ) ;
#3600 = CARTESIAN_POINT ( 'NONE',  ( 7.413993670958149984, 0.3556000000000000272, -4.317999999999999616 ) ) ;
#3601 =( NAMED_UNIT ( * ) PLANE_ANGLE_UNIT ( ) SI_UNIT ( $, .RADIAN. ) );
#3602 = SURFACE_SIDE_STYLE ('',( #816 ) ) ;
#3603 = COLOUR_RGB ( '',0.6666666666666666297, 0.6980392156862744724, 0.7686274509803920907 ) ;
#3604 = PRESENTATION_LAYER_ASSIGNMENT (  '', '', ( #4709 ) ) ;
#3605 = CARTESIAN_POINT ( 'NONE',  ( -9.090393670958150096, 1.102058738522372051E-15, -1.778000000000000025 ) ) ;
#3606 = PRESENTATION_LAYER_ASSIGNMENT (  '', '', ( #5491 ) ) ;
#3607 = AXIS2_PLACEMENT_3D ( 'NONE', #3597, #5608, #6178 ) ;
#3608 = EDGE_CURVE ( 'NONE', #4721, #1381, #3564, .T. ) ;
#3609 = ORIENTED_EDGE ( 'NONE', *, *, #6105, .T. ) ;
#3610 = ORIENTED_EDGE ( 'NONE', *, *, #5264, .T. ) ;
#3611 = PRESENTATION_STYLE_ASSIGNMENT (( #4821 ) ) ;
#3612 = SURFACE_STYLE_FILL_AREA ( #5134 ) ;
#3613 = PRESENTATION_STYLE_ASSIGNMENT (( #5101 ) ) ;
#3614 = FILL_AREA_STYLE ('',( #6159 ) ) ;
#3615 = VECTOR ( 'NONE', #5463, 1000.000000000000000 ) ;
#3616 = EDGE_CURVE ( 'NONE', #2340, #833, #310, .T. ) ;
#3617 = ORIENTED_EDGE ( 'NONE', *, *, #6275, .F. ) ;
#3618 = SURFACE_STYLE_USAGE ( .BOTH. , #2687 ) ;
#3619 = VERTEX_POINT ( 'NONE', #6703 ) ;
#3620 = AXIS2_PLACEMENT_3D ( 'NONE', #862, #4620, #764 ) ;
#3621 = DIRECTION ( 'NONE',  ( 0.000000000000000000, 0.000000000000000000, 1.000000000000000000 ) ) ;
#3622 = PRESENTATION_STYLE_ASSIGNMENT (( #296 ) ) ;
#3623 = ORIENTED_EDGE ( 'NONE', *, *, #5978, .T. ) ;
#3624 = LINE ( 'NONE', #4527, #5606 ) ;
#3625 = ORIENTED_EDGE ( 'NONE', *, *, #3032, .T. ) ;
#3626 = UNCERTAINTY_MEASURE_WITH_UNIT (LENGTH_MEASURE( 1.000000000000000082E-05 ), #1759, 'distance_accuracy_value', 'NONE');
#3627 = DIRECTION ( 'NONE',  ( 0.000000000000000000, -1.000000000000000000, 0.000000000000000000 ) ) ;
#3628 = PLANE ( 'NONE',  #6008 ) ;
#3629 = FILL_AREA_STYLE ('',( #3060 ) ) ;
#3630 = CARTESIAN_POINT ( 'NONE',  ( -7.659338830835570100, 0.4213400374560394845, 1.778000000000000025 ) ) ;
#3631 = STYLED_ITEM ( 'NONE', ( #3913 ), #3501 ) ;
#3632 = DIRECTION ( 'NONE',  ( 0.000000000000000000, 0.000000000000000000, -1.000000000000000000 ) ) ;
#3633 = MECHANICAL_DESIGN_GEOMETRIC_PRESENTATION_REPRESENTATION (  '', ( #5480 ), #3487 ) ;
#3634 = CARTESIAN_POINT ( 'NONE',  ( 5.270500000000000185, -16.34406614034584848, -5.778500000000000192 ) ) ;
#3635 = DIRECTION ( 'NONE',  ( -1.000000000000000000, 0.000000000000000000, 0.000000000000000000 ) ) ;
#3636 = STYLED_ITEM ( 'NONE', ( #415 ), #3650 ) ;
#3637 = CIRCLE ( 'NONE', #670, 0.3699966097798265130 ) ;
#3638 =( NAMED_UNIT ( * ) SI_UNIT ( $, .STERADIAN. ) SOLID_ANGLE_UNIT ( ) );
#3639 = EDGE_CURVE ( 'NONE', #987, #3967, #6749, .T. ) ;
#3640 = CARTESIAN_POINT ( 'NONE',  ( 5.206424362375529746, 0.2500000000000000000, 4.825424362375530407 ) ) ;
#3641 = PRESENTATION_LAYER_ASSIGNMENT (  '', '', ( #4305 ) ) ;
#3642 = VERTEX_POINT ( 'NONE', #2531 ) ;
#3643 = ORIENTED_EDGE ( 'NONE', *, *, #2892, .F. ) ;
#3644 = CARTESIAN_POINT ( 'NONE',  ( -7.771382951983880183, 0.4513621692343839920, 4.317999999999999616 ) ) ;
#3645 = FILL_AREA_STYLE ('',( #5205 ) ) ;
#3646 = PRESENTATION_STYLE_ASSIGNMENT (( #4203 ) ) ;
#3647 = SURFACE_STYLE_USAGE ( .BOTH. , #5280 ) ;
#3648 = CARTESIAN_POINT ( 'NONE',  ( -6.386507856983209663, 3.581465918153455164, 0.7620000000000000107 ) ) ;
#3649 = PRESENTATION_LAYER_ASSIGNMENT (  '', '', ( #104 ) ) ;
#3650 = ADVANCED_FACE ( 'NONE', ( #5269 ), #4156, .T. ) ;
#3651 = FACE_OUTER_BOUND ( 'NONE', #3717, .T. ) ;
#3652 = EDGE_LOOP ( 'NONE', ( #2960, #568, #123, #2658 ) ) ;
#3653 = EDGE_LOOP ( 'NONE', ( #2844, #334 ) ) ;
#3654 = FILL_AREA_STYLE_COLOUR ( '', #5514 ) ;
#3655 =( NAMED_UNIT ( * ) SI_UNIT ( $, .STERADIAN. ) SOLID_ANGLE_UNIT ( ) );
#3656 =( NAMED_UNIT ( * ) PLANE_ANGLE_UNIT ( ) SI_UNIT ( $, .RADIAN. ) );
#3657 = FACE_OUTER_BOUND ( 'NONE', #3752, .T. ) ;
#3658 = SURFACE_STYLE_USAGE ( .BOTH. , #3516 ) ;
#3659 = ADVANCED_FACE ( 'NONE', ( #6285 ), #1619, .T. ) ;
#3660 = ORIENTED_EDGE ( 'NONE', *, *, #6236, .F. ) ;
#3661 = PRESENTATION_STYLE_ASSIGNMENT (( #2057 ) ) ;
#3662 = VERTEX_POINT ( 'NONE', #3098 ) ;
#3663 = SURFACE_SIDE_STYLE ('',( #1078 ) ) ;
#3664 = SURFACE_STYLE_USAGE ( .BOTH. , #3171 ) ;
#3665 = PLANE ( 'NONE',  #2448 ) ;
#3666 = LINE ( 'NONE', #4291, #2799 ) ;
#3667 = LINE ( 'NONE', #1994, #2150 ) ;
#3668 = SURFACE_STYLE_FILL_AREA ( #4713 ) ;
#3669 = LINE ( 'NONE', #5728, #3219 ) ;
#3670 = DIRECTION ( 'NONE',  ( 0.06104853953484747076, -0.9981347984218675862, 0.000000000000000000 ) ) ;
#3671 = ORIENTED_EDGE ( 'NONE', *, *, #4313, .T. ) ;
#3672 = ORIENTED_EDGE ( 'NONE', *, *, #4967, .F. ) ;
#3673 = MECHANICAL_DESIGN_GEOMETRIC_PRESENTATION_REPRESENTATION (  '', ( #1379 ), #6907 ) ;
#3674 = EDGE_CURVE ( 'NONE', #2863, #3085, #5428, .T. ) ;
#3675 = DIRECTION ( 'NONE',  ( 0.000000000000000000, 0.000000000000000000, -1.000000000000000000 ) ) ;
#3676 = FILL_AREA_STYLE ('',( #4202 ) ) ;
#3677 = MECHANICAL_DESIGN_GEOMETRIC_PRESENTATION_REPRESENTATION (  '', ( #1153 ), #483 ) ;
#3678 = DIRECTION ( 'NONE',  ( 1.000000000000000000, 0.000000000000000000, 0.000000000000000000 ) ) ;
#3679 = DIRECTION ( 'NONE',  ( 0.000000000000000000, 0.000000000000000000, -1.000000000000000000 ) ) ;
#3680 = DIRECTION ( 'NONE',  ( 0.000000000000000000, -1.000000000000000000, 0.000000000000000000 ) ) ;
#3681 = PRESENTATION_LAYER_ASSIGNMENT (  '', '', ( #148 ) ) ;
#3682 = ORIENTED_EDGE ( 'NONE', *, *, #1581, .T. ) ;
#3683 = ORIENTED_EDGE ( 'NONE', *, *, #407, .F. ) ;
#3684 = EDGE_CURVE ( 'NONE', #4437, #833, #3838, .T. ) ;
#3685 = SURFACE_SIDE_STYLE ('',( #4796 ) ) ;
#3686 = PLANE ( 'NONE',  #4350 ) ;
#3687 =( GEOMETRIC_REPRESENTATION_CONTEXT ( 3 ) GLOBAL_UNCERTAINTY_ASSIGNED_CONTEXT ( ( #2420 ) ) GLOBAL_UNIT_ASSIGNED_CONTEXT ( ( #6644, #2406, #3995 ) ) REPRESENTATION_CONTEXT ( 'NONE', 'WORKASPACE' ) );
#3688 = FILL_AREA_STYLE ('',( #2053 ) ) ;
#3689 = DIRECTION ( 'NONE',  ( -1.000000000000000000, 0.000000000000000000, 0.000000000000000000 ) ) ;
#3690 = CIRCLE ( 'NONE', #6025, 0.3810000000000002829 ) ;
#3691 =( GEOMETRIC_REPRESENTATION_CONTEXT ( 3 ) GLOBAL_UNCERTAINTY_ASSIGNED_CONTEXT ( ( #2839 ) ) GLOBAL_UNIT_ASSIGNED_CONTEXT ( ( #1828, #4884, #2222 ) ) REPRESENTATION_CONTEXT ( 'NONE', 'WORKASPACE' ) );
#3692 = CIRCLE ( 'NONE', #2099, 1.192481404339325923 ) ;
#3693 = EDGE_LOOP ( 'NONE', ( #2273, #3545, #3222, #5291 ) ) ;
#3694 = CARTESIAN_POINT ( 'NONE',  ( -6.386507856983209663, 3.368886862718084796, -0.7620000000000000107 ) ) ;
#3695 = ORIENTED_EDGE ( 'NONE', *, *, #6067, .T. ) ;
#3696 = ADVANCED_FACE ( 'NONE', ( #2500 ), #377, .T. ) ;
#3697 = UNCERTAINTY_MEASURE_WITH_UNIT (LENGTH_MEASURE( 1.000000000000000082E-05 ), #5910, 'distance_accuracy_value', 'NONE');
#3698 = CARTESIAN_POINT ( 'NONE',  ( 5.206424362375529746, 0.2500000000000000000, 5.206424362375529746 ) ) ;
#3699 =( LENGTH_UNIT ( ) NAMED_UNIT ( * ) SI_UNIT ( .MILLI., .METRE. ) );
#3700 = MECHANICAL_DESIGN_GEOMETRIC_PRESENTATION_REPRESENTATION (  '', ( #1171 ), #3011 ) ;
#3701 = AXIS2_PLACEMENT_3D ( 'NONE', #3441, #3410, #1800 ) ;
#3702 = DIRECTION ( 'NONE',  ( 1.000000000000000000, 0.000000000000000000, 0.000000000000000000 ) ) ;
#3703 = DIRECTION ( 'NONE',  ( 0.000000000000000000, 0.000000000000000000, 1.000000000000000000 ) ) ;
#3704 = PRESENTATION_LAYER_ASSIGNMENT (  '', '', ( #5582 ) ) ;
#3705 = AXIS2_PLACEMENT_3D ( 'NONE', #584, #4907, #45 ) ;
#3706 =( NAMED_UNIT ( * ) SI_UNIT ( $, .STERADIAN. ) SOLID_ANGLE_UNIT ( ) );
#3707 =( GEOMETRIC_REPRESENTATION_CONTEXT ( 3 ) GLOBAL_UNCERTAINTY_ASSIGNED_CONTEXT ( ( #4052 ) ) GLOBAL_UNIT_ASSIGNED_CONTEXT ( ( #1126, #5371, #4429 ) ) REPRESENTATION_CONTEXT ( 'NONE', 'WORKASPACE' ) );
#3708 = CIRCLE ( 'NONE', #1999, 0.3810000000000002829 ) ;
#3709 = ORIENTED_EDGE ( 'NONE', *, *, #1305, .F. ) ;
#3710 = ORIENTED_EDGE ( 'NONE', *, *, #1441, .F. ) ;
#3711 = AXIS2_PLACEMENT_3D ( 'NONE', #3781, #4335, #3153 ) ;
#3712 =( GEOMETRIC_REPRESENTATION_CONTEXT ( 3 ) GLOBAL_UNCERTAINTY_ASSIGNED_CONTEXT ( ( #4595 ) ) GLOBAL_UNIT_ASSIGNED_CONTEXT ( ( #4615, #5737, #1310 ) ) REPRESENTATION_CONTEXT ( 'NONE', 'WORKASPACE' ) );
#3713 = FILL_AREA_STYLE ('',( #1567 ) ) ;
#3714 = FACE_OUTER_BOUND ( 'NONE', #6852, .T. ) ;
#3715 = PRESENTATION_LAYER_ASSIGNMENT (  '', '', ( #1668 ) ) ;
#3716 = EDGE_CURVE ( 'NONE', #5662, #1505, #1244, .T. ) ;
#3717 = EDGE_LOOP ( 'NONE', ( #3275, #774, #3975, #1961 ) ) ;
#3718 = SURFACE_STYLE_FILL_AREA ( #391 ) ;
#3719 = ORIENTED_EDGE ( 'NONE', *, *, #6936, .F. ) ;
#3720 = CARTESIAN_POINT ( 'NONE',  ( -5.206424362375529746, 0.3769999999999999463, 5.587424362375529974 ) ) ;
#3721 = SURFACE_STYLE_FILL_AREA ( #393 ) ;
#3722 = CIRCLE ( 'NONE', #4167, 0.5079999999999997851 ) ;
#3723 = DIRECTION ( 'NONE',  ( 1.000000000000000000, 0.000000000000000000, 0.000000000000000000 ) ) ;
#3724 = ADVANCED_FACE ( 'NONE', ( #159 ), #2860, .F. ) ;
#3725 = CIRCLE ( 'NONE', #771, 0.3810000000000002829 ) ;
#3726 = ORIENTED_EDGE ( 'NONE', *, *, #2641, .F. ) ;
#3727 = DIRECTION ( 'NONE',  ( -1.000000000000000000, 0.000000000000000000, 0.000000000000000000 ) ) ;
#3728 = VERTEX_POINT ( 'NONE', #6653 ) ;
#3729 = DIRECTION ( 'NONE',  ( 0.000000000000000000, 1.000000000000000000, 0.000000000000000000 ) ) ;
#3730 = FACE_OUTER_BOUND ( 'NONE', #2237, .T. ) ;
#3731 = CARTESIAN_POINT ( 'NONE',  ( -7.659338830835570100, 0.4213400374560394845, 3.301999999999999602 ) ) ;
#3732 = CARTESIAN_POINT ( 'NONE',  ( -7.771382951983880183, 0.4513621692343839920, -3.301999999999999602 ) ) ;
#3733 = CARTESIAN_POINT ( 'NONE',  ( 7.764301528365829874, 0.3355819165141765148, -3.301999999999999602 ) ) ;
#3734 = AXIS2_PLACEMENT_3D ( 'NONE', #1351, #5661, #3003 ) ;
#3735 = EDGE_CURVE ( 'NONE', #1843, #1324, #6982, .T. ) ;
#3736 = PRESENTATION_STYLE_ASSIGNMENT (( #5784 ) ) ;
#3737 = FACE_OUTER_BOUND ( 'NONE', #1373, .T. ) ;
#3738 = VECTOR ( 'NONE', #1888, 1000.000000000000000 ) ;
#3739 = SURFACE_STYLE_FILL_AREA ( #5268 ) ;
#3740 = CARTESIAN_POINT ( 'NONE',  ( 7.764301528365829874, 0.3355819165141765148, 4.317999999999999616 ) ) ;
#3741 = VECTOR ( 'NONE', #5531, 1000.000000000000000 ) ;
#3742 = EDGE_CURVE ( 'NONE', #3866, #2001, #3384, .T. ) ;
#3743 = ORIENTED_EDGE ( 'NONE', *, *, #6454, .F. ) ;
#3745 = EDGE_LOOP ( 'NONE', ( #5464, #1660, #5836, #3320 ) ) ;
#3744 = COLOUR_RGB ( '',0.2509803921568627416, 0.2509803921568627416, 0.2509803921568627416 ) ;
#3746 =( GEOMETRIC_REPRESENTATION_CONTEXT ( 3 ) GLOBAL_UNCERTAINTY_ASSIGNED_CONTEXT ( ( #4960 ) ) GLOBAL_UNIT_ASSIGNED_CONTEXT ( ( #2857, #4489, #2754 ) ) REPRESENTATION_CONTEXT ( 'NONE', 'WORKASPACE' ) );
#3747 = DIRECTION ( 'NONE',  ( -1.000000000000000000, 0.000000000000000000, 0.000000000000000000 ) ) ;
#3748 = CARTESIAN_POINT ( 'NONE',  ( -5.524499999999999744, 4.039999999999999147, -5.524499999999999744 ) ) ;
#3749 =( LENGTH_UNIT ( ) NAMED_UNIT ( * ) SI_UNIT ( .MILLI., .METRE. ) );
#3750 = PLANE ( 'NONE',  #4050 ) ;
#3751 = MECHANICAL_DESIGN_GEOMETRIC_PRESENTATION_REPRESENTATION (  '', ( #2623 ), #6534 ) ;
#3752 = EDGE_LOOP ( 'NONE', ( #6869, #468, #6133, #4365 ) ) ;
#3753 = FILL_AREA_STYLE ('',( #5770 ) ) ;
#3754 = VERTEX_POINT ( 'NONE', #1840 ) ;
#3755 =( LENGTH_UNIT ( ) NAMED_UNIT ( * ) SI_UNIT ( .MILLI., .METRE. ) );
#3756 =( LENGTH_UNIT ( ) NAMED_UNIT ( * ) SI_UNIT ( .MILLI., .METRE. ) );
#3757 = AXIS2_PLACEMENT_3D ( 'NONE', #4547, #6677, #1864 ) ;
#3758 = DIRECTION ( 'NONE',  ( -1.000000000000000000, 0.000000000000000000, 0.000000000000000000 ) ) ;
#3759 = DIRECTION ( 'NONE',  ( 0.9659258262890680902, -0.2588190451025215166, 0.000000000000000000 ) ) ;
#3760 = SURFACE_SIDE_STYLE ('',( #6407 ) ) ;
#3761 = DIRECTION ( 'NONE',  ( 1.000000000000000000, 0.000000000000000000, 0.000000000000000000 ) ) ;
#3762 = ORIENTED_EDGE ( 'NONE', *, *, #6670, .T. ) ;
#3763 = ORIENTED_EDGE ( 'NONE', *, *, #490, .T. ) ;
#3764 =( NAMED_UNIT ( * ) PLANE_ANGLE_UNIT ( ) SI_UNIT ( $, .RADIAN. ) );
#3765 = FILL_AREA_STYLE_COLOUR ( '', #2756 ) ;
#3766 = CARTESIAN_POINT ( 'NONE',  ( -5.206424362375529746, 0.2500000000000000000, 5.206424362375529746 ) ) ;
#3767 = EDGE_CURVE ( 'NONE', #4067, #2535, #2275, .T. ) ;
#3768 = DIRECTION ( 'NONE',  ( -1.247827601593249791E-16, 0.000000000000000000, -1.000000000000000000 ) ) ;
#3769 = CARTESIAN_POINT ( 'NONE',  ( 9.090393670958150096, 1.102058738522372051E-15, 1.778000000000000025 ) ) ;
#3770 = DIRECTION ( 'NONE',  ( 0.000000000000000000, 0.000000000000000000, 1.000000000000000000 ) ) ;
#3771 = UNCERTAINTY_MEASURE_WITH_UNIT (LENGTH_MEASURE( 1.000000000000000082E-05 ), #5139, 'distance_accuracy_value', 'NONE');
#3772 = EDGE_CURVE ( 'NONE', #6611, #5806, #2825, .T. ) ;
#3773 = DIRECTION ( 'NONE',  ( -0.9981347984218673641, 0.06104853953484971896, 0.000000000000000000 ) ) ;
#3774 = FILL_AREA_STYLE_COLOUR ( '', #2447 ) ;
#3775 = SURFACE_STYLE_USAGE ( .BOTH. , #419 ) ;
#3776 = ORIENTED_EDGE ( 'NONE', *, *, #2933, .T. ) ;
#3777 = UNCERTAINTY_MEASURE_WITH_UNIT (LENGTH_MEASURE( 1.000000000000000082E-05 ), #6287, 'distance_accuracy_value', 'NONE');
#3778 = FILL_AREA_STYLE ('',( #5439 ) ) ;
#3779 = EDGE_CURVE ( 'NONE', #5008, #3866, #2241, .T. ) ;
#3780 = FILL_AREA_STYLE ('',( #1602 ) ) ;
#3781 = CARTESIAN_POINT ( 'NONE',  ( -7.771382951983880183, 0.4513621692343839920, -0.7620000000000000107 ) ) ;
#3782 = ORIENTED_EDGE ( 'NONE', *, *, #5868, .F. ) ;
#3783 = SURFACE_STYLE_FILL_AREA ( #4859 ) ;
#3784 = EDGE_LOOP ( 'NONE', ( #2191, #6648, #6452, #3380, #2293, #6465 ) ) ;
#3785 = CARTESIAN_POINT ( 'NONE',  ( -5.778500000000000192, 3.581465918153455164, -1.778000000000000025 ) ) ;
#3786 = FACE_OUTER_BOUND ( 'NONE', #3399, .T. ) ;
#3787 = DIRECTION ( 'NONE',  ( -0.06104853953484982304, -0.9981347984218674751, 0.000000000000000000 ) ) ;
#3788 = PRESENTATION_LAYER_ASSIGNMENT (  '', '', ( #5234 ) ) ;
#3789 = DIRECTION ( 'NONE',  ( 0.000000000000000000, 0.000000000000000000, 1.000000000000000000 ) ) ;
#3790 = AXIS2_PLACEMENT_3D ( 'NONE', #5579, #5023, #5095 ) ;
#3791 = ORIENTED_EDGE ( 'NONE', *, *, #1040, .T. ) ;
#3792 = DIRECTION ( 'NONE',  ( 1.000000000000000000, 0.000000000000000000, 0.000000000000000000 ) ) ;
#3793 = ORIENTED_EDGE ( 'NONE', *, *, #977, .T. ) ;
#3794 = PRESENTATION_LAYER_ASSIGNMENT (  '', '', ( #1979 ) ) ;
#3795 = FACE_OUTER_BOUND ( 'NONE', #1184, .T. ) ;
#3796 = CARTESIAN_POINT ( 'NONE',  ( -6.386507856983209663, 3.581465918153455164, 1.778000000000000025 ) ) ;
#3797 = CARTESIAN_POINT ( 'NONE',  ( 6.386507856983209663, 3.581465918153455164, 3.301999999999999602 ) ) ;
#3798 = SURFACE_STYLE_FILL_AREA ( #6778 ) ;
#3799 = DIRECTION ( 'NONE',  ( 0.06104853953484972590, 0.9981347984218674751, 0.000000000000000000 ) ) ;
#3800 = FACE_BOUND ( 'NONE', #4680, .T. ) ;
#3801 = CIRCLE ( 'NONE', #1637, 1.192481404339325923 ) ;
#3802 = EDGE_CURVE ( 'NONE', #2535, #1575, #44, .T. ) ;
#3803 = DIRECTION ( 'NONE',  ( 0.000000000000000000, 1.000000000000000000, 0.000000000000000000 ) ) ;
#3804 = CARTESIAN_POINT ( 'NONE',  ( -5.206424362375529746, 0.3769999999999999463, -5.587424362375529974 ) ) ;
#3805 = DIRECTION ( 'NONE',  ( 0.000000000000000000, 0.000000000000000000, 1.000000000000000000 ) ) ;
#3806 = PRESENTATION_STYLE_ASSIGNMENT (( #6350 ) ) ;
#3807 = AXIS2_PLACEMENT_3D ( 'NONE', #3882, #641, #5167 ) ;
#3808 = MECHANICAL_DESIGN_GEOMETRIC_PRESENTATION_REPRESENTATION (  '', ( #5808 ), #2224 ) ;
#3809 = SURFACE_STYLE_FILL_AREA ( #5404 ) ;
#3810 = AXIS2_PLACEMENT_3D ( 'NONE', #2106, #4194, #6883 ) ;
#3811 = EDGE_CURVE ( 'NONE', #773, #5527, #4388, .T. ) ;
#3812 = COLOUR_RGB ( '',0.6666666666666666297, 0.6980392156862744724, 0.7686274509803920907 ) ;
#3813 = VERTEX_POINT ( 'NONE', #6235 ) ;
#3814 = CYLINDRICAL_SURFACE ( 'NONE', #5474, 0.3699966097798256248 ) ;
#3815 = CARTESIAN_POINT ( 'NONE',  ( 5.524499999999999744, 4.039999999999999147, -6.032499999999999751 ) ) ;
#3816 = CLOSED_SHELL ( 'NONE', ( #6489, #553, #5515, #4531, #2882, #3088, #5506, #5693, #6707, #1535, #2182, #18, #3724, #2808 ) ) ;
#3818 = SURFACE_STYLE_FILL_AREA ( #5088 ) ;
#3817 =( GEOMETRIC_REPRESENTATION_CONTEXT ( 3 ) GLOBAL_UNCERTAINTY_ASSIGNED_CONTEXT ( ( #3357 ) ) GLOBAL_UNIT_ASSIGNED_CONTEXT ( ( #1696, #36, #3865 ) ) REPRESENTATION_CONTEXT ( 'NONE', 'WORKASPACE' ) );
#3819 = STYLED_ITEM ( 'NONE', ( #3442 ), #5515 ) ;
#3820 = FILL_AREA_STYLE ('',( #4761 ) ) ;
#3821 = CIRCLE ( 'NONE', #4485, 0.1159966097798266205 ) ;
#3822 = ADVANCED_FACE ( 'NONE', ( #297 ), #1320, .T. ) ;
#3823 =( GEOMETRIC_REPRESENTATION_CONTEXT ( 3 ) GLOBAL_UNCERTAINTY_ASSIGNED_CONTEXT ( ( #485 ) ) GLOBAL_UNIT_ASSIGNED_CONTEXT ( ( #4726, #1969, #799 ) ) REPRESENTATION_CONTEXT ( 'NONE', 'WORKASPACE' ) );
#3824 = ORIENTED_EDGE ( 'NONE', *, *, #1738, .F. ) ;
#3825 = UNCERTAINTY_MEASURE_WITH_UNIT (LENGTH_MEASURE( 1.000000000000000082E-05 ), #6422, 'distance_accuracy_value', 'NONE');
#3826 = ORIENTED_EDGE ( 'NONE', *, *, #4956, .F. ) ;
#3827 = FILL_AREA_STYLE_COLOUR ( '', #5414 ) ;
#3828 = FACE_OUTER_BOUND ( 'NONE', #4619, .T. ) ;
#3829 = CARTESIAN_POINT ( 'NONE',  ( -5.206424362375529746, 0.2500000000000000000, 5.587424362375529974 ) ) ;
#3830 = LINE ( 'NONE', #6937, #2786 ) ;
#3831 = ADVANCED_FACE ( 'NONE', ( #1429, #2964, #769, #4175, #5111 ), #1387, .F. ) ;
#3832 = ORIENTED_EDGE ( 'NONE', *, *, #5168, .T. ) ;
#3833 = SURFACE_SIDE_STYLE ('',( #3379 ) ) ;
#3834 = ORIENTED_EDGE ( 'NONE', *, *, #5449, .F. ) ;
#3835 = PRESENTATION_LAYER_ASSIGNMENT (  '', '', ( #1674 ) ) ;
#3836 = FILL_AREA_STYLE ('',( #41 ) ) ;
#3837 = FILL_AREA_STYLE_COLOUR ( '', #1853 ) ;
#3838 = LINE ( 'NONE', #5962, #5409 ) ;
#3839 = PRESENTATION_STYLE_ASSIGNMENT (( #3172 ) ) ;
#3840 = VECTOR ( 'NONE', #700, 1000.000000000000000 ) ;
#3841 = FACE_OUTER_BOUND ( 'NONE', #6989, .T. ) ;
#3842 = VERTEX_POINT ( 'NONE', #6732 ) ;
#3843 = CARTESIAN_POINT ( 'NONE',  ( 7.136977094565479796, 2.370820577145929864, 4.317999999999999616 ) ) ;
#3844 = VECTOR ( 'NONE', #2198, 1000.000000000000000 ) ;
#3845 = PLANE ( 'NONE',  #6718 ) ;
#3846 = SURFACE_STYLE_USAGE ( .BOTH. , #6002 ) ;
#3847 = AXIS2_PLACEMENT_3D ( 'NONE', #4136, #3084, #920 ) ;
#3848 = ORIENTED_EDGE ( 'NONE', *, *, #3735, .T. ) ;
#3849 = UNCERTAINTY_MEASURE_WITH_UNIT (LENGTH_MEASURE( 1.000000000000000082E-05 ), #6720, 'distance_accuracy_value', 'NONE');
#3850 = DIRECTION ( 'NONE',  ( 0.000000000000000000, 0.000000000000000000, 1.000000000000000000 ) ) ;
#3851 = CARTESIAN_POINT ( 'NONE',  ( -9.105900000000000105, 0.2535262387991554789, -0.7620000000000000107 ) ) ;
#3852 =( LENGTH_UNIT ( ) NAMED_UNIT ( * ) SI_UNIT ( .MILLI., .METRE. ) );
#3853 = EDGE_CURVE ( 'NONE', #2189, #5132, #3051, .T. ) ;
#3854 = DIRECTION ( 'NONE',  ( -1.000000000000000000, 0.000000000000000000, 0.000000000000000000 ) ) ;
#3855 =( GEOMETRIC_REPRESENTATION_CONTEXT ( 3 ) GLOBAL_UNCERTAINTY_ASSIGNED_CONTEXT ( ( #1054 ) ) GLOBAL_UNIT_ASSIGNED_CONTEXT ( ( #831, #4142, #5630 ) ) REPRESENTATION_CONTEXT ( 'NONE', 'WORKASPACE' ) );
#3856 = VECTOR ( 'NONE', #4530, 1000.000000000000114 ) ;
#3857 = ORIENTED_EDGE ( 'NONE', *, *, #5027, .T. ) ;
#3858 = ORIENTED_EDGE ( 'NONE', *, *, #5307, .F. ) ;
#3859 = UNCERTAINTY_MEASURE_WITH_UNIT (LENGTH_MEASURE( 1.000000000000000082E-05 ), #2821, 'distance_accuracy_value', 'NONE');
#3860 =( LENGTH_UNIT ( ) NAMED_UNIT ( * ) SI_UNIT ( .MILLI., .METRE. ) );
#3861 = CARTESIAN_POINT ( 'NONE',  ( 5.778500000000000192, 3.581465918153455164, -1.778000000000000025 ) ) ;
#3862 = EDGE_CURVE ( 'NONE', #4576, #1539, #6202, .T. ) ;
#3863 = LINE ( 'NONE', #688, #6262 ) ;
#3864 = PRESENTATION_LAYER_ASSIGNMENT (  '', '', ( #444 ) ) ;
#3865 =( NAMED_UNIT ( * ) SI_UNIT ( $, .STERADIAN. ) SOLID_ANGLE_UNIT ( ) );
#3866 = VERTEX_POINT ( 'NONE', #6794 ) ;
#3867 = CARTESIAN_POINT ( 'NONE',  ( 5.778500000000000192, 3.581465918153455164, -4.317999999999999616 ) ) ;
#3868 = VECTOR ( 'NONE', #5552, 1000.000000000000000 ) ;
#3869 = ORIENTED_EDGE ( 'NONE', *, *, #892, .T. ) ;
#3870 =( GEOMETRIC_REPRESENTATION_CONTEXT ( 3 ) GLOBAL_UNCERTAINTY_ASSIGNED_CONTEXT ( ( #1721 ) ) GLOBAL_UNIT_ASSIGNED_CONTEXT ( ( #3860, #574, #4439 ) ) REPRESENTATION_CONTEXT ( 'NONE', 'WORKASPACE' ) );
#3871 = FACE_OUTER_BOUND ( 'NONE', #2412, .T. ) ;
#3872 = DIRECTION ( 'NONE',  ( 0.000000000000000000, 0.000000000000000000, -1.000000000000000000 ) ) ;
#3873 = EDGE_CURVE ( 'NONE', #3465, #1494, #867, .T. ) ;
#3874 = SURFACE_STYLE_FILL_AREA ( #6617 ) ;
#3875 = CARTESIAN_POINT ( 'NONE',  ( -9.090393670958150096, 1.102058738522372051E-15, 1.778000000000000025 ) ) ;
#3876 = ORIENTED_EDGE ( 'NONE', *, *, #2219, .T. ) ;
#3877 = DIRECTION ( 'NONE',  ( 0.000000000000000000, 0.000000000000000000, -1.000000000000000000 ) ) ;
#3878 = DIRECTION ( 'NONE',  ( -1.000000000000000000, 0.000000000000000000, 0.000000000000000000 ) ) ;
#3879 = CARTESIAN_POINT ( 'NONE',  ( 9.105900000000000105, 0.2535262387991554789, -4.317999999999999616 ) ) ;
#3880 = SURFACE_STYLE_USAGE ( .BOTH. , #1680 ) ;
#3881 =( NAMED_UNIT ( * ) SI_UNIT ( $, .STERADIAN. ) SOLID_ANGLE_UNIT ( ) );
#3882 = CARTESIAN_POINT ( 'NONE',  ( -5.206424362375529746, 0.3769999999999999463, 5.206424362375529746 ) ) ;
#3883 = SURFACE_SIDE_STYLE ('',( #3403 ) ) ;
#3884 = ADVANCED_FACE ( 'NONE', ( #2014 ), #2721, .F. ) ;
#3885 = VERTEX_POINT ( 'NONE', #4311 ) ;
#3886 = DIRECTION ( 'NONE',  ( 1.000000000000000000, 0.000000000000000000, 0.000000000000000000 ) ) ;
#3887 = ORIENTED_EDGE ( 'NONE', *, *, #2479, .T. ) ;
#3888 = FILL_AREA_STYLE ('',( #3827 ) ) ;
#3889 = FILL_AREA_STYLE_COLOUR ( '', #5348 ) ;
#3890 = LINE ( 'NONE', #3472, #6153 ) ;
#3891 = ADVANCED_FACE ( 'NONE', ( #3657 ), #5384, .F. ) ;
#3892 = ORIENTED_EDGE ( 'NONE', *, *, #6587, .T. ) ;
#3893 = FACE_OUTER_BOUND ( 'NONE', #3579, .T. ) ;
#3894 = ORIENTED_EDGE ( 'NONE', *, *, #3716, .T. ) ;
#3895 = DIRECTION ( 'NONE',  ( 0.000000000000000000, 0.000000000000000000, -1.000000000000000000 ) ) ;
#3896 = AXIS2_PLACEMENT_3D ( 'NONE', #3382, #2305, #2755 ) ;
#3897 = DIRECTION ( 'NONE',  ( 0.2588190451025215166, -0.9659258262890680902, 0.000000000000000000 ) ) ;
#3898 = DIRECTION ( 'NONE',  ( 1.000000000000000000, 0.000000000000000000, 0.000000000000000000 ) ) ;
#3899 = STYLED_ITEM ( 'NONE', ( #748 ), #671 ) ;
#3900 = EDGE_CURVE ( 'NONE', #1614, #986, #5349, .T. ) ;
#3901 = VECTOR ( 'NONE', #1355, 1000.000000000000227 ) ;
#3902 = EDGE_LOOP ( 'NONE', ( #2404, #3573, #2354, #2008 ) ) ;
#3903 = CARTESIAN_POINT ( 'NONE',  ( -3.101481404339325731, 6.859999999999999432, -8.129105340826470183 ) ) ;
#3904 = VERTEX_POINT ( 'NONE', #4831 ) ;
#3905 = SURFACE_SIDE_STYLE ('',( #6557 ) ) ;
#3906 =( GEOMETRIC_REPRESENTATION_CONTEXT ( 3 ) GLOBAL_UNCERTAINTY_ASSIGNED_CONTEXT ( ( #3977 ) ) GLOBAL_UNIT_ASSIGNED_CONTEXT ( ( #6539, #4, #1692 ) ) REPRESENTATION_CONTEXT ( 'NONE', 'WORKASPACE' ) );
#3907 = COLOUR_RGB ( '',0.6666666666666666297, 0.6980392156862744724, 0.7686274509803920907 ) ;
#3908 = DIRECTION ( 'NONE',  ( 0.000000000000000000, 0.000000000000000000, -1.000000000000000000 ) ) ;
#3909 = ADVANCED_FACE ( 'NONE', ( #2589 ), #6864, .F. ) ;
#3910 = COLOUR_RGB ( '',0.2509803921568627416, 0.2509803921568627416, 0.2509803921568627416 ) ;
#3912 = UNCERTAINTY_MEASURE_WITH_UNIT (LENGTH_MEASURE( 1.000000000000000082E-05 ), #1453, 'distance_accuracy_value', 'NONE');
#3911 =( GEOMETRIC_REPRESENTATION_CONTEXT ( 3 ) GLOBAL_UNCERTAINTY_ASSIGNED_CONTEXT ( ( #1925 ) ) GLOBAL_UNIT_ASSIGNED_CONTEXT ( ( #2702, #4322, #6417 ) ) REPRESENTATION_CONTEXT ( 'NONE', 'WORKASPACE' ) );
#3913 = PRESENTATION_STYLE_ASSIGNMENT (( #3294 ) ) ;
#3914 = FACE_OUTER_BOUND ( 'NONE', #6223, .T. ) ;
#3915 = COLOUR_RGB ( '',0.6666666666666666297, 0.6980392156862744724, 0.7686274509803920907 ) ;
#3916 = MECHANICAL_DESIGN_GEOMETRIC_PRESENTATION_REPRESENTATION (  '', ( #505 ), #1403 ) ;
#3917 = DIRECTION ( 'NONE',  ( 0.000000000000000000, 0.000000000000000000, 1.000000000000000000 ) ) ;
#3918 = VERTEX_POINT ( 'NONE', #3961 ) ;
#3919 = VERTEX_POINT ( 'NONE', #3829 ) ;
#3920 = PRESENTATION_LAYER_ASSIGNMENT (  '', '', ( #3017 ) ) ;
#3921 = PRESENTATION_STYLE_ASSIGNMENT (( #3370 ) ) ;
#3922 = CARTESIAN_POINT ( 'NONE',  ( 7.764301528365829874, 0.3355819165141765148, -3.301999999999999602 ) ) ;
#3923 = DIRECTION ( 'NONE',  ( 0.000000000000000000, 0.000000000000000000, -1.000000000000000000 ) ) ;
#3924 =( LENGTH_UNIT ( ) NAMED_UNIT ( * ) SI_UNIT ( .MILLI., .METRE. ) );
#3925 = SURFACE_STYLE_USAGE ( .BOTH. , #1761 ) ;
#3926 = COLOUR_RGB ( '',0.6666666666666666297, 0.6980392156862744724, 0.7686274509803920907 ) ;
#3927 = VERTEX_POINT ( 'NONE', #3861 ) ;
#3928 = FILL_AREA_STYLE_COLOUR ( '', #5056 ) ;
#3929 = VERTEX_POINT ( 'NONE', #3440 ) ;
#3930 = CARTESIAN_POINT ( 'NONE',  ( -7.413993670958149984, 0.3556000000000000272, 3.301999999999999602 ) ) ;
#3931 = CARTESIAN_POINT ( 'NONE',  ( -6.591843456756369513, 3.423906370854659986, -3.301999999999999602 ) ) ;
#3932 = CIRCLE ( 'NONE', #3271, 0.1159966097798266205 ) ;
#3933 = CARTESIAN_POINT ( 'NONE',  ( 7.659338830835570100, 0.4213400374560394845, 4.317999999999999616 ) ) ;
#3934 = DIRECTION ( 'NONE',  ( 1.000000000000000000, 0.000000000000000000, 0.000000000000000000 ) ) ;
#3935 = VECTOR ( 'NONE', #1865, 1000.000000000000000 ) ;
#3936 =( LENGTH_UNIT ( ) NAMED_UNIT ( * ) SI_UNIT ( .MILLI., .METRE. ) );
#3937 = EDGE_CURVE ( 'NONE', #1449, #1871, #182, .T. ) ;
#3938 = VECTOR ( 'NONE', #746, 1000.000000000000000 ) ;
#3939 = VECTOR ( 'NONE', #6349, 1000.000000000000000 ) ;
#3940 = EDGE_LOOP ( 'NONE', ( #5712, #336, #4200, #4870, #3710, #851, #2048, #6210 ) ) ;
#3941 = LINE ( 'NONE', #47, #2916 ) ;
#3942 = VERTEX_POINT ( 'NONE', #5521 ) ;
#3943 = CARTESIAN_POINT ( 'NONE',  ( -5.206424362375529746, 0.2500000000000000000, 4.825424362375530407 ) ) ;
#3944 = LINE ( 'NONE', #3979, #1659 ) ;
#3945 = DIRECTION ( 'NONE',  ( 1.000000000000000000, 0.000000000000000000, 0.000000000000000000 ) ) ;
#3946 = MECHANICAL_DESIGN_GEOMETRIC_PRESENTATION_REPRESENTATION (  '', ( #1199 ), #976 ) ;
#3947 = EDGE_CURVE ( 'NONE', #1547, #1261, #33, .T. ) ;
#3948 = CARTESIAN_POINT ( 'NONE',  ( 7.771382951983880183, 0.4513621692343839920, 3.301999999999999602 ) ) ;
#3949 = CARTESIAN_POINT ( 'NONE',  ( -6.386507856983209663, 3.835465918153454723, 4.317999999999999616 ) ) ;
#3950 = VECTOR ( 'NONE', #1142, 1000.000000000000114 ) ;
#3951 =( NAMED_UNIT ( * ) PLANE_ANGLE_UNIT ( ) SI_UNIT ( $, .RADIAN. ) );
#3952 =( LENGTH_UNIT ( ) NAMED_UNIT ( * ) SI_UNIT ( .MILLI., .METRE. ) );
#3953 = CARTESIAN_POINT ( 'NONE',  ( 5.270500000000000185, 0.3769999999999988916, -5.270500000000000185 ) ) ;
#3954 = EDGE_CURVE ( 'NONE', #4890, #6355, #1204, .T. ) ;
#3955 =( GEOMETRIC_REPRESENTATION_CONTEXT ( 3 ) GLOBAL_UNCERTAINTY_ASSIGNED_CONTEXT ( ( #6570 ) ) GLOBAL_UNIT_ASSIGNED_CONTEXT ( ( #5057, #209, #1098 ) ) REPRESENTATION_CONTEXT ( 'NONE', 'WORKASPACE' ) );
#3956 = ORIENTED_EDGE ( 'NONE', *, *, #2033, .T. ) ;
#3957 = ORIENTED_EDGE ( 'NONE', *, *, #5046, .T. ) ;
#3958 = PRESENTATION_LAYER_ASSIGNMENT (  '', '', ( #1568 ) ) ;
#3959 = PLANE ( 'NONE',  #676 ) ;
#3960 = SURFACE_STYLE_USAGE ( .BOTH. , #5551 ) ;
#3961 = CARTESIAN_POINT ( 'NONE',  ( 7.413993670958149984, 0.3556000000000000272, 1.778000000000000025 ) ) ;
#3962 = SURFACE_SIDE_STYLE ('',( #1138 ) ) ;
#3963 =( LENGTH_UNIT ( ) NAMED_UNIT ( * ) SI_UNIT ( .MILLI., .METRE. ) );
#3964 = VECTOR ( 'NONE', #61, 1000.000000000000000 ) ;
#3965 = ORIENTED_EDGE ( 'NONE', *, *, #1448, .F. ) ;
#3966 = SURFACE_STYLE_USAGE ( .BOTH. , #3833 ) ;
#3967 = VERTEX_POINT ( 'NONE', #720 ) ;
#3968 = CARTESIAN_POINT ( 'NONE',  ( -5.778500000000000192, 0.3769999999999988916, -5.778500000000000192 ) ) ;
#3969 = FILL_AREA_STYLE_COLOUR ( '', #5337 ) ;
#3970 = AXIS2_PLACEMENT_3D ( 'NONE', #331, #6305, #5078 ) ;
#3971 = SURFACE_STYLE_FILL_AREA ( #2276 ) ;
#3972 = STYLED_ITEM ( 'NONE', ( #4278 ), #3088 ) ;
#3973 = AXIS2_PLACEMENT_3D ( 'NONE', #6224, #6716, #4544 ) ;
#3974 = VERTEX_POINT ( 'NONE', #4512 ) ;
#3975 = ORIENTED_EDGE ( 'NONE', *, *, #5547, .T. ) ;
#3976 = EDGE_CURVE ( 'NONE', #1494, #4996, #3193, .T. ) ;
#3977 = UNCERTAINTY_MEASURE_WITH_UNIT (LENGTH_MEASURE( 1.000000000000000082E-05 ), #6539, 'distance_accuracy_value', 'NONE');
#3978 = DIRECTION ( 'NONE',  ( 0.000000000000000000, 0.000000000000000000, -1.000000000000000000 ) ) ;
#3979 = CARTESIAN_POINT ( 'NONE',  ( -5.778500000000000192, 3.835465918153454723, 1.778000000000000025 ) ) ;
#3980 = AXIS2_PLACEMENT_3D ( 'NONE', #3949, #5504, #6071 ) ;
#3981 = SURFACE_STYLE_FILL_AREA ( #1745 ) ;
#3982 = LINE ( 'NONE', #5574, #3938 ) ;
#3983 = ADVANCED_FACE ( 'NONE', ( #3409 ), #1236, .F. ) ;
#3984 = UNCERTAINTY_MEASURE_WITH_UNIT (LENGTH_MEASURE( 1.000000000000000082E-05 ), #521, 'distance_accuracy_value', 'NONE');
#3985 = SURFACE_STYLE_USAGE ( .BOTH. , #1256 ) ;
#3986 =( LENGTH_UNIT ( ) NAMED_UNIT ( * ) SI_UNIT ( .MILLI., .METRE. ) );
#3987 = DIRECTION ( 'NONE',  ( 0.000000000000000000, 0.000000000000000000, -1.000000000000000000 ) ) ;
#3988 = DIRECTION ( 'NONE',  ( 1.000000000000000000, 0.000000000000000000, 0.000000000000000000 ) ) ;
#3989 = DIRECTION ( 'NONE',  ( 0.000000000000000000, 0.000000000000000000, 1.000000000000000000 ) ) ;
#3990 = EDGE_CURVE ( 'NONE', #2535, #6816, #4378, .T. ) ;
#3991 = VERTEX_POINT ( 'NONE', #3335 ) ;
#3992 = ORIENTED_EDGE ( 'NONE', *, *, #1942, .T. ) ;
#3993 = UNCERTAINTY_MEASURE_WITH_UNIT (LENGTH_MEASURE( 1.000000000000000082E-05 ), #5996, 'distance_accuracy_value', 'NONE');
#3994 = CARTESIAN_POINT ( 'NONE',  ( -6.386507856983209663, 3.368886862718084796, -1.778000000000000025 ) ) ;
#3995 =( NAMED_UNIT ( * ) SI_UNIT ( $, .STERADIAN. ) SOLID_ANGLE_UNIT ( ) );
#3996 = CARTESIAN_POINT ( 'NONE',  ( -7.748795199323979865, 0.08205567771502250696, 4.317999999999999616 ) ) ;
#3997 = PRESENTATION_STYLE_ASSIGNMENT (( #4651 ) ) ;
#3998 =( LENGTH_UNIT ( ) NAMED_UNIT ( * ) SI_UNIT ( .MILLI., .METRE. ) );
#3999 = SURFACE_STYLE_USAGE ( .BOTH. , #4550 ) ;
#4000 = ORIENTED_EDGE ( 'NONE', *, *, #2634, .T. ) ;
#4001 =( LENGTH_UNIT ( ) NAMED_UNIT ( * ) SI_UNIT ( .MILLI., .METRE. ) );
#4002 = VERTEX_POINT ( 'NONE', #110 ) ;
#4003 = CARTESIAN_POINT ( 'NONE',  ( -7.748795199323979865, 0.08205567771502250696, 4.317999999999999616 ) ) ;
#4004 = DIRECTION ( 'NONE',  ( 0.000000000000000000, 0.000000000000000000, -1.000000000000000000 ) ) ;
#4005 = DIRECTION ( 'NONE',  ( 0.000000000000000000, 0.000000000000000000, 1.000000000000000000 ) ) ;
#4006 = ORIENTED_EDGE ( 'NONE', *, *, #1677, .T. ) ;
#4007 = PRESENTATION_STYLE_ASSIGNMENT (( #5667 ) ) ;
#4008 = VERTEX_POINT ( 'NONE', #73 ) ;
#4009 = AXIS2_PLACEMENT_3D ( 'NONE', #2061, #4214, #1589 ) ;
#4010 = DIRECTION ( 'NONE',  ( 0.000000000000000000, 1.000000000000000000, 0.000000000000000000 ) ) ;
#4011 = CIRCLE ( 'NONE', #2657, 0.3810000000000002829 ) ;
#4012 = DIRECTION ( 'NONE',  ( 0.2588190451025215166, 0.9659258262890680902, 0.000000000000000000 ) ) ;
#4013 =( NAMED_UNIT ( * ) SI_UNIT ( $, .STERADIAN. ) SOLID_ANGLE_UNIT ( ) );
#4014 = FACE_OUTER_BOUND ( 'NONE', #1263, .T. ) ;
#4015 = PRESENTATION_LAYER_ASSIGNMENT (  '', '', ( #370 ) ) ;
#4016 = EDGE_CURVE ( 'NONE', #1831, #6239, #5447, .T. ) ;
#4017 =( GEOMETRIC_REPRESENTATION_CONTEXT ( 3 ) GLOBAL_UNCERTAINTY_ASSIGNED_CONTEXT ( ( #4602 ) ) GLOBAL_UNIT_ASSIGNED_CONTEXT ( ( #2664, #4872, #4741 ) ) REPRESENTATION_CONTEXT ( 'NONE', 'WORKASPACE' ) );
#4018 = PRESENTATION_STYLE_ASSIGNMENT (( #2978 ) ) ;
#4019 = LINE ( 'NONE', #173, #4718 ) ;
#4020 = SURFACE_SIDE_STYLE ('',( #3783 ) ) ;
#4021 = DIRECTION ( 'NONE',  ( 0.000000000000000000, 0.000000000000000000, -1.000000000000000000 ) ) ;
#4022 = SURFACE_STYLE_FILL_AREA ( #2401 ) ;
#4023 = CARTESIAN_POINT ( 'NONE',  ( 6.032499999999999751, 4.039999999999999147, 5.524499999999999744 ) ) ;
#4024 = EDGE_CURVE ( 'NONE', #6101, #6231, #4929, .T. ) ;
#4025 = FILL_AREA_STYLE_COLOUR ( '', #4715 ) ;
#4026 = VECTOR ( 'NONE', #1345, 1000.000000000000000 ) ;
#4027 = CIRCLE ( 'NONE', #1517, 0.2125790554353725048 ) ;
#4028 = ORIENTED_EDGE ( 'NONE', *, *, #1856, .T. ) ;
#4029 = ORIENTED_EDGE ( 'NONE', *, *, #4438, .F. ) ;
#4030 = DIRECTION ( 'NONE',  ( 0.000000000000000000, 0.000000000000000000, 1.000000000000000000 ) ) ;
#4031 = FILL_AREA_STYLE_COLOUR ( '', #1867 ) ;
#4033 = DIRECTION ( 'NONE',  ( 0.000000000000000000, 0.000000000000000000, -1.000000000000000000 ) ) ;
#4032 = MECHANICAL_DESIGN_GEOMETRIC_PRESENTATION_REPRESENTATION (  '', ( #5689 ), #3691 ) ;
#4034 = DIRECTION ( 'NONE',  ( 0.000000000000000000, 0.000000000000000000, -1.000000000000000000 ) ) ;
#4035 = AXIS2_PLACEMENT_3D ( 'NONE', #2867, #667, #1290 ) ;
#4036 = ADVANCED_FACE ( 'NONE', ( #6541 ), #1267, .F. ) ;
#4037 = PRESENTATION_STYLE_ASSIGNMENT (( #3999 ) ) ;
#4038 = AXIS2_PLACEMENT_3D ( 'NONE', #3948, #1676, #128 ) ;
#4039 = AXIS2_PLACEMENT_3D ( 'NONE', #1245, #120, #3898 ) ;
#4040 = ORIENTED_EDGE ( 'NONE', *, *, #1260, .F. ) ;
#4041 = ORIENTED_EDGE ( 'NONE', *, *, #3313, .T. ) ;
#4042 =( NAMED_UNIT ( * ) PLANE_ANGLE_UNIT ( ) SI_UNIT ( $, .RADIAN. ) );
#4043 = FILL_AREA_STYLE ('',( #5214 ) ) ;
#4044 = FILL_AREA_STYLE_COLOUR ( '', #6689 ) ;
#4045 = COLOUR_RGB ( '',0.2509803921568627416, 0.2509803921568627416, 0.2509803921568627416 ) ;
#4046 = ADVANCED_FACE ( 'NONE', ( #5136 ), #856, .T. ) ;
#4047 = ORIENTED_EDGE ( 'NONE', *, *, #1773, .T. ) ;
#4048 = SURFACE_SIDE_STYLE ('',( #6798 ) ) ;
#4049 = VERTEX_POINT ( 'NONE', #2509 ) ;
#4050 = AXIS2_PLACEMENT_3D ( 'NONE', #6891, #3227, #5412 ) ;
#4051 = STYLED_ITEM ( 'NONE', ( #4652 ), #1131 ) ;
#4052 = UNCERTAINTY_MEASURE_WITH_UNIT (LENGTH_MEASURE( 1.000000000000000082E-05 ), #1126, 'distance_accuracy_value', 'NONE');
#4053 = FILL_AREA_STYLE_COLOUR ( '', #886 ) ;
#4054 = LINE ( 'NONE', #5753, #1709 ) ;
#4055 = SURFACE_STYLE_USAGE ( .BOTH. , #6696 ) ;
#4056 = SURFACE_SIDE_STYLE ('',( #3489 ) ) ;
#4057 = AXIS2_PLACEMENT_3D ( 'NONE', #3064, #3632, #4119 ) ;
#4058 =( NAMED_UNIT ( * ) SI_UNIT ( $, .STERADIAN. ) SOLID_ANGLE_UNIT ( ) );
#4059 = DIRECTION ( 'NONE',  ( 1.000000000000000000, 0.000000000000000000, 0.000000000000000000 ) ) ;
#4060 = UNCERTAINTY_MEASURE_WITH_UNIT (LENGTH_MEASURE( 1.000000000000000082E-05 ), #2085, 'distance_accuracy_value', 'NONE');
#4061 = STYLED_ITEM ( 'NONE', ( #4975 ), #1629 ) ;
#4062 = DIRECTION ( 'NONE',  ( 0.000000000000000000, 1.000000000000000000, 0.000000000000000000 ) ) ;
#4063 = CYLINDRICAL_SURFACE ( 'NONE', #3455, 0.5079999999999997851 ) ;
#4064 = SURFACE_SIDE_STYLE ('',( #5729 ) ) ;
#4065 = MECHANICAL_DESIGN_GEOMETRIC_PRESENTATION_REPRESENTATION (  '', ( #4392 ), #6399 ) ;
#4066 = ORIENTED_EDGE ( 'NONE', *, *, #3862, .T. ) ;
#4067 = VERTEX_POINT ( 'NONE', #2408 ) ;
#4068 = EDGE_CURVE ( 'NONE', #6976, #1392, #6093, .T. ) ;
#4069 = FILL_AREA_STYLE ('',( #2434 ) ) ;
#4070 = SURFACE_STYLE_USAGE ( .BOTH. , #6225 ) ;
#4071 = AXIS2_PLACEMENT_3D ( 'NONE', #996, #4794, #896 ) ;
#4072 =( NAMED_UNIT ( * ) SI_UNIT ( $, .STERADIAN. ) SOLID_ANGLE_UNIT ( ) );
#4073 = DIRECTION ( 'NONE',  ( 0.000000000000000000, 0.000000000000000000, -1.000000000000000000 ) ) ;
#4074 = CARTESIAN_POINT ( 'NONE',  ( 6.837188616633790517, 3.489646408310704828, -4.317999999999999616 ) ) ;
#4075 = ORIENTED_EDGE ( 'NONE', *, *, #3608, .T. ) ;
#4076 = ORIENTED_EDGE ( 'NONE', *, *, #3684, .F. ) ;
#4077 = EDGE_CURVE ( 'NONE', #4067, #5028, #1309, .T. ) ;
#4078 = DIRECTION ( 'NONE',  ( 0.2588190451025215166, -0.9659258262890680902, 0.000000000000000000 ) ) ;
#4079 = FACE_OUTER_BOUND ( 'NONE', #6265, .T. ) ;
#4080 = FACE_OUTER_BOUND ( 'NONE', #1469, .T. ) ;
#4081 = DIRECTION ( 'NONE',  ( -0.9981347984218673641, 0.06104853953484971896, 0.000000000000000000 ) ) ;
#4082 = CARTESIAN_POINT ( 'NONE',  ( 6.386507856983209663, 3.581465918153455164, 1.778000000000000025 ) ) ;
#4083 = VECTOR ( 'NONE', #4062, 1000.000000000000000 ) ;
#4084 = AXIS2_PLACEMENT_3D ( 'NONE', #6870, #1473, #6977 ) ;
#4085 = ORIENTED_EDGE ( 'NONE', *, *, #5986, .F. ) ;
#4086 = VERTEX_POINT ( 'NONE', #2956 ) ;
#4087 = VECTOR ( 'NONE', #192, 1000.000000000000000 ) ;
#4088 = EDGE_CURVE ( 'NONE', #362, #6363, #5017, .T. ) ;
#4089 = CARTESIAN_POINT ( 'NONE',  ( 9.105900000000000105, 0.2535262387991554789, 4.317999999999999616 ) ) ;
#4090 = DIRECTION ( 'NONE',  ( -1.247827601593249791E-16, 0.000000000000000000, -1.000000000000000000 ) ) ;
#4091 = CARTESIAN_POINT ( 'NONE',  ( -0.5995478058391576770, 6.859999999999999432, 9.277156605822819202 ) ) ;
#4092 = VECTOR ( 'NONE', #5918, 1000.000000000000000 ) ;
#4093 =( LENGTH_UNIT ( ) NAMED_UNIT ( * ) SI_UNIT ( .MILLI., .METRE. ) );
#4094 = SURFACE_STYLE_FILL_AREA ( #6281 ) ;
#4095 =( NAMED_UNIT ( * ) SI_UNIT ( $, .STERADIAN. ) SOLID_ANGLE_UNIT ( ) );
#4096 = CIRCLE ( 'NONE', #451, 0.3699966097798265130 ) ;
#4097 = SURFACE_SIDE_STYLE ('',( #4022 ) ) ;
#4098 = ORIENTED_EDGE ( 'NONE', *, *, #1934, .F. ) ;
#4099 = VERTEX_POINT ( 'NONE', #4397 ) ;
#4100 = SURFACE_STYLE_FILL_AREA ( #822 ) ;
#4101 = DIRECTION ( 'NONE',  ( 0.000000000000000000, 0.000000000000000000, -1.000000000000000000 ) ) ;
#4102 = CARTESIAN_POINT ( 'NONE',  ( 7.748795199323979865, 0.08205567771502250696, -1.778000000000000025 ) ) ;
#4103 = EDGE_LOOP ( 'NONE', ( #3763, #3683, #6174, #3793 ) ) ;
#4104 = ORIENTED_EDGE ( 'NONE', *, *, #1816, .T. ) ;
#4105 = SURFACE_SIDE_STYLE ('',( #3478 ) ) ;
#4106 = CYLINDRICAL_SURFACE ( 'NONE', #2873, 0.4665790554353732578 ) ;
#4107 = CARTESIAN_POINT ( 'NONE',  ( 9.090393670958150096, 1.102058738522372051E-15, 0.7620000000000000107 ) ) ;
#4108 = PRESENTATION_STYLE_ASSIGNMENT (( #6832 ) ) ;
#4109 = EDGE_CURVE ( 'NONE', #5047, #1614, #4096, .T. ) ;
#4110 = CIRCLE ( 'NONE', #928, 0.4665790554353732578 ) ;
#4111 = ORIENTED_EDGE ( 'NONE', *, *, #1816, .F. ) ;
#4112 = FACE_OUTER_BOUND ( 'NONE', #3902, .T. ) ;
#4113 = ORIENTED_EDGE ( 'NONE', *, *, #6061, .T. ) ;
#4114 = UNCERTAINTY_MEASURE_WITH_UNIT (LENGTH_MEASURE( 1.000000000000000082E-05 ), #2665, 'distance_accuracy_value', 'NONE');
#4115 = FILL_AREA_STYLE_COLOUR ( '', #1572 ) ;
#4116 = DIRECTION ( 'NONE',  ( 0.000000000000000000, 0.000000000000000000, 1.000000000000000000 ) ) ;
#4117 =( NAMED_UNIT ( * ) PLANE_ANGLE_UNIT ( ) SI_UNIT ( $, .RADIAN. ) );
#4118 = EDGE_CURVE ( 'NONE', #1143, #1914, #6003, .T. ) ;
#4119 = DIRECTION ( 'NONE',  ( -1.000000000000000000, 0.000000000000000000, 0.000000000000000000 ) ) ;
#4120 = CIRCLE ( 'NONE', #4444, 0.5079999999999997851 ) ;
#4121 = SURFACE_STYLE_FILL_AREA ( #6879 ) ;
#4122 = CARTESIAN_POINT ( 'NONE',  ( 5.524499999999999744, 4.039999999999999147, 5.524499999999999744 ) ) ;
#4123 =( LENGTH_UNIT ( ) NAMED_UNIT ( * ) SI_UNIT ( .MILLI., .METRE. ) );
#4124 =( GEOMETRIC_REPRESENTATION_CONTEXT ( 3 ) GLOBAL_UNCERTAINTY_ASSIGNED_CONTEXT ( ( #5780 ) ) GLOBAL_UNIT_ASSIGNED_CONTEXT ( ( #4469, #3951, #6666 ) ) REPRESENTATION_CONTEXT ( 'NONE', 'WORKASPACE' ) );
#4125 = SURFACE_STYLE_USAGE ( .BOTH. , #4064 ) ;
#4126 = ADVANCED_FACE ( 'NONE', ( #2908 ), #206, .F. ) ;
#4127 = DIRECTION ( 'NONE',  ( 0.000000000000000000, 0.000000000000000000, 1.000000000000000000 ) ) ;
#4128 = ORIENTED_EDGE ( 'NONE', *, *, #2760, .T. ) ;
#4129 = MECHANICAL_DESIGN_GEOMETRIC_PRESENTATION_REPRESENTATION (  '', ( #149 ), #6018 ) ;
#4130 = ORIENTED_EDGE ( 'NONE', *, *, #4874, .T. ) ;
#4131 = SURFACE_STYLE_FILL_AREA ( #4069 ) ;
#4132 = DIRECTION ( 'NONE',  ( 0.000000000000000000, 0.000000000000000000, -1.000000000000000000 ) ) ;
#4133 = CARTESIAN_POINT ( 'NONE',  ( 7.659338830835570100, 0.4213400374560394845, -3.301999999999999602 ) ) ;
#4134 = AXIS2_PLACEMENT_3D ( 'NONE', #3468, #5695, #4577 ) ;
#4135 = ORIENTED_EDGE ( 'NONE', *, *, #1901, .T. ) ;
#4136 = CARTESIAN_POINT ( 'NONE',  ( 7.771382951983880183, 0.4513621692343839920, -3.301999999999999602 ) ) ;
#4137 = EDGE_LOOP ( 'NONE', ( #5976, #5637, #293, #4934 ) ) ;
#4138 = CIRCLE ( 'NONE', #3807, 0.3810000000000002829 ) ;
#4139 = DIRECTION ( 'NONE',  ( -1.000000000000000000, 0.000000000000000000, 0.000000000000000000 ) ) ;
#4140 = FILL_AREA_STYLE ('',( #228 ) ) ;
#4141 = FILL_AREA_STYLE_COLOUR ( '', #3572 ) ;
#4142 =( NAMED_UNIT ( * ) PLANE_ANGLE_UNIT ( ) SI_UNIT ( $, .RADIAN. ) );
#4143 = VECTOR ( 'NONE', #1892, 1000.000000000000000 ) ;
#4144 = PRESENTATION_LAYER_ASSIGNMENT (  '', '', ( #6480 ) ) ;
#4145 = ORIENTED_EDGE ( 'NONE', *, *, #5955, .T. ) ;
#4146 = FILL_AREA_STYLE ('',( #6209 ) ) ;
#4147 = EDGE_LOOP ( 'NONE', ( #3643, #1972, #4075, #2778 ) ) ;
#4148 =( NAMED_UNIT ( * ) PLANE_ANGLE_UNIT ( ) SI_UNIT ( $, .RADIAN. ) );
#4149 = CLOSED_SHELL ( 'NONE', ( #3501, #5334, #3884, #2179, #1170, #6245, #2691, #5187, #2136, #355, #112, #2965, #1022, #50 ) ) ;
#4150 = EDGE_CURVE ( 'NONE', #699, #514, #5437, .T. ) ;
#4151 = DIRECTION ( 'NONE',  ( 0.000000000000000000, 0.000000000000000000, 1.000000000000000000 ) ) ;
#4152 = PRESENTATION_STYLE_ASSIGNMENT (( #4669 ) ) ;
#4153 = DIRECTION ( 'NONE',  ( -1.000000000000000000, 0.000000000000000000, 0.000000000000000000 ) ) ;
#4154 = CARTESIAN_POINT ( 'NONE',  ( -9.105900000000000105, 0.2535262387991554789, 4.317999999999999616 ) ) ;
#4155 = EDGE_CURVE ( 'NONE', #5380, #2199, #2512, .T. ) ;
#4156 = CYLINDRICAL_SURFACE ( 'NONE', #4630, 0.5079999999999997851 ) ;
#4157 = PRESENTATION_LAYER_ASSIGNMENT (  '', '', ( #1894 ) ) ;
#4158 = MECHANICAL_DESIGN_GEOMETRIC_PRESENTATION_REPRESENTATION (  '', ( #5481 ), #2583 ) ;
#4159 = FILL_AREA_STYLE ('',( #4848 ) ) ;
#4160 = AXIS2_PLACEMENT_3D ( 'NONE', #5679, #345, #1293 ) ;
#4161 = VERTEX_POINT ( 'NONE', #4948 ) ;
#4162 = ORIENTED_EDGE ( 'NONE', *, *, #6771, .F. ) ;
#4163 = ADVANCED_FACE ( 'NONE', ( #2251 ), #1711, .F. ) ;
#4164 = FILL_AREA_STYLE_COLOUR ( '', #5756 ) ;
#4165 = DIRECTION ( 'NONE',  ( 0.000000000000000000, 0.000000000000000000, -1.000000000000000000 ) ) ;
#4166 =( LENGTH_UNIT ( ) NAMED_UNIT ( * ) SI_UNIT ( .MILLI., .METRE. ) );
#4167 = AXIS2_PLACEMENT_3D ( 'NONE', #4909, #5566, #5998 ) ;
#4168 = FILL_AREA_STYLE ('',( #4687 ) ) ;
#4169 = VERTEX_POINT ( 'NONE', #2361 ) ;
#4170 = ORIENTED_EDGE ( 'NONE', *, *, #2299, .T. ) ;
#4171 = VECTOR ( 'NONE', #5354, 1000.000000000000000 ) ;
#4172 = LINE ( 'NONE', #2620, #4092 ) ;
#4173 = DIRECTION ( 'NONE',  ( -1.000000000000000000, 0.000000000000000000, 0.000000000000000000 ) ) ;
#4174 = CARTESIAN_POINT ( 'NONE',  ( -5.524499999999999744, 4.039999999999999147, 6.032499999999999751 ) ) ;
#4175 = FACE_BOUND ( 'NONE', #5843, .T. ) ;
#4176 = LINE ( 'NONE', #1357, #5814 ) ;
#4177 = AXIS2_PLACEMENT_3D ( 'NONE', #2777, #5984, #1688 ) ;
#4178 = ORIENTED_EDGE ( 'NONE', *, *, #3674, .T. ) ;
#4179 = CARTESIAN_POINT ( 'NONE',  ( -6.386507856983209663, 3.581465918153455164, -4.317999999999999616 ) ) ;
#4180 = ORIENTED_EDGE ( 'NONE', *, *, #2556, .F. ) ;
#4181 = UNCERTAINTY_MEASURE_WITH_UNIT (LENGTH_MEASURE( 1.000000000000000082E-05 ), #1159, 'distance_accuracy_value', 'NONE');
#4182 =( NAMED_UNIT ( * ) SI_UNIT ( $, .STERADIAN. ) SOLID_ANGLE_UNIT ( ) );
#4183 = MECHANICAL_DESIGN_GEOMETRIC_PRESENTATION_REPRESENTATION (  '', ( #1568 ), #2032 ) ;
#4184 = FILL_AREA_STYLE ('',( #406 ) ) ;
#4185 =( NAMED_UNIT ( * ) PLANE_ANGLE_UNIT ( ) SI_UNIT ( $, .RADIAN. ) );
#4186 = AXIS2_PLACEMENT_3D ( 'NONE', #6745, #3432, #711 ) ;
#4187 = AXIS2_PLACEMENT_3D ( 'NONE', #2903, #5465, #3877 ) ;
#4188 = ADVANCED_FACE ( 'NONE', ( #838 ), #1475, .F. ) ;
#4189 = PRESENTATION_STYLE_ASSIGNMENT (( #5123 ) ) ;
#4190 = DIRECTION ( 'NONE',  ( 0.000000000000000000, 0.000000000000000000, -1.000000000000000000 ) ) ;
#4191 = SURFACE_SIDE_STYLE ('',( #879 ) ) ;
#4192 = VECTOR ( 'NONE', #1279, 1000.000000000000000 ) ;
#4193 = STYLED_ITEM ( 'NONE', ( #5809 ), #3131 ) ;
#4194 = DIRECTION ( 'NONE',  ( -1.000000000000000000, 0.000000000000000000, 0.000000000000000000 ) ) ;
#4195 = CYLINDRICAL_SURFACE ( 'NONE', #4825, 0.4665790554353732578 ) ;
#4196 = EDGE_CURVE ( 'NONE', #773, #5548, #1918, .T. ) ;
#4197 = PRESENTATION_LAYER_ASSIGNMENT (  '', '', ( #5413 ) ) ;
#4198 = STYLED_ITEM ( 'NONE', ( #3921 ), #3185 ) ;
#4199 = ORIENTED_EDGE ( 'NONE', *, *, #629, .F. ) ;
#4200 = ORIENTED_EDGE ( 'NONE', *, *, #3068, .F. ) ;
#4201 = DIRECTION ( 'NONE',  ( 1.000000000000000000, 0.000000000000000000, 0.000000000000000000 ) ) ;
#4202 = FILL_AREA_STYLE_COLOUR ( '', #4225 ) ;
#4203 = SURFACE_STYLE_USAGE ( .BOTH. , #2678 ) ;
#4204 = DIRECTION ( 'NONE',  ( 0.000000000000000000, 0.000000000000000000, 1.000000000000000000 ) ) ;
#4205 = CARTESIAN_POINT ( 'NONE',  ( 9.090393670958150096, 1.102058738522372051E-15, 4.317999999999999616 ) ) ;
#4206 = EDGE_CURVE ( 'NONE', #4348, #2628, #1363, .T. ) ;
#4207 = ORIENTED_EDGE ( 'NONE', *, *, #197, .T. ) ;
#4208 = FILL_AREA_STYLE ('',( #1493 ) ) ;
#4209 = VERTEX_POINT ( 'NONE', #5672 ) ;
#4210 = FILL_AREA_STYLE ('',( #5285 ) ) ;
#4211 = PRESENTATION_STYLE_ASSIGNMENT (( #1579 ) ) ;
#4212 = ORIENTED_EDGE ( 'NONE', *, *, #5449, .T. ) ;
#4213 = ORIENTED_EDGE ( 'NONE', *, *, #6185, .T. ) ;
#4214 = DIRECTION ( 'NONE',  ( 0.000000000000000000, 0.000000000000000000, 1.000000000000000000 ) ) ;
#4215 = LINE ( 'NONE', #3731, #24 ) ;
#4216 = FACE_OUTER_BOUND ( 'NONE', #4137, .T. ) ;
#4217 = DIRECTION ( 'NONE',  ( -1.000000000000000000, 0.000000000000000000, 0.000000000000000000 ) ) ;
#4218 = DIRECTION ( 'NONE',  ( 0.06104853953484972590, 0.9981347984218674751, 0.000000000000000000 ) ) ;
#4219 = FILL_AREA_STYLE_COLOUR ( '', #2364 ) ;
#4220 = CARTESIAN_POINT ( 'NONE',  ( -6.386507856983209663, 3.368886862718084796, 0.7620000000000000107 ) ) ;
#4221 = CARTESIAN_POINT ( 'NONE',  ( 6.386507856983209663, 3.581465918153455164, -3.301999999999999602 ) ) ;
#4222 = EDGE_CURVE ( 'NONE', #1372, #1076, #4054, .T. ) ;
#4223 = PLANE ( 'NONE',  #4038 ) ;
#4224 = LINE ( 'NONE', #3218, #4384 ) ;
#4225 = COLOUR_RGB ( '',0.6666666666666666297, 0.6980392156862744724, 0.7686274509803920907 ) ;
#4226 = VERTEX_POINT ( 'NONE', #3018 ) ;
#4227 = VERTEX_POINT ( 'NONE', #5781 ) ;
#4228 = COLOUR_RGB ( '',0.6666666666666666297, 0.6980392156862744724, 0.7686274509803920907 ) ;
#4229 = LINE ( 'NONE', #2153, #1922 ) ;
#4230 = SURFACE_SIDE_STYLE ('',( #463 ) ) ;
#4231 = STYLED_ITEM ( 'NONE', ( #4393 ), #783 ) ;
#4232 = CARTESIAN_POINT ( 'NONE',  ( 6.837188616633790517, 3.489646408310704828, -0.7620000000000000107 ) ) ;
#4233 = FACE_OUTER_BOUND ( 'NONE', #3101, .T. ) ;
#4234 = EDGE_CURVE ( 'NONE', #2002, #3991, #5634, .T. ) ;
#4235 = CARTESIAN_POINT ( 'NONE',  ( -7.771382951983880183, 0.4513621692343839920, 1.778000000000000025 ) ) ;
#4236 = FILL_AREA_STYLE_COLOUR ( '', #5475 ) ;
#4237 = COLOUR_RGB ( '',0.2509803921568627416, 0.2509803921568627416, 0.2509803921568627416 ) ;
#4238 = ORIENTED_EDGE ( 'NONE', *, *, #1848, .F. ) ;
#4239 = EDGE_LOOP ( 'NONE', ( #4113, #6429, #4417, #3625 ) ) ;
#4240 = DIRECTION ( 'NONE',  ( 0.000000000000000000, 1.000000000000000000, 0.000000000000000000 ) ) ;
#4241 = EDGE_CURVE ( 'NONE', #1381, #3054, #5259, .T. ) ;
#4242 = AXIS2_PLACEMENT_3D ( 'NONE', #4412, #2783, #32 ) ;
#4243 = CARTESIAN_POINT ( 'NONE',  ( -5.206424362375529746, -1.077630734528302048, 5.206424362375529746 ) ) ;
#4244 = COLOUR_RGB ( '',0.6666666666666666297, 0.6980392156862744724, 0.7686274509803920907 ) ;
#4245 = VECTOR ( 'NONE', #2407, 1000.000000000000114 ) ;
#4246 = ORIENTED_EDGE ( 'NONE', *, *, #3163, .F. ) ;
#4247 = ORIENTED_EDGE ( 'NONE', *, *, #647, .F. ) ;
#4248 = UNCERTAINTY_MEASURE_WITH_UNIT (LENGTH_MEASURE( 1.000000000000000082E-05 ), #31, 'distance_accuracy_value', 'NONE');
#4249 = SURFACE_SIDE_STYLE ('',( #6903 ) ) ;
#4250 =( LENGTH_UNIT ( ) NAMED_UNIT ( * ) SI_UNIT ( .MILLI., .METRE. ) );
#4251 = EDGE_CURVE ( 'NONE', #6082, #5853, #5156, .T. ) ;
#4252 =( NAMED_UNIT ( * ) PLANE_ANGLE_UNIT ( ) SI_UNIT ( $, .RADIAN. ) );
#4253 = AXIS2_PLACEMENT_3D ( 'NONE', #1782, #1710, #3878 ) ;
#4254 =( LENGTH_UNIT ( ) NAMED_UNIT ( * ) SI_UNIT ( .MILLI., .METRE. ) );
#4255 = DIRECTION ( 'NONE',  ( 0.000000000000000000, 0.000000000000000000, -1.000000000000000000 ) ) ;
#4256 = DIRECTION ( 'NONE',  ( 1.000000000000000000, 0.000000000000000000, 0.000000000000000000 ) ) ;
#4257 = CIRCLE ( 'NONE', #621, 0.3725677875102462178 ) ;
#4258 =( GEOMETRIC_REPRESENTATION_CONTEXT ( 3 ) GLOBAL_UNCERTAINTY_ASSIGNED_CONTEXT ( ( #2768 ) ) GLOBAL_UNIT_ASSIGNED_CONTEXT ( ( #4973, #5004, #6552 ) ) REPRESENTATION_CONTEXT ( 'NONE', 'WORKASPACE' ) );
#4259 = DIRECTION ( 'NONE',  ( 1.000000000000000000, 0.000000000000000000, 0.000000000000000000 ) ) ;
#4260 =( LENGTH_UNIT ( ) NAMED_UNIT ( * ) SI_UNIT ( .MILLI., .METRE. ) );
#4261 = COLOUR_RGB ( '',0.2509803921568627416, 0.2509803921568627416, 0.2509803921568627416 ) ;
#4262 = PRESENTATION_LAYER_ASSIGNMENT (  '', '', ( #5710 ) ) ;
#4263 = AXIS2_PLACEMENT_3D ( 'NONE', #471, #5954, #5921 ) ;
#4264 = PRESENTATION_LAYER_ASSIGNMENT (  '', '', ( #5480 ) ) ;
#4265 = ORIENTED_EDGE ( 'NONE', *, *, #6160, .F. ) ;
#4266 = ORIENTED_EDGE ( 'NONE', *, *, #4323, .T. ) ;
#4267 = PRESENTATION_LAYER_ASSIGNMENT (  '', '', ( #6836 ) ) ;
#4268 = AXIS2_PLACEMENT_3D ( 'NONE', #2116, #1025, #4272 ) ;
#4269 =( NAMED_UNIT ( * ) SI_UNIT ( $, .STERADIAN. ) SOLID_ANGLE_UNIT ( ) );
#4270 = DIRECTION ( 'NONE',  ( -1.000000000000000000, 0.000000000000000000, 0.000000000000000000 ) ) ;
#4271 = DIRECTION ( 'NONE',  ( 0.9981347984218673641, -0.06104853953484981610, 0.000000000000000000 ) ) ;
#4272 = DIRECTION ( 'NONE',  ( 1.000000000000000000, 0.000000000000000000, 0.000000000000000000 ) ) ;
#4273 = STYLED_ITEM ( 'NONE', ( #2600 ), #1317 ) ;
#4274 = ADVANCED_FACE ( 'NONE', ( #905 ), #303, .F. ) ;
#4275 = ORIENTED_EDGE ( 'NONE', *, *, #3937, .T. ) ;
#4276 = CARTESIAN_POINT ( 'NONE',  ( 9.090393670958150096, 1.102058738522372051E-15, 0.7620000000000000107 ) ) ;
#4277 = VERTEX_POINT ( 'NONE', #448 ) ;
#4278 = PRESENTATION_STYLE_ASSIGNMENT (( #6829 ) ) ;
#4279 = FACE_OUTER_BOUND ( 'NONE', #4663, .T. ) ;
#4280 = COLOUR_RGB ( '',0.6666666666666666297, 0.6980392156862744724, 0.7686274509803920907 ) ;
#4281 = DIRECTION ( 'NONE',  ( -1.000000000000000000, 0.000000000000000000, 0.000000000000000000 ) ) ;
#4282 = FILL_AREA_STYLE_COLOUR ( '', #6038 ) ;
#4283 = VECTOR ( 'NONE', #2928, 1000.000000000000114 ) ;
#4284 = EDGE_CURVE ( 'NONE', #724, #4002, #13, .T. ) ;
#4285 = ORIENTED_EDGE ( 'NONE', *, *, #3482, .T. ) ;
#4286 = DIRECTION ( 'NONE',  ( -0.9981347984218673641, -0.06104853953484981610, 0.000000000000000000 ) ) ;
#4287 = ORIENTED_EDGE ( 'NONE', *, *, #2852, .T. ) ;
#4288 = CARTESIAN_POINT ( 'NONE',  ( 7.764301528365829874, 0.3355819165141765148, -0.7620000000000000107 ) ) ;
#4289 = LINE ( 'NONE', #1037, #3568 ) ;
#4290 = EDGE_CURVE ( 'NONE', #2001, #3299, #1618, .T. ) ;
#4291 = CARTESIAN_POINT ( 'NONE',  ( -6.386507856983209663, 3.581465918153455164, 1.778000000000000025 ) ) ;
#4292 = PRESENTATION_STYLE_ASSIGNMENT (( #2669 ) ) ;
#4293 = CARTESIAN_POINT ( 'NONE',  ( 7.771382951983880183, 0.4513621692343839920, 4.317999999999999616 ) ) ;
#4294 = VECTOR ( 'NONE', #4749, 1000.000000000000000 ) ;
#4295 = DIRECTION ( 'NONE',  ( -0.9659258262890680902, 0.2588190451025215166, 0.000000000000000000 ) ) ;
#4296 =( NAMED_UNIT ( * ) SI_UNIT ( $, .STERADIAN. ) SOLID_ANGLE_UNIT ( ) );
#4297 = PRESENTATION_LAYER_ASSIGNMENT (  '', '', ( #317 ) ) ;
#4298 = DIRECTION ( 'NONE',  ( -1.000000000000000000, 0.000000000000000000, 0.000000000000000000 ) ) ;
#4299 = ORIENTED_EDGE ( 'NONE', *, *, #4359, .F. ) ;
#4300 = STYLED_ITEM ( 'NONE', ( #3381 ), #2943 ) ;
#4301 = PLANE ( 'NONE',  #713 ) ;
#4302 = PRESENTATION_STYLE_ASSIGNMENT (( #989 ) ) ;
#4303 = SURFACE_STYLE_FILL_AREA ( #6327 ) ;
#4304 = FACE_OUTER_BOUND ( 'NONE', #4818, .T. ) ;
#4305 = STYLED_ITEM ( 'NONE', ( #3116 ), #3891 ) ;
#4306 = ORIENTED_EDGE ( 'NONE', *, *, #342, .F. ) ;
#4307 = DIRECTION ( 'NONE',  ( 0.000000000000000000, 0.000000000000000000, -1.000000000000000000 ) ) ;
#4308 = ORIENTED_EDGE ( 'NONE', *, *, #1011, .F. ) ;
#4309 =( NAMED_UNIT ( * ) PLANE_ANGLE_UNIT ( ) SI_UNIT ( $, .RADIAN. ) );
#4310 = FILL_AREA_STYLE_COLOUR ( '', #2766 ) ;
#4311 = CARTESIAN_POINT ( 'NONE',  ( -6.591843456756369513, 3.423906370854659986, 3.301999999999999602 ) ) ;
#4312 =( NAMED_UNIT ( * ) PLANE_ANGLE_UNIT ( ) SI_UNIT ( $, .RADIAN. ) );
#4313 = EDGE_CURVE ( 'NONE', #2548, #3919, #2316, .T. ) ;
#4314 = CARTESIAN_POINT ( 'NONE',  ( -9.090393670958150096, 1.102058738522372051E-15, 3.301999999999999602 ) ) ;
#4315 = ORIENTED_EDGE ( 'NONE', *, *, #1016, .T. ) ;
#4316 = DIRECTION ( 'NONE',  ( 0.06104853953484982304, -0.9981347984218674751, 0.000000000000000000 ) ) ;
#4317 = VERTEX_POINT ( 'NONE', #3797 ) ;
#4318 = DIRECTION ( 'NONE',  ( -0.2588190451025215166, 0.9659258262890680902, 0.000000000000000000 ) ) ;
#4319 = CARTESIAN_POINT ( 'NONE',  ( 5.270500000000000185, 0.3769999999999988916, 5.778500000000000192 ) ) ;
#4320 = DIRECTION ( 'NONE',  ( 0.000000000000000000, 0.000000000000000000, -1.000000000000000000 ) ) ;
#4321 = FACE_OUTER_BOUND ( 'NONE', #3309, .T. ) ;
#4322 =( NAMED_UNIT ( * ) PLANE_ANGLE_UNIT ( ) SI_UNIT ( $, .RADIAN. ) );
#4323 = EDGE_CURVE ( 'NONE', #4959, #5382, #5669, .T. ) ;
#4324 = DIRECTION ( 'NONE',  ( 0.000000000000000000, 0.000000000000000000, 1.000000000000000000 ) ) ;
#4325 = FACE_OUTER_BOUND ( 'NONE', #3477, .T. ) ;
#4326 = FACE_OUTER_BOUND ( 'NONE', #3940, .T. ) ;
#4327 = SURFACE_STYLE_FILL_AREA ( #456 ) ;
#4328 = EDGE_CURVE ( 'NONE', #3662, #5452, #2986, .T. ) ;
#4329 = ORIENTED_EDGE ( 'NONE', *, *, #817, .T. ) ;
#4330 = UNCERTAINTY_MEASURE_WITH_UNIT (LENGTH_MEASURE( 1.000000000000000082E-05 ), #1467, 'distance_accuracy_value', 'NONE');
#4331 = SURFACE_STYLE_FILL_AREA ( #6991 ) ;
#4332 = DIRECTION ( 'NONE',  ( 0.9981347984218675862, 0.06104853953484747076, 0.000000000000000000 ) ) ;
#4333 = PRESENTATION_STYLE_ASSIGNMENT (( #4853 ) ) ;
#4334 = PRESENTATION_STYLE_ASSIGNMENT (( #640 ) ) ;
#4335 = DIRECTION ( 'NONE',  ( 0.000000000000000000, 0.000000000000000000, 1.000000000000000000 ) ) ;
#4336 = EDGE_LOOP ( 'NONE', ( #4737, #5794, #4213, #5536 ) ) ;
#4337 = DIRECTION ( 'NONE',  ( -1.000000000000000000, 0.000000000000000000, 0.000000000000000000 ) ) ;
#4338 =( GEOMETRIC_REPRESENTATION_CONTEXT ( 3 ) GLOBAL_UNCERTAINTY_ASSIGNED_CONTEXT ( ( #3126 ) ) GLOBAL_UNIT_ASSIGNED_CONTEXT ( ( #496, #2154, #4723 ) ) REPRESENTATION_CONTEXT ( 'NONE', 'WORKASPACE' ) );
#4339 = ORIENTED_EDGE ( 'NONE', *, *, #4956, .T. ) ;
#4340 = SURFACE_STYLE_FILL_AREA ( #3888 ) ;
#4341 = SURFACE_SIDE_STYLE ('',( #2193 ) ) ;
#4342 = SURFACE_STYLE_FILL_AREA ( #5 ) ;
#4343 = SURFACE_STYLE_USAGE ( .BOTH. , #5323 ) ;
#4344 = FILL_AREA_STYLE ('',( #2195 ) ) ;
#4345 = PRESENTATION_LAYER_ASSIGNMENT (  '', '', ( #1970 ) ) ;
#4346 = AXIS2_PLACEMENT_3D ( 'NONE', #5822, #2203, #1113 ) ;
#4347 = DIRECTION ( 'NONE',  ( 0.000000000000000000, 0.000000000000000000, -1.000000000000000000 ) ) ;
#4348 = VERTEX_POINT ( 'NONE', #2700 ) ;
#4349 = VERTEX_POINT ( 'NONE', #5427 ) ;
#4350 = AXIS2_PLACEMENT_3D ( 'NONE', #5773, #6863, #6335 ) ;
#4351 = CARTESIAN_POINT ( 'NONE',  ( -6.837188616633790517, 3.489646408310704828, 0.7620000000000000107 ) ) ;
#4352 = VECTOR ( 'NONE', #2707, 1000.000000000000000 ) ;
#4353 = DIRECTION ( 'NONE',  ( 0.000000000000000000, 0.000000000000000000, -1.000000000000000000 ) ) ;
#4354 = DIRECTION ( 'NONE',  ( -0.2588190451025215166, -0.9659258262890680902, 0.000000000000000000 ) ) ;
#4355 = PRESENTATION_STYLE_ASSIGNMENT (( #4873 ) ) ;
#4356 = STYLED_ITEM ( 'NONE', ( #3371 ), #361 ) ;
#4357 = CARTESIAN_POINT ( 'NONE',  ( 6.386507856983209663, 3.835465918153454723, -0.7620000000000000107 ) ) ;
#4358 =( NAMED_UNIT ( * ) PLANE_ANGLE_UNIT ( ) SI_UNIT ( $, .RADIAN. ) );
#4359 = EDGE_CURVE ( 'NONE', #3904, #6355, #4215, .T. ) ;
#4360 = FILL_AREA_STYLE_COLOUR ( '', #880 ) ;
#4361 = CARTESIAN_POINT ( 'NONE',  ( -7.413993670958149984, 0.3556000000000000272, -3.301999999999999602 ) ) ;
#4362 = AXIS2_PLACEMENT_3D ( 'NONE', #2606, #943, #3141 ) ;
#4363 = VECTOR ( 'NONE', #5252, 1000.000000000000000 ) ;
#4364 = EDGE_CURVE ( 'NONE', #6402, #6611, #2207, .T. ) ;
#4365 = ORIENTED_EDGE ( 'NONE', *, *, #4916, .T. ) ;
#4366 = FACE_OUTER_BOUND ( 'NONE', #467, .T. ) ;
#4367 = LINE ( 'NONE', #2805, #3297 ) ;
#4368 = DIRECTION ( 'NONE',  ( -0.000000000000000000, -1.000000000000000000, -0.000000000000000000 ) ) ;
#4369 = CIRCLE ( 'NONE', #1291, 0.1159966097798266205 ) ;
#4370 = CARTESIAN_POINT ( 'NONE',  ( 7.413993670958149984, 0.3556000000000000272, -1.778000000000000025 ) ) ;
#4371 = COLOUR_RGB ( '',0.6666666666666666297, 0.6980392156862744724, 0.7686274509803920907 ) ;
#4372 = MECHANICAL_DESIGN_GEOMETRIC_PRESENTATION_REPRESENTATION (  '', ( #3029 ), #2693 ) ;
#4373 = ADVANCED_FACE ( 'NONE', ( #2062 ), #2096, .T. ) ;
#4374 = EDGE_LOOP ( 'NONE', ( #3188, #6029, #6693, #5203, #6463, #1687, #5872, #4664, #2226, #4868, #1459, #242 ) ) ;
#4375 = ORIENTED_EDGE ( 'NONE', *, *, #4967, .T. ) ;
#4376 = SURFACE_STYLE_FILL_AREA ( #6466 ) ;
#4377 = CARTESIAN_POINT ( 'NONE',  ( -6.386507856983209663, 3.368886862718084796, -3.301999999999999602 ) ) ;
#4378 = LINE ( 'NONE', #1693, #4639 ) ;
#4379 = PRESENTATION_STYLE_ASSIGNMENT (( #184 ) ) ;
#4380 = DIRECTION ( 'NONE',  ( -0.9659258262890680902, -0.2588190451025215166, 0.000000000000000000 ) ) ;
#4381 = ORIENTED_EDGE ( 'NONE', *, *, #5901, .T. ) ;
#4382 = DIRECTION ( 'NONE',  ( 0.000000000000000000, 1.000000000000000000, 0.000000000000000000 ) ) ;
#4383 = ORIENTED_EDGE ( 'NONE', *, *, #1545, .F. ) ;
#4384 = VECTOR ( 'NONE', #6390, 1000.000000000000000 ) ;
#4385 = VECTOR ( 'NONE', #6692, 1000.000000000000227 ) ;
#4386 = SURFACE_STYLE_USAGE ( .BOTH. , #2343 ) ;
#4387 = CARTESIAN_POINT ( 'NONE',  ( 9.105900000000000105, 0.2535262387991554789, -3.301999999999999602 ) ) ;
#4388 = LINE ( 'NONE', #2895, #5076 ) ;
#4389 =( GEOMETRIC_REPRESENTATION_CONTEXT ( 3 ) GLOBAL_UNCERTAINTY_ASSIGNED_CONTEXT ( ( #3825 ) ) GLOBAL_UNIT_ASSIGNED_CONTEXT ( ( #6422, #587, #5402 ) ) REPRESENTATION_CONTEXT ( 'NONE', 'WORKASPACE' ) );
#4390 = CARTESIAN_POINT ( 'NONE',  ( -6.837188616633790517, 3.489646408310704828, 1.778000000000000025 ) ) ;
#4391 = ORIENTED_EDGE ( 'NONE', *, *, #5212, .T. ) ;
#4392 = STYLED_ITEM ( 'NONE', ( #2381 ), #2136 ) ;
#4393 = PRESENTATION_STYLE_ASSIGNMENT (( #6450 ) ) ;
#4394 = CARTESIAN_POINT ( 'NONE',  ( 6.837188616633790517, 3.489646408310704828, -3.301999999999999602 ) ) ;
#4395 = EDGE_CURVE ( 'NONE', #6671, #5691, #5856, .T. ) ;
#4396 = CIRCLE ( 'NONE', #6295, 0.5079999999999997851 ) ;
#4397 = CARTESIAN_POINT ( 'NONE',  ( 6.386507856983209663, 3.581465918153455164, -1.778000000000000025 ) ) ;
#4398 = UNCERTAINTY_MEASURE_WITH_UNIT (LENGTH_MEASURE( 1.000000000000000082E-05 ), #6874, 'distance_accuracy_value', 'NONE');
#4399 = FILL_AREA_STYLE_COLOUR ( '', #626 ) ;
#4400 = DIRECTION ( 'NONE',  ( 0.000000000000000000, 0.000000000000000000, 1.000000000000000000 ) ) ;
#4401 = PRESENTATION_STYLE_ASSIGNMENT (( #678 ) ) ;
#4402 = VECTOR ( 'NONE', #2949, 1000.000000000000000 ) ;
#4403 = COLOUR_RGB ( '',0.6666666666666666297, 0.6980392156862744724, 0.7686274509803920907 ) ;
#4404 = DIRECTION ( 'NONE',  ( 0.000000000000000000, 0.000000000000000000, -1.000000000000000000 ) ) ;
#4405 = DIRECTION ( 'NONE',  ( 1.000000000000000000, 0.000000000000000000, 0.000000000000000000 ) ) ;
#4406 = EDGE_CURVE ( 'NONE', #5393, #6354, #4783, .T. ) ;
#4407 = ORIENTED_EDGE ( 'NONE', *, *, #6214, .F. ) ;
#4408 = EDGE_LOOP ( 'NONE', ( #256, #6255, #5916, #5516 ) ) ;
#4409 = UNCERTAINTY_MEASURE_WITH_UNIT (LENGTH_MEASURE( 1.000000000000000082E-05 ), #486, 'distance_accuracy_value', 'NONE');
#4410 = DIRECTION ( 'NONE',  ( -0.06104853953484747076, -0.9981347984218675862, 0.000000000000000000 ) ) ;
#4411 = CARTESIAN_POINT ( 'NONE',  ( 6.386507856983209663, 3.368886862718084796, -3.301999999999999602 ) ) ;
#4412 = CARTESIAN_POINT ( 'NONE',  ( -9.105900000000000105, 0.2535262387991554789, -3.301999999999999602 ) ) ;
#4413 = DIRECTION ( 'NONE',  ( 0.000000000000000000, 0.000000000000000000, -1.000000000000000000 ) ) ;
#4414 = EDGE_CURVE ( 'NONE', #4509, #1143, #6947, .T. ) ;
#4415 = FILL_AREA_STYLE ('',( #113 ) ) ;
#4416 = ORIENTED_EDGE ( 'NONE', *, *, #5804, .T. ) ;
#4417 = ORIENTED_EDGE ( 'NONE', *, *, #1358, .F. ) ;
#4418 = CARTESIAN_POINT ( 'NONE',  ( 6.386507856983209663, 3.581465918153455164, 4.317999999999999616 ) ) ;
#4419 =( NAMED_UNIT ( * ) PLANE_ANGLE_UNIT ( ) SI_UNIT ( $, .RADIAN. ) );
#4420 = LINE ( 'NONE', #2757, #2869 ) ;
#4421 = FILL_AREA_STYLE ('',( #659 ) ) ;
#4422 = EDGE_LOOP ( 'NONE', ( #5818, #400 ) ) ;
#4423 = CARTESIAN_POINT ( 'NONE',  ( -5.778500000000000192, 3.835465918153454723, -1.778000000000000025 ) ) ;
#4424 = ORIENTED_EDGE ( 'NONE', *, *, #4328, .F. ) ;
#4425 = CARTESIAN_POINT ( 'NONE',  ( 6.386507856983209663, 3.835465918153454723, -1.778000000000000025 ) ) ;
#4426 = CARTESIAN_POINT ( 'NONE',  ( -6.386507856983209663, 3.581465918153455164, -1.778000000000000025 ) ) ;
#4427 =( LENGTH_UNIT ( ) NAMED_UNIT ( * ) SI_UNIT ( .MILLI., .METRE. ) );
#4428 = DIRECTION ( 'NONE',  ( -0.9981347984218673641, 0.06104853953484971896, 0.000000000000000000 ) ) ;
#4429 =( NAMED_UNIT ( * ) SI_UNIT ( $, .STERADIAN. ) SOLID_ANGLE_UNIT ( ) );
#4430 = EDGE_CURVE ( 'NONE', #2380, #3813, #4289, .T. ) ;
#4431 = DIRECTION ( 'NONE',  ( 0.000000000000000000, 0.000000000000000000, 1.000000000000000000 ) ) ;
#4432 = SURFACE_STYLE_USAGE ( .BOTH. , #1681 ) ;
#4433 =( NAMED_UNIT ( * ) SI_UNIT ( $, .STERADIAN. ) SOLID_ANGLE_UNIT ( ) );
#4434 = DIRECTION ( 'NONE',  ( 0.000000000000000000, 0.000000000000000000, -1.000000000000000000 ) ) ;
#4435 = DIRECTION ( 'NONE',  ( 0.000000000000000000, 0.000000000000000000, -1.000000000000000000 ) ) ;
#4436 = ORIENTED_EDGE ( 'NONE', *, *, #3443, .T. ) ;
#4437 = VERTEX_POINT ( 'NONE', #6979 ) ;
#4438 = EDGE_CURVE ( 'NONE', #6082, #5380, #1769, .T. ) ;
#4439 =( NAMED_UNIT ( * ) SI_UNIT ( $, .STERADIAN. ) SOLID_ANGLE_UNIT ( ) );
#4440 = FILL_AREA_STYLE_COLOUR ( '', #5914 ) ;
#4441 = CARTESIAN_POINT ( 'NONE',  ( -7.659338830835570100, 0.4213400374560394845, 4.317999999999999616 ) ) ;
#4442 = CYLINDRICAL_SURFACE ( 'NONE', #6162, 0.9424814043393257013 ) ;
#4443 = CARTESIAN_POINT ( 'NONE',  ( -2.158999999999999808, 6.859999999999999432, 9.577156605822828794 ) ) ;
#4444 = AXIS2_PLACEMENT_3D ( 'NONE', #3953, #4368, #2739 ) ;
#4445 = ORIENTED_EDGE ( 'NONE', *, *, #3400, .T. ) ;
#4446 = ORIENTED_EDGE ( 'NONE', *, *, #4696, .F. ) ;
#4447 = EDGE_CURVE ( 'NONE', #2515, #6048, #6515, .T. ) ;
#4448 = FACE_OUTER_BOUND ( 'NONE', #6436, .T. ) ;
#4449 = STYLED_ITEM ( 'NONE', ( #2398 ), #67 ) ;
#4450 = CARTESIAN_POINT ( 'NONE',  ( 6.155596455055790450, 2.107860427321770036, 4.317999999999999616 ) ) ;
#4451 = CARTESIAN_POINT ( 'NONE',  ( 5.206424362375529746, -1.077630734528302048, 4.825424362375530407 ) ) ;
#4452 = PRESENTATION_LAYER_ASSIGNMENT (  '', '', ( #5003 ) ) ;
#4453 = LINE ( 'NONE', #85, #6708 ) ;
#4454 = MECHANICAL_DESIGN_GEOMETRIC_PRESENTATION_REPRESENTATION (  '', ( #6574 ), #3109 ) ;
#4455 = ORIENTED_EDGE ( 'NONE', *, *, #3435, .F. ) ;
#4456 = ORIENTED_EDGE ( 'NONE', *, *, #881, .F. ) ;
#4457 = ADVANCED_FACE ( 'NONE', ( #2240 ), #83, .F. ) ;
#4458 = UNCERTAINTY_MEASURE_WITH_UNIT (LENGTH_MEASURE( 1.000000000000000082E-05 ), #4250, 'distance_accuracy_value', 'NONE');
#4459 = SURFACE_STYLE_FILL_AREA ( #5537 ) ;
#4460 = DIRECTION ( 'NONE',  ( 0.000000000000000000, 0.000000000000000000, -1.000000000000000000 ) ) ;
#4461 = DIRECTION ( 'NONE',  ( -0.9659258262890680902, 0.2588190451025215166, 0.000000000000000000 ) ) ;
#4462 = MECHANICAL_DESIGN_GEOMETRIC_PRESENTATION_REPRESENTATION (  '', ( #4356 ), #3906 ) ;
#4463 = CIRCLE ( 'NONE', #3000, 0.2125790554353725048 ) ;
#4464 =( NAMED_UNIT ( * ) SI_UNIT ( $, .STERADIAN. ) SOLID_ANGLE_UNIT ( ) );
#4465 =( NAMED_UNIT ( * ) SI_UNIT ( $, .STERADIAN. ) SOLID_ANGLE_UNIT ( ) );
#4466 = PRESENTATION_LAYER_ASSIGNMENT (  '', '', ( #5689 ) ) ;
#4468 = UNCERTAINTY_MEASURE_WITH_UNIT (LENGTH_MEASURE( 1.000000000000000082E-05 ), #3448, 'distance_accuracy_value', 'NONE');
#4467 = VECTOR ( 'NONE', #5158, 1000.000000000000000 ) ;
#4469 =( LENGTH_UNIT ( ) NAMED_UNIT ( * ) SI_UNIT ( .MILLI., .METRE. ) );
#4470 = SURFACE_STYLE_FILL_AREA ( #4504 ) ;
#4471 = SURFACE_STYLE_FILL_AREA ( #2255 ) ;
#4472 = COLOUR_RGB ( '',0.6666666666666666297, 0.6980392156862744724, 0.7686274509803920907 ) ;
#4473 = SURFACE_STYLE_FILL_AREA ( #4923 ) ;
#4474 = EDGE_LOOP ( 'NONE', ( #492, #516, #265, #2504 ) ) ;
#4475 = AXIS2_PLACEMENT_3D ( 'NONE', #5522, #111, #5397 ) ;
#4476 = ORIENTED_EDGE ( 'NONE', *, *, #915, .F. ) ;
#4478 = UNCERTAINTY_MEASURE_WITH_UNIT (LENGTH_MEASURE( 1.000000000000000082E-05 ), #423, 'distance_accuracy_value', 'NONE');
#4477 = VECTOR ( 'NONE', #5016, 1000.000000000000227 ) ;
#4479 = AXIS2_PLACEMENT_3D ( 'NONE', #1760, #1801, #652 ) ;
#4480 = VECTOR ( 'NONE', #6842, 1000.000000000000000 ) ;
#4481 =( NAMED_UNIT ( * ) PLANE_ANGLE_UNIT ( ) SI_UNIT ( $, .RADIAN. ) );
#4482 = CARTESIAN_POINT ( 'NONE',  ( 7.413993670958149984, 0.3556000000000000272, -0.7620000000000000107 ) ) ;
#4483 = AXIS2_PLACEMENT_3D ( 'NONE', #1491, #3680, #539 ) ;
#4484 = EDGE_CURVE ( 'NONE', #5276, #2515, #6097, .T. ) ;
#4485 = AXIS2_PLACEMENT_3D ( 'NONE', #1780, #4460, #234 ) ;
#4486 = ORIENTED_EDGE ( 'NONE', *, *, #5541, .F. ) ;
#4487 = LINE ( 'NONE', #6612, #6177 ) ;
#4488 = ORIENTED_EDGE ( 'NONE', *, *, #591, .T. ) ;
#4489 =( NAMED_UNIT ( * ) PLANE_ANGLE_UNIT ( ) SI_UNIT ( $, .RADIAN. ) );
#4490 = LINE ( 'NONE', #657, #4782 ) ;
#4491 = LINE ( 'NONE', #6550, #2545 ) ;
#4492 = DIRECTION ( 'NONE',  ( 0.000000000000000000, 0.000000000000000000, -1.000000000000000000 ) ) ;
#4493 = EDGE_CURVE ( 'NONE', #4226, #4557, #4420, .T. ) ;
#4494 = AXIS2_PLACEMENT_3D ( 'NONE', #2945, #5542, #4059 ) ;
#4495 = COLOUR_RGB ( '',0.6666666666666666297, 0.6980392156862744724, 0.7686274509803920907 ) ;
#4496 = ORIENTED_EDGE ( 'NONE', *, *, #4573, .F. ) ;
#4497 = LINE ( 'NONE', #5009, #66 ) ;
#4498 = VERTEX_POINT ( 'NONE', #658 ) ;
#4499 = DIRECTION ( 'NONE',  ( 1.000000000000000000, 0.000000000000000000, 0.000000000000000000 ) ) ;
#4500 = AXIS2_PLACEMENT_3D ( 'NONE', #1625, #2732, #1042 ) ;
#4501 = EDGE_CURVE ( 'NONE', #6354, #827, #4491, .T. ) ;
#4502 = CARTESIAN_POINT ( 'NONE',  ( 7.764301528365829874, 0.3355819165141765148, -1.778000000000000025 ) ) ;
#4503 = PRESENTATION_LAYER_ASSIGNMENT (  '', '', ( #4392 ) ) ;
#4504 = FILL_AREA_STYLE ('',( #815 ) ) ;
#4505 = DIRECTION ( 'NONE',  ( 0.000000000000000000, 1.000000000000000000, 0.000000000000000000 ) ) ;
#4506 =( LENGTH_UNIT ( ) NAMED_UNIT ( * ) SI_UNIT ( .MILLI., .METRE. ) );
#4507 = PRESENTATION_LAYER_ASSIGNMENT (  '', '', ( #4944 ) ) ;
#4508 =( LENGTH_UNIT ( ) NAMED_UNIT ( * ) SI_UNIT ( .MILLI., .METRE. ) );
#4509 = VERTEX_POINT ( 'NONE', #4387 ) ;
#4510 = ORIENTED_EDGE ( 'NONE', *, *, #6635, .F. ) ;
#4511 = DIRECTION ( 'NONE',  ( -1.000000000000000000, 0.000000000000000000, 0.000000000000000000 ) ) ;
#4512 = CARTESIAN_POINT ( 'NONE',  ( 9.090393670958150096, 1.102058738522372051E-15, -1.778000000000000025 ) ) ;
#4513 =( NAMED_UNIT ( * ) SI_UNIT ( $, .STERADIAN. ) SOLID_ANGLE_UNIT ( ) );
#4514 = PRESENTATION_STYLE_ASSIGNMENT (( #689 ) ) ;
#4515 = VECTOR ( 'NONE', #5374, 1000.000000000000000 ) ;
#4516 = COLOUR_RGB ( '',0.6666666666666666297, 0.6980392156862744724, 0.7686274509803920907 ) ;
#4517 = ORIENTED_EDGE ( 'NONE', *, *, #4538, .T. ) ;
#4518 = CARTESIAN_POINT ( 'NONE',  ( 6.795204295688689555, 2.664953387689415365, 4.317999999999999616 ) ) ;
#4519 = ORIENTED_EDGE ( 'NONE', *, *, #4077, .T. ) ;
#4520 = DIRECTION ( 'NONE',  ( 0.000000000000000000, 0.000000000000000000, -1.000000000000000000 ) ) ;
#4521 = AXIS2_PLACEMENT_3D ( 'NONE', #2307, #1177, #4005 ) ;
#4522 = VECTOR ( 'NONE', #1318, 1000.000000000000000 ) ;
#4523 = EDGE_CURVE ( 'NONE', #5048, #1323, #730, .T. ) ;
#4524 = FILL_AREA_STYLE ('',( #1215 ) ) ;
#4525 = MECHANICAL_DESIGN_GEOMETRIC_PRESENTATION_REPRESENTATION (  '', ( #2172 ), #2285 ) ;
#4526 = ORIENTED_EDGE ( 'NONE', *, *, #732, .T. ) ;
#4527 = CARTESIAN_POINT ( 'NONE',  ( 6.386507856983209663, 3.835465918153454723, 4.317999999999999616 ) ) ;
#4528 = ORIENTED_EDGE ( 'NONE', *, *, #509, .T. ) ;
#4529 = UNCERTAINTY_MEASURE_WITH_UNIT (LENGTH_MEASURE( 1.000000000000000082E-05 ), #5744, 'distance_accuracy_value', 'NONE');
#4530 = DIRECTION ( 'NONE',  ( 0.9981347984218673641, 0.06104853953484971896, 0.000000000000000000 ) ) ;
#4531 = ADVANCED_FACE ( 'NONE', ( #5532 ), #3383, .F. ) ;
#4532 = CARTESIAN_POINT ( 'NONE',  ( -9.105900000000000105, 0.2535262387991554789, 4.317999999999999616 ) ) ;
#4533 = DIRECTION ( 'NONE',  ( 0.000000000000000000, 0.000000000000000000, 1.000000000000000000 ) ) ;
#4534 = PRESENTATION_STYLE_ASSIGNMENT (( #2286 ) ) ;
#4535 = LINE ( 'NONE', #1849, #5598 ) ;
#4536 = UNCERTAINTY_MEASURE_WITH_UNIT (LENGTH_MEASURE( 1.000000000000000082E-05 ), #3924, 'distance_accuracy_value', 'NONE');
#4537 = DIRECTION ( 'NONE',  ( 0.000000000000000000, 0.000000000000000000, 1.000000000000000000 ) ) ;
#4538 = EDGE_CURVE ( 'NONE', #5888, #3754, #5596, .T. ) ;
#4539 =( LENGTH_UNIT ( ) NAMED_UNIT ( * ) SI_UNIT ( .MILLI., .METRE. ) );
#4540 = LINE ( 'NONE', #1258, #4143 ) ;
#4541 = LINE ( 'NONE', #1932, #6602 ) ;
#4542 = ORIENTED_EDGE ( 'NONE', *, *, #6375, .T. ) ;
#4543 = ORIENTED_EDGE ( 'NONE', *, *, #6074, .F. ) ;
#4544 = DIRECTION ( 'NONE',  ( 0.000000000000000000, 0.000000000000000000, 1.000000000000000000 ) ) ;
#4545 = FACE_OUTER_BOUND ( 'NONE', #4374, .T. ) ;
#4546 = CARTESIAN_POINT ( 'NONE',  ( -7.659338830835570100, 0.4213400374560394845, 1.778000000000000025 ) ) ;
#4547 = CARTESIAN_POINT ( 'NONE',  ( 7.771382951983880183, 0.4513621692343839920, -4.317999999999999616 ) ) ;
#4548 = LINE ( 'NONE', #4133, #3935 ) ;
#4549 = DIRECTION ( 'NONE',  ( 1.000000000000000000, 0.000000000000000000, 0.000000000000000000 ) ) ;
#4550 = SURFACE_SIDE_STYLE ('',( #6090 ) ) ;
#4551 = ORIENTED_EDGE ( 'NONE', *, *, #230, .T. ) ;
#4552 =( NAMED_UNIT ( * ) SI_UNIT ( $, .STERADIAN. ) SOLID_ANGLE_UNIT ( ) );
#4553 = ORIENTED_EDGE ( 'NONE', *, *, #6410, .F. ) ;
#4554 = CARTESIAN_POINT ( 'NONE',  ( 7.771382951983880183, 0.4513621692343839920, -3.301999999999999602 ) ) ;
#4555 = CARTESIAN_POINT ( 'NONE',  ( -6.386507856983209663, 3.368886862718084796, 0.7620000000000000107 ) ) ;
#4556 = PRESENTATION_STYLE_ASSIGNMENT (( #2484 ) ) ;
#4557 = VERTEX_POINT ( 'NONE', #5664 ) ;
#4558 = DIRECTION ( 'NONE',  ( 1.000000000000000000, 0.000000000000000000, -0.000000000000000000 ) ) ;
#4559 = ORIENTED_EDGE ( 'NONE', *, *, #6877, .T. ) ;
#4560 = MECHANICAL_DESIGN_GEOMETRIC_PRESENTATION_REPRESENTATION (  '', ( #20 ), #5783 ) ;
#4561 =( NAMED_UNIT ( * ) SI_UNIT ( $, .STERADIAN. ) SOLID_ANGLE_UNIT ( ) );
#4562 = CARTESIAN_POINT ( 'NONE',  ( 5.524499999999999744, 4.039999999999999147, -6.032499999999999751 ) ) ;
#4563 = FILL_AREA_STYLE ('',( #1642 ) ) ;
#4564 = VECTOR ( 'NONE', #1243, 1000.000000000000227 ) ;
#4565 = EDGE_CURVE ( 'NONE', #162, #3904, #6455, .T. ) ;
#4566 = CARTESIAN_POINT ( 'NONE',  ( -6.591843456756369513, 3.423906370854659986, 1.778000000000000025 ) ) ;
#4567 = DIRECTION ( 'NONE',  ( 0.000000000000000000, 0.000000000000000000, 1.000000000000000000 ) ) ;
#4568 = VECTOR ( 'NONE', #5172, 1000.000000000000000 ) ;
#4569 = AXIS2_PLACEMENT_3D ( 'NONE', #1386, #3585, #5708 ) ;
#4570 = DIRECTION ( 'NONE',  ( 0.000000000000000000, 0.000000000000000000, -1.000000000000000000 ) ) ;
#4571 =( NAMED_UNIT ( * ) SI_UNIT ( $, .STERADIAN. ) SOLID_ANGLE_UNIT ( ) );
#4572 = SURFACE_STYLE_FILL_AREA ( #240 ) ;
#4573 = EDGE_CURVE ( 'NONE', #6651, #5592, #229, .T. ) ;
#4574 = MECHANICAL_DESIGN_GEOMETRIC_PRESENTATION_REPRESENTATION (  '', ( #2874 ), #156 ) ;
#4575 = ORIENTED_EDGE ( 'NONE', *, *, #3639, .F. ) ;
#4576 = VERTEX_POINT ( 'NONE', #1319 ) ;
#4577 = DIRECTION ( 'NONE',  ( 0.000000000000000000, 0.000000000000000000, 1.000000000000000000 ) ) ;
#4579 = DIRECTION ( 'NONE',  ( -0.06104853953484982304, -0.9981347984218674751, 0.000000000000000000 ) ) ;
#4578 = COLOUR_RGB ( '',0.6666666666666666297, 0.6980392156862744724, 0.7686274509803920907 ) ;
#4580 = SURFACE_SIDE_STYLE ('',( #5102 ) ) ;
#4581 = CIRCLE ( 'NONE', #3582, 0.3810000000000002829 ) ;
#4582 = EDGE_CURVE ( 'NONE', #6500, #883, #1910, .T. ) ;
#4583 = CLOSED_SHELL ( 'NONE', ( #6551, #501, #1104, #5301, #6290, #3293, #6923 ) ) ;
#4584 = COLOUR_RGB ( '',0.6666666666666666297, 0.6980392156862744724, 0.7686274509803920907 ) ;
#4585 = ORIENTED_EDGE ( 'NONE', *, *, #2327, .T. ) ;
#4586 = ORIENTED_EDGE ( 'NONE', *, *, #445, .T. ) ;
#4587 = DIRECTION ( 'NONE',  ( 1.000000000000000000, 0.000000000000000000, 0.000000000000000000 ) ) ;
#4588 = CARTESIAN_POINT ( 'NONE',  ( 7.413993670958149984, 0.3556000000000000272, 4.317999999999999616 ) ) ;
#4589 = STYLED_ITEM ( 'NONE', ( #2769 ), #18 ) ;
#4590 = COLOUR_RGB ( '',0.6666666666666666297, 0.6980392156862744724, 0.7686274509803920907 ) ;
#4591 = ORIENTED_EDGE ( 'NONE', *, *, #4748, .F. ) ;
#4592 = DIRECTION ( 'NONE',  ( 1.000000000000000000, 0.000000000000000000, 0.000000000000000000 ) ) ;
#4593 = VERTEX_POINT ( 'NONE', #4174 ) ;
#4594 = MECHANICAL_DESIGN_GEOMETRIC_PRESENTATION_REPRESENTATION (  '', ( #5710 ), #1298 ) ;
#4595 = UNCERTAINTY_MEASURE_WITH_UNIT (LENGTH_MEASURE( 1.000000000000000082E-05 ), #4615, 'distance_accuracy_value', 'NONE');
#4596 = FILL_AREA_STYLE ('',( #5640 ) ) ;
#4597 = PRESENTATION_STYLE_ASSIGNMENT (( #4055 ) ) ;
#4598 = DIRECTION ( 'NONE',  ( 0.000000000000000000, 0.000000000000000000, -1.000000000000000000 ) ) ;
#4599 = AXIS2_PLACEMENT_3D ( 'NONE', #136, #2367, #4986 ) ;
#4600 = LINE ( 'NONE', #6742, #5271 ) ;
#4601 = CARTESIAN_POINT ( 'NONE',  ( -9.105900000000000105, 0.2535262387991554789, 1.778000000000000025 ) ) ;
#4602 = UNCERTAINTY_MEASURE_WITH_UNIT (LENGTH_MEASURE( 1.000000000000000082E-05 ), #2664, 'distance_accuracy_value', 'NONE');
#4603 = CARTESIAN_POINT ( 'NONE',  ( -9.090393670958150096, 1.102058738522372051E-15, 1.778000000000000025 ) ) ;
#4604 = MECHANICAL_DESIGN_GEOMETRIC_PRESENTATION_REPRESENTATION (  '', ( #6279 ), #3033 ) ;
#4605 = FILL_AREA_STYLE_COLOUR ( '', #2302 ) ;
#4606 = FACE_OUTER_BOUND ( 'NONE', #1936, .T. ) ;
#4607 = CARTESIAN_POINT ( 'NONE',  ( -7.771382951983880183, 0.4513621692343839920, -1.778000000000000025 ) ) ;
#4608 = COLOUR_RGB ( '',0.6666666666666666297, 0.6980392156862744724, 0.7686274509803920907 ) ;
#4609 = VERTEX_POINT ( 'NONE', #5629 ) ;
#4610 = ORIENTED_EDGE ( 'NONE', *, *, #3990, .F. ) ;
#4611 = DIRECTION ( 'NONE',  ( -1.000000000000000000, 0.000000000000000000, 0.000000000000000000 ) ) ;
#4612 = FACE_OUTER_BOUND ( 'NONE', #6958, .T. ) ;
#4613 = LINE ( 'NONE', #5066, #5683 ) ;
#4614 = PRESENTATION_LAYER_ASSIGNMENT (  '', '', ( #202 ) ) ;
#4615 =( LENGTH_UNIT ( ) NAMED_UNIT ( * ) SI_UNIT ( .MILLI., .METRE. ) );
#4616 = EDGE_CURVE ( 'NONE', #6292, #6976, #5110, .T. ) ;
#4617 = LINE ( 'NONE', #5767, #1292 ) ;
#4618 = VECTOR ( 'NONE', #2530, 1000.000000000000227 ) ;
#4619 = EDGE_LOOP ( 'NONE', ( #3002, #5835, #2411, #6553 ) ) ;
#4620 = DIRECTION ( 'NONE',  ( 0.000000000000000000, 0.000000000000000000, 1.000000000000000000 ) ) ;
#4621 = ORIENTED_EDGE ( 'NONE', *, *, #407, .T. ) ;
#4622 = DIRECTION ( 'NONE',  ( -1.000000000000000000, 0.000000000000000000, 0.000000000000000000 ) ) ;
#4623 = EDGE_CURVE ( 'NONE', #4226, #6671, #2213, .T. ) ;
#4624 = EDGE_CURVE ( 'NONE', #440, #4008, #2992, .T. ) ;
#4625 = PRESENTATION_STYLE_ASSIGNMENT (( #3658 ) ) ;
#4626 = CIRCLE ( 'NONE', #1571, 0.4665790554353732578 ) ;
#4627 = COLOUR_RGB ( '',0.6666666666666666297, 0.6980392156862744724, 0.7686274509803920907 ) ;
#4628 = ORIENTED_EDGE ( 'NONE', *, *, #712, .T. ) ;
#4629 = CARTESIAN_POINT ( 'NONE',  ( -5.270500000000000185, 4.039999999999998259, 5.778500000000000192 ) ) ;
#4630 = AXIS2_PLACEMENT_3D ( 'NONE', #4122, #909, #1666 ) ;
#4631 = VERTEX_POINT ( 'NONE', #6764 ) ;
#4632 = MECHANICAL_DESIGN_GEOMETRIC_PRESENTATION_REPRESENTATION (  '', ( #98 ), #894 ) ;
#4633 = CARTESIAN_POINT ( 'NONE',  ( -7.413993670958149984, 0.3556000000000000272, 4.317999999999999616 ) ) ;
#4634 = DIRECTION ( 'NONE',  ( -0.2588190451025215166, -0.9659258262890680902, 0.000000000000000000 ) ) ;
#4635 = ADVANCED_FACE ( 'NONE', ( #4080 ), #6686, .F. ) ;
#4636 = CARTESIAN_POINT ( 'NONE',  ( 5.206424362375529746, 0.2500000000000000000, -4.825424362375530407 ) ) ;
#4637 = SURFACE_SIDE_STYLE ('',( #3020 ) ) ;
#4638 = DIRECTION ( 'NONE',  ( 0.000000000000000000, 1.000000000000000000, 0.000000000000000000 ) ) ;
#4639 = VECTOR ( 'NONE', #1137, 1000.000000000000227 ) ;
#4640 = CONICAL_SURFACE ( 'NONE', #1587, 1.523999999999999799, 0.1176284409856254293 ) ;
#4641 = CARTESIAN_POINT ( 'NONE',  ( 5.778500000000000192, 3.581465918153455164, 4.317999999999999616 ) ) ;
#4642 = DIRECTION ( 'NONE',  ( -1.000000000000000000, 0.000000000000000000, 0.000000000000000000 ) ) ;
#4643 = VECTOR ( 'NONE', #129, 1000.000000000000000 ) ;
#4644 = DIRECTION ( 'NONE',  ( 0.000000000000000000, 0.000000000000000000, 1.000000000000000000 ) ) ;
#4645 = PLANE ( 'NONE',  #5249 ) ;
#4646 = LINE ( 'NONE', #1483, #859 ) ;
#4647 = VERTEX_POINT ( 'NONE', #866 ) ;
#4648 = VERTEX_POINT ( 'NONE', #3050 ) ;
#4649 = DIRECTION ( 'NONE',  ( 0.000000000000000000, 0.000000000000000000, -1.000000000000000000 ) ) ;
#4650 = CARTESIAN_POINT ( 'NONE',  ( -9.105900000000000105, 0.2535262387991554789, 1.778000000000000025 ) ) ;
#4651 = SURFACE_STYLE_USAGE ( .BOTH. , #4580 ) ;
#4652 = PRESENTATION_STYLE_ASSIGNMENT (( #2957 ) ) ;
#4653 =( NAMED_UNIT ( * ) SI_UNIT ( $, .STERADIAN. ) SOLID_ANGLE_UNIT ( ) );
#4654 = DIRECTION ( 'NONE',  ( 0.000000000000000000, 1.000000000000000000, 0.000000000000000000 ) ) ;
#4655 = ADVANCED_FACE ( 'NONE', ( #1977 ), #5184, .F. ) ;
#4656 = EDGE_LOOP ( 'NONE', ( #586, #281, #6547, #957 ) ) ;
#4657 = ORIENTED_EDGE ( 'NONE', *, *, #466, .T. ) ;
#4658 = LINE ( 'NONE', #6791, #1930 ) ;
#4659 = DIRECTION ( 'NONE',  ( 0.000000000000000000, 1.000000000000000000, 0.000000000000000000 ) ) ;
#4660 =( LENGTH_UNIT ( ) NAMED_UNIT ( * ) SI_UNIT ( .MILLI., .METRE. ) );
#4661 = MECHANICAL_DESIGN_GEOMETRIC_PRESENTATION_REPRESENTATION (  '', ( #4231 ), #2975 ) ;
#4662 = ADVANCED_FACE ( 'NONE', ( #4279 ), #4798, .T. ) ;
#4663 = EDGE_LOOP ( 'NONE', ( #5652, #2861, #1134, #2080 ) ) ;
#4664 = ORIENTED_EDGE ( 'NONE', *, *, #752, .F. ) ;
#4665 = UNCERTAINTY_MEASURE_WITH_UNIT (LENGTH_MEASURE( 1.000000000000000082E-05 ), #4001, 'distance_accuracy_value', 'NONE');
#4666 = PRESENTATION_STYLE_ASSIGNMENT (( #2524 ) ) ;
#4667 = DIRECTION ( 'NONE',  ( 0.000000000000000000, -1.000000000000000000, 0.000000000000000000 ) ) ;
#4668 = CARTESIAN_POINT ( 'NONE',  ( -5.778500000000000192, 3.835465918153454723, 4.317999999999999616 ) ) ;
#4669 = SURFACE_STYLE_USAGE ( .BOTH. , #2024 ) ;
#4670 = EDGE_CURVE ( 'NONE', #1449, #1484, #6439, .T. ) ;
#4671 = SURFACE_SIDE_STYLE ('',( #6280 ) ) ;
#4672 = CARTESIAN_POINT ( 'NONE',  ( -5.524499999999999744, 4.039999999999999147, -6.032499999999999751 ) ) ;
#4673 = DIRECTION ( 'NONE',  ( 0.000000000000000000, 0.000000000000000000, 1.000000000000000000 ) ) ;
#4674 = SURFACE_STYLE_USAGE ( .BOTH. , #556 ) ;
#4675 = PRESENTATION_LAYER_ASSIGNMENT (  '', '', ( #4449 ) ) ;
#4676 = FILL_AREA_STYLE_COLOUR ( '', #4578 ) ;
#4677 = VECTOR ( 'NONE', #1070, 1000.000000000000114 ) ;
#4678 = ORIENTED_EDGE ( 'NONE', *, *, #1556, .T. ) ;
#4679 = AXIS2_PLACEMENT_3D ( 'NONE', #1611, #1030, #5322 ) ;
#4680 = EDGE_LOOP ( 'NONE', ( #226, #5749 ) ) ;
#4681 =( NAMED_UNIT ( * ) SI_UNIT ( $, .STERADIAN. ) SOLID_ANGLE_UNIT ( ) );
#4682 = CARTESIAN_POINT ( 'NONE',  ( -5.778500000000000192, 3.835465918153454723, 4.317999999999999616 ) ) ;
#4683 = DIRECTION ( 'NONE',  ( 0.000000000000000000, 0.000000000000000000, 1.000000000000000000 ) ) ;
#4684 = CARTESIAN_POINT ( 'NONE',  ( -5.778500000000000192, 3.835465918153454723, 1.778000000000000025 ) ) ;
#4685 = STYLED_ITEM ( 'NONE', ( #4928 ), #355 ) ;
#4686 = VECTOR ( 'NONE', #2003, 1000.000000000000000 ) ;
#4687 = FILL_AREA_STYLE_COLOUR ( '', #2684 ) ;
#4688 = ORIENTED_EDGE ( 'NONE', *, *, #3599, .T. ) ;
#4689 = ORIENTED_EDGE ( 'NONE', *, *, #1635, .F. ) ;
#4690 = COLOUR_RGB ( '',0.6666666666666666297, 0.6980392156862744724, 0.7686274509803920907 ) ;
#4691 = VECTOR ( 'NONE', #3284, 1000.000000000000227 ) ;
#4692 = DIRECTION ( 'NONE',  ( 1.000000000000000000, 0.000000000000000000, 0.000000000000000000 ) ) ;
#4693 = FACE_OUTER_BOUND ( 'NONE', #2991, .T. ) ;
#4694 = DIRECTION ( 'NONE',  ( 0.2588190451025215166, -0.9659258262890680902, 0.000000000000000000 ) ) ;
#4695 = CARTESIAN_POINT ( 'NONE',  ( 7.659338830835570100, 0.4213400374560394845, 0.7620000000000000107 ) ) ;
#4696 = EDGE_CURVE ( 'NONE', #6231, #6152, #2052, .T. ) ;
#4697 = PRESENTATION_LAYER_ASSIGNMENT (  '', '', ( #3254 ) ) ;
#4698 = STYLED_ITEM ( 'NONE', ( #4211 ), #5430 ) ;
#4699 = EDGE_LOOP ( 'NONE', ( #6303, #200, #4085, #3405 ) ) ;
#4700 = SURFACE_STYLE_FILL_AREA ( #5852 ) ;
#4701 = ORIENTED_EDGE ( 'NONE', *, *, #5644, .T. ) ;
#4702 = SURFACE_STYLE_USAGE ( .BOTH. , #1394 ) ;
#4703 = AXIS2_PLACEMENT_3D ( 'NONE', #2924, #1271, #3412 ) ;
#4704 =( NAMED_UNIT ( * ) PLANE_ANGLE_UNIT ( ) SI_UNIT ( $, .RADIAN. ) );
#4705 =( GEOMETRIC_REPRESENTATION_CONTEXT ( 3 ) GLOBAL_UNCERTAINTY_ASSIGNED_CONTEXT ( ( #1850 ) ) GLOBAL_UNIT_ASSIGNED_CONTEXT ( ( #4166, #6785, #3576 ) ) REPRESENTATION_CONTEXT ( 'NONE', 'WORKASPACE' ) );
#4706 = CARTESIAN_POINT ( 'NONE',  ( -2.158999999999999808, 6.859999999999999432, 9.277156605822819202 ) ) ;
#4707 = EDGE_CURVE ( 'NONE', #4049, #4317, #3241, .T. ) ;
#4708 =( GEOMETRIC_REPRESENTATION_CONTEXT ( 3 ) GLOBAL_UNCERTAINTY_ASSIGNED_CONTEXT ( ( #4942 ) ) GLOBAL_UNIT_ASSIGNED_CONTEXT ( ( #5912, #1096, #2741 ) ) REPRESENTATION_CONTEXT ( 'NONE', 'WORKASPACE' ) );
#4709 = STYLED_ITEM ( 'NONE', ( #1418 ), #1170 ) ;
#4710 = STYLED_ITEM ( 'NONE', ( #2063 ), #964 ) ;
#4711 = LINE ( 'NONE', #6249, #6391 ) ;
#4712 = LINE ( 'NONE', #908, #4618 ) ;
#4713 = FILL_AREA_STYLE ('',( #3317 ) ) ;
#4714 =( NAMED_UNIT ( * ) PLANE_ANGLE_UNIT ( ) SI_UNIT ( $, .RADIAN. ) );
#4715 = COLOUR_RGB ( '',0.6666666666666666297, 0.6980392156862744724, 0.7686274509803920907 ) ;
#4716 = ADVANCED_FACE ( 'NONE', ( #3786 ), #6970, .F. ) ;
#4717 = LINE ( 'NONE', #3252, #504 ) ;
#4718 = VECTOR ( 'NONE', #2362, 1000.000000000000000 ) ;
#4719 = VECTOR ( 'NONE', #2463, 1000.000000000000000 ) ;
#4720 = EDGE_LOOP ( 'NONE', ( #1182, #738, #2720, #502, #1390, #6672, #3869, #3229, #5073, #429, #4585, #4375 ) ) ;
#4721 = VERTEX_POINT ( 'NONE', #6540 ) ;
#4722 =( NAMED_UNIT ( * ) SI_UNIT ( $, .STERADIAN. ) SOLID_ANGLE_UNIT ( ) );
#4723 =( NAMED_UNIT ( * ) SI_UNIT ( $, .STERADIAN. ) SOLID_ANGLE_UNIT ( ) );
#4724 = CARTESIAN_POINT ( 'NONE',  ( -0.6350000000000000089, 6.859999999999999432, 9.577156605822828794 ) ) ;
#4725 = MECHANICAL_DESIGN_GEOMETRIC_PRESENTATION_REPRESENTATION (  '', ( #3164 ), #413 ) ;
#4726 =( LENGTH_UNIT ( ) NAMED_UNIT ( * ) SI_UNIT ( .MILLI., .METRE. ) );
#4727 = ORIENTED_EDGE ( 'NONE', *, *, #2544, .T. ) ;
#4728 = CYLINDRICAL_SURFACE ( 'NONE', #3847, 0.1159966097798266205 ) ;
#4729 = ORIENTED_EDGE ( 'NONE', *, *, #4359, .T. ) ;
#4730 = FILL_AREA_STYLE ('',( #6932 ) ) ;
#4731 = SURFACE_STYLE_USAGE ( .BOTH. , #960 ) ;
#4732 = SURFACE_STYLE_USAGE ( .BOTH. , #925 ) ;
#4733 = SURFACE_STYLE_FILL_AREA ( #1071 ) ;
#4734 = DIRECTION ( 'NONE',  ( 1.000000000000000000, 0.000000000000000000, 0.000000000000000000 ) ) ;
#4735 = COLOUR_RGB ( '',0.6666666666666666297, 0.6980392156862744724, 0.7686274509803920907 ) ;
#4736 = VERTEX_POINT ( 'NONE', #2746 ) ;
#4737 = ORIENTED_EDGE ( 'NONE', *, *, #4484, .T. ) ;
#4738 = ADVANCED_FACE ( 'NONE', ( #3828 ), #2812, .F. ) ;
#4739 = UNCERTAINTY_MEASURE_WITH_UNIT (LENGTH_MEASURE( 1.000000000000000082E-05 ), #6075, 'distance_accuracy_value', 'NONE');
#4740 =( NAMED_UNIT ( * ) PLANE_ANGLE_UNIT ( ) SI_UNIT ( $, .RADIAN. ) );
#4741 =( NAMED_UNIT ( * ) SI_UNIT ( $, .STERADIAN. ) SOLID_ANGLE_UNIT ( ) );
#4742 = AXIS2_PLACEMENT_3D ( 'NONE', #3215, #981, #1630 ) ;
#4743 = PRESENTATION_STYLE_ASSIGNMENT (( #1553 ) ) ;
#4744 = CARTESIAN_POINT ( 'NONE',  ( 9.105900000000000105, 0.2535262387991554789, 3.301999999999999602 ) ) ;
#4745 = COLOUR_RGB ( '',0.2509803921568627416, 0.2509803921568627416, 0.2509803921568627416 ) ;
#4746 = MECHANICAL_DESIGN_GEOMETRIC_PRESENTATION_REPRESENTATION (  '', ( #6077 ), #3189 ) ;
#4747 =( NAMED_UNIT ( * ) PLANE_ANGLE_UNIT ( ) SI_UNIT ( $, .RADIAN. ) );
#4748 = EDGE_CURVE ( 'NONE', #4828, #6373, #2093, .T. ) ;
#4749 = DIRECTION ( 'NONE',  ( 0.000000000000000000, 0.000000000000000000, -1.000000000000000000 ) ) ;
#4750 = DIRECTION ( 'NONE',  ( -1.000000000000000000, 0.000000000000000000, 0.000000000000000000 ) ) ;
#4751 = VECTOR ( 'NONE', #4413, 1000.000000000000000 ) ;
#4752 = AXIS2_PLACEMENT_3D ( 'NONE', #6199, #4139, #3621 ) ;
#4753 = SURFACE_STYLE_FILL_AREA ( #4159 ) ;
#4754 =( GEOMETRIC_REPRESENTATION_CONTEXT ( 3 ) GLOBAL_UNCERTAINTY_ASSIGNED_CONTEXT ( ( #6491 ) ) GLOBAL_UNIT_ASSIGNED_CONTEXT ( ( #6935, #2130, #5251 ) ) REPRESENTATION_CONTEXT ( 'NONE', 'WORKASPACE' ) );
#4755 = ADVANCED_FACE ( 'NONE', ( #3408 ), #2265, .T. ) ;
#4756 = ORIENTED_EDGE ( 'NONE', *, *, #6019, .F. ) ;
#4757 = ORIENTED_EDGE ( 'NONE', *, *, #2308, .T. ) ;
#4758 = DIRECTION ( 'NONE',  ( -1.000000000000000000, 0.000000000000000000, 0.000000000000000000 ) ) ;
#4759 = DIRECTION ( 'NONE',  ( -1.000000000000000000, 0.000000000000000000, 0.000000000000000000 ) ) ;
#4760 = CARTESIAN_POINT ( 'NONE',  ( -7.748795199323979865, 0.08205567771502250696, -4.317999999999999616 ) ) ;
#4761 = FILL_AREA_STYLE_COLOUR ( '', #500 ) ;
#4762 = LINE ( 'NONE', #1062, #963 ) ;
#4763 = EDGE_CURVE ( 'NONE', #190, #5008, #4027, .T. ) ;
#4764 = ORIENTED_EDGE ( 'NONE', *, *, #3900, .T. ) ;
#4765 = ORIENTED_EDGE ( 'NONE', *, *, #1677, .F. ) ;
#4766 = DIRECTION ( 'NONE',  ( -0.9981347984218673641, 0.06104853953484971896, 0.000000000000000000 ) ) ;
#4767 = EDGE_LOOP ( 'NONE', ( #4765, #3238, #6690, #348 ) ) ;
#4768 = LINE ( 'NONE', #3310, #3844 ) ;
#4769 = ORIENTED_EDGE ( 'NONE', *, *, #4088, .F. ) ;
#4770 = DIRECTION ( 'NONE',  ( 0.000000000000000000, 0.000000000000000000, -1.000000000000000000 ) ) ;
#4771 = FILL_AREA_STYLE ('',( #2631 ) ) ;
#4772 = DIRECTION ( 'NONE',  ( 0.000000000000000000, 0.000000000000000000, 1.000000000000000000 ) ) ;
#4773 = LINE ( 'NONE', #6243, #4480 ) ;
#4774 = FILL_AREA_STYLE ('',( #480 ) ) ;
#4775 = LINE ( 'NONE', #6908, #1432 ) ;
#4776 = LINE ( 'NONE', #5270, #126 ) ;
#4777 =( NAMED_UNIT ( * ) PLANE_ANGLE_UNIT ( ) SI_UNIT ( $, .RADIAN. ) );
#4778 = EDGE_CURVE ( 'NONE', #3967, #4890, #1654, .T. ) ;
#4779 =( NAMED_UNIT ( * ) PLANE_ANGLE_UNIT ( ) SI_UNIT ( $, .RADIAN. ) );
#4780 = EDGE_LOOP ( 'NONE', ( #2795, #3046, #4111, #2328 ) ) ;
#4781 = ORIENTED_EDGE ( 'NONE', *, *, #5386, .T. ) ;
#4782 = VECTOR ( 'NONE', #6059, 1000.000000000000000 ) ;
#4783 = CIRCLE ( 'NONE', #138, 0.2125790554353725048 ) ;
#4784 = DIRECTION ( 'NONE',  ( 0.9981347984218673641, 0.06104853953484971896, 0.000000000000000000 ) ) ;
#4785 = CARTESIAN_POINT ( 'NONE',  ( 6.386507856983209663, 3.581465918153455164, -3.301999999999999602 ) ) ;
#4786 = CARTESIAN_POINT ( 'NONE',  ( 6.032499999999999751, 4.039999999999999147, 6.032499999999999751 ) ) ;
#4787 = PRESENTATION_STYLE_ASSIGNMENT (( #3647 ) ) ;
#4788 =( LENGTH_UNIT ( ) NAMED_UNIT ( * ) SI_UNIT ( .MILLI., .METRE. ) );
#4789 = EDGE_CURVE ( 'NONE', #4277, #754, #3373, .T. ) ;
#4790 = FILL_AREA_STYLE_COLOUR ( '', #1534 ) ;
#4791 = MECHANICAL_DESIGN_GEOMETRIC_PRESENTATION_REPRESENTATION (  '', ( #148 ), #6124 ) ;
#4792 = VECTOR ( 'NONE', #2931, 1000.000000000000000 ) ;
#4793 = ORIENTED_EDGE ( 'NONE', *, *, #2701, .F. ) ;
#4794 = DIRECTION ( 'NONE',  ( 0.9659258262890680902, 0.2588190451025215166, 0.000000000000000000 ) ) ;
#4795 = ORIENTED_EDGE ( 'NONE', *, *, #6723, .T. ) ;
#4796 = SURFACE_STYLE_FILL_AREA ( #1495 ) ;
#4797 = DIRECTION ( 'NONE',  ( 0.000000000000000000, 0.000000000000000000, 1.000000000000000000 ) ) ;
#4798 = CYLINDRICAL_SURFACE ( 'NONE', #3117, 0.3699966097798256248 ) ;
#4799 =( NAMED_UNIT ( * ) SI_UNIT ( $, .STERADIAN. ) SOLID_ANGLE_UNIT ( ) );
#4800 = VECTOR ( 'NONE', #1376, 1000.000000000000000 ) ;
#4801 =( NAMED_UNIT ( * ) PLANE_ANGLE_UNIT ( ) SI_UNIT ( $, .RADIAN. ) );
#4802 = EDGE_CURVE ( 'NONE', #1679, #5983, #6051, .T. ) ;
#4803 = CARTESIAN_POINT ( 'NONE',  ( -7.748795199323979865, 0.08205567771502250696, 3.301999999999999602 ) ) ;
#4804 =( GEOMETRIC_REPRESENTATION_CONTEXT ( 3 ) GLOBAL_UNCERTAINTY_ASSIGNED_CONTEXT ( ( #569 ) ) GLOBAL_UNIT_ASSIGNED_CONTEXT ( ( #4506, #2876, #6636 ) ) REPRESENTATION_CONTEXT ( 'NONE', 'WORKASPACE' ) );
#4805 = STYLED_ITEM ( 'NONE', ( #4333 ), #5115 ) ;
#4806 = ORIENTED_EDGE ( 'NONE', *, *, #3407, .T. ) ;
#4807 = ORIENTED_EDGE ( 'NONE', *, *, #4077, .F. ) ;
#4808 = CARTESIAN_POINT ( 'NONE',  ( 7.771382951983880183, 0.4513621692343839920, -0.7620000000000000107 ) ) ;
#4809 = CARTESIAN_POINT ( 'NONE',  ( 9.090393670958150096, 1.102058738522372051E-15, -3.301999999999999602 ) ) ;
#4810 = FILL_AREA_STYLE ('',( #2666 ) ) ;
#4811 = CIRCLE ( 'NONE', #1763, 0.3810000000000002829 ) ;
#4812 =( NAMED_UNIT ( * ) PLANE_ANGLE_UNIT ( ) SI_UNIT ( $, .RADIAN. ) );
#4813 = PRESENTATION_LAYER_ASSIGNMENT (  '', '', ( #1409 ) ) ;
#4814 = PRESENTATION_STYLE_ASSIGNMENT (( #1519 ) ) ;
#4815 = VECTOR ( 'NONE', #3082, 1000.000000000000000 ) ;
#4816 = SURFACE_SIDE_STYLE ('',( #5273 ) ) ;
#4817 = AXIS2_PLACEMENT_3D ( 'NONE', #3283, #2298, #6573 ) ;
#4818 = EDGE_LOOP ( 'NONE', ( #885, #6412, #1089, #5762 ) ) ;
#4819 = MECHANICAL_DESIGN_GEOMETRIC_PRESENTATION_REPRESENTATION (  '', ( #6836 ), #6273 ) ;
#4820 = ADVANCED_FACE ( 'NONE', ( #2508 ), #1939, .F. ) ;
#4821 = SURFACE_STYLE_USAGE ( .BOTH. , #2676 ) ;
#4822 = CYLINDRICAL_SURFACE ( 'NONE', #6675, 0.9424814043393257013 ) ;
#4823 = CARTESIAN_POINT ( 'NONE',  ( 5.778500000000000192, 3.581465918153455164, 1.778000000000000025 ) ) ;
#4824 = PRESENTATION_STYLE_ASSIGNMENT (( #2715 ) ) ;
#4825 = AXIS2_PLACEMENT_3D ( 'NONE', #530, #1520, #3493 ) ;
#4826 = COLOUR_RGB ( '',0.6666666666666666297, 0.6980392156862744724, 0.7686274509803920907 ) ;
#4827 = VERTEX_POINT ( 'NONE', #855 ) ;
#4828 = VERTEX_POINT ( 'NONE', #3039 ) ;
#4829 = EDGE_CURVE ( 'NONE', #6198, #604, #1308, .T. ) ;
#4830 = SURFACE_STYLE_USAGE ( .BOTH. , #3232 ) ;
#4831 = CARTESIAN_POINT ( 'NONE',  ( -6.837188616633790517, 3.489646408310704828, 3.301999999999999602 ) ) ;
#4832 = SURFACE_STYLE_FILL_AREA ( #6971 ) ;
#4833 = LINE ( 'NONE', #8, #388 ) ;
#4834 = COLOUR_RGB ( '',0.6666666666666666297, 0.6980392156862744724, 0.7686274509803920907 ) ;
#4835 = ORIENTED_EDGE ( 'NONE', *, *, #3121, .F. ) ;
#4836 = ORIENTED_EDGE ( 'NONE', *, *, #6356, .F. ) ;
#4837 = EDGE_CURVE ( 'NONE', #2929, #1412, #6676, .T. ) ;
#4838 =( LENGTH_UNIT ( ) NAMED_UNIT ( * ) SI_UNIT ( .MILLI., .METRE. ) );
#4839 = DIRECTION ( 'NONE',  ( -0.000000000000000000, 1.000000000000000000, 0.000000000000000000 ) ) ;
#4840 = DIRECTION ( 'NONE',  ( 0.000000000000000000, 0.000000000000000000, -1.000000000000000000 ) ) ;
#4841 = LINE ( 'NONE', #5963, #1645 ) ;
#4842 = MECHANICAL_DESIGN_GEOMETRIC_PRESENTATION_REPRESENTATION (  '', ( #6969 ), #2027 ) ;
#4843 = CARTESIAN_POINT ( 'NONE',  ( 6.386507856983209663, 3.368886862718084796, -0.7620000000000000107 ) ) ;
#4844 = VECTOR ( 'NONE', #2357, 1000.000000000000000 ) ;
#4845 = EDGE_CURVE ( 'NONE', #754, #1323, #3358, .T. ) ;
#4846 = CARTESIAN_POINT ( 'NONE',  ( -5.524499999999999744, 4.039999999999999147, 6.032499999999999751 ) ) ;
#4847 = CARTESIAN_POINT ( 'NONE',  ( 9.090393670958150096, 1.102058738522372051E-15, 4.317999999999999616 ) ) ;
#4848 = FILL_AREA_STYLE_COLOUR ( '', #6033 ) ;
#4849 = MECHANICAL_DESIGN_GEOMETRIC_PRESENTATION_REPRESENTATION (  '', ( #2037 ), #1814 ) ;
#4850 = EDGE_LOOP ( 'NONE', ( #6580, #1616, #107, #3123 ) ) ;
#4851 = PRESENTATION_LAYER_ASSIGNMENT (  '', '', ( #6525 ) ) ;
#4852 = SURFACE_STYLE_FILL_AREA ( #3780 ) ;
#4853 = SURFACE_STYLE_USAGE ( .BOTH. , #4056 ) ;
#4854 = CARTESIAN_POINT ( 'NONE',  ( 6.032499999999999751, 4.039999999999999147, -5.524499999999999744 ) ) ;
#4855 = SURFACE_SIDE_STYLE ('',( #917 ) ) ;
#4856 = SURFACE_STYLE_FILL_AREA ( #4885 ) ;
#4857 = STYLED_ITEM ( 'NONE', ( #318 ), #3253 ) ;
#4858 = VERTEX_POINT ( 'NONE', #3996 ) ;
#4859 = FILL_AREA_STYLE ('',( #1851 ) ) ;
#4860 = ORIENTED_EDGE ( 'NONE', *, *, #1722, .F. ) ;
#4861 = LINE ( 'NONE', #5949, #4965 ) ;
#4862 = FILL_AREA_STYLE_COLOUR ( '', #5793 ) ;
#4863 = VECTOR ( 'NONE', #2564, 1000.000000000000114 ) ;
#4864 = FILL_AREA_STYLE ('',( #4310 ) ) ;
#4865 = CARTESIAN_POINT ( 'NONE',  ( -7.771382951983880183, 0.4513621692343839920, -3.301999999999999602 ) ) ;
#4866 = AXIS2_PLACEMENT_3D ( 'NONE', #4809, #3799, #2377 ) ;
#4867 = EDGE_CURVE ( 'NONE', #4349, #5047, #4613, .T. ) ;
#4868 = ORIENTED_EDGE ( 'NONE', *, *, #5221, .F. ) ;
#4869 = CARTESIAN_POINT ( 'NONE',  ( 7.771382951983880183, 0.4513621692343839920, 1.778000000000000025 ) ) ;
#4870 = ORIENTED_EDGE ( 'NONE', *, *, #804, .F. ) ;
#4871 =( NAMED_UNIT ( * ) SI_UNIT ( $, .STERADIAN. ) SOLID_ANGLE_UNIT ( ) );
#4872 =( NAMED_UNIT ( * ) PLANE_ANGLE_UNIT ( ) SI_UNIT ( $, .RADIAN. ) );
#4873 = SURFACE_STYLE_USAGE ( .BOTH. , #2097 ) ;
#4874 = EDGE_CURVE ( 'NONE', #6816, #440, #1966, .T. ) ;
#4875 =( NAMED_UNIT ( * ) SI_UNIT ( $, .STERADIAN. ) SOLID_ANGLE_UNIT ( ) );
#4876 = DIRECTION ( 'NONE',  ( 0.000000000000000000, 0.000000000000000000, -1.000000000000000000 ) ) ;
#4877 = FILL_AREA_STYLE_COLOUR ( '', #5178 ) ;
#4878 = LINE ( 'NONE', #3323, #4352 ) ;
#4879 = DIRECTION ( 'NONE',  ( 0.000000000000000000, 0.000000000000000000, -1.000000000000000000 ) ) ;
#4880 = EDGE_CURVE ( 'NONE', #4858, #2810, #5802, .T. ) ;
#4881 = ORIENTED_EDGE ( 'NONE', *, *, #5080, .F. ) ;
#4882 = UNCERTAINTY_MEASURE_WITH_UNIT (LENGTH_MEASURE( 1.000000000000000082E-05 ), #2885, 'distance_accuracy_value', 'NONE');
#4883 = SURFACE_SIDE_STYLE ('',( #5340 ) ) ;
#4884 =( NAMED_UNIT ( * ) PLANE_ANGLE_UNIT ( ) SI_UNIT ( $, .RADIAN. ) );
#4885 = FILL_AREA_STYLE ('',( #4236 ) ) ;
#4886 = CIRCLE ( 'NONE', #4009, 0.2125790554353725048 ) ;
#4887 = ORIENTED_EDGE ( 'NONE', *, *, #1598, .T. ) ;
#4888 = DIRECTION ( 'NONE',  ( 0.000000000000000000, 0.000000000000000000, -1.000000000000000000 ) ) ;
#4889 = MECHANICAL_DESIGN_GEOMETRIC_PRESENTATION_REPRESENTATION (  '', ( #3899 ), #6458 ) ;
#4890 = VERTEX_POINT ( 'NONE', #6645 ) ;
#4891 = UNCERTAINTY_MEASURE_WITH_UNIT (LENGTH_MEASURE( 1.000000000000000082E-05 ), #1588, 'distance_accuracy_value', 'NONE');
#4892 =( LENGTH_UNIT ( ) NAMED_UNIT ( * ) SI_UNIT ( .MILLI., .METRE. ) );
#4893 =( NAMED_UNIT ( * ) SI_UNIT ( $, .STERADIAN. ) SOLID_ANGLE_UNIT ( ) );
#4894 = PRESENTATION_STYLE_ASSIGNMENT (( #686 ) ) ;
#4895 = SURFACE_STYLE_USAGE ( .BOTH. , #3962 ) ;
#4896 = AXIS2_PLACEMENT_3D ( 'NONE', #5707, #4659, #6792 ) ;
#4897 = COLOUR_RGB ( '',0.6666666666666666297, 0.6980392156862744724, 0.7686274509803920907 ) ;
#4898 = ORIENTED_EDGE ( 'NONE', *, *, #6723, .F. ) ;
#4899 = CARTESIAN_POINT ( 'NONE',  ( -5.778500000000000192, 3.835465918153454723, -1.778000000000000025 ) ) ;
#4900 = ORIENTED_EDGE ( 'NONE', *, *, #3347, .F. ) ;
#4901 = MECHANICAL_DESIGN_GEOMETRIC_PRESENTATION_REPRESENTATION (  '', ( #6915 ), #1388 ) ;
#4902 = LINE ( 'NONE', #5040, #3741 ) ;
#4903 = FILL_AREA_STYLE_COLOUR ( '', #1976 ) ;
#4904 = CARTESIAN_POINT ( 'NONE',  ( 6.837188616633790517, 3.489646408310704828, -0.7620000000000000107 ) ) ;
#4905 = DIRECTION ( 'NONE',  ( 0.000000000000000000, 0.000000000000000000, 1.000000000000000000 ) ) ;
#4906 = EDGE_CURVE ( 'NONE', #2056, #4987, #5588, .T. ) ;
#4907 = DIRECTION ( 'NONE',  ( 0.000000000000000000, 0.000000000000000000, -1.000000000000000000 ) ) ;
#4908 = VECTOR ( 'NONE', #4132, 1000.000000000000000 ) ;
#4909 = CARTESIAN_POINT ( 'NONE',  ( 5.270500000000000185, 0.3769999999999988916, 5.270500000000000185 ) ) ;
#4910 = ORIENTED_EDGE ( 'NONE', *, *, #6160, .T. ) ;
#4911 = EDGE_CURVE ( 'NONE', #6885, #3221, #3692, .T. ) ;
#4912 = FILL_AREA_STYLE ('',( #1048 ) ) ;
#4913 = CIRCLE ( 'NONE', #4253, 1.559452194160842575 ) ;
#4914 =( GEOMETRIC_REPRESENTATION_CONTEXT ( 3 ) GLOBAL_UNCERTAINTY_ASSIGNED_CONTEXT ( ( #5507 ) ) GLOBAL_UNIT_ASSIGNED_CONTEXT ( ( #3936, #1280, #5997 ) ) REPRESENTATION_CONTEXT ( 'NONE', 'WORKASPACE' ) );
#4915 = DIRECTION ( 'NONE',  ( 0.000000000000000000, 1.000000000000000000, 0.000000000000000000 ) ) ;
#4916 = EDGE_CURVE ( 'NONE', #1679, #2832, #6754, .T. ) ;
#4917 = CARTESIAN_POINT ( 'NONE',  ( 5.206424362375529746, 0.3769999999999999463, -5.587424362375529974 ) ) ;
#4918 = CLOSED_SHELL ( 'NONE', ( #3650, #671, #3696, #322, #4984, #2731, #1367, #843, #578, #1714 ) ) ;
#4919 = VECTOR ( 'NONE', #6104, 1000.000000000000000 ) ;
#4920 = SURFACE_STYLE_FILL_AREA ( #5441 ) ;
#4921 = CARTESIAN_POINT ( 'NONE',  ( 6.837188616633790517, 3.489646408310704828, 1.778000000000000025 ) ) ;
#4922 = VECTOR ( 'NONE', #6660, 1000.000000000000000 ) ;
#4923 = FILL_AREA_STYLE ('',( #4955 ) ) ;
#4924 = AXIS2_PLACEMENT_3D ( 'NONE', #6822, #3508, #250 ) ;
#4925 = AXIS2_PLACEMENT_3D ( 'NONE', #248, #5698, #5175 ) ;
#4926 = ORIENTED_EDGE ( 'NONE', *, *, #1695, .T. ) ;
#4927 = ORIENTED_EDGE ( 'NONE', *, *, #2078, .F. ) ;
#4928 = PRESENTATION_STYLE_ASSIGNMENT (( #6405 ) ) ;
#4929 = LINE ( 'NONE', #2266, #4751 ) ;
#4930 = SURFACE_SIDE_STYLE ('',( #611 ) ) ;
#4931 = MECHANICAL_DESIGN_GEOMETRIC_PRESENTATION_REPRESENTATION (  '', ( #522 ), #5940 ) ;
#4932 = PRESENTATION_LAYER_ASSIGNMENT (  '', '', ( #1675 ) ) ;
#4933 = VERTEX_POINT ( 'NONE', #757 ) ;
#4934 = ORIENTED_EDGE ( 'NONE', *, *, #3616, .T. ) ;
#4935 = PRESENTATION_LAYER_ASSIGNMENT (  '', '', ( #4061 ) ) ;
#4936 = PLANE ( 'NONE',  #4752 ) ;
#4937 = FILL_AREA_STYLE ('',( #4903 ) ) ;
#4938 = SURFACE_SIDE_STYLE ('',( #5495 ) ) ;
#4939 = VECTOR ( 'NONE', #3205, 1000.000000000000000 ) ;
#4940 = FILL_AREA_STYLE_COLOUR ( '', #644 ) ;
#4941 = ORIENTED_EDGE ( 'NONE', *, *, #5766, .F. ) ;
#4942 = UNCERTAINTY_MEASURE_WITH_UNIT (LENGTH_MEASURE( 1.000000000000000082E-05 ), #5912, 'distance_accuracy_value', 'NONE');
#4943 =( LENGTH_UNIT ( ) NAMED_UNIT ( * ) SI_UNIT ( .MILLI., .METRE. ) );
#4944 = STYLED_ITEM ( 'NONE', ( #603 ), #2211 ) ;
#4945 = CARTESIAN_POINT ( 'NONE',  ( 6.386507856983209663, 3.835465918153454723, 4.317999999999999616 ) ) ;
#4946 = COLOUR_RGB ( '',0.2509803921568627416, 0.2509803921568627416, 0.2509803921568627416 ) ;
#4947 = EDGE_CURVE ( 'NONE', #6737, #3195, #2920, .T. ) ;
#4948 = CARTESIAN_POINT ( 'NONE',  ( -7.659338830835570100, 0.4213400374560394845, -1.778000000000000025 ) ) ;
#4949 = LINE ( 'NONE', #95, #2588 ) ;
#4950 = UNCERTAINTY_MEASURE_WITH_UNIT (LENGTH_MEASURE( 1.000000000000000082E-05 ), #5035, 'distance_accuracy_value', 'NONE');
#4951 = CARTESIAN_POINT ( 'NONE',  ( 6.386507856983209663, 3.581465918153455164, 4.317999999999999616 ) ) ;
#4952 = LINE ( 'NONE', #6005, #3964 ) ;
#4953 = MECHANICAL_DESIGN_GEOMETRIC_PRESENTATION_REPRESENTATION (  '', ( #2835 ), #6076 ) ;
#4954 =( NAMED_UNIT ( * ) PLANE_ANGLE_UNIT ( ) SI_UNIT ( $, .RADIAN. ) );
#4955 = FILL_AREA_STYLE_COLOUR ( '', #3154 ) ;
#4956 = EDGE_CURVE ( 'NONE', #3885, #4169, #4463, .T. ) ;
#4957 = VECTOR ( 'NONE', #1875, 1000.000000000000000 ) ;
#4958 = EDGE_LOOP ( 'NONE', ( #6781, #4836 ) ) ;
#4959 = VERTEX_POINT ( 'NONE', #795 ) ;
#4960 = UNCERTAINTY_MEASURE_WITH_UNIT (LENGTH_MEASURE( 1.000000000000000082E-05 ), #2857, 'distance_accuracy_value', 'NONE');
#4961 = SURFACE_STYLE_FILL_AREA ( #5485 ) ;
#4962 = DIRECTION ( 'NONE',  ( 0.9659258262890684232, 0.2588190451025206285, 0.000000000000000000 ) ) ;
#4963 = PLANE ( 'NONE',  #3701 ) ;
#4964 = AXIS2_PLACEMENT_3D ( 'NONE', #3374, #4962, #5419 ) ;
#4965 = VECTOR ( 'NONE', #1797, 1000.000000000000000 ) ;
#4966 = FACE_OUTER_BOUND ( 'NONE', #4699, .T. ) ;
#4967 = EDGE_CURVE ( 'NONE', #5527, #5179, #5765, .T. ) ;
#4968 = EDGE_LOOP ( 'NONE', ( #625, #179, #4835, #1303, #2818, #2449, #6291, #1241 ) ) ;
#4969 = DIRECTION ( 'NONE',  ( 0.000000000000000000, 1.000000000000000000, 0.000000000000000000 ) ) ;
#4970 = EDGE_LOOP ( 'NONE', ( #5344, #5293, #3682, #1028 ) ) ;
#4971 = SURFACE_STYLE_FILL_AREA ( #6549 ) ;
#4972 = SURFACE_STYLE_USAGE ( .BOTH. , #5560 ) ;
#4973 =( LENGTH_UNIT ( ) NAMED_UNIT ( * ) SI_UNIT ( .MILLI., .METRE. ) );
#4974 = ORIENTED_EDGE ( 'NONE', *, *, #2765, .T. ) ;
#4975 = PRESENTATION_STYLE_ASSIGNMENT (( #1147 ) ) ;
#4976 = ORIENTED_EDGE ( 'NONE', *, *, #3954, .T. ) ;
#4977 = STYLED_ITEM ( 'NONE', ( #721 ), #1050 ) ;
#4978 = PRESENTATION_STYLE_ASSIGNMENT (( #6032 ) ) ;
#4979 = PRESENTATION_STYLE_ASSIGNMENT (( #6035 ) ) ;
#4980 = PLANE ( 'NONE',  #6926 ) ;
#4981 = SURFACE_STYLE_FILL_AREA ( #1224 ) ;
#4982 = CARTESIAN_POINT ( 'NONE',  ( 9.090393670958150096, 1.102058738522372051E-15, -0.7620000000000000107 ) ) ;
#4983 = FILL_AREA_STYLE_COLOUR ( '', #2607 ) ;
#4984 = ADVANCED_FACE ( 'NONE', ( #6889 ), #535, .T. ) ;
#4985 = DIRECTION ( 'NONE',  ( 0.2588190451025215166, -0.9659258262890680902, 0.000000000000000000 ) ) ;
#4986 = DIRECTION ( 'NONE',  ( -1.000000000000000000, 0.000000000000000000, 0.000000000000000000 ) ) ;
#4987 = VERTEX_POINT ( 'NONE', #4823 ) ;
#4988 = ORIENTED_EDGE ( 'NONE', *, *, #637, .F. ) ;
#4989 = CARTESIAN_POINT ( 'NONE',  ( -7.771382951983880183, 0.4513621692343839920, 1.778000000000000025 ) ) ;
#4990 = CARTESIAN_POINT ( 'NONE',  ( -7.659338830835570100, 0.4213400374560394845, -0.7620000000000000107 ) ) ;
#4991 = SURFACE_STYLE_FILL_AREA ( #2140 ) ;
#4992 = EDGE_CURVE ( 'NONE', #1563, #225, #2075, .T. ) ;
#4993 = FILL_AREA_STYLE ('',( #2851 ) ) ;
#4994 = CYLINDRICAL_SURFACE ( 'NONE', #4703, 0.4665790554353732578 ) ;
#4995 = COLOUR_RGB ( '',0.2509803921568627416, 0.2509803921568627416, 0.2509803921568627416 ) ;
#4996 = VERTEX_POINT ( 'NONE', #3191 ) ;
#4997 =( NAMED_UNIT ( * ) PLANE_ANGLE_UNIT ( ) SI_UNIT ( $, .RADIAN. ) );
#4998 = ORIENTED_EDGE ( 'NONE', *, *, #2459, .F. ) ;
#4999 = DIRECTION ( 'NONE',  ( 1.000000000000000000, 0.000000000000000000, 0.000000000000000000 ) ) ;
#5000 = CARTESIAN_POINT ( 'NONE',  ( 6.032499999999999751, 7.849999999999999645, 6.032499999999999751 ) ) ;
#5001 = CARTESIAN_POINT ( 'NONE',  ( -7.413993670958149984, 0.3556000000000000272, 1.778000000000000025 ) ) ;
#5002 = EDGE_CURVE ( 'NONE', #2199, #3662, #384, .T. ) ;
#5003 = STYLED_ITEM ( 'NONE', ( #6125 ), #4457 ) ;
#5004 =( NAMED_UNIT ( * ) PLANE_ANGLE_UNIT ( ) SI_UNIT ( $, .RADIAN. ) );
#5005 = AXIS2_PLACEMENT_3D ( 'NONE', #2638, #2605, #3635 ) ;
#5006 =( GEOMETRIC_REPRESENTATION_CONTEXT ( 3 ) GLOBAL_UNCERTAINTY_ASSIGNED_CONTEXT ( ( #5717 ) ) GLOBAL_UNIT_ASSIGNED_CONTEXT ( ( #1354, #3549, #5145 ) ) REPRESENTATION_CONTEXT ( 'NONE', 'WORKASPACE' ) );
#5007 = PRESENTATION_LAYER_ASSIGNMENT (  '', '', ( #3352 ) ) ;
#5008 = VERTEX_POINT ( 'NONE', #6397 ) ;
#5009 = CARTESIAN_POINT ( 'NONE',  ( 6.386507856983209663, 3.835465918153454723, -3.301999999999999602 ) ) ;
#5010 = ORIENTED_EDGE ( 'NONE', *, *, #3110, .T. ) ;
#5011 = UNCERTAINTY_MEASURE_WITH_UNIT (LENGTH_MEASURE( 1.000000000000000082E-05 ), #4892, 'distance_accuracy_value', 'NONE');
#5012 = CARTESIAN_POINT ( 'NONE',  ( -6.032499999999999751, 4.039999999999999147, 6.032499999999999751 ) ) ;
#5013 = FILL_AREA_STYLE_COLOUR ( '', #1886 ) ;
#5014 = AXIS2_PLACEMENT_3D ( 'NONE', #244, #1342, #1307 ) ;
#5015 = VECTOR ( 'NONE', #352, 1000.000000000000000 ) ;
#5016 = DIRECTION ( 'NONE',  ( 0.2588190451025215166, 0.9659258262890680902, 0.000000000000000000 ) ) ;
#5017 = LINE ( 'NONE', #5471, #680 ) ;
#5018 = SURFACE_STYLE_FILL_AREA ( #2319 ) ;
#5019 = MECHANICAL_DESIGN_GEOMETRIC_PRESENTATION_REPRESENTATION (  '', ( #1060 ), #607 ) ;
#5021 = UNCERTAINTY_MEASURE_WITH_UNIT (LENGTH_MEASURE( 1.000000000000000082E-05 ), #3543, 'distance_accuracy_value', 'NONE');
#5020 = STYLED_ITEM ( 'NONE', ( #2713 ), #5124 ) ;
#5022 = LINE ( 'NONE', #2021, #2315 ) ;
#5023 = DIRECTION ( 'NONE',  ( -1.247827601593249791E-16, 0.000000000000000000, -1.000000000000000000 ) ) ;
#5024 = FACE_OUTER_BOUND ( 'NONE', #683, .T. ) ;
#5025 =( GEOMETRIC_REPRESENTATION_CONTEXT ( 3 ) GLOBAL_UNCERTAINTY_ASSIGNED_CONTEXT ( ( #5162 ) ) GLOBAL_UNIT_ASSIGNED_CONTEXT ( ( #4260, #1561, #911 ) ) REPRESENTATION_CONTEXT ( 'NONE', 'WORKASPACE' ) );
#5026 = VECTOR ( 'NONE', #5261, 1000.000000000000227 ) ;
#5027 = EDGE_CURVE ( 'NONE', #4890, #4736, #271, .T. ) ;
#5028 = VERTEX_POINT ( 'NONE', #5279 ) ;
#5029 = ORIENTED_EDGE ( 'NONE', *, *, #5141, .F. ) ;
#5031 = UNCERTAINTY_MEASURE_WITH_UNIT (LENGTH_MEASURE( 1.000000000000000082E-05 ), #5929, 'distance_accuracy_value', 'NONE');
#5030 = CIRCLE ( 'NONE', #5140, 0.1159966097798266205 ) ;
#5032 = SURFACE_SIDE_STYLE ('',( #4131 ) ) ;
#5033 = DIRECTION ( 'NONE',  ( 0.000000000000000000, 0.000000000000000000, -1.000000000000000000 ) ) ;
#5034 =( NAMED_UNIT ( * ) SI_UNIT ( $, .STERADIAN. ) SOLID_ANGLE_UNIT ( ) );
#5035 =( LENGTH_UNIT ( ) NAMED_UNIT ( * ) SI_UNIT ( .MILLI., .METRE. ) );
#5036 = EDGE_CURVE ( 'NONE', #3967, #3904, #6921, .T. ) ;
#5037 = ORIENTED_EDGE ( 'NONE', *, *, #3181, .T. ) ;
#5038 = CARTESIAN_POINT ( 'NONE',  ( 6.591843456756369513, 3.423906370854659986, -3.301999999999999602 ) ) ;
#5039 = ORIENTED_EDGE ( 'NONE', *, *, #762, .F. ) ;
#5040 = CARTESIAN_POINT ( 'NONE',  ( -5.778500000000000192, 3.835465918153454723, 0.7620000000000000107 ) ) ;
#5041 = COLOUR_RGB ( '',0.6666666666666666297, 0.6980392156862744724, 0.7686274509803920907 ) ;
#5042 = PRESENTATION_STYLE_ASSIGNMENT (( #731 ) ) ;
#5043 =( GEOMETRIC_REPRESENTATION_CONTEXT ( 3 ) GLOBAL_UNCERTAINTY_ASSIGNED_CONTEXT ( ( #3697 ) ) GLOBAL_UNIT_ASSIGNED_CONTEXT ( ( #5910, #1058, #991 ) ) REPRESENTATION_CONTEXT ( 'NONE', 'WORKASPACE' ) );
#5044 = CARTESIAN_POINT ( 'NONE',  ( -5.778500000000000192, 3.581465918153455164, -0.7620000000000000107 ) ) ;
#5045 =( GEOMETRIC_REPRESENTATION_CONTEXT ( 3 ) GLOBAL_UNCERTAINTY_ASSIGNED_CONTEXT ( ( #124 ) ) GLOBAL_UNIT_ASSIGNED_CONTEXT ( ( #6215, #6806, #4058 ) ) REPRESENTATION_CONTEXT ( 'NONE', 'WORKASPACE' ) );
#5046 = EDGE_CURVE ( 'NONE', #2546, #6292, #1168, .T. ) ;
#5047 = VERTEX_POINT ( 'NONE', #4760 ) ;
#5048 = VERTEX_POINT ( 'NONE', #4232 ) ;
#5049 = CARTESIAN_POINT ( 'NONE',  ( -9.090393670958150096, 1.102058738522372051E-15, 0.7620000000000000107 ) ) ;
#5050 = FILL_AREA_STYLE ('',( #6136 ) ) ;
#5051 =( NAMED_UNIT ( * ) PLANE_ANGLE_UNIT ( ) SI_UNIT ( $, .RADIAN. ) );
#5052 = VECTOR ( 'NONE', #6382, 1000.000000000000000 ) ;
#5053 = DIRECTION ( 'NONE',  ( 1.000000000000000000, 0.000000000000000000, 0.000000000000000000 ) ) ;
#5054 =( LENGTH_UNIT ( ) NAMED_UNIT ( * ) SI_UNIT ( .MILLI., .METRE. ) );
#5055 = CARTESIAN_POINT ( 'NONE',  ( -6.837188616633790517, 3.489646408310704828, -0.7620000000000000107 ) ) ;
#5056 = COLOUR_RGB ( '',0.2509803921568627416, 0.2509803921568627416, 0.2509803921568627416 ) ;
#5057 =( LENGTH_UNIT ( ) NAMED_UNIT ( * ) SI_UNIT ( .MILLI., .METRE. ) );
#5058 = CARTESIAN_POINT ( 'NONE',  ( 9.105900000000000105, 0.2535262387991554789, -3.301999999999999602 ) ) ;
#5059 = CARTESIAN_POINT ( 'NONE',  ( 7.659338830835570100, 0.4213400374560394845, 4.317999999999999616 ) ) ;
#5060 = DIRECTION ( 'NONE',  ( 0.000000000000000000, 0.000000000000000000, 1.000000000000000000 ) ) ;
#5061 = ORIENTED_EDGE ( 'NONE', *, *, #1605, .F. ) ;
#5062 = UNCERTAINTY_MEASURE_WITH_UNIT (LENGTH_MEASURE( 1.000000000000000082E-05 ), #6521, 'distance_accuracy_value', 'NONE');
#5063 = ORIENTED_EDGE ( 'NONE', *, *, #2925, .T. ) ;
#5064 = CIRCLE ( 'NONE', #6409, 0.1159966097798266205 ) ;
#5065 = CARTESIAN_POINT ( 'NONE',  ( -5.206424362375529746, -1.077630734528302048, -5.206424362375529746 ) ) ;
#5066 = CARTESIAN_POINT ( 'NONE',  ( -7.748795199323979865, 0.08205567771502250696, -3.301999999999999602 ) ) ;
#5067 = CARTESIAN_POINT ( 'NONE',  ( -6.386507856983209663, 3.835465918153454723, -0.7620000000000000107 ) ) ;
#5068 = CARTESIAN_POINT ( 'NONE',  ( 5.778500000000000192, 3.835465918153454723, 4.317999999999999616 ) ) ;
#5069 = STYLED_ITEM ( 'NONE', ( #1790 ), #3528 ) ;
#5070 = AXIS2_PLACEMENT_3D ( 'NONE', #446, #1663, #3418 ) ;
#5071 = ORIENTED_EDGE ( 'NONE', *, *, #4523, .F. ) ;
#5072 =( LENGTH_UNIT ( ) NAMED_UNIT ( * ) SI_UNIT ( .MILLI., .METRE. ) );
#5073 = ORIENTED_EDGE ( 'NONE', *, *, #5307, .T. ) ;
#5074 = LINE ( 'NONE', #2517, #559 ) ;
#5075 = DIRECTION ( 'NONE',  ( 0.000000000000000000, 0.000000000000000000, 1.000000000000000000 ) ) ;
#5076 = VECTOR ( 'NONE', #5597, 1000.000000000000000 ) ;
#5077 = DIRECTION ( 'NONE',  ( 0.000000000000000000, 0.000000000000000000, 1.000000000000000000 ) ) ;
#5078 = DIRECTION ( 'NONE',  ( 1.000000000000000000, 0.000000000000000000, 0.000000000000000000 ) ) ;
#5079 =( NAMED_UNIT ( * ) PLANE_ANGLE_UNIT ( ) SI_UNIT ( $, .RADIAN. ) );
#5080 = EDGE_CURVE ( 'NONE', #5796, #3465, #425, .T. ) ;
#5081 = MECHANICAL_DESIGN_GEOMETRIC_PRESENTATION_REPRESENTATION (  '', ( #5755 ), #6763 ) ;
#5082 = COLOUR_RGB ( '',0.6666666666666666297, 0.6980392156862744724, 0.7686274509803920907 ) ;
#5083 = ORIENTED_EDGE ( 'NONE', *, *, #372, .F. ) ;
#5084 = SURFACE_SIDE_STYLE ('',( #6132 ) ) ;
#5085 = ORIENTED_EDGE ( 'NONE', *, *, #1140, .F. ) ;
#5086 = UNCERTAINTY_MEASURE_WITH_UNIT (LENGTH_MEASURE( 1.000000000000000082E-05 ), #1017, 'distance_accuracy_value', 'NONE');
#5087 = FILL_AREA_STYLE ('',( #4053 ) ) ;
#5088 = FILL_AREA_STYLE ('',( #5642 ) ) ;
#5089 = EDGE_CURVE ( 'NONE', #3221, #6885, #3801, .T. ) ;
#5090 = DIRECTION ( 'NONE',  ( 0.000000000000000000, -1.000000000000000000, 0.000000000000000000 ) ) ;
#5091 = PRESENTATION_STYLE_ASSIGNMENT (( #5609 ) ) ;
#5092 = UNCERTAINTY_MEASURE_WITH_UNIT (LENGTH_MEASURE( 1.000000000000000082E-05 ), #5839, 'distance_accuracy_value', 'NONE');
#5093 = SURFACE_SIDE_STYLE ('',( #3365 ) ) ;
#5094 = CARTESIAN_POINT ( 'NONE',  ( -9.105900000000000105, 0.2535262387991554789, 4.317999999999999616 ) ) ;
#5095 = DIRECTION ( 'NONE',  ( -1.000000000000000000, 0.000000000000000000, 0.000000000000000000 ) ) ;
#5096 = ADVANCED_FACE ( 'NONE', ( #6820 ), #1529, .T. ) ;
#5097 = LINE ( 'NONE', #6669, #5154 ) ;
#5098 = ORIENTED_EDGE ( 'NONE', *, *, #6329, .F. ) ;
#5099 = ORIENTED_EDGE ( 'NONE', *, *, #2112, .T. ) ;
#5100 = CARTESIAN_POINT ( 'NONE',  ( -7.771382951983880183, 0.4513621692343839920, -4.317999999999999616 ) ) ;
#5101 = SURFACE_STYLE_USAGE ( .BOTH. , #6257 ) ;
#5102 = SURFACE_STYLE_FILL_AREA ( #2437 ) ;
#5103 = FACE_OUTER_BOUND ( 'NONE', #4408, .T. ) ;
#5104 = DIRECTION ( 'NONE',  ( 0.000000000000000000, 0.000000000000000000, 1.000000000000000000 ) ) ;
#5105 = PLANE ( 'NONE',  #4924 ) ;
#5106 = VERTEX_POINT ( 'NONE', #6137 ) ;
#5107 = FILL_AREA_STYLE_COLOUR ( '', #1322 ) ;
#5108 = ORIENTED_EDGE ( 'NONE', *, *, #6542, .F. ) ;
#5109 = CARTESIAN_POINT ( 'NONE',  ( -9.090393670958150096, 1.102058738522372051E-15, 0.7620000000000000107 ) ) ;
#5110 = LINE ( 'NONE', #768, #262 ) ;
#5111 = FACE_OUTER_BOUND ( 'NONE', #3522, .T. ) ;
#5112 = VERTEX_POINT ( 'NONE', #2905 ) ;
#5113 = VERTEX_POINT ( 'NONE', #2834 ) ;
#5114 = COLOUR_RGB ( '',0.6666666666666666297, 0.6980392156862744724, 0.7686274509803920907 ) ;
#5115 = ADVANCED_FACE ( 'NONE', ( #705 ), #4980, .F. ) ;
#5116 = VECTOR ( 'NONE', #2792, 1000.000000000000000 ) ;
#5117 = FACE_OUTER_BOUND ( 'NONE', #4239, .T. ) ;
#5118 =( LENGTH_UNIT ( ) NAMED_UNIT ( * ) SI_UNIT ( .MILLI., .METRE. ) );
#5119 = FILL_AREA_STYLE ('',( #5013 ) ) ;
#5120 = SURFACE_STYLE_FILL_AREA ( #6244 ) ;
#5121 = MECHANICAL_DESIGN_GEOMETRIC_PRESENTATION_REPRESENTATION (  '', ( #2320 ), #2092 ) ;
#5122 = LINE ( 'NONE', #3560, #4719 ) ;
#5123 = SURFACE_STYLE_USAGE ( .BOTH. , #374 ) ;
#5124 = ADVANCED_FACE ( 'NONE', ( #5503 ), #2940, .F. ) ;
#5125 = SURFACE_STYLE_USAGE ( .BOTH. , #3138 ) ;
#5126 = CARTESIAN_POINT ( 'NONE',  ( -7.771382951983880183, 0.4513621692343839920, 3.301999999999999602 ) ) ;
#5127 = FILL_AREA_STYLE ('',( #5649 ) ) ;
#5128 = DIRECTION ( 'NONE',  ( 0.000000000000000000, 0.000000000000000000, -1.000000000000000000 ) ) ;
#5129 = STYLED_ITEM ( 'NONE', ( #5512 ), #5761 ) ;
#5130 = MECHANICAL_DESIGN_GEOMETRIC_PRESENTATION_REPRESENTATION (  '', ( #610 ), #5244 ) ;
#5131 = EDGE_CURVE ( 'NONE', #4933, #5417, #6594, .T. ) ;
#5132 = VERTEX_POINT ( 'NONE', #3594 ) ;
#5133 = ORIENTED_EDGE ( 'NONE', *, *, #4992, .T. ) ;
#5134 = FILL_AREA_STYLE ('',( #854 ) ) ;
#5135 = DIRECTION ( 'NONE',  ( 0.000000000000000000, 0.000000000000000000, -1.000000000000000000 ) ) ;
#5136 = FACE_OUTER_BOUND ( 'NONE', #6835, .T. ) ;
#5137 = CARTESIAN_POINT ( 'NONE',  ( -9.090393670958150096, 1.102058738522372051E-15, -0.7620000000000000107 ) ) ;
#5138 = COLOUR_RGB ( '',0.6666666666666666297, 0.6980392156862744724, 0.7686274509803920907 ) ;
#5139 =( LENGTH_UNIT ( ) NAMED_UNIT ( * ) SI_UNIT ( .MILLI., .METRE. ) );
#5140 = AXIS2_PLACEMENT_3D ( 'NONE', #1003, #472, #3723 ) ;
#5141 = EDGE_CURVE ( 'NONE', #6237, #5113, #305, .T. ) ;
#5142 = ORIENTED_EDGE ( 'NONE', *, *, #5594, .T. ) ;
#5143 =( NAMED_UNIT ( * ) PLANE_ANGLE_UNIT ( ) SI_UNIT ( $, .RADIAN. ) );
#5144 = VERTEX_POINT ( 'NONE', #810 ) ;
#5145 =( NAMED_UNIT ( * ) SI_UNIT ( $, .STERADIAN. ) SOLID_ANGLE_UNIT ( ) );
#5146 = SURFACE_SIDE_STYLE ('',( #3009 ) ) ;
#5147 = CARTESIAN_POINT ( 'NONE',  ( 5.206424362375529746, 0.3769999999999999463, 5.206424362375529746 ) ) ;
#5148 = PRESENTATION_LAYER_ASSIGNMENT (  '', '', ( #631 ) ) ;
#5149 = MECHANICAL_DESIGN_GEOMETRIC_PRESENTATION_REPRESENTATION (  '', ( #3819 ), #512 ) ;
#5150 = STYLED_ITEM ( 'NONE', ( #4597 ), #922 ) ;
#5151 = EDGE_LOOP ( 'NONE', ( #3486, #4383, #1897, #6727 ) ) ;
#5152 = FILL_AREA_STYLE ('',( #4940 ) ) ;
#5153 = EDGE_LOOP ( 'NONE', ( #2993, #1802, #1352, #4998 ) ) ;
#5154 = VECTOR ( 'NONE', #6779, 1000.000000000000000 ) ;
#5155 = UNCERTAINTY_MEASURE_WITH_UNIT (LENGTH_MEASURE( 1.000000000000000082E-05 ), #3699, 'distance_accuracy_value', 'NONE');
#5156 = LINE ( 'NONE', #6242, #6801 ) ;
#5157 = CARTESIAN_POINT ( 'NONE',  ( -6.386507856983209663, 3.835465918153454723, 4.317999999999999616 ) ) ;
#5158 = DIRECTION ( 'NONE',  ( 0.000000000000000000, 0.000000000000000000, -1.000000000000000000 ) ) ;
#5159 = CARTESIAN_POINT ( 'NONE',  ( -6.386507856983209663, 3.368886862718084796, -4.317999999999999616 ) ) ;
#5160 = AXIS2_PLACEMENT_3D ( 'NONE', #6072, #130, #2871 ) ;
#5161 = SURFACE_STYLE_USAGE ( .BOTH. , #4671 ) ;
#5162 = UNCERTAINTY_MEASURE_WITH_UNIT (LENGTH_MEASURE( 1.000000000000000082E-05 ), #4260, 'distance_accuracy_value', 'NONE');
#5163 = FACE_OUTER_BOUND ( 'NONE', #6100, .T. ) ;
#5164 = VECTOR ( 'NONE', #5498, 1000.000000000000000 ) ;
#5165 = LINE ( 'NONE', #276, #3183 ) ;
#5166 =( NAMED_UNIT ( * ) PLANE_ANGLE_UNIT ( ) SI_UNIT ( $, .RADIAN. ) );
#5167 = DIRECTION ( 'NONE',  ( 0.000000000000000000, 0.000000000000000000, 1.000000000000000000 ) ) ;
#5168 = EDGE_CURVE ( 'NONE', #2788, #3166, #2109, .T. ) ;
#5169 = CARTESIAN_POINT ( 'NONE',  ( -7.764301528365829874, 0.3355819165141765148, -0.7620000000000000107 ) ) ;
#5170 = ORIENTED_EDGE ( 'NONE', *, *, #4395, .T. ) ;
#5171 = ORIENTED_EDGE ( 'NONE', *, *, #3133, .T. ) ;
#5172 = DIRECTION ( 'NONE',  ( 0.000000000000000000, 0.000000000000000000, 1.000000000000000000 ) ) ;
#5173 = DIRECTION ( 'NONE',  ( 0.000000000000000000, 0.000000000000000000, -1.000000000000000000 ) ) ;
#5174 = DIRECTION ( 'NONE',  ( 1.000000000000000000, 0.000000000000000000, 0.000000000000000000 ) ) ;
#5175 = DIRECTION ( 'NONE',  ( -0.2588190451025215166, 0.9659258262890680902, 0.000000000000000000 ) ) ;
#5176 = FACE_OUTER_BOUND ( 'NONE', #4147, .T. ) ;
#5177 = EDGE_CURVE ( 'NONE', #5983, #995, #1920, .T. ) ;
#5178 = COLOUR_RGB ( '',0.6666666666666666297, 0.6980392156862744724, 0.7686274509803920907 ) ;
#5179 = VERTEX_POINT ( 'NONE', #4744 ) ;
#5180 = DIRECTION ( 'NONE',  ( -0.000000000000000000, 1.000000000000000000, 0.000000000000000000 ) ) ;
#5181 = ORIENTED_EDGE ( 'NONE', *, *, #5547, .F. ) ;
#5182 = CARTESIAN_POINT ( 'NONE',  ( -5.270500000000000185, -16.34406614034584848, -5.778500000000000192 ) ) ;
#5183 = DIRECTION ( 'NONE',  ( 0.000000000000000000, 1.000000000000000000, 0.000000000000000000 ) ) ;
#5184 = PLANE ( 'NONE',  #2661 ) ;
#5185 = AXIS2_PLACEMENT_3D ( 'NONE', #3644, #6324, #4758 ) ;
#5186 = MECHANICAL_DESIGN_GEOMETRIC_PRESENTATION_REPRESENTATION (  '', ( #317 ), #3746 ) ;
#5187 = ADVANCED_FACE ( 'NONE', ( #2597 ), #3665, .F. ) ;
#5188 = ORIENTED_EDGE ( 'NONE', *, *, #3430, .T. ) ;
#5189 = COLOUR_RGB ( '',0.6666666666666666297, 0.6980392156862744724, 0.7686274509803920907 ) ;
#5190 = ORIENTED_EDGE ( 'NONE', *, *, #2506, .T. ) ;
#5191 = AXIS2_PLACEMENT_3D ( 'NONE', #1576, #5881, #1069 ) ;
#5192 = SURFACE_STYLE_USAGE ( .BOTH. , #1713 ) ;
#5193 =( NAMED_UNIT ( * ) PLANE_ANGLE_UNIT ( ) SI_UNIT ( $, .RADIAN. ) );
#5194 = DIRECTION ( 'NONE',  ( 1.000000000000000000, 0.000000000000000000, 0.000000000000000000 ) ) ;
#5195 = VECTOR ( 'NONE', #507, 1000.000000000000227 ) ;
#5196 = FILL_AREA_STYLE_COLOUR ( '', #6610 ) ;
#5197 =( LENGTH_UNIT ( ) NAMED_UNIT ( * ) SI_UNIT ( .MILLI., .METRE. ) );
#5198 = DIRECTION ( 'NONE',  ( 1.000000000000000000, 0.000000000000000000, 0.000000000000000000 ) ) ;
#5199 = FILL_AREA_STYLE_COLOUR ( '', #893 ) ;
#5200 = CARTESIAN_POINT ( 'NONE',  ( 5.206424362375529746, 0.3769999999999999463, -5.206424362375529746 ) ) ;
#5201 = FACE_OUTER_BOUND ( 'NONE', #4422, .T. ) ;
#5202 = ORIENTED_EDGE ( 'NONE', *, *, #2352, .F. ) ;
#5203 = ORIENTED_EDGE ( 'NONE', *, *, #2760, .F. ) ;
#5204 = ADVANCED_FACE ( 'NONE', ( #2494 ), #2527, .F. ) ;
#5205 = FILL_AREA_STYLE_COLOUR ( '', #2865 ) ;
#5206 =( NAMED_UNIT ( * ) SI_UNIT ( $, .STERADIAN. ) SOLID_ANGLE_UNIT ( ) );
#5207 = FILL_AREA_STYLE ('',( #1968 ) ) ;
#5208 = CARTESIAN_POINT ( 'NONE',  ( 7.659338830835570100, 0.4213400374560394845, 4.317999999999999616 ) ) ;
#5209 = ORIENTED_EDGE ( 'NONE', *, *, #6117, .T. ) ;
#5210 = SURFACE_STYLE_FILL_AREA ( #3753 ) ;
#5211 = EDGE_LOOP ( 'NONE', ( #3609, #2259, #2845, #4781 ) ) ;
#5212 = EDGE_CURVE ( 'NONE', #2560, #6893, #344, .T. ) ;
#5213 = CARTESIAN_POINT ( 'NONE',  ( -7.413993670958149984, 0.3556000000000000272, 4.317999999999999616 ) ) ;
#5214 = FILL_AREA_STYLE_COLOUR ( '', #932 ) ;
#5215 =( LENGTH_UNIT ( ) NAMED_UNIT ( * ) SI_UNIT ( .MILLI., .METRE. ) );
#5216 = DIRECTION ( 'NONE',  ( -0.000000000000000000, 1.000000000000000000, 0.000000000000000000 ) ) ;
#5217 = PLANE ( 'NONE',  #3369 ) ;
#5218 = VERTEX_POINT ( 'NONE', #1989 ) ;
#5219 = DIRECTION ( 'NONE',  ( 0.2588190451025215166, -0.9659258262890680902, 0.000000000000000000 ) ) ;
#5220 = EDGE_LOOP ( 'NONE', ( #3892, #3426, #645, #5960 ) ) ;
#5221 = EDGE_CURVE ( 'NONE', #4002, #4498, #6278, .T. ) ;
#5222 = UNCERTAINTY_MEASURE_WITH_UNIT (LENGTH_MEASURE( 1.000000000000000082E-05 ), #1006, 'distance_accuracy_value', 'NONE');
#5223 = CARTESIAN_POINT ( 'NONE',  ( 7.413993670958149984, 0.3556000000000000272, -0.7620000000000000107 ) ) ;
#5224 = PRESENTATION_STYLE_ASSIGNMENT (( #1328 ) ) ;
#5225 = SURFACE_STYLE_FILL_AREA ( #6873 ) ;
#5226 =( GEOMETRIC_REPRESENTATION_CONTEXT ( 3 ) GLOBAL_UNCERTAINTY_ASSIGNED_CONTEXT ( ( #1844 ) ) GLOBAL_UNIT_ASSIGNED_CONTEXT ( ( #1295, #5752, #6632 ) ) REPRESENTATION_CONTEXT ( 'NONE', 'WORKASPACE' ) );
#5227 = CARTESIAN_POINT ( 'NONE',  ( 6.386507856983209663, 3.835465918153454723, 0.7620000000000000107 ) ) ;
#5228 = PRESENTATION_LAYER_ASSIGNMENT (  '', '', ( #1965 ) ) ;
#5229 = CARTESIAN_POINT ( 'NONE',  ( 5.778500000000000192, 3.835465918153454723, -3.301999999999999602 ) ) ;
#5230 = CARTESIAN_POINT ( 'NONE',  ( -6.386507856983209663, 3.835465918153454723, -4.317999999999999616 ) ) ;
#5231 = CARTESIAN_POINT ( 'NONE',  ( -7.659338830835570100, 0.4213400374560394845, -3.301999999999999602 ) ) ;
#5232 = CARTESIAN_POINT ( 'NONE',  ( 5.778500000000000192, 3.835465918153454723, 1.778000000000000025 ) ) ;
#5233 = PRESENTATION_LAYER_ASSIGNMENT (  '', '', ( #20 ) ) ;
#5234 = STYLED_ITEM ( 'NONE', ( #478 ), #4373 ) ;
#5235 = PRESENTATION_STYLE_ASSIGNMENT (( #6425 ) ) ;
#5236 = FILL_AREA_STYLE ('',( #6916 ) ) ;
#5237 = VERTEX_POINT ( 'NONE', #558 ) ;
#5238 =( GEOMETRIC_REPRESENTATION_CONTEXT ( 3 ) GLOBAL_UNCERTAINTY_ASSIGNED_CONTEXT ( ( #5646 ) ) GLOBAL_UNIT_ASSIGNED_CONTEXT ( ( #5215, #3656, #2194 ) ) REPRESENTATION_CONTEXT ( 'NONE', 'WORKASPACE' ) );
#5239 = PRESENTATION_LAYER_ASSIGNMENT (  '', '', ( #5565 ) ) ;
#5240 = ORIENTED_EDGE ( 'NONE', *, *, #1647, .T. ) ;
#5241 = DIRECTION ( 'NONE',  ( 0.000000000000000000, 0.000000000000000000, -1.000000000000000000 ) ) ;
#5242 =( NAMED_UNIT ( * ) PLANE_ANGLE_UNIT ( ) SI_UNIT ( $, .RADIAN. ) );
#5243 = MECHANICAL_DESIGN_GEOMETRIC_PRESENTATION_REPRESENTATION (  '', ( #3119 ), #27 ) ;
#5244 =( GEOMETRIC_REPRESENTATION_CONTEXT ( 3 ) GLOBAL_UNCERTAINTY_ASSIGNED_CONTEXT ( ( #3912 ) ) GLOBAL_UNIT_ASSIGNED_CONTEXT ( ( #1453, #5571, #778 ) ) REPRESENTATION_CONTEXT ( 'NONE', 'WORKASPACE' ) );
#5245 = LINE ( 'NONE', #918, #6599 ) ;
#5246 = EDGE_CURVE ( 'NONE', #4648, #4226, #1622, .T. ) ;
#5247 = ORIENTED_EDGE ( 'NONE', *, *, #629, .T. ) ;
#5248 = ORIENTED_EDGE ( 'NONE', *, *, #5080, .T. ) ;
#5249 = AXIS2_PLACEMENT_3D ( 'NONE', #6110, #2914, #3069 ) ;
#5250 =( GEOMETRIC_REPRESENTATION_CONTEXT ( 3 ) GLOBAL_UNCERTAINTY_ASSIGNED_CONTEXT ( ( #2981 ) ) GLOBAL_UNIT_ASSIGNED_CONTEXT ( ( #170, #5051, #4013 ) ) REPRESENTATION_CONTEXT ( 'NONE', 'WORKASPACE' ) );
#5251 =( NAMED_UNIT ( * ) SI_UNIT ( $, .STERADIAN. ) SOLID_ANGLE_UNIT ( ) );
#5252 = DIRECTION ( 'NONE',  ( -1.000000000000000000, 0.000000000000000000, 0.000000000000000000 ) ) ;
#5253 = EDGE_CURVE ( 'NONE', #389, #1392, #2758, .T. ) ;
#5254 = ORIENTED_EDGE ( 'NONE', *, *, #5682, .T. ) ;
#5255 = ORIENTED_EDGE ( 'NONE', *, *, #1358, .T. ) ;
#5256 = DIRECTION ( 'NONE',  ( -0.2588190451025215166, -0.9659258262890680902, 0.000000000000000000 ) ) ;
#5257 = CLOSED_SHELL ( 'NONE', ( #3214, #1050, #4716, #5500, #4655, #279, #5115, #1225, #6171, #682, #585, #6481, #2167, #4274 ) ) ;
#5258 = COLOUR_RGB ( '',0.6666666666666666297, 0.6980392156862744724, 0.7686274509803920907 ) ;
#5259 = LINE ( 'NONE', #2525, #2655 ) ;
#5260 =( GEOMETRIC_REPRESENTATION_CONTEXT ( 3 ) GLOBAL_UNCERTAINTY_ASSIGNED_CONTEXT ( ( #1255 ) ) GLOBAL_UNIT_ASSIGNED_CONTEXT ( ( #5553, #1694, #4653 ) ) REPRESENTATION_CONTEXT ( 'NONE', 'WORKASPACE' ) );
#5261 = DIRECTION ( 'NONE',  ( 0.2588190451025215166, 0.9659258262890680902, 0.000000000000000000 ) ) ;
#5262 =( GEOMETRIC_REPRESENTATION_CONTEXT ( 3 ) GLOBAL_UNCERTAINTY_ASSIGNED_CONTEXT ( ( #6065 ) ) GLOBAL_UNIT_ASSIGNED_CONTEXT ( ( #2358, #1817, #809 ) ) REPRESENTATION_CONTEXT ( 'NONE', 'WORKASPACE' ) );
#5263 =( NAMED_UNIT ( * ) PLANE_ANGLE_UNIT ( ) SI_UNIT ( $, .RADIAN. ) );
#5264 = EDGE_CURVE ( 'NONE', #3919, #2548, #4581, .T. ) ;
#5265 = MECHANICAL_DESIGN_GEOMETRIC_PRESENTATION_REPRESENTATION (  '', ( #2791 ), #6269 ) ;
#5266 = LINE ( 'NONE', #5401, #868 ) ;
#5267 = DIRECTION ( 'NONE',  ( -0.9981347984218673641, -0.06104853953484981610, 0.000000000000000000 ) ) ;
#5268 = FILL_AREA_STYLE ('',( #4877 ) ) ;
#5269 = FACE_OUTER_BOUND ( 'NONE', #5153, .T. ) ;
#5270 = CARTESIAN_POINT ( 'NONE',  ( -6.386507856983209663, 3.581465918153455164, -1.778000000000000025 ) ) ;
#5271 = VECTOR ( 'NONE', #307, 1000.000000000000227 ) ;
#5272 = EDGE_CURVE ( 'NONE', #2548, #1907, #4841, .T. ) ;
#5273 = SURFACE_STYLE_FILL_AREA ( #2673 ) ;
#5274 = CIRCLE ( 'NONE', #5834, 0.5079999999999997851 ) ;
#5275 = STYLED_ITEM ( 'NONE', ( #2968 ), #1714 ) ;
#5276 = VERTEX_POINT ( 'NONE', #6981 ) ;
#5277 = VERTEX_POINT ( 'NONE', #5825 ) ;
#5278 = DIRECTION ( 'NONE',  ( -1.000000000000000000, 0.000000000000000000, 0.000000000000000000 ) ) ;
#5279 = CARTESIAN_POINT ( 'NONE',  ( -7.748795199323979865, 0.08205567771502250696, 0.7620000000000000107 ) ) ;
#5280 = SURFACE_SIDE_STYLE ('',( #1604 ) ) ;
#5281 = CIRCLE ( 'NONE', #5389, 0.4665790554353732578 ) ;
#5282 = CARTESIAN_POINT ( 'NONE',  ( 5.206424362375529746, 0.2500000000000000000, 5.587424362375529974 ) ) ;
#5283 = ORIENTED_EDGE ( 'NONE', *, *, #6338, .T. ) ;
#5284 = ORIENTED_EDGE ( 'NONE', *, *, #3354, .T. ) ;
#5285 = FILL_AREA_STYLE_COLOUR ( '', #1748 ) ;
#5286 = SURFACE_STYLE_USAGE ( .BOTH. , #3200 ) ;
#5287 = CARTESIAN_POINT ( 'NONE',  ( 9.105900000000000105, 0.2535262387991554789, -3.301999999999999602 ) ) ;
#5288 = COLOUR_RGB ( '',0.6666666666666666297, 0.6980392156862744724, 0.7686274509803920907 ) ;
#5289 = PRODUCT_DEFINITION_SHAPE ( 'NONE', 'NONE',  #6787 ) ;
#5290 = MANIFOLD_SOLID_BREP ( 'NONE', #2453 ) ;
#5291 = ORIENTED_EDGE ( 'NONE', *, *, #3811, .T. ) ;
#5292 = LINE ( 'NONE', #2017, #4939 ) ;
#5293 = ORIENTED_EDGE ( 'NONE', *, *, #1395, .T. ) ;
#5294 = UNCERTAINTY_MEASURE_WITH_UNIT (LENGTH_MEASURE( 1.000000000000000082E-05 ), #2733, 'distance_accuracy_value', 'NONE');
#5295 = PLANE ( 'NONE',  #4084 ) ;
#5296 = ADVANCED_BREP_SHAPE_REPRESENTATION ( 'MP3V5004GP', ( #3158, #783, #3185, #5317, #3100, #5390, #5290, #805, #3131, #708, #623, #3285 ), #4389 ) ;
#5297 =( LENGTH_UNIT ( ) NAMED_UNIT ( * ) SI_UNIT ( .MILLI., .METRE. ) );
#5298 = CIRCLE ( 'NONE', #2268, 0.3699966097798265130 ) ;
#5299 = DIRECTION ( 'NONE',  ( -0.2588190451025215166, -0.9659258262890680902, 0.000000000000000000 ) ) ;
#5300 = STYLED_ITEM ( 'NONE', ( #6001 ), #2649 ) ;
#5301 = ADVANCED_FACE ( 'NONE', ( #3800, #1012 ), #5398, .T. ) ;
#5302 = CARTESIAN_POINT ( 'NONE',  ( -9.090393670958150096, 1.102058738522372051E-15, -0.7620000000000000107 ) ) ;
#5303 = AXIS2_PLACEMENT_3D ( 'NONE', #3481, #5494, #6616 ) ;
#5304 = MECHANICAL_DESIGN_GEOMETRIC_PRESENTATION_REPRESENTATION (  '', ( #1336 ), #1220 ) ;
#5305 = DIRECTION ( 'NONE',  ( 0.000000000000000000, 0.000000000000000000, -1.000000000000000000 ) ) ;
#5306 = DIRECTION ( 'NONE',  ( 0.000000000000000000, -1.000000000000000000, 0.000000000000000000 ) ) ;
#5307 = EDGE_CURVE ( 'NONE', #6121, #2481, #3012, .T. ) ;
#5308 = SURFACE_STYLE_USAGE ( .BOTH. , #3602 ) ;
#5309 =( GEOMETRIC_REPRESENTATION_CONTEXT ( 3 ) GLOBAL_UNCERTAINTY_ASSIGNED_CONTEXT ( ( #3849 ) ) GLOBAL_UNIT_ASSIGNED_CONTEXT ( ( #6720, #1899, #1833 ) ) REPRESENTATION_CONTEXT ( 'NONE', 'WORKASPACE' ) );
#5310 = VECTOR ( 'NONE', #796, 1000.000000000000000 ) ;
#5311 = ORIENTED_EDGE ( 'NONE', *, *, #2028, .T. ) ;
#5312 = EDGE_LOOP ( 'NONE', ( #198, #2168, #5391, #1285 ) ) ;
#5313 = EDGE_CURVE ( 'NONE', #4827, #3885, #2243, .T. ) ;
#5314 = PRESENTATION_STYLE_ASSIGNMENT (( #2614 ) ) ;
#5315 = CARTESIAN_POINT ( 'NONE',  ( 6.386507856983209663, 3.368886862718084796, -4.317999999999999616 ) ) ;
#5316 = DIRECTION ( 'NONE',  ( 0.000000000000000000, 1.000000000000000000, 0.000000000000000000 ) ) ;
#5317 = MANIFOLD_SOLID_BREP ( 'NONE', #3816 ) ;
#5318 = ORIENTED_EDGE ( 'NONE', *, *, #2028, .F. ) ;
#5319 = SURFACE_STYLE_USAGE ( .BOTH. , #430 ) ;
#5320 = ORIENTED_EDGE ( 'NONE', *, *, #6841, .T. ) ;
#5321 =( NAMED_UNIT ( * ) SI_UNIT ( $, .STERADIAN. ) SOLID_ANGLE_UNIT ( ) );
#5322 = DIRECTION ( 'NONE',  ( 1.000000000000000000, 0.000000000000000000, 0.000000000000000000 ) ) ;
#5323 = SURFACE_SIDE_STYLE ('',( #3201 ) ) ;
#5324 = CARTESIAN_POINT ( 'NONE',  ( -6.032499999999999751, 7.849999999999999645, -5.524499999999999744 ) ) ;
#5325 = ORIENTED_EDGE ( 'NONE', *, *, #3742, .T. ) ;
#5326 = DIRECTION ( 'NONE',  ( 1.000000000000000000, 0.000000000000000000, 0.000000000000000000 ) ) ;
#5327 = ORIENTED_EDGE ( 'NONE', *, *, #762, .T. ) ;
#5328 =( NAMED_UNIT ( * ) SI_UNIT ( $, .STERADIAN. ) SOLID_ANGLE_UNIT ( ) );
#5329 = DIRECTION ( 'NONE',  ( -0.2588190451025215166, 0.9659258262890680902, 0.000000000000000000 ) ) ;
#5330 = DIRECTION ( 'NONE',  ( 0.000000000000000000, 1.000000000000000000, 0.000000000000000000 ) ) ;
#5331 = CARTESIAN_POINT ( 'NONE',  ( 5.524499999999999744, 4.039999999999999147, 6.032499999999999751 ) ) ;
#5332 = DIRECTION ( 'NONE',  ( 0.000000000000000000, 0.000000000000000000, -1.000000000000000000 ) ) ;
#5333 = CARTESIAN_POINT ( 'NONE',  ( 7.771382951983880183, 0.4513621692343839920, 3.301999999999999602 ) ) ;
#5334 = ADVANCED_FACE ( 'NONE', ( #1810 ), #160, .T. ) ;
#5335 = ORIENTED_EDGE ( 'NONE', *, *, #5264, .F. ) ;
#5336 = VERTEX_POINT ( 'NONE', #698 ) ;
#5337 = COLOUR_RGB ( '',0.6666666666666666297, 0.6980392156862744724, 0.7686274509803920907 ) ;
#5338 =( GEOMETRIC_REPRESENTATION_CONTEXT ( 3 ) GLOBAL_UNCERTAINTY_ASSIGNED_CONTEXT ( ( #1638 ) ) GLOBAL_UNIT_ASSIGNED_CONTEXT ( ( #340, #4704, #4182 ) ) REPRESENTATION_CONTEXT ( 'NONE', 'WORKASPACE' ) );
#5339 = DIRECTION ( 'NONE',  ( 0.000000000000000000, 1.000000000000000000, 0.000000000000000000 ) ) ;
#5340 = SURFACE_STYLE_FILL_AREA ( #3225 ) ;
#5341 = CARTESIAN_POINT ( 'NONE',  ( -5.778500000000000192, -16.34406614034584848, 5.778500000000000192 ) ) ;
#5342 = EDGE_CURVE ( 'NONE', #4209, #5144, #4453, .T. ) ;
#5343 = AXIS2_PLACEMENT_3D ( 'NONE', #1876, #6304, #2414 ) ;
#5344 = ORIENTED_EDGE ( 'NONE', *, *, #1685, .F. ) ;
#5345 = ORIENTED_EDGE ( 'NONE', *, *, #3767, .F. ) ;
#5346 = PRESENTATION_STYLE_ASSIGNMENT (( #4830 ) ) ;
#5347 = SURFACE_SIDE_STYLE ('',( #469 ) ) ;
#5348 = COLOUR_RGB ( '',0.6666666666666666297, 0.6980392156862744724, 0.7686274509803920907 ) ;
#5349 = LINE ( 'NONE', #5884, #5195 ) ;
#5350 = CARTESIAN_POINT ( 'NONE',  ( -6.386507856983209663, 3.581465918153455164, -3.301999999999999602 ) ) ;
#5351 = EDGE_CURVE ( 'NONE', #791, #5769, #6592, .T. ) ;
#5352 = COLOUR_RGB ( '',0.6666666666666666297, 0.6980392156862744724, 0.7686274509803920907 ) ;
#5353 = ORIENTED_EDGE ( 'NONE', *, *, #4837, .F. ) ;
#5354 = DIRECTION ( 'NONE',  ( 0.000000000000000000, 1.000000000000000000, 0.000000000000000000 ) ) ;
#5355 = ORIENTED_EDGE ( 'NONE', *, *, #2424, .F. ) ;
#5356 = LINE ( 'NONE', #6944, #2716 ) ;
#5357 = DIRECTION ( 'NONE',  ( 1.000000000000000000, 0.000000000000000000, 0.000000000000000000 ) ) ;
#5358 = DIRECTION ( 'NONE',  ( 0.000000000000000000, 1.000000000000000000, 0.000000000000000000 ) ) ;
#5359 = STYLED_ITEM ( 'NONE', ( #590 ), #6000 ) ;
#5360 = PRESENTATION_LAYER_ASSIGNMENT (  '', '', ( #3474 ) ) ;
#5361 = FILL_AREA_STYLE_COLOUR ( '', #4280 ) ;
#5362 =( NAMED_UNIT ( * ) SI_UNIT ( $, .STERADIAN. ) SOLID_ANGLE_UNIT ( ) );
#5363 = SURFACE_STYLE_FILL_AREA ( #16 ) ;
#5364 = DIRECTION ( 'NONE',  ( 0.000000000000000000, 1.000000000000000000, 0.000000000000000000 ) ) ;
#5365 = VECTOR ( 'NONE', #4012, 1000.000000000000227 ) ;
#5366 = FILL_AREA_STYLE ('',( #6486 ) ) ;
#5367 = STYLED_ITEM ( 'NONE', ( #2853 ), #6290 ) ;
#5368 =( LENGTH_UNIT ( ) NAMED_UNIT ( * ) SI_UNIT ( .MILLI., .METRE. ) );
#5369 = VERTEX_POINT ( 'NONE', #5044 ) ;
#5370 = UNCERTAINTY_MEASURE_WITH_UNIT (LENGTH_MEASURE( 1.000000000000000082E-05 ), #5534, 'distance_accuracy_value', 'NONE');
#5371 =( NAMED_UNIT ( * ) PLANE_ANGLE_UNIT ( ) SI_UNIT ( $, .RADIAN. ) );
#5372 =( GEOMETRIC_REPRESENTATION_CONTEXT ( 3 ) GLOBAL_UNCERTAINTY_ASSIGNED_CONTEXT ( ( #6556 ) ) GLOBAL_UNIT_ASSIGNED_CONTEXT ( ( #2951, #3070, #3537 ) ) REPRESENTATION_CONTEXT ( 'NONE', 'WORKASPACE' ) );
#5373 = COLOUR_RGB ( '',0.6666666666666666297, 0.6980392156862744724, 0.7686274509803920907 ) ;
#5374 = DIRECTION ( 'NONE',  ( -1.000000000000000000, 0.000000000000000000, 0.000000000000000000 ) ) ;
#5375 =( NAMED_UNIT ( * ) SI_UNIT ( $, .STERADIAN. ) SOLID_ANGLE_UNIT ( ) );
#5376 = CARTESIAN_POINT ( 'NONE',  ( -7.771382951983880183, 0.4513621692343839920, 4.317999999999999616 ) ) ;
#5377 =( NAMED_UNIT ( * ) SI_UNIT ( $, .STERADIAN. ) SOLID_ANGLE_UNIT ( ) );
#5378 = ADVANCED_FACE ( 'NONE', ( #6128 ), #195, .F. ) ;
#5379 = CIRCLE ( 'NONE', #3387, 0.3699966097798265130 ) ;
#5380 = VERTEX_POINT ( 'NONE', #869 ) ;
#5381 =( NAMED_UNIT ( * ) SI_UNIT ( $, .STERADIAN. ) SOLID_ANGLE_UNIT ( ) );
#5382 = VERTEX_POINT ( 'NONE', #2015 ) ;
#5383 = DIRECTION ( 'NONE',  ( 1.000000000000000000, 0.000000000000000000, 0.000000000000000000 ) ) ;
#5384 = PLANE ( 'NONE',  #1338 ) ;
#5385 = VECTOR ( 'NONE', #2310, 1000.000000000000000 ) ;
#5386 = EDGE_CURVE ( 'NONE', #1563, #164, #4176, .T. ) ;
#5387 = CARTESIAN_POINT ( 'NONE',  ( -5.778500000000000192, 0.3769999999999988916, 5.270500000000000185 ) ) ;
#5388 = CARTESIAN_POINT ( 'NONE',  ( -5.778500000000000192, 3.581465918153455164, -4.317999999999999616 ) ) ;
#5389 = AXIS2_PLACEMENT_3D ( 'NONE', #3694, #3090, #3727 ) ;
#5390 = MANIFOLD_SOLID_BREP ( 'NONE', #1527 ) ;
#5391 = ORIENTED_EDGE ( 'NONE', *, *, #6884, .T. ) ;
#5392 = LINE ( 'NONE', #4899, #420 ) ;
#5393 = VERTEX_POINT ( 'NONE', #927 ) ;
#5394 = PLANE ( 'NONE',  #365 ) ;
#5395 = FILL_AREA_STYLE_COLOUR ( '', #5905 ) ;
#5396 = EDGE_CURVE ( 'NONE', #5806, #3291, #5699, .T. ) ;
#5397 = DIRECTION ( 'NONE',  ( 1.000000000000000000, 0.000000000000000000, 0.000000000000000000 ) ) ;
#5398 = PLANE ( 'NONE',  #2227 ) ;
#5399 = MECHANICAL_DESIGN_GEOMETRIC_PRESENTATION_REPRESENTATION (  '', ( #4944 ), #3053 ) ;
#5400 =( NAMED_UNIT ( * ) SI_UNIT ( $, .STERADIAN. ) SOLID_ANGLE_UNIT ( ) );
#5401 = CARTESIAN_POINT ( 'NONE',  ( 7.413993670958149984, 0.3556000000000000272, 4.317999999999999616 ) ) ;
#5402 =( NAMED_UNIT ( * ) SI_UNIT ( $, .STERADIAN. ) SOLID_ANGLE_UNIT ( ) );
#5403 = CIRCLE ( 'NONE', #1331, 0.1159966097798266205 ) ;
#5404 = FILL_AREA_STYLE ('',( #5897 ) ) ;
#5405 =( LENGTH_UNIT ( ) NAMED_UNIT ( * ) SI_UNIT ( .MILLI., .METRE. ) );
#5406 = PRESENTATION_LAYER_ASSIGNMENT (  '', '', ( #1450 ) ) ;
#5407 = PRESENTATION_LAYER_ASSIGNMENT (  '', '', ( #2037 ) ) ;
#5408 = EDGE_LOOP ( 'NONE', ( #1233, #380, #1837, #2304 ) ) ;
#5409 = VECTOR ( 'NONE', #1480, 1000.000000000000114 ) ;
#5410 = COLOUR_RGB ( '',0.6666666666666666297, 0.6980392156862744724, 0.7686274509803920907 ) ;
#5411 = SURFACE_STYLE_USAGE ( .BOTH. , #5546 ) ;
#5412 = DIRECTION ( 'NONE',  ( 0.000000000000000000, 0.000000000000000000, 1.000000000000000000 ) ) ;
#5413 = STYLED_ITEM ( 'NONE', ( #4894 ), #3983 ) ;
#5414 = COLOUR_RGB ( '',0.6666666666666666297, 0.6980392156862744724, 0.7686274509803920907 ) ;
#5415 = ADVANCED_FACE ( 'NONE', ( #263 ), #5217, .F. ) ;
#5416 = ORIENTED_EDGE ( 'NONE', *, *, #5775, .F. ) ;
#5417 = VERTEX_POINT ( 'NONE', #6306 ) ;
#5418 = COLOUR_RGB ( '',0.6666666666666666297, 0.6980392156862744724, 0.7686274509803920907 ) ;
#5419 = DIRECTION ( 'NONE',  ( -0.2588190451025209615, 0.9659258262890682012, 0.000000000000000000 ) ) ;
#5420 = FILL_AREA_STYLE_COLOUR ( '', #6596 ) ;
#5421 = EDGE_CURVE ( 'NONE', #765, #2560, #5776, .T. ) ;
#5422 = ORIENTED_EDGE ( 'NONE', *, *, #6983, .T. ) ;
#5423 = CARTESIAN_POINT ( 'NONE',  ( 9.090393670958150096, 1.102058738522372051E-15, -4.317999999999999616 ) ) ;
#5424 = ORIENTED_EDGE ( 'NONE', *, *, #1094, .F. ) ;
#5425 = LINE ( 'NONE', #6095, #2395 ) ;
#5426 =( LENGTH_UNIT ( ) NAMED_UNIT ( * ) SI_UNIT ( .MILLI., .METRE. ) );
#5427 = CARTESIAN_POINT ( 'NONE',  ( -7.748795199323979865, 0.08205567771502250696, -3.301999999999999602 ) ) ;
#5428 = LINE ( 'NONE', #5231, #2823 ) ;
#5429 = DIRECTION ( 'NONE',  ( -1.000000000000000000, 0.000000000000000000, 1.247827601593249791E-16 ) ) ;
#5430 = ADVANCED_FACE ( 'NONE', ( #5632 ), #6204, .T. ) ;
#5431 =( NAMED_UNIT ( * ) PLANE_ANGLE_UNIT ( ) SI_UNIT ( $, .RADIAN. ) );
#5432 = VERTEX_POINT ( 'NONE', #5387 ) ;
#5433 = UNCERTAINTY_MEASURE_WITH_UNIT (LENGTH_MEASURE( 1.000000000000000082E-05 ), #3457, 'distance_accuracy_value', 'NONE');
#5434 = CARTESIAN_POINT ( 'NONE',  ( -7.659338830835570100, 0.4213400374560394845, -4.317999999999999616 ) ) ;
#5435 = FACE_OUTER_BOUND ( 'NONE', #4968, .T. ) ;
#5436 = SURFACE_STYLE_USAGE ( .BOTH. , #5970 ) ;
#5437 = LINE ( 'NONE', #672, #4643 ) ;
#5438 = UNCERTAINTY_MEASURE_WITH_UNIT (LENGTH_MEASURE( 1.000000000000000082E-05 ), #2767, 'distance_accuracy_value', 'NONE');
#5439 = FILL_AREA_STYLE_COLOUR ( '', #4261 ) ;
#5440 = DIRECTION ( 'NONE',  ( 1.000000000000000000, 0.000000000000000000, 0.000000000000000000 ) ) ;
#5441 = FILL_AREA_STYLE ('',( #3327 ) ) ;
#5442 = ORIENTED_EDGE ( 'NONE', *, *, #5253, .T. ) ;
#5443 = AXIS2_PLACEMENT_3D ( 'NONE', #6351, #1518, #1560 ) ;
#5444 = VERTEX_POINT ( 'NONE', #436 ) ;
#5445 = UNCERTAINTY_MEASURE_WITH_UNIT (LENGTH_MEASURE( 1.000000000000000082E-05 ), #2049, 'distance_accuracy_value', 'NONE');
#5446 = FACE_OUTER_BOUND ( 'NONE', #11, .T. ) ;
#5447 = LINE ( 'NONE', #609, #1933 ) ;
#5448 = DIRECTION ( 'NONE',  ( -0.06104853953484982304, -0.9981347984218674751, 0.000000000000000000 ) ) ;
#5449 = EDGE_CURVE ( 'NONE', #1273, #656, #6368, .T. ) ;
#5450 =( GEOMETRIC_REPRESENTATION_CONTEXT ( 3 ) GLOBAL_UNCERTAINTY_ASSIGNED_CONTEXT ( ( #4468 ) ) GLOBAL_UNIT_ASSIGNED_CONTEXT ( ( #3448, #1807, #5493 ) ) REPRESENTATION_CONTEXT ( 'NONE', 'WORKASPACE' ) );
#5451 = FACE_OUTER_BOUND ( 'NONE', #931, .T. ) ;
#5452 = VERTEX_POINT ( 'NONE', #5324 ) ;
#5453 = CARTESIAN_POINT ( 'NONE',  ( 9.105900000000000105, 0.2535262387991554789, -0.7620000000000000107 ) ) ;
#5454 = ORIENTED_EDGE ( 'NONE', *, *, #5002, .F. ) ;
#5455 = COLOUR_RGB ( '',0.6666666666666666297, 0.6980392156862744724, 0.7686274509803920907 ) ;
#5456 = DIRECTION ( 'NONE',  ( 0.000000000000000000, 0.000000000000000000, -1.000000000000000000 ) ) ;
#5457 = LINE ( 'NONE', #729, #6565 ) ;
#5458 =( LENGTH_UNIT ( ) NAMED_UNIT ( * ) SI_UNIT ( .MILLI., .METRE. ) );
#5459 = SURFACE_SIDE_STYLE ('',( #119 ) ) ;
#5460 = EDGE_CURVE ( 'NONE', #5382, #3186, #3830, .T. ) ;
#5461 = PRESENTATION_LAYER_ASSIGNMENT (  '', '', ( #6143 ) ) ;
#5462 = VECTOR ( 'NONE', #5951, 1000.000000000000227 ) ;
#5463 = DIRECTION ( 'NONE',  ( 1.000000000000000000, 0.000000000000000000, 0.000000000000000000 ) ) ;
#5464 = ORIENTED_EDGE ( 'NONE', *, *, #6385, .F. ) ;
#5465 = DIRECTION ( 'NONE',  ( 0.06104853953484982304, -0.9981347984218674751, 0.000000000000000000 ) ) ;
#5466 = MECHANICAL_DESIGN_GEOMETRIC_PRESENTATION_REPRESENTATION (  '', ( #3137 ), #2108 ) ;
#5467 = COLOUR_RGB ( '',0.6666666666666666297, 0.6980392156862744724, 0.7686274509803920907 ) ;
#5468 = EDGE_CURVE ( 'NONE', #4593, #1411, #5702, .T. ) ;
#5469 =( NAMED_UNIT ( * ) PLANE_ANGLE_UNIT ( ) SI_UNIT ( $, .RADIAN. ) );
#5470 = COLOUR_RGB ( '',0.6666666666666666297, 0.6980392156862744724, 0.7686274509803920907 ) ;
#5471 = CARTESIAN_POINT ( 'NONE',  ( 7.748795199323979865, 0.08205567771502250696, -0.7620000000000000107 ) ) ;
#5472 = CYLINDRICAL_SURFACE ( 'NONE', #3022, 0.3810000000000002829 ) ;
#5473 = LINE ( 'NONE', #1091, #427 ) ;
#5474 = AXIS2_PLACEMENT_3D ( 'NONE', #1155, #2218, #97 ) ;
#5475 = COLOUR_RGB ( '',0.2509803921568627416, 0.2509803921568627416, 0.2509803921568627416 ) ;
#5476 = EDGE_CURVE ( 'NONE', #70, #4349, #2654, .T. ) ;
#5477 = COLOUR_RGB ( '',0.6666666666666666297, 0.6980392156862744724, 0.7686274509803920907 ) ;
#5478 = CARTESIAN_POINT ( 'NONE',  ( -5.206424362375529746, 0.2500000000000000000, -5.587424362375529974 ) ) ;
#5479 = SURFACE_SIDE_STYLE ('',( #4473 ) ) ;
#5480 = STYLED_ITEM ( 'NONE', ( #2334 ), #1104 ) ;
#5481 = STYLED_ITEM ( 'NONE', ( #4787 ), #1225 ) ;
#5482 = ORIENTED_EDGE ( 'NONE', *, *, #6117, .F. ) ;
#5483 = SURFACE_STYLE_USAGE ( .BOTH. , #5093 ) ;
#5484 = ORIENTED_EDGE ( 'NONE', *, *, #955, .F. ) ;
#5485 = FILL_AREA_STYLE ('',( #2848 ) ) ;
#5486 =( NAMED_UNIT ( * ) SI_UNIT ( $, .STERADIAN. ) SOLID_ANGLE_UNIT ( ) );
#5487 = PRESENTATION_LAYER_ASSIGNMENT (  '', '', ( #522 ) ) ;
#5488 = EDGE_LOOP ( 'NONE', ( #3610, #2697, #571, #6438 ) ) ;
#5489 = CARTESIAN_POINT ( 'NONE',  ( 0.000000000000000000, 0.2500000000000000000, 0.000000000000000000 ) ) ;
#5490 = EDGE_LOOP ( 'NONE', ( #2091, #2787, #1485, #4329 ) ) ;
#5491 = STYLED_ITEM ( 'NONE', ( #2149 ), #6664 ) ;
#5492 = DIRECTION ( 'NONE',  ( -0.06104853953484747076, -0.9981347984218675862, 0.000000000000000000 ) ) ;
#5493 =( NAMED_UNIT ( * ) SI_UNIT ( $, .STERADIAN. ) SOLID_ANGLE_UNIT ( ) );
#5494 = DIRECTION ( 'NONE',  ( 0.06104853953484972590, 0.9981347984218674751, 0.000000000000000000 ) ) ;
#5495 = SURFACE_STYLE_FILL_AREA ( #660 ) ;
#5496 = CIRCLE ( 'NONE', #74, 0.3725677875102466619 ) ;
#5497 = EDGE_LOOP ( 'NONE', ( #2133, #6780, #5999, #1698 ) ) ;
#5498 = DIRECTION ( 'NONE',  ( 1.000000000000000000, -0.000000000000000000, 0.000000000000000000 ) ) ;
#5499 = ORIENTED_EDGE ( 'NONE', *, *, #4845, .T. ) ;
#5500 = ADVANCED_FACE ( 'NONE', ( #2131 ), #1612, .F. ) ;
#5501 = UNCERTAINTY_MEASURE_WITH_UNIT (LENGTH_MEASURE( 1.000000000000000082E-05 ), #3852, 'distance_accuracy_value', 'NONE');
#5502 =( LENGTH_UNIT ( ) NAMED_UNIT ( * ) SI_UNIT ( .MILLI., .METRE. ) );
#5503 = FACE_OUTER_BOUND ( 'NONE', #6684, .T. ) ;
#5504 = DIRECTION ( 'NONE',  ( 0.000000000000000000, -1.000000000000000000, 0.000000000000000000 ) ) ;
#5505 = LINE ( 'NONE', #4982, #2911 ) ;
#5506 = ADVANCED_FACE ( 'NONE', ( #2055 ), #6, .F. ) ;
#5507 = UNCERTAINTY_MEASURE_WITH_UNIT (LENGTH_MEASURE( 1.000000000000000082E-05 ), #3936, 'distance_accuracy_value', 'NONE');
#5508 = LINE ( 'NONE', #677, #4515 ) ;
#5509 = FILL_AREA_STYLE ('',( #6042 ) ) ;
#5510 = AXIS2_PLACEMENT_3D ( 'NONE', #6041, #4400, #3401 ) ;
#5511 = PRESENTATION_LAYER_ASSIGNMENT (  '', '', ( #1336 ) ) ;
#5512 = PRESENTATION_STYLE_ASSIGNMENT (( #2291 ) ) ;
#5513 = AXIS2_PLACEMENT_3D ( 'NONE', #1214, #4905, #2346 ) ;
#5514 = COLOUR_RGB ( '',0.6666666666666666297, 0.6980392156862744724, 0.7686274509803920907 ) ;
#5515 = ADVANCED_FACE ( 'NONE', ( #5989 ), #5589, .F. ) ;
#5516 = ORIENTED_EDGE ( 'NONE', *, *, #1146, .T. ) ;
#5517 = EDGE_LOOP ( 'NONE', ( #4207, #6411, #4000, #5851, #6270, #6928, #398, #2586, #6112, #349, #1872, #581 ) ) ;
#5518 = UNCERTAINTY_MEASURE_WITH_UNIT (LENGTH_MEASURE( 1.000000000000000082E-05 ), #1861, 'distance_accuracy_value', 'NONE');
#5519 =( NAMED_UNIT ( * ) PLANE_ANGLE_UNIT ( ) SI_UNIT ( $, .RADIAN. ) );
#5520 = FILL_AREA_STYLE ('',( #4440 ) ) ;
#5521 = CARTESIAN_POINT ( 'NONE',  ( -3.101481404339325731, 6.859999999999999432, 6.032499999999999751 ) ) ;
#5522 = CARTESIAN_POINT ( 'NONE',  ( -7.771382951983880183, 0.4513621692343839920, 3.301999999999999602 ) ) ;
#5523 = FILL_AREA_STYLE ('',( #3471 ) ) ;
#5524 =( GEOMETRIC_REPRESENTATION_CONTEXT ( 3 ) GLOBAL_UNCERTAINTY_ASSIGNED_CONTEXT ( ( #4060 ) ) GLOBAL_UNIT_ASSIGNED_CONTEXT ( ( #2085, #1541, #5486 ) ) REPRESENTATION_CONTEXT ( 'NONE', 'WORKASPACE' ) );
#5525 = AXIS2_PLACEMENT_3D ( 'NONE', #5065, #2883, #4030 ) ;
#5526 = CARTESIAN_POINT ( 'NONE',  ( 7.413993670958149984, 0.3556000000000000272, 4.317999999999999616 ) ) ;
#5527 = VERTEX_POINT ( 'NONE', #1726 ) ;
#5528 = LINE ( 'NONE', #2236, #875 ) ;
#5529 = EDGE_LOOP ( 'NONE', ( #4128, #6943, #3056, #188 ) ) ;
#5530 = PRESENTATION_LAYER_ASSIGNMENT (  '', '', ( #2835 ) ) ;
#5531 = DIRECTION ( 'NONE',  ( 0.000000000000000000, 1.000000000000000000, 0.000000000000000000 ) ) ;
#5532 = FACE_OUTER_BOUND ( 'NONE', #6866, .T. ) ;
#5533 =( LENGTH_UNIT ( ) NAMED_UNIT ( * ) SI_UNIT ( .MILLI., .METRE. ) );
#5534 =( LENGTH_UNIT ( ) NAMED_UNIT ( * ) SI_UNIT ( .MILLI., .METRE. ) );
#5535 =( NAMED_UNIT ( * ) SI_UNIT ( $, .STERADIAN. ) SOLID_ANGLE_UNIT ( ) );
#5536 = ORIENTED_EDGE ( 'NONE', *, *, #2087, .F. ) ;
#5537 = FILL_AREA_STYLE ('',( #6135 ) ) ;
#5538 = CARTESIAN_POINT ( 'NONE',  ( -5.778500000000000192, 3.835465918153454723, 3.301999999999999602 ) ) ;
#5539 = CARTESIAN_POINT ( 'NONE',  ( -7.413993670958149984, 0.3556000000000000272, 1.778000000000000025 ) ) ;
#5540 = CARTESIAN_POINT ( 'NONE',  ( 7.413993670958149984, 0.3556000000000000272, 4.317999999999999616 ) ) ;
#5541 = EDGE_CURVE ( 'NONE', #1032, #4099, #2785, .T. ) ;
#5542 = DIRECTION ( 'NONE',  ( -0.000000000000000000, 1.000000000000000000, 0.000000000000000000 ) ) ;
#5543 = DIRECTION ( 'NONE',  ( -0.9981347984218675862, 0.06104853953484747076, 0.000000000000000000 ) ) ;
#5544 = PRESENTATION_STYLE_ASSIGNMENT (( #1927 ) ) ;
#5545 = DIRECTION ( 'NONE',  ( 0.000000000000000000, 0.000000000000000000, 1.000000000000000000 ) ) ;
#5546 = SURFACE_SIDE_STYLE ('',( #1751 ) ) ;
#5547 = EDGE_CURVE ( 'NONE', #3918, #5668, #3863, .T. ) ;
#5548 = VERTEX_POINT ( 'NONE', #2336 ) ;
#5549 = VERTEX_POINT ( 'NONE', #1207 ) ;
#5550 = LINE ( 'NONE', #2373, #3202 ) ;
#5551 = SURFACE_SIDE_STYLE ('',( #4961 ) ) ;
#5552 = DIRECTION ( 'NONE',  ( 0.000000000000000000, 0.000000000000000000, -1.000000000000000000 ) ) ;
#5553 =( LENGTH_UNIT ( ) NAMED_UNIT ( * ) SI_UNIT ( .MILLI., .METRE. ) );
#5554 = ADVANCED_FACE ( 'NONE', ( #35 ), #3411, .F. ) ;
#5555 = ORIENTED_EDGE ( 'NONE', *, *, #3068, .T. ) ;
#5556 = CARTESIAN_POINT ( 'NONE',  ( 5.206424362375529746, 0.3769999999999999463, 5.206424362375529746 ) ) ;
#5557 = ORIENTED_EDGE ( 'NONE', *, *, #3482, .F. ) ;
#5558 = LINE ( 'NONE', #2893, #1457 ) ;
#5559 = COLOUR_RGB ( '',0.6666666666666666297, 0.6980392156862744724, 0.7686274509803920907 ) ;
#5560 = SURFACE_SIDE_STYLE ('',( #2306 ) ) ;
#5561 = CARTESIAN_POINT ( 'NONE',  ( -5.778500000000000192, 3.835465918153454723, -3.301999999999999602 ) ) ;
#5562 = MECHANICAL_DESIGN_GEOMETRIC_PRESENTATION_REPRESENTATION (  '', ( #825 ), #5450 ) ;
#5563 = PRESENTATION_LAYER_ASSIGNMENT (  '', '', ( #3899 ) ) ;
#5564 = ORIENTED_EDGE ( 'NONE', *, *, #620, .T. ) ;
#5565 = STYLED_ITEM ( 'NONE', ( #4979 ), #843 ) ;
#5566 = DIRECTION ( 'NONE',  ( -0.000000000000000000, -1.000000000000000000, -0.000000000000000000 ) ) ;
#5567 = VERTEX_POINT ( 'NONE', #5700 ) ;
#5568 = UNCERTAINTY_MEASURE_WITH_UNIT (LENGTH_MEASURE( 1.000000000000000082E-05 ), #6784, 'distance_accuracy_value', 'NONE');
#5569 = CARTESIAN_POINT ( 'NONE',  ( 6.386507856983209663, 3.835465918153454723, -4.317999999999999616 ) ) ;
#5570 = LINE ( 'NONE', #3524, #628 ) ;
#5571 =( NAMED_UNIT ( * ) PLANE_ANGLE_UNIT ( ) SI_UNIT ( $, .RADIAN. ) );
#5572 = COLOUR_RGB ( '',0.6666666666666666297, 0.6980392156862744724, 0.7686274509803920907 ) ;
#5573 = CARTESIAN_POINT ( 'NONE',  ( -7.764301528365829874, 0.3355819165141765148, 1.778000000000000025 ) ) ;
#5574 = CARTESIAN_POINT ( 'NONE',  ( 6.386507856983209663, 3.835465918153454723, -3.301999999999999602 ) ) ;
#5576 = UNCERTAINTY_MEASURE_WITH_UNIT (LENGTH_MEASURE( 1.000000000000000082E-05 ), #5054, 'distance_accuracy_value', 'NONE');
#5575 = COLOUR_RGB ( '',0.6666666666666666297, 0.6980392156862744724, 0.7686274509803920907 ) ;
#5577 = CARTESIAN_POINT ( 'NONE',  ( -9.090393670958150096, 1.102058738522372051E-15, -3.301999999999999602 ) ) ;
#5578 = DIRECTION ( 'NONE',  ( 1.000000000000000000, 0.000000000000000000, 0.000000000000000000 ) ) ;
#5579 = CARTESIAN_POINT ( 'NONE',  ( -2.158999999999999808, 6.859999999999999432, 9.277156605822819202 ) ) ;
#5580 = EDGE_LOOP ( 'NONE', ( #6901, #4543, #5991, #328 ) ) ;
#5581 = ORIENTED_EDGE ( 'NONE', *, *, #3779, .T. ) ;
#5582 = STYLED_ITEM ( 'NONE', ( #1251 ), #6027 ) ;
#5583 = ADVANCED_FACE ( 'NONE', ( #2923 ), #2958, .T. ) ;
#5584 = VECTOR ( 'NONE', #2624, 1000.000000000000114 ) ;
#5585 = DIRECTION ( 'NONE',  ( 0.000000000000000000, 0.000000000000000000, -1.000000000000000000 ) ) ;
#5586 = DIRECTION ( 'NONE',  ( 0.000000000000000000, 0.000000000000000000, 1.000000000000000000 ) ) ;
#5587 = STYLED_ITEM ( 'NONE', ( #1223 ), #860 ) ;
#5588 = LINE ( 'NONE', #2995, #1163 ) ;
#5589 = PLANE ( 'NONE',  #1658 ) ;
#5590 = VECTOR ( 'NONE', #2158, 1000.000000000000000 ) ;
#5591 = PRESENTATION_LAYER_ASSIGNMENT (  '', '', ( #1669 ) ) ;
#5592 = VERTEX_POINT ( 'NONE', #287 ) ;
#5593 = ORIENTED_EDGE ( 'NONE', *, *, #4763, .F. ) ;
#5594 = EDGE_CURVE ( 'NONE', #3085, #2628, #2438, .T. ) ;
#5595 = SURFACE_STYLE_USAGE ( .BOTH. , #4105 ) ;
#5596 = LINE ( 'NONE', #2552, #3348 ) ;
#5597 = DIRECTION ( 'NONE',  ( 0.000000000000000000, 0.000000000000000000, -1.000000000000000000 ) ) ;
#5598 = VECTOR ( 'NONE', #6142, 1000.000000000000000 ) ;
#5599 = MECHANICAL_DESIGN_GEOMETRIC_PRESENTATION_REPRESENTATION (  '', ( #1675 ), #2470 ) ;
#5600 = EDGE_LOOP ( 'NONE', ( #4559, #801, #2581, #6130, #4628, #5948, #1340, #3894, #1175, #1586, #3083, #763 ) ) ;
#5601 =( NAMED_UNIT ( * ) SI_UNIT ( $, .STERADIAN. ) SOLID_ANGLE_UNIT ( ) );
#5602 = ORIENTED_EDGE ( 'NONE', *, *, #3220, .T. ) ;
#5603 = EDGE_CURVE ( 'NONE', #6499, #6121, #222, .T. ) ;
#5604 = DIRECTION ( 'NONE',  ( 0.06104853953484982304, -0.9981347984218674751, 0.000000000000000000 ) ) ;
#5605 = CARTESIAN_POINT ( 'NONE',  ( -6.386507856983209663, 3.835465918153454723, -3.301999999999999602 ) ) ;
#5606 = VECTOR ( 'NONE', #4592, 1000.000000000000000 ) ;
#5607 = CARTESIAN_POINT ( 'NONE',  ( 7.659338830835570100, 0.4213400374560394845, 4.317999999999999616 ) ) ;
#5608 = DIRECTION ( 'NONE',  ( -0.000000000000000000, 1.000000000000000000, 0.000000000000000000 ) ) ;
#5609 = SURFACE_STYLE_USAGE ( .BOTH. , #1746 ) ;
#5610 = DIRECTION ( 'NONE',  ( 0.000000000000000000, 0.000000000000000000, 1.000000000000000000 ) ) ;
#5611 = PRESENTATION_STYLE_ASSIGNMENT (( #4125 ) ) ;
#5612 = AXIS2_PLACEMENT_3D ( 'NONE', #3331, #5610, #4337 ) ;
#5613 = SURFACE_SIDE_STYLE ('',( #5651 ) ) ;
#5614 = VERTEX_POINT ( 'NONE', #891 ) ;
#5615 = ORIENTED_EDGE ( 'NONE', *, *, #1593, .F. ) ;
#5616 = VECTOR ( 'NONE', #4499, 1000.000000000000000 ) ;
#5617 = DIRECTION ( 'NONE',  ( 0.000000000000000000, 0.000000000000000000, 1.000000000000000000 ) ) ;
#5618 = DIRECTION ( 'NONE',  ( -1.000000000000000000, 0.000000000000000000, 0.000000000000000000 ) ) ;
#5619 = DIRECTION ( 'NONE',  ( 0.000000000000000000, 1.000000000000000000, 0.000000000000000000 ) ) ;
#5620 = PLANE ( 'NONE',  #4925 ) ;
#5621 = CARTESIAN_POINT ( 'NONE',  ( -7.771382951983880183, 0.4513621692343839920, -1.778000000000000025 ) ) ;
#5622 = PRESENTATION_LAYER_ASSIGNMENT (  '', '', ( #1702 ) ) ;
#5623 = EDGE_CURVE ( 'NONE', #883, #4227, #848, .T. ) ;
#5624 = ORIENTED_EDGE ( 'NONE', *, *, #4624, .T. ) ;
#5625 = PLANE ( 'NONE',  #306 ) ;
#5626 = ORIENTED_EDGE ( 'NONE', *, *, #5002, .T. ) ;
#5627 =( NAMED_UNIT ( * ) SI_UNIT ( $, .STERADIAN. ) SOLID_ANGLE_UNIT ( ) );
#5628 = MECHANICAL_DESIGN_GEOMETRIC_PRESENTATION_REPRESENTATION (  '', ( #6088 ), #5309 ) ;
#5629 = CARTESIAN_POINT ( 'NONE',  ( -5.778500000000000192, 3.835465918153454723, -0.7620000000000000107 ) ) ;
#5631 = PRESENTATION_LAYER_ASSIGNMENT (  '', '', ( #3972 ) ) ;
#5630 =( NAMED_UNIT ( * ) SI_UNIT ( $, .STERADIAN. ) SOLID_ANGLE_UNIT ( ) );
#5632 = FACE_OUTER_BOUND ( 'NONE', #5488, .T. ) ;
#5633 = EDGE_CURVE ( 'NONE', #316, #3842, #4617, .T. ) ;
#5634 = CIRCLE ( 'NONE', #2622, 0.2125790554353725048 ) ;
#5635 = ORIENTED_EDGE ( 'NONE', *, *, #5682, .F. ) ;
#5636 =( NAMED_UNIT ( * ) PLANE_ANGLE_UNIT ( ) SI_UNIT ( $, .RADIAN. ) );
#5637 = ORIENTED_EDGE ( 'NONE', *, *, #4024, .F. ) ;
#5638 = UNCERTAINTY_MEASURE_WITH_UNIT (LENGTH_MEASURE( 1.000000000000000082E-05 ), #2841, 'distance_accuracy_value', 'NONE');
#5639 =( NAMED_UNIT ( * ) PLANE_ANGLE_UNIT ( ) SI_UNIT ( $, .RADIAN. ) );
#5640 = FILL_AREA_STYLE_COLOUR ( '', #5418 ) ;
#5641 = DIRECTION ( 'NONE',  ( 0.000000000000000000, -1.000000000000000000, -0.000000000000000000 ) ) ;
#5642 = FILL_AREA_STYLE_COLOUR ( '', #5352 ) ;
#5643 = SURFACE_STYLE_FILL_AREA ( #2906 ) ;
#5644 = EDGE_CURVE ( 'NONE', #70, #1835, #2541, .T. ) ;
#5645 = DIRECTION ( 'NONE',  ( -0.000000000000000000, -1.000000000000000000, -0.000000000000000000 ) ) ;
#5646 = UNCERTAINTY_MEASURE_WITH_UNIT (LENGTH_MEASURE( 1.000000000000000082E-05 ), #5215, 'distance_accuracy_value', 'NONE');
#5647 = DIRECTION ( 'NONE',  ( 0.000000000000000000, -1.000000000000000000, 0.000000000000000000 ) ) ;
#5648 = CARTESIAN_POINT ( 'NONE',  ( -6.386507856983209663, 3.835465918153454723, 1.778000000000000025 ) ) ;
#5649 = FILL_AREA_STYLE_COLOUR ( '', #368 ) ;
#5650 = PLANE ( 'NONE',  #3810 ) ;
#5651 = SURFACE_STYLE_FILL_AREA ( #882 ) ;
#5652 = ORIENTED_EDGE ( 'NONE', *, *, #5673, .T. ) ;
#5653 = ORIENTED_EDGE ( 'NONE', *, *, #3461, .T. ) ;
#5654 = SURFACE_STYLE_USAGE ( .BOTH. , #5032 ) ;
#5655 = CARTESIAN_POINT ( 'NONE',  ( -7.771382951983880183, 0.4513621692343839920, -1.778000000000000025 ) ) ;
#5656 = CARTESIAN_POINT ( 'NONE',  ( -6.591843456756369513, 3.423906370854659986, 1.778000000000000025 ) ) ;
#5657 = DIRECTION ( 'NONE',  ( 0.000000000000000000, 0.000000000000000000, -1.000000000000000000 ) ) ;
#5658 = CARTESIAN_POINT ( 'NONE',  ( -9.090393670958150096, 1.102058738522372051E-15, -3.301999999999999602 ) ) ;
#5659 = SURFACE_SIDE_STYLE ('',( #3042 ) ) ;
#5660 = ORIENTED_EDGE ( 'NONE', *, *, #490, .F. ) ;
#5661 = DIRECTION ( 'NONE',  ( -0.06104853953484972590, 0.9981347984218674751, 0.000000000000000000 ) ) ;
#5662 = VERTEX_POINT ( 'NONE', #4684 ) ;
#5663 = FACE_OUTER_BOUND ( 'NONE', #2472, .T. ) ;
#5664 = CARTESIAN_POINT ( 'NONE',  ( 7.748795199323979865, 0.08205567771502250696, -4.317999999999999616 ) ) ;
#5665 = EDGE_CURVE ( 'NONE', #4609, #6651, #1455, .T. ) ;
#5666 = ORIENTED_EDGE ( 'NONE', *, *, #1140, .T. ) ;
#5667 = SURFACE_STYLE_USAGE ( .BOTH. , #4048 ) ;
#5668 = VERTEX_POINT ( 'NONE', #323 ) ;
#5669 = CIRCLE ( 'NONE', #252, 0.5079999999999997851 ) ;
#5670 = FACE_OUTER_BOUND ( 'NONE', #1735, .T. ) ;
#5671 = AXIS2_PLACEMENT_3D ( 'NONE', #3326, #597, #2771 ) ;
#5672 = CARTESIAN_POINT ( 'NONE',  ( 9.105900000000000105, 0.2535262387991554789, 1.778000000000000025 ) ) ;
#5673 = EDGE_CURVE ( 'NONE', #3754, #4002, #6585, .T. ) ;
#5674 = SURFACE_SIDE_STYLE ('',( #268 ) ) ;
#5675 =( NAMED_UNIT ( * ) SI_UNIT ( $, .STERADIAN. ) SOLID_ANGLE_UNIT ( ) );
#5676 = CARTESIAN_POINT ( 'NONE',  ( 6.032499999999999751, 7.849999999999999645, 5.524499999999999744 ) ) ;
#5677 =( GEOMETRIC_REPRESENTATION_CONTEXT ( 3 ) GLOBAL_UNCERTAINTY_ASSIGNED_CONTEXT ( ( #4529 ) ) GLOBAL_UNIT_ASSIGNED_CONTEXT ( ( #5744, #6233, #5627 ) ) REPRESENTATION_CONTEXT ( 'NONE', 'WORKASPACE' ) );
#5678 = PRESENTATION_LAYER_ASSIGNMENT (  '', '', ( #1512 ) ) ;
#5679 = CARTESIAN_POINT ( 'NONE',  ( -2.158999999999999808, 6.859999999999999432, 9.277156605822819202 ) ) ;
#5680 =( NAMED_UNIT ( * ) PLANE_ANGLE_UNIT ( ) SI_UNIT ( $, .RADIAN. ) );
#5681 = VECTOR ( 'NONE', #5383, 1000.000000000000000 ) ;
#5682 = EDGE_CURVE ( 'NONE', #4008, #5763, #2409, .T. ) ;
#5683 = VECTOR ( 'NONE', #1343, 1000.000000000000000 ) ;
#5684 = DIRECTION ( 'NONE',  ( 0.000000000000000000, 1.000000000000000000, 0.000000000000000000 ) ) ;
#5685 = FILL_AREA_STYLE_COLOUR ( '', #6802 ) ;
#5686 = LINE ( 'NONE', #1960, #2775 ) ;
#5687 = CYLINDRICAL_SURFACE ( 'NONE', #1301, 0.1159966097798266205 ) ;
#5688 = PRESENTATION_LAYER_ASSIGNMENT (  '', '', ( #839 ) ) ;
#5689 = STYLED_ITEM ( 'NONE', ( #1718 ), #5782 ) ;
#5690 = VECTOR ( 'NONE', #2566, 1000.000000000000000 ) ;
#5691 = VERTEX_POINT ( 'NONE', #6678 ) ;
#5692 = VERTEX_POINT ( 'NONE', #3041 ) ;
#5693 = ADVANCED_FACE ( 'NONE', ( #5176 ), #3152, .F. ) ;
#5694 = CARTESIAN_POINT ( 'NONE',  ( -2.158999999999999808, 6.859999999999999432, 9.577156605822828794 ) ) ;
#5695 = DIRECTION ( 'NONE',  ( 0.000000000000000000, 1.000000000000000000, 0.000000000000000000 ) ) ;
#5697 = DIRECTION ( 'NONE',  ( -0.9981347984218674751, 0.06104853953484982304, 0.000000000000000000 ) ) ;
#5696 =( GEOMETRIC_REPRESENTATION_CONTEXT ( 3 ) GLOBAL_UNCERTAINTY_ASSIGNED_CONTEXT ( ( #3777 ) ) GLOBAL_UNIT_ASSIGNED_CONTEXT ( ( #6287, #4777, #3638 ) ) REPRESENTATION_CONTEXT ( 'NONE', 'WORKASPACE' ) );
#5698 = DIRECTION ( 'NONE',  ( -0.9659258262890680902, -0.2588190451025215166, 0.000000000000000000 ) ) ;
#5699 = CIRCLE ( 'NONE', #5930, 0.3810000000000002829 ) ;
#5700 = CARTESIAN_POINT ( 'NONE',  ( 7.413993670958149984, 0.3556000000000000272, 0.7620000000000000107 ) ) ;
#5701 = AXIS2_PLACEMENT_3D ( 'NONE', #5350, #5990, #3761 ) ;
#5702 = CIRCLE ( 'NONE', #4263, 0.5079999999999997851 ) ;
#5703 = ORIENTED_EDGE ( 'NONE', *, *, #4447, .T. ) ;
#5704 =( GEOMETRIC_REPRESENTATION_CONTEXT ( 3 ) GLOBAL_UNCERTAINTY_ASSIGNED_CONTEXT ( ( #5155 ) ) GLOBAL_UNIT_ASSIGNED_CONTEXT ( ( #3699, #4252, #343 ) ) REPRESENTATION_CONTEXT ( 'NONE', 'WORKASPACE' ) );
#5705 = ORIENTED_EDGE ( 'NONE', *, *, #4068, .T. ) ;
#5706 =( LENGTH_UNIT ( ) NAMED_UNIT ( * ) SI_UNIT ( .MILLI., .METRE. ) );
#5707 = CARTESIAN_POINT ( 'NONE',  ( -5.270500000000000185, 4.039999999999998259, 5.270500000000000185 ) ) ;
#5708 = DIRECTION ( 'NONE',  ( 0.000000000000000000, 0.000000000000000000, 1.000000000000000000 ) ) ;
#5709 = PRESENTATION_LAYER_ASSIGNMENT (  '', '', ( #6945 ) ) ;
#5710 = STYLED_ITEM ( 'NONE', ( #4514 ), #6282 ) ;
#5711 =( GEOMETRIC_REPRESENTATION_CONTEXT ( 3 ) GLOBAL_UNCERTAINTY_ASSIGNED_CONTEXT ( ( #267 ) ) GLOBAL_UNIT_ASSIGNED_CONTEXT ( ( #3557, #5193, #1953 ) ) REPRESENTATION_CONTEXT ( 'NONE', 'WORKASPACE' ) );
#5712 = ORIENTED_EDGE ( 'NONE', *, *, #4484, .F. ) ;
#5713 =( NAMED_UNIT ( * ) SI_UNIT ( $, .STERADIAN. ) SOLID_ANGLE_UNIT ( ) );
#5714 = ORIENTED_EDGE ( 'NONE', *, *, #273, .F. ) ;
#5715 = COLOUR_RGB ( '',0.2509803921568627416, 0.2509803921568627416, 0.2509803921568627416 ) ;
#5716 =( GEOMETRIC_REPRESENTATION_CONTEXT ( 3 ) GLOBAL_UNCERTAINTY_ASSIGNED_CONTEXT ( ( #5568 ) ) GLOBAL_UNIT_ASSIGNED_CONTEXT ( ( #6784, #221, #4072 ) ) REPRESENTATION_CONTEXT ( 'NONE', 'WORKASPACE' ) );
#5717 = UNCERTAINTY_MEASURE_WITH_UNIT (LENGTH_MEASURE( 1.000000000000000082E-05 ), #1354, 'distance_accuracy_value', 'NONE');
#5718 = SURFACE_STYLE_USAGE ( .BOTH. , #405 ) ;
#5719 = CARTESIAN_POINT ( 'NONE',  ( 7.771382951983880183, 0.4513621692343839920, 1.778000000000000025 ) ) ;
#5720 = VECTOR ( 'NONE', #2801, 1000.000000000000000 ) ;
#5721 =( GEOMETRIC_REPRESENTATION_CONTEXT ( 3 ) GLOBAL_UNCERTAINTY_ASSIGNED_CONTEXT ( ( #1917 ) ) GLOBAL_UNIT_ASSIGNED_CONTEXT ( ( #6383, #2066, #4875 ) ) REPRESENTATION_CONTEXT ( 'NONE', 'WORKASPACE' ) );
#5722 = ADVANCED_FACE ( 'NONE', ( #4304 ), #2042, .F. ) ;
#5723 = DIRECTION ( 'NONE',  ( 0.06104853953484747076, -0.9981347984218675862, 0.000000000000000000 ) ) ;
#5724 = SURFACE_STYLE_FILL_AREA ( #3531 ) ;
#5725 = CIRCLE ( 'NONE', #2368, 0.9424814043393259233 ) ;
#5726 = COLOUR_RGB ( '',0.2509803921568627416, 0.2509803921568627416, 0.2509803921568627416 ) ;
#5727 = DIRECTION ( 'NONE',  ( 0.000000000000000000, -1.000000000000000000, 0.000000000000000000 ) ) ;
#5728 = CARTESIAN_POINT ( 'NONE',  ( 7.413993670958149984, 0.3556000000000000272, -1.778000000000000025 ) ) ;
#5729 = SURFACE_STYLE_FILL_AREA ( #3498 ) ;
#5730 =( NAMED_UNIT ( * ) PLANE_ANGLE_UNIT ( ) SI_UNIT ( $, .RADIAN. ) );
#5731 = PRESENTATION_LAYER_ASSIGNMENT (  '', '', ( #1205 ) ) ;
#5732 = EDGE_CURVE ( 'NONE', #5983, #6031, #2223, .T. ) ;
#5733 = ORIENTED_EDGE ( 'NONE', *, *, #5089, .F. ) ;
#5734 = ORIENTED_EDGE ( 'NONE', *, *, #5775, .T. ) ;
#5735 = DIRECTION ( 'NONE',  ( 1.000000000000000000, 0.000000000000000000, 0.000000000000000000 ) ) ;
#5736 = COLOUR_RGB ( '',0.6666666666666666297, 0.6980392156862744724, 0.7686274509803920907 ) ;
#5737 =( NAMED_UNIT ( * ) PLANE_ANGLE_UNIT ( ) SI_UNIT ( $, .RADIAN. ) );
#5738 = DIRECTION ( 'NONE',  ( 1.000000000000000000, 0.000000000000000000, 0.000000000000000000 ) ) ;
#5739 = ADVANCED_FACE ( 'NONE', ( #498 ), #2617, .F. ) ;
#5740 = AXIS2_PLACEMENT_3D ( 'NONE', #4220, #5934, #412 ) ;
#5741 = ORIENTED_EDGE ( 'NONE', *, *, #6067, .F. ) ;
#5742 = ORIENTED_EDGE ( 'NONE', *, *, #1901, .F. ) ;
#5743 = LINE ( 'NONE', #5213, #1704 ) ;
#5744 =( LENGTH_UNIT ( ) NAMED_UNIT ( * ) SI_UNIT ( .MILLI., .METRE. ) );
#5745 = SURFACE_STYLE_USAGE ( .BOTH. , #1428 ) ;
#5746 = SURFACE_STYLE_FILL_AREA ( #6687 ) ;
#5747 = FILL_AREA_STYLE_COLOUR ( '', #3255 ) ;
#5748 = CIRCLE ( 'NONE', #2159, 0.2125790554353725048 ) ;
#5749 = ORIENTED_EDGE ( 'NONE', *, *, #1395, .F. ) ;
#5750 = VECTOR ( 'NONE', #4492, 1000.000000000000000 ) ;
#5751 = ORIENTED_EDGE ( 'NONE', *, *, #1499, .F. ) ;
#5752 =( NAMED_UNIT ( * ) PLANE_ANGLE_UNIT ( ) SI_UNIT ( $, .RADIAN. ) );
#5753 = CARTESIAN_POINT ( 'NONE',  ( -5.778500000000000192, 4.039999999999998259, -5.778500000000000192 ) ) ;
#5754 = DIRECTION ( 'NONE',  ( 0.000000000000000000, 0.000000000000000000, 1.000000000000000000 ) ) ;
#5755 = STYLED_ITEM ( 'NONE', ( #962 ), #3884 ) ;
#5756 = COLOUR_RGB ( '',0.6666666666666666297, 0.6980392156862744724, 0.7686274509803920907 ) ;
#5757 = PRESENTATION_STYLE_ASSIGNMENT (( #2067 ) ) ;
#5758 = LINE ( 'NONE', #3097, #6180 ) ;
#5759 = CARTESIAN_POINT ( 'NONE',  ( 5.778500000000000192, -16.34406614034584848, -5.778500000000000192 ) ) ;
#5760 = DIRECTION ( 'NONE',  ( -0.2588190451025215166, 0.9659258262890680902, 0.000000000000000000 ) ) ;
#5761 = ADVANCED_FACE ( 'NONE', ( #3295 ), #101, .T. ) ;
#5762 = ORIENTED_EDGE ( 'NONE', *, *, #3262, .T. ) ;
#5763 = VERTEX_POINT ( 'NONE', #134 ) ;
#5764 = CARTESIAN_POINT ( 'NONE',  ( -9.090393670958150096, 1.102058738522372051E-15, -4.317999999999999616 ) ) ;
#5765 = LINE ( 'NONE', #3224, #2326 ) ;
#5766 = EDGE_CURVE ( 'NONE', #1323, #6759, #1791, .T. ) ;
#5767 = CARTESIAN_POINT ( 'NONE',  ( 9.090393670958150096, 1.102058738522372051E-15, 4.317999999999999616 ) ) ;
#5768 = SURFACE_SIDE_STYLE ('',( #1456 ) ) ;
#5769 = VERTEX_POINT ( 'NONE', #5478 ) ;
#5770 = FILL_AREA_STYLE_COLOUR ( '', #5964 ) ;
#5771 = ORIENTED_EDGE ( 'NONE', *, *, #6966, .T. ) ;
#5772 = SURFACE_STYLE_FILL_AREA ( #1029 ) ;
#5773 = CARTESIAN_POINT ( 'NONE',  ( 9.105900000000000105, 0.2535262387991554789, 1.778000000000000025 ) ) ;
#5774 = SURFACE_STYLE_FILL_AREA ( #4864 ) ;
#5775 = EDGE_CURVE ( 'NONE', #5549, #4959, #2366, .T. ) ;
#5776 = LINE ( 'NONE', #3118, #4363 ) ;
#5777 = ORIENTED_EDGE ( 'NONE', *, *, #5876, .F. ) ;
#5778 =( NAMED_UNIT ( * ) SI_UNIT ( $, .STERADIAN. ) SOLID_ANGLE_UNIT ( ) );
#5779 = ORIENTED_EDGE ( 'NONE', *, *, #5421, .T. ) ;
#5780 = UNCERTAINTY_MEASURE_WITH_UNIT (LENGTH_MEASURE( 1.000000000000000082E-05 ), #4469, 'distance_accuracy_value', 'NONE');
#5781 = CARTESIAN_POINT ( 'NONE',  ( -7.764301528365829874, 0.3355819165141765148, -0.7620000000000000107 ) ) ;
#5782 = ADVANCED_FACE ( 'NONE', ( #5024 ), #6563, .F. ) ;
#5783 =( GEOMETRIC_REPRESENTATION_CONTEXT ( 3 ) GLOBAL_UNCERTAINTY_ASSIGNED_CONTEXT ( ( #6902 ) ) GLOBAL_UNIT_ASSIGNED_CONTEXT ( ( #5297, #12, #6871 ) ) REPRESENTATION_CONTEXT ( 'NONE', 'WORKASPACE' ) );
#5784 = SURFACE_STYLE_USAGE ( .BOTH. , #2599 ) ;
#5785 = AXIS2_PLACEMENT_3D ( 'NONE', #2532, #487, #1481 ) ;
#5786 = CARTESIAN_POINT ( 'NONE',  ( -5.778500000000000192, 3.835465918153454723, 1.778000000000000025 ) ) ;
#5787 = DIRECTION ( 'NONE',  ( 1.247827601593249791E-16, 0.000000000000000000, 1.000000000000000000 ) ) ;
#5788 = DIRECTION ( 'NONE',  ( -0.1173573685780241460, 0.000000000000000000, -0.9930897482304615886 ) ) ;
#5789 = SURFACE_SIDE_STYLE ('',( #3668 ) ) ;
#5790 = CARTESIAN_POINT ( 'NONE',  ( 6.698776656689330089, 3.024826235688939935, 4.317999999999999616 ) ) ;
#5791 = MECHANICAL_DESIGN_GEOMETRIC_PRESENTATION_REPRESENTATION (  '', ( #830 ), #5677 ) ;
#5792 = FACE_OUTER_BOUND ( 'NONE', #2389, .T. ) ;
#5793 = COLOUR_RGB ( '',0.6666666666666666297, 0.6980392156862744724, 0.7686274509803920907 ) ;
#5794 = ORIENTED_EDGE ( 'NONE', *, *, #6019, .T. ) ;
#5795 = VECTOR ( 'NONE', #3115, 1000.000000000000114 ) ;
#5796 = VERTEX_POINT ( 'NONE', #4921 ) ;
#5797 = CARTESIAN_POINT ( 'NONE',  ( -7.771382951983880183, 0.4513621692343839920, 0.7620000000000000107 ) ) ;
#5798 = SURFACE_STYLE_FILL_AREA ( #3676 ) ;
#5799 = DIRECTION ( 'NONE',  ( 0.000000000000000000, 1.000000000000000000, 0.000000000000000000 ) ) ;
#5800 = SURFACE_SIDE_STYLE ('',( #4303 ) ) ;
#5801 = VECTOR ( 'NONE', #4549, 1000.000000000000000 ) ;
#5802 = CIRCLE ( 'NONE', #727, 0.3699966097798265130 ) ;
#5803 = DIRECTION ( 'NONE',  ( 0.000000000000000000, 0.000000000000000000, 1.000000000000000000 ) ) ;
#5804 = EDGE_CURVE ( 'NONE', #3125, #1907, #4138, .T. ) ;
#5805 = ORIENTED_EDGE ( 'NONE', *, *, #6149, .T. ) ;
#5806 = VERTEX_POINT ( 'NONE', #1854 ) ;
#5807 = PRESENTATION_LAYER_ASSIGNMENT (  '', '', ( #1171 ) ) ;
#5808 = STYLED_ITEM ( 'NONE', ( #269 ), #5204 ) ;
#5809 = PRESENTATION_STYLE_ASSIGNMENT (( #2549 ) ) ;
#5810 = CARTESIAN_POINT ( 'NONE',  ( 9.090393670958150096, 1.102058738522372051E-15, 4.317999999999999616 ) ) ;
#5811 =( NAMED_UNIT ( * ) PLANE_ANGLE_UNIT ( ) SI_UNIT ( $, .RADIAN. ) );
#5812 = FILL_AREA_STYLE ('',( #5420 ) ) ;
#5813 = STYLED_ITEM ( 'NONE', ( #2639 ), #5896 ) ;
#5814 = VECTOR ( 'NONE', #3052, 1000.000000000000000 ) ;
#5815 = ADVANCED_FACE ( 'NONE', ( #6220 ), #4645, .F. ) ;
#5816 = ORIENTED_EDGE ( 'NONE', *, *, #4670, .F. ) ;
#5817 = DIRECTION ( 'NONE',  ( 0.000000000000000000, 0.000000000000000000, -1.000000000000000000 ) ) ;
#5818 = ORIENTED_EDGE ( 'NONE', *, *, #6983, .F. ) ;
#5819 = CARTESIAN_POINT ( 'NONE',  ( -9.090393670958150096, 1.102058738522372051E-15, 1.778000000000000025 ) ) ;
#5820 = VECTOR ( 'NONE', #3325, 1000.000000000000000 ) ;
#5821 =( GEOMETRIC_REPRESENTATION_CONTEXT ( 3 ) GLOBAL_UNCERTAINTY_ASSIGNED_CONTEXT ( ( #58 ) ) GLOBAL_UNIT_ASSIGNED_CONTEXT ( ( #4427, #6451, #1742 ) ) REPRESENTATION_CONTEXT ( 'NONE', 'WORKASPACE' ) );
#5822 = CARTESIAN_POINT ( 'NONE',  ( -5.524499999999999744, 7.849999999999999645, -5.524499999999999744 ) ) ;
#5823 = LINE ( 'NONE', #4668, #513 ) ;
#5824 = PRESENTATION_LAYER_ASSIGNMENT (  '', '', ( #5150 ) ) ;
#5825 = CARTESIAN_POINT ( 'NONE',  ( 5.524499999999999744, 4.039999999999999147, -6.032499999999999751 ) ) ;
#5826 = MECHANICAL_DESIGN_GEOMETRIC_PRESENTATION_REPRESENTATION (  '', ( #5367 ), #6946 ) ;
#5827 = COLOUR_RGB ( '',0.6666666666666666297, 0.6980392156862744724, 0.7686274509803920907 ) ;
#5828 = EDGE_CURVE ( 'NONE', #895, #5763, #5686, .T. ) ;
#5829 = FACE_OUTER_BOUND ( 'NONE', #6222, .T. ) ;
#5830 = CYLINDRICAL_SURFACE ( 'NONE', #1895, 0.4665790554353732578 ) ;
#5831 = AXIS2_PLACEMENT_3D ( 'NONE', #2070, #1019, #2107 ) ;
#5832 = MECHANICAL_DESIGN_GEOMETRIC_PRESENTATION_REPRESENTATION (  '', ( #1669 ), #2699 ) ;
#5833 = PRESENTATION_STYLE_ASSIGNMENT (( #3775 ) ) ;
#5834 = AXIS2_PLACEMENT_3D ( 'NONE', #3398, #1294, #1887 ) ;
#5835 = ORIENTED_EDGE ( 'NONE', *, *, #1556, .F. ) ;
#5836 = ORIENTED_EDGE ( 'NONE', *, *, #4906, .T. ) ;
#5837 = PRESENTATION_STYLE_ASSIGNMENT (( #2645 ) ) ;
#5838 = SURFACE_STYLE_FILL_AREA ( #6359 ) ;
#5839 =( LENGTH_UNIT ( ) NAMED_UNIT ( * ) SI_UNIT ( .MILLI., .METRE. ) );
#5840 = CYLINDRICAL_SURFACE ( 'NONE', #3490, 0.3810000000000002829 ) ;
#5841 = ORIENTED_EDGE ( 'NONE', *, *, #5313, .T. ) ;
#5842 =( NAMED_UNIT ( * ) PLANE_ANGLE_UNIT ( ) SI_UNIT ( $, .RADIAN. ) );
#5843 = EDGE_LOOP ( 'NONE', ( #6322, #2245 ) ) ;
#5844 = AXIS2_PLACEMENT_3D ( 'NONE', #572, #4888, #69 ) ;
#5845 = CARTESIAN_POINT ( 'NONE',  ( -1.216518595660673885, 6.859999999999999432, 9.277156605822819202 ) ) ;
#5846 = SURFACE_SIDE_STYLE ('',( #3721 ) ) ;
#5847 = DIRECTION ( 'NONE',  ( 0.9659258262890680902, -0.2588190451025215166, 0.000000000000000000 ) ) ;
#5848 = SURFACE_SIDE_STYLE ('',( #1656 ) ) ;
#5849 = VECTOR ( 'NONE', #1222, 1000.000000000000000 ) ;
#5850 = PRODUCT ( 'MP3V5004GP', 'MP3V5004GP', '', ( #6384 ) ) ;
#5851 = ORIENTED_EDGE ( 'NONE', *, *, #1981, .T. ) ;
#5852 = FILL_AREA_STYLE ('',( #474 ) ) ;
#5853 = VERTEX_POINT ( 'NONE', #4023 ) ;
#5854 = UNCERTAINTY_MEASURE_WITH_UNIT (LENGTH_MEASURE( 1.000000000000000082E-05 ), #3952, 'distance_accuracy_value', 'NONE');
#5855 = PRESENTATION_STYLE_ASSIGNMENT (( #517 ) ) ;
#5856 = LINE ( 'NONE', #1010, #1041 ) ;
#5857 = DIRECTION ( 'NONE',  ( -0.06104853953484972590, 0.9981347984218674751, 0.000000000000000000 ) ) ;
#5858 = DIRECTION ( 'NONE',  ( 0.000000000000000000, 0.000000000000000000, 1.000000000000000000 ) ) ;
#5859 = EDGE_CURVE ( 'NONE', #38, #3445, #4811, .T. ) ;
#5860 = AXIS2_PLACEMENT_3D ( 'NONE', #4554, #2930, #1384 ) ;
#5861 = CARTESIAN_POINT ( 'NONE',  ( -5.206424362375529746, -1.077630734528302048, -5.206424362375529746 ) ) ;
#5862 = DIRECTION ( 'NONE',  ( 0.000000000000000000, 0.000000000000000000, -1.000000000000000000 ) ) ;
#5863 = DIRECTION ( 'NONE',  ( 0.000000000000000000, 0.000000000000000000, 1.000000000000000000 ) ) ;
#5864 = LINE ( 'NONE', #630, #3346 ) ;
#5865 = AXIS2_PLACEMENT_3D ( 'NONE', #2996, #286, #4034 ) ;
#5866 = MECHANICAL_DESIGN_GEOMETRIC_PRESENTATION_REPRESENTATION (  '', ( #4198 ), #6424 ) ;
#5867 = ADVANCED_FACE ( 'NONE', ( #4606 ), #6705, .F. ) ;
#5868 = EDGE_CURVE ( 'NONE', #4099, #3927, #4540, .T. ) ;
#5869 = FILL_AREA_STYLE ('',( #418 ) ) ;
#5870 = MECHANICAL_DESIGN_GEOMETRIC_PRESENTATION_REPRESENTATION (  '', ( #3081 ), #2284 ) ;
#5871 = ORIENTED_EDGE ( 'NONE', *, *, #5141, .T. ) ;
#5872 = ORIENTED_EDGE ( 'NONE', *, *, #1955, .F. ) ;
#5873 = DIRECTION ( 'NONE',  ( 0.9981347984218673641, 0.06104853953484971896, 0.000000000000000000 ) ) ;
#5874 = SURFACE_SIDE_STYLE ('',( #5838 ) ) ;
#5875 = FILL_AREA_STYLE_COLOUR ( '', #5373 ) ;
#5876 = EDGE_CURVE ( 'NONE', #5218, #3728, #1337, .T. ) ;
#5877 = DIRECTION ( 'NONE',  ( 1.000000000000000000, 0.000000000000000000, 0.000000000000000000 ) ) ;
#5878 = ORIENTED_EDGE ( 'NONE', *, *, #6771, .T. ) ;
#5879 = SURFACE_SIDE_STYLE ('',( #5210 ) ) ;
#5880 = EDGE_LOOP ( 'NONE', ( #2513, #6311, #6567, #3502 ) ) ;
#5881 = DIRECTION ( 'NONE',  ( 0.000000000000000000, 0.000000000000000000, -1.000000000000000000 ) ) ;
#5882 =( NAMED_UNIT ( * ) SI_UNIT ( $, .STERADIAN. ) SOLID_ANGLE_UNIT ( ) );
#5883 = CARTESIAN_POINT ( 'NONE',  ( -9.090393670958150096, 1.102058738522372051E-15, 3.301999999999999602 ) ) ;
#5884 = CARTESIAN_POINT ( 'NONE',  ( -7.413993670958149984, 0.3556000000000000272, -4.317999999999999616 ) ) ;
#5885 = LINE ( 'NONE', #2196, #49 ) ;
#5886 = EDGE_LOOP ( 'NONE', ( #2753, #5061, #4456, #6941, #6799, #2967, #6711, #6605, #2125, #1239, #6826, #1120 ) ) ;
#5887 = DIRECTION ( 'NONE',  ( 0.000000000000000000, 0.000000000000000000, -1.000000000000000000 ) ) ;
#5888 = VERTEX_POINT ( 'NONE', #3605 ) ;
#5889 = DIRECTION ( 'NONE',  ( -1.000000000000000000, 0.000000000000000000, 0.000000000000000000 ) ) ;
#5890 = FILL_AREA_STYLE ('',( #3765 ) ) ;
#5891 = DIRECTION ( 'NONE',  ( -1.000000000000000000, 0.000000000000000000, 0.000000000000000000 ) ) ;
#5892 =( NAMED_UNIT ( * ) PLANE_ANGLE_UNIT ( ) SI_UNIT ( $, .RADIAN. ) );
#5893 = CARTESIAN_POINT ( 'NONE',  ( 6.591843456756369513, 3.423906370854659986, 4.317999999999999616 ) ) ;
#5894 = CARTESIAN_POINT ( 'NONE',  ( -6.386507856983209663, 3.368886862718084796, 1.778000000000000025 ) ) ;
#5895 = LINE ( 'NONE', #6911, #65 ) ;
#5896 = ADVANCED_FACE ( 'NONE', ( #3462 ), #5650, .T. ) ;
#5897 = FILL_AREA_STYLE_COLOUR ( '', #6011 ) ;
#5898 =( LENGTH_UNIT ( ) NAMED_UNIT ( * ) SI_UNIT ( .MILLI., .METRE. ) );
#5899 =( NAMED_UNIT ( * ) PLANE_ANGLE_UNIT ( ) SI_UNIT ( $, .RADIAN. ) );
#5900 = STYLED_ITEM ( 'NONE', ( #6396 ), #544 ) ;
#5901 = EDGE_CURVE ( 'NONE', #1539, #5888, #4717, .T. ) ;
#5902 = ORIENTED_EDGE ( 'NONE', *, *, #1955, .T. ) ;
#5903 = PRESENTATION_STYLE_ASSIGNMENT (( #3880 ) ) ;
#5904 =( GEOMETRIC_REPRESENTATION_CONTEXT ( 3 ) GLOBAL_UNCERTAINTY_ASSIGNED_CONTEXT ( ( #2059 ) ) GLOBAL_UNIT_ASSIGNED_CONTEXT ( ( #2563, #6313, #131 ) ) REPRESENTATION_CONTEXT ( 'NONE', 'WORKASPACE' ) );
#5905 = COLOUR_RGB ( '',0.2509803921568627416, 0.2509803921568627416, 0.2509803921568627416 ) ;
#5906 = CARTESIAN_POINT ( 'NONE',  ( 6.386507856983209663, 3.368886862718084796, -0.7620000000000000107 ) ) ;
#5907 =( LENGTH_UNIT ( ) NAMED_UNIT ( * ) SI_UNIT ( .MILLI., .METRE. ) );
#5908 = PRESENTATION_LAYER_ASSIGNMENT (  '', '', ( #826 ) ) ;
#5909 =( NAMED_UNIT ( * ) PLANE_ANGLE_UNIT ( ) SI_UNIT ( $, .RADIAN. ) );
#5910 =( LENGTH_UNIT ( ) NAMED_UNIT ( * ) SI_UNIT ( .MILLI., .METRE. ) );
#5911 = FILL_AREA_STYLE ('',( #3107 ) ) ;
#5912 =( LENGTH_UNIT ( ) NAMED_UNIT ( * ) SI_UNIT ( .MILLI., .METRE. ) );
#5913 = AXIS2_PLACEMENT_3D ( 'NONE', #3049, #2518, #5075 ) ;
#5914 = COLOUR_RGB ( '',0.6666666666666666297, 0.6980392156862744724, 0.7686274509803920907 ) ;
#5915 = ADVANCED_FACE ( 'NONE', ( #2708 ), #1998, .F. ) ;
#5916 = ORIENTED_EDGE ( 'NONE', *, *, #850, .T. ) ;
#5917 = EDGE_LOOP ( 'NONE', ( #4860, #1523, #5170, #2737 ) ) ;
#5918 = DIRECTION ( 'NONE',  ( 0.000000000000000000, 0.000000000000000000, -1.000000000000000000 ) ) ;
#5919 = CARTESIAN_POINT ( 'NONE',  ( -9.105900000000000105, 0.2535262387991554789, 0.7620000000000000107 ) ) ;
#5920 =( NAMED_UNIT ( * ) SI_UNIT ( $, .STERADIAN. ) SOLID_ANGLE_UNIT ( ) );
#5921 = DIRECTION ( 'NONE',  ( 0.000000000000000000, 0.000000000000000000, 1.000000000000000000 ) ) ;
#5922 = DIRECTION ( 'NONE',  ( -1.000000000000000000, 0.000000000000000000, 0.000000000000000000 ) ) ;
#5923 = VECTOR ( 'NONE', #6044, 1000.000000000000000 ) ;
#5924 = ORIENTED_EDGE ( 'NONE', *, *, #881, .T. ) ;
#5925 = CARTESIAN_POINT ( 'NONE',  ( 5.778500000000000192, 3.581465918153455164, 3.301999999999999602 ) ) ;
#5926 = ORIENTED_EDGE ( 'NONE', *, *, #5396, .T. ) ;
#5927 = FILL_AREA_STYLE_COLOUR ( '', #1115 ) ;
#5928 = DIRECTION ( 'NONE',  ( 0.000000000000000000, 0.000000000000000000, 1.000000000000000000 ) ) ;
#5929 =( LENGTH_UNIT ( ) NAMED_UNIT ( * ) SI_UNIT ( .MILLI., .METRE. ) );
#5930 = AXIS2_PLACEMENT_3D ( 'NONE', #5147, #1912, #1431 ) ;
#5931 = CARTESIAN_POINT ( 'NONE',  ( 6.386507856983209663, 3.368886862718084796, -0.7620000000000000107 ) ) ;
#5932 = DIRECTION ( 'NONE',  ( 0.000000000000000000, 0.000000000000000000, -1.000000000000000000 ) ) ;
#5933 = VECTOR ( 'NONE', #1238, 1000.000000000000227 ) ;
#5934 = DIRECTION ( 'NONE',  ( 0.000000000000000000, 0.000000000000000000, 1.000000000000000000 ) ) ;
#5935 = SURFACE_SIDE_STYLE ('',( #3809 ) ) ;
#5936 = AXIS2_PLACEMENT_3D ( 'NONE', #4443, #3108, #824 ) ;
#5937 = ADVANCED_FACE ( 'NONE', ( #983 ), #4223, .F. ) ;
#5938 = ORIENTED_EDGE ( 'NONE', *, *, #2983, .F. ) ;
#5939 = UNCERTAINTY_MEASURE_WITH_UNIT (LENGTH_MEASURE( 1.000000000000000082E-05 ), #608, 'distance_accuracy_value', 'NONE');
#5940 =( GEOMETRIC_REPRESENTATION_CONTEXT ( 3 ) GLOBAL_UNCERTAINTY_ASSIGNED_CONTEXT ( ( #563 ) ) GLOBAL_UNIT_ASSIGNED_CONTEXT ( ( #6813, #5730, #6709 ) ) REPRESENTATION_CONTEXT ( 'NONE', 'WORKASPACE' ) );
#5941 = DIRECTION ( 'NONE',  ( -0.06104853953484747076, -0.9981347984218675862, 0.000000000000000000 ) ) ;
#5942 =( LENGTH_UNIT ( ) NAMED_UNIT ( * ) SI_UNIT ( .MILLI., .METRE. ) );
#5943 = CARTESIAN_POINT ( 'NONE',  ( 6.386507856983209663, 3.368886862718084796, 1.778000000000000025 ) ) ;
#5944 = EDGE_CURVE ( 'NONE', #3378, #5276, #55, .T. ) ;
#5945 = VECTOR ( 'NONE', #4428, 1000.000000000000114 ) ;
#5946 = VECTOR ( 'NONE', #6910, 1000.000000000000227 ) ;
#5947 = EDGE_LOOP ( 'NONE', ( #2134, #1425, #1007, #5442 ) ) ;
#5948 = ORIENTED_EDGE ( 'NONE', *, *, #3163, .T. ) ;
#5949 = CARTESIAN_POINT ( 'NONE',  ( -5.778500000000000192, 4.039999999999998259, 5.778500000000000192 ) ) ;
#5950 = SURFACE_STYLE_USAGE ( .BOTH. , #4341 ) ;
#5951 = DIRECTION ( 'NONE',  ( -0.2588190451025215166, -0.9659258262890680902, 0.000000000000000000 ) ) ;
#5952 = DIRECTION ( 'NONE',  ( 0.000000000000000000, 0.000000000000000000, 1.000000000000000000 ) ) ;
#5953 = PRESENTATION_LAYER_ASSIGNMENT (  '', '', ( #5275 ) ) ;
#5954 = DIRECTION ( 'NONE',  ( 0.000000000000000000, -1.000000000000000000, 0.000000000000000000 ) ) ;
#5955 = EDGE_CURVE ( 'NONE', #4721, #3927, #2249, .T. ) ;
#5956 = CARTESIAN_POINT ( 'NONE',  ( 7.659338830835570100, 0.4213400374560394845, 1.778000000000000025 ) ) ;
#5957 = VECTOR ( 'NONE', #4382, 1000.000000000000000 ) ;
#5958 = ORIENTED_EDGE ( 'NONE', *, *, #2595, .F. ) ;
#5959 = CARTESIAN_POINT ( 'NONE',  ( 6.386507856983209663, 3.835465918153454723, 1.778000000000000025 ) ) ;
#5960 = ORIENTED_EDGE ( 'NONE', *, *, #2392, .T. ) ;
#5961 = CARTESIAN_POINT ( 'NONE',  ( -5.778500000000000192, 3.835465918153454723, -3.301999999999999602 ) ) ;
#5962 = CARTESIAN_POINT ( 'NONE',  ( -9.105900000000000105, 0.2535262387991554789, 3.301999999999999602 ) ) ;
#5963 = CARTESIAN_POINT ( 'NONE',  ( -5.206424362375529746, -1.077630734528302048, 4.825424362375530407 ) ) ;
#5964 = COLOUR_RGB ( '',0.6666666666666666297, 0.6980392156862744724, 0.7686274509803920907 ) ;
#5965 = LINE ( 'NONE', #3390, #5164 ) ;
#5966 = VERTEX_POINT ( 'NONE', #4394 ) ;
#5967 = PLANE ( 'NONE',  #3394 ) ;
#5968 = CIRCLE ( 'NONE', #5740, 0.4665790554353732578 ) ;
#5969 = LINE ( 'NONE', #3248, #4294 ) ;
#5970 = SURFACE_SIDE_STYLE ('',( #6988 ) ) ;
#5971 = VECTOR ( 'NONE', #5979, 1000.000000000000000 ) ;
#5972 = VECTOR ( 'NONE', #2971, 1000.000000000000227 ) ;
#5973 =( NAMED_UNIT ( * ) PLANE_ANGLE_UNIT ( ) SI_UNIT ( $, .RADIAN. ) );
#5974 = ORIENTED_EDGE ( 'NONE', *, *, #3947, .F. ) ;
#5976 = ORIENTED_EDGE ( 'NONE', *, *, #3435, .T. ) ;
#5975 = MECHANICAL_DESIGN_GEOMETRIC_PRESENTATION_REPRESENTATION (  '', ( #3636 ), #2942 ) ;
#5977 = VECTOR ( 'NONE', #2295, 1000.000000000000000 ) ;
#5978 = EDGE_CURVE ( 'NONE', #232, #2742, #949, .T. ) ;
#5979 = DIRECTION ( 'NONE',  ( 0.000000000000000000, 0.000000000000000000, -1.000000000000000000 ) ) ;
#5980 = CARTESIAN_POINT ( 'NONE',  ( -5.206424362375529746, 0.3769999999999999463, 5.206424362375529746 ) ) ;
#5981 = LINE ( 'NONE', #1198, #1542 ) ;
#5982 = MECHANICAL_DESIGN_GEOMETRIC_PRESENTATION_REPRESENTATION (  '', ( #4305 ), #4754 ) ;
#5983 = VERTEX_POINT ( 'NONE', #19 ) ;
#5984 = DIRECTION ( 'NONE',  ( -0.000000000000000000, 1.000000000000000000, 0.000000000000000000 ) ) ;
#5985 = ORIENTED_EDGE ( 'NONE', *, *, #3853, .F. ) ;
#5986 = EDGE_CURVE ( 'NONE', #5112, #6022, #4913, .T. ) ;
#5987 = DIRECTION ( 'NONE',  ( 0.000000000000000000, 0.000000000000000000, -1.000000000000000000 ) ) ;
#5988 = DIRECTION ( 'NONE',  ( 0.000000000000000000, 0.000000000000000000, -1.000000000000000000 ) ) ;
#5989 = FACE_OUTER_BOUND ( 'NONE', #2441, .T. ) ;
#5990 = DIRECTION ( 'NONE',  ( -0.000000000000000000, 1.000000000000000000, 0.000000000000000000 ) ) ;
#5991 = ORIENTED_EDGE ( 'NONE', *, *, #3779, .F. ) ;
#5992 =( NAMED_UNIT ( * ) SI_UNIT ( $, .STERADIAN. ) SOLID_ANGLE_UNIT ( ) );
#5993 = EDGE_LOOP ( 'NONE', ( #3265, #4496, #1064, #3695 ) ) ;
#5994 = ADVANCED_FACE ( 'NONE', ( #2214 ), #566, .F. ) ;
#5995 = CARTESIAN_POINT ( 'NONE',  ( 9.090393670958150096, 1.102058738522372051E-15, -4.317999999999999616 ) ) ;
#5996 =( LENGTH_UNIT ( ) NAMED_UNIT ( * ) SI_UNIT ( .MILLI., .METRE. ) );
#5997 =( NAMED_UNIT ( * ) SI_UNIT ( $, .STERADIAN. ) SOLID_ANGLE_UNIT ( ) );
#5998 = DIRECTION ( 'NONE',  ( 0.000000000000000000, 0.000000000000000000, 1.000000000000000000 ) ) ;
#5999 = ORIENTED_EDGE ( 'NONE', *, *, #1784, .F. ) ;
#6000 = ADVANCED_FACE ( 'NONE', ( #6036 ), #3396, .F. ) ;
#6001 = PRESENTATION_STYLE_ASSIGNMENT (( #3322 ) ) ;
#6002 = SURFACE_SIDE_STYLE ('',( #2868 ) ) ;
#6003 = LINE ( 'NONE', #3879, #6533 ) ;
#6004 = UNCERTAINTY_MEASURE_WITH_UNIT (LENGTH_MEASURE( 1.000000000000000082E-05 ), #6627, 'distance_accuracy_value', 'NONE');
#6005 = CARTESIAN_POINT ( 'NONE',  ( 9.105900000000000105, 0.2535262387991554789, 3.301999999999999602 ) ) ;
#6006 = CYLINDRICAL_SURFACE ( 'NONE', #6007, 0.5079999999999997851 ) ;
#6007 = AXIS2_PLACEMENT_3D ( 'NONE', #3258, #100, #1750 ) ;
#6008 = AXIS2_PLACEMENT_3D ( 'NONE', #3796, #4839, #5357 ) ;
#6009 = ORIENTED_EDGE ( 'NONE', *, *, #6618, .T. ) ;
#6010 = PRESENTATION_LAYER_ASSIGNMENT (  '', '', ( #6127 ) ) ;
#6011 = COLOUR_RGB ( '',0.6666666666666666297, 0.6980392156862744724, 0.7686274509803920907 ) ;
#6012 = FILL_AREA_STYLE_COLOUR ( '', #5288 ) ;
#6013 = ORIENTED_EDGE ( 'NONE', *, *, #1598, .F. ) ;
#6014 = UNCERTAINTY_MEASURE_WITH_UNIT (LENGTH_MEASURE( 1.000000000000000082E-05 ), #1926, 'distance_accuracy_value', 'NONE');
#6015 = DIRECTION ( 'NONE',  ( 1.000000000000000000, 0.000000000000000000, 0.000000000000000000 ) ) ;
#6016 =( NAMED_UNIT ( * ) SI_UNIT ( $, .STERADIAN. ) SOLID_ANGLE_UNIT ( ) );
#6017 = DIRECTION ( 'NONE',  ( -0.2588190451025215166, 0.9659258262890680902, 0.000000000000000000 ) ) ;
#6018 =( GEOMETRIC_REPRESENTATION_CONTEXT ( 3 ) GLOBAL_UNCERTAINTY_ASSIGNED_CONTEXT ( ( #2910 ) ) GLOBAL_UNIT_ASSIGNED_CONTEXT ( ( #181, #1724, #685 ) ) REPRESENTATION_CONTEXT ( 'NONE', 'WORKASPACE' ) );
#6019 = EDGE_CURVE ( 'NONE', #2515, #5692, #4257, .T. ) ;
#6020 = ORIENTED_EDGE ( 'NONE', *, *, #1094, .T. ) ;
#6021 = CARTESIAN_POINT ( 'NONE',  ( -5.778500000000000192, -16.34406614034584848, -5.270500000000000185 ) ) ;
#6022 = VERTEX_POINT ( 'NONE', #4091 ) ;
#6023 = AXIS2_PLACEMENT_3D ( 'NONE', #6606, #1235, #2884 ) ;
#6024 = SURFACE_STYLE_USAGE ( .BOTH. , #2238 ) ;
#6025 = AXIS2_PLACEMENT_3D ( 'NONE', #2374, #6753, #5586 ) ;
#6026 = AXIS2_PLACEMENT_3D ( 'NONE', #4205, #537, #3679 ) ;
#6027 = ADVANCED_FACE ( 'NONE', ( #1954 ), #1366, .F. ) ;
#6028 = MECHANICAL_DESIGN_GEOMETRIC_PRESENTATION_REPRESENTATION (  '', ( #4710 ), #5704 ) ;
#6029 = ORIENTED_EDGE ( 'NONE', *, *, #3862, .F. ) ;
#6030 =( LENGTH_UNIT ( ) NAMED_UNIT ( * ) SI_UNIT ( .MILLI., .METRE. ) );
#6031 = VERTEX_POINT ( 'NONE', #5573 ) ;
#6032 = SURFACE_STYLE_USAGE ( .BOTH. , #3905 ) ;
#6033 = COLOUR_RGB ( '',0.6666666666666666297, 0.6980392156862744724, 0.7686274509803920907 ) ;
#6034 = MECHANICAL_DESIGN_GEOMETRIC_PRESENTATION_REPRESENTATION (  '', ( #1172 ), #3911 ) ;
#6035 = SURFACE_STYLE_USAGE ( .BOTH. , #1741 ) ;
#6036 = FACE_OUTER_BOUND ( 'NONE', #1720, .T. ) ;
#6037 = EDGE_CURVE ( 'NONE', #6331, #2881, #3142, .T. ) ;
#6038 = COLOUR_RGB ( '',0.6666666666666666297, 0.6980392156862744724, 0.7686274509803920907 ) ;
#6039 = LINE ( 'NONE', #1254, #1427 ) ;
#6040 = LINE ( 'NONE', #4951, #5820 ) ;
#6041 = CARTESIAN_POINT ( 'NONE',  ( 7.771382951983880183, 0.4513621692343839920, -4.317999999999999616 ) ) ;
#6042 = FILL_AREA_STYLE_COLOUR ( '', #2081 ) ;
#6043 =( NAMED_UNIT ( * ) SI_UNIT ( $, .STERADIAN. ) SOLID_ANGLE_UNIT ( ) );
#6044 = DIRECTION ( 'NONE',  ( 0.000000000000000000, 0.000000000000000000, -1.000000000000000000 ) ) ;
#6045 = MECHANICAL_DESIGN_GEOMETRIC_PRESENTATION_REPRESENTATION (  '', ( #5150 ), #5711 ) ;
#6046 = DIRECTION ( 'NONE',  ( 0.000000000000000000, 1.000000000000000000, 0.000000000000000000 ) ) ;
#6047 = VECTOR ( 'NONE', #4165, 1000.000000000000000 ) ;
#6048 = VERTEX_POINT ( 'NONE', #5607 ) ;
#6049 = EDGE_LOOP ( 'NONE', ( #2917, #5247 ) ) ;
#6050 = LINE ( 'NONE', #2330, #5977 ) ;
#6051 = LINE ( 'NONE', #4546, #6918 ) ;
#6052 = PRESENTATION_LAYER_ASSIGNMENT (  '', '', ( #6279 ) ) ;
#6053 = AXIS2_PLACEMENT_3D ( 'NONE', #3769, #4218, #5862 ) ;
#6054 =( LENGTH_UNIT ( ) NAMED_UNIT ( * ) SI_UNIT ( .MILLI., .METRE. ) );
#6055 = ORIENTED_EDGE ( 'NONE', *, *, #2419, .F. ) ;
#6056 = DIRECTION ( 'NONE',  ( -1.000000000000000000, 0.000000000000000000, 0.000000000000000000 ) ) ;
#6057 = ORIENTED_EDGE ( 'NONE', *, *, #3567, .T. ) ;
#6058 = DIRECTION ( 'NONE',  ( -0.9981347984218673641, 0.06104853953484971896, 0.000000000000000000 ) ) ;
#6059 = DIRECTION ( 'NONE',  ( 0.000000000000000000, 0.000000000000000000, -1.000000000000000000 ) ) ;
#6060 = DIRECTION ( 'NONE',  ( 0.000000000000000000, 0.000000000000000000, -1.000000000000000000 ) ) ;
#6061 = EDGE_CURVE ( 'NONE', #2830, #3885, #741, .T. ) ;
#6062 = ORIENTED_EDGE ( 'NONE', *, *, #3121, .T. ) ;
#6063 = LINE ( 'NONE', #3349, #1793 ) ;
#6064 = ORIENTED_EDGE ( 'NONE', *, *, #2796, .F. ) ;
#6065 = UNCERTAINTY_MEASURE_WITH_UNIT (LENGTH_MEASURE( 1.000000000000000082E-05 ), #2358, 'distance_accuracy_value', 'NONE');
#6066 = PRESENTATION_LAYER_ASSIGNMENT (  '', '', ( #6969 ) ) ;
#6067 = EDGE_CURVE ( 'NONE', #4609, #1583, #3525, .T. ) ;
#6068 = DIRECTION ( 'NONE',  ( 0.2588190451025215166, -0.9659258262890680902, 0.000000000000000000 ) ) ;
#6069 = FILL_AREA_STYLE ('',( #2736 ) ) ;
#6070 =( GEOMETRIC_REPRESENTATION_CONTEXT ( 3 ) GLOBAL_UNCERTAINTY_ASSIGNED_CONTEXT ( ( #4409 ) ) GLOBAL_UNIT_ASSIGNED_CONTEXT ( ( #486, #6953, #2146 ) ) REPRESENTATION_CONTEXT ( 'NONE', 'WORKASPACE' ) );
#6071 = DIRECTION ( 'NONE',  ( 0.000000000000000000, 0.000000000000000000, -1.000000000000000000 ) ) ;
#6072 = CARTESIAN_POINT ( 'NONE',  ( 6.386507856983209663, 3.368886862718084796, 0.7620000000000000107 ) ) ;
#6073 = DIRECTION ( 'NONE',  ( 0.000000000000000000, 0.000000000000000000, -1.000000000000000000 ) ) ;
#6074 = EDGE_CURVE ( 'NONE', #3866, #6239, #6246, .T. ) ;
#6075 =( LENGTH_UNIT ( ) NAMED_UNIT ( * ) SI_UNIT ( .MILLI., .METRE. ) );
#6076 =( GEOMETRIC_REPRESENTATION_CONTEXT ( 3 ) GLOBAL_UNCERTAINTY_ASSIGNED_CONTEXT ( ( #6642 ) ) GLOBAL_UNIT_ASSIGNED_CONTEXT ( ( #1415, #887, #4722 ) ) REPRESENTATION_CONTEXT ( 'NONE', 'WORKASPACE' ) );
#6077 = STYLED_ITEM ( 'NONE', ( #367 ), #2717 ) ;
#6078 = CARTESIAN_POINT ( 'NONE',  ( 5.778500000000000192, 4.039999999999998259, 5.778500000000000192 ) ) ;
#6079 = FILL_AREA_STYLE ('',( #3463 ) ) ;
#6080 = VECTOR ( 'NONE', #4692, 1000.000000000000000 ) ;
#6081 = ORIENTED_EDGE ( 'NONE', *, *, #2892, .T. ) ;
#6082 = VERTEX_POINT ( 'NONE', #5676 ) ;
#6083 = UNCERTAINTY_MEASURE_WITH_UNIT (LENGTH_MEASURE( 1.000000000000000082E-05 ), #4838, 'distance_accuracy_value', 'NONE');
#6084 = EDGE_CURVE ( 'NONE', #986, #1831, #2347, .T. ) ;
#6085 = FILL_AREA_STYLE_COLOUR ( '', #5082 ) ;
#6086 = FILL_AREA_STYLE_COLOUR ( '', #2999 ) ;
#6087 = CARTESIAN_POINT ( 'NONE',  ( 6.386507856983209663, 3.581465918153455164, -0.7620000000000000107 ) ) ;
#6088 = STYLED_ITEM ( 'NONE', ( #3997 ), #4036 ) ;
#6089 = CIRCLE ( 'NONE', #3072, 0.1159966097798266205 ) ;
#6090 = SURFACE_STYLE_FILL_AREA ( #4415 ) ;
#6091 = ORIENTED_EDGE ( 'NONE', *, *, #4313, .F. ) ;
#6092 = DIRECTION ( 'NONE',  ( 0.9659258262890684232, 0.2588190451025206285, 0.000000000000000000 ) ) ;
#6093 = CIRCLE ( 'NONE', #3757, 0.1159966097798266205 ) ;
#6094 = ORIENTED_EDGE ( 'NONE', *, *, #3558, .F. ) ;
#6095 = CARTESIAN_POINT ( 'NONE',  ( -5.778500000000000192, 3.835465918153454723, -4.317999999999999616 ) ) ;
#6096 =( NAMED_UNIT ( * ) PLANE_ANGLE_UNIT ( ) SI_UNIT ( $, .RADIAN. ) );
#6097 = LINE ( 'NONE', #4450, #4564 ) ;
#6098 = DIRECTION ( 'NONE',  ( 0.000000000000000000, -1.000000000000000000, 0.000000000000000000 ) ) ;
#6099 = PRESENTATION_STYLE_ASSIGNMENT (( #1178 ) ) ;
#6100 = EDGE_LOOP ( 'NONE', ( #3389, #5482 ) ) ;
#6101 = VERTEX_POINT ( 'NONE', #1921 ) ;
#6102 = CARTESIAN_POINT ( 'NONE',  ( -7.659338830835570100, 0.4213400374560394845, -0.7620000000000000107 ) ) ;
#6103 =( NAMED_UNIT ( * ) SI_UNIT ( $, .STERADIAN. ) SOLID_ANGLE_UNIT ( ) );
#6104 = DIRECTION ( 'NONE',  ( 0.000000000000000000, 0.000000000000000000, -1.000000000000000000 ) ) ;
#6105 = EDGE_CURVE ( 'NONE', #164, #863, #6662, .T. ) ;
#6106 = DIRECTION ( 'NONE',  ( 0.000000000000000000, 0.000000000000000000, -1.000000000000000000 ) ) ;
#6107 = DIRECTION ( 'NONE',  ( 0.000000000000000000, 0.000000000000000000, 1.000000000000000000 ) ) ;
#6108 = DIRECTION ( 'NONE',  ( -1.000000000000000000, 0.000000000000000000, 0.000000000000000000 ) ) ;
#6109 = FILL_AREA_STYLE ('',( #4605 ) ) ;
#6110 = CARTESIAN_POINT ( 'NONE',  ( -9.090393670958150096, 1.102058738522372051E-15, 4.317999999999999616 ) ) ;
#6111 = ADVANCED_FACE ( 'NONE', ( #4014 ), #171, .T. ) ;
#6112 = ORIENTED_EDGE ( 'NONE', *, *, #637, .T. ) ;
#6113 = ORIENTED_EDGE ( 'NONE', *, *, #2419, .T. ) ;
#6114 = CARTESIAN_POINT ( 'NONE',  ( -7.771382951983880183, 0.4513621692343839920, -0.7620000000000000107 ) ) ;
#6115 = CARTESIAN_POINT ( 'NONE',  ( 6.386507856983209663, 3.835465918153454723, 0.7620000000000000107 ) ) ;
#6116 = SURFACE_STYLE_USAGE ( .BOTH. , #147 ) ;
#6117 = EDGE_CURVE ( 'NONE', #6611, #6402, #3708, .T. ) ;
#6118 = MECHANICAL_DESIGN_GEOMETRIC_PRESENTATION_REPRESENTATION (  '', ( #5900 ), #4338 ) ;
#6119 = EDGE_LOOP ( 'NONE', ( #3672, #1950, #6790, #820 ) ) ;
#6120 = SURFACE_STYLE_USAGE ( .BOTH. , #2514 ) ;
#6121 = VERTEX_POINT ( 'NONE', #1544 ) ;
#6122 = DIRECTION ( 'NONE',  ( 0.000000000000000000, 0.000000000000000000, -1.000000000000000000 ) ) ;
#6123 = CARTESIAN_POINT ( 'NONE',  ( -6.386507856983209663, 3.368886862718084796, -3.301999999999999602 ) ) ;
#6124 =( GEOMETRIC_REPRESENTATION_CONTEXT ( 3 ) GLOBAL_UNCERTAINTY_ASSIGNED_CONTEXT ( ( #6772 ) ) GLOBAL_UNIT_ASSIGNED_CONTEXT ( ( #3514, #3479, #2962 ) ) REPRESENTATION_CONTEXT ( 'NONE', 'WORKASPACE' ) );
#6125 = PRESENTATION_STYLE_ASSIGNMENT (( #2383 ) ) ;
#6126 =( NAMED_UNIT ( * ) PLANE_ANGLE_UNIT ( ) SI_UNIT ( $, .RADIAN. ) );
#6127 = STYLED_ITEM ( 'NONE', ( #6175 ), #4274 ) ;
#6128 = FACE_OUTER_BOUND ( 'NONE', #3784, .T. ) ;
#6129 =( GEOMETRIC_REPRESENTATION_CONTEXT ( 3 ) GLOBAL_UNCERTAINTY_ASSIGNED_CONTEXT ( ( #709 ) ) GLOBAL_UNIT_ASSIGNED_CONTEXT ( ( #6830, #6793, #3008 ) ) REPRESENTATION_CONTEXT ( 'NONE', 'WORKASPACE' ) );
#6130 = ORIENTED_EDGE ( 'NONE', *, *, #3990, .T. ) ;
#6131 = AXIS2_PLACEMENT_3D ( 'NONE', #91, #2283, #6523 ) ;
#6132 = SURFACE_STYLE_FILL_AREA ( #5152 ) ;
#6133 = ORIENTED_EDGE ( 'NONE', *, *, #4802, .F. ) ;
#6134 = UNCERTAINTY_MEASURE_WITH_UNIT (LENGTH_MEASURE( 1.000000000000000082E-05 ), #6030, 'distance_accuracy_value', 'NONE');
#6135 = FILL_AREA_STYLE_COLOUR ( '', #4403 ) ;
#6136 = FILL_AREA_STYLE_COLOUR ( '', #4590 ) ;
#6137 = CARTESIAN_POINT ( 'NONE',  ( 7.764301528365829874, 0.3355819165141765148, 1.778000000000000025 ) ) ;
#6138 = AXIS2_PLACEMENT_3D ( 'NONE', #144, #72, #2331 ) ;
#6139 = VECTOR ( 'NONE', #5173, 1000.000000000000000 ) ;
#6140 = FILL_AREA_STYLE_COLOUR ( '', #4045 ) ;
#6141 = CARTESIAN_POINT ( 'NONE',  ( -5.778500000000000192, 4.039999999999998259, -5.270500000000000185 ) ) ;
#6142 = DIRECTION ( 'NONE',  ( -1.000000000000000000, 0.000000000000000000, 0.000000000000000000 ) ) ;
#6143 = STYLED_ITEM ( 'NONE', ( #1531 ), #5739 ) ;
#6144 = UNCERTAINTY_MEASURE_WITH_UNIT (LENGTH_MEASURE( 1.000000000000000082E-05 ), #6226, 'distance_accuracy_value', 'NONE');
#6145 =( NAMED_UNIT ( * ) PLANE_ANGLE_UNIT ( ) SI_UNIT ( $, .RADIAN. ) );
#6146 = PLANE ( 'NONE',  #3235 ) ;
#6147 =( NAMED_UNIT ( * ) PLANE_ANGLE_UNIT ( ) SI_UNIT ( $, .RADIAN. ) );
#6148 =( NAMED_UNIT ( * ) SI_UNIT ( $, .STERADIAN. ) SOLID_ANGLE_UNIT ( ) );
#6149 = EDGE_CURVE ( 'NONE', #1246, #5380, #2656, .T. ) ;
#6150 = FACE_OUTER_BOUND ( 'NONE', #6555, .T. ) ;
#6151 = ORIENTED_EDGE ( 'NONE', *, *, #3590, .T. ) ;
#6152 = VERTEX_POINT ( 'NONE', #4803 ) ;
#6153 = VECTOR ( 'NONE', #76, 1000.000000000000227 ) ;
#6154 = COLOUR_RGB ( '',0.6666666666666666297, 0.6980392156862744724, 0.7686274509803920907 ) ;
#6155 = DIRECTION ( 'NONE',  ( 1.000000000000000000, 0.000000000000000000, 0.000000000000000000 ) ) ;
#6156 = MECHANICAL_DESIGN_GEOMETRIC_PRESENTATION_REPRESENTATION (  '', ( #5565 ), #390 ) ;
#6157 = FILL_AREA_STYLE_COLOUR ( '', #3907 ) ;
#6158 = PRESENTATION_STYLE_ASSIGNMENT (( #2921 ) ) ;
#6159 = FILL_AREA_STYLE_COLOUR ( '', #1543 ) ;
#6160 = EDGE_CURVE ( 'NONE', #3085, #1273, #5030, .T. ) ;
#6161 = DIRECTION ( 'NONE',  ( 0.2588190451025215166, -0.9659258262890680902, 0.000000000000000000 ) ) ;
#6162 = AXIS2_PLACEMENT_3D ( 'NONE', #890, #6721, #2004 ) ;
#6163 = ORIENTED_EDGE ( 'NONE', *, *, #5089, .T. ) ;
#6164 = DIRECTION ( 'NONE',  ( 0.000000000000000000, 0.000000000000000000, -1.000000000000000000 ) ) ;
#6165 = ORIENTED_EDGE ( 'NONE', *, *, #1545, .T. ) ;
#6166 = CARTESIAN_POINT ( 'NONE',  ( 5.778500000000000192, 3.835465918153454723, -1.778000000000000025 ) ) ;
#6167 = SURFACE_SIDE_STYLE ('',( #258 ) ) ;
#6168 =( GEOMETRIC_REPRESENTATION_CONTEXT ( 3 ) GLOBAL_UNCERTAINTY_ASSIGNED_CONTEXT ( ( #6484 ) ) GLOBAL_UNIT_ASSIGNED_CONTEXT ( ( #5368, #4779, #6850 ) ) REPRESENTATION_CONTEXT ( 'NONE', 'WORKASPACE' ) );
#6169 = SURFACE_SIDE_STYLE ('',( #6234 ) ) ;
#6170 = FILL_AREA_STYLE_COLOUR ( '', #787 ) ;
#6171 = ADVANCED_FACE ( 'NONE', ( #2625 ), #2132, .F. ) ;
#6172 =( LENGTH_UNIT ( ) NAMED_UNIT ( * ) SI_UNIT ( .MILLI., .METRE. ) );
#6173 = PRESENTATION_LAYER_ASSIGNMENT (  '', '', ( #1312 ) ) ;
#6174 = ORIENTED_EDGE ( 'NONE', *, *, #2299, .F. ) ;
#6175 = PRESENTATION_STYLE_ASSIGNMENT (( #5718 ) ) ;
#6176 = FACE_OUTER_BOUND ( 'NONE', #5497, .T. ) ;
#6177 = VECTOR ( 'NONE', #6546, 1000.000000000000114 ) ;
#6178 = DIRECTION ( 'NONE',  ( 1.000000000000000000, 0.000000000000000000, 0.000000000000000000 ) ) ;
#6179 =( NAMED_UNIT ( * ) PLANE_ANGLE_UNIT ( ) SI_UNIT ( $, .RADIAN. ) );
#6180 = VECTOR ( 'NONE', #2982, 1000.000000000000000 ) ;
#6181 = LINE ( 'NONE', #6777, #6973 ) ;
#6182 =( NAMED_UNIT ( * ) SI_UNIT ( $, .STERADIAN. ) SOLID_ANGLE_UNIT ( ) );
#6183 = CARTESIAN_POINT ( 'NONE',  ( -5.524499999999999744, 4.039999999999999147, -5.524499999999999744 ) ) ;
#6184 = PRESENTATION_LAYER_ASSIGNMENT (  '', '', ( #5300 ) ) ;
#6185 = EDGE_CURVE ( 'NONE', #5692, #753, #5885, .T. ) ;
#6186 = ORIENTED_EDGE ( 'NONE', *, *, #2933, .F. ) ;
#6188 = ORIENTED_EDGE ( 'NONE', *, *, #2603, .T. ) ;
#6187 = COLOUR_RGB ( '',0.6666666666666666297, 0.6980392156862744724, 0.7686274509803920907 ) ;
#6189 = CYLINDRICAL_SURFACE ( 'NONE', #5525, 0.3810000000000002829 ) ;
#6190 = PLANE ( 'NONE',  #5014 ) ;
#6191 = CYLINDRICAL_SURFACE ( 'NONE', #6488, 0.3810000000000002829 ) ;
#6192 = DIRECTION ( 'NONE',  ( 1.000000000000000000, 0.000000000000000000, 0.000000000000000000 ) ) ;
#6193 = PRESENTATION_LAYER_ASSIGNMENT (  '', '', ( #1701 ) ) ;
#6194 = AXIS2_PLACEMENT_3D ( 'NONE', #6376, #3729, #2173 ) ;
#6195 = EDGE_CURVE ( 'NONE', #3842, #5237, #1031, .T. ) ;
#6196 = ORIENTED_EDGE ( 'NONE', *, *, #2402, .T. ) ;
#6197 = CARTESIAN_POINT ( 'NONE',  ( 9.105900000000000105, 0.2535262387991554789, 1.778000000000000025 ) ) ;
#6198 = VERTEX_POINT ( 'NONE', #3236 ) ;
#6199 = CARTESIAN_POINT ( 'NONE',  ( -5.778500000000000192, 3.835465918153454723, 1.778000000000000025 ) ) ;
#6200 = MECHANICAL_DESIGN_GEOMETRIC_PRESENTATION_REPRESENTATION (  '', ( #674 ), #5524 ) ;
#6201 = DIRECTION ( 'NONE',  ( -1.000000000000000000, 0.000000000000000000, 0.000000000000000000 ) ) ;
#6203 = AXIS2_PLACEMENT_3D ( 'NONE', #6475, #3314, #1242 ) ;
#6202 = LINE ( 'NONE', #1356, #2051 ) ;
#6204 = CYLINDRICAL_SURFACE ( 'NONE', #2462, 0.3810000000000002829 ) ;
#6205 = MECHANICAL_DESIGN_GEOMETRIC_PRESENTATION_REPRESENTATION (  '', ( #3423 ), #6767 ) ;
#6206 = PRESENTATION_LAYER_ASSIGNMENT (  '', '', ( #2623 ) ) ;
#6207 = EDGE_CURVE ( 'NONE', #3330, #1494, #2694, .T. ) ;
#6208 = ORIENTED_EDGE ( 'NONE', *, *, #1738, .T. ) ;
#6209 = FILL_AREA_STYLE_COLOUR ( '', #3500 ) ;
#6210 = ORIENTED_EDGE ( 'NONE', *, *, #4447, .F. ) ;
#6211 = UNCERTAINTY_MEASURE_WITH_UNIT (LENGTH_MEASURE( 1.000000000000000082E-05 ), #5907, 'distance_accuracy_value', 'NONE');
#6212 =( LENGTH_UNIT ( ) NAMED_UNIT ( * ) SI_UNIT ( .MILLI., .METRE. ) );
#6213 = CARTESIAN_POINT ( 'NONE',  ( -5.778500000000000192, 3.835465918153454723, -0.7620000000000000107 ) ) ;
#6214 = EDGE_CURVE ( 'NONE', #531, #4959, #4833, .T. ) ;
#6215 =( LENGTH_UNIT ( ) NAMED_UNIT ( * ) SI_UNIT ( .MILLI., .METRE. ) );
#6216 = CYLINDRICAL_SURFACE ( 'NONE', #975, 0.2125790554353725048 ) ;
#6217 = UNCERTAINTY_MEASURE_WITH_UNIT (LENGTH_MEASURE( 1.000000000000000082E-05 ), #2988, 'distance_accuracy_value', 'NONE');
#6218 = FACE_OUTER_BOUND ( 'NONE', #664, .T. ) ;
#6219 = DIRECTION ( 'NONE',  ( 1.000000000000000000, 0.000000000000000000, 0.000000000000000000 ) ) ;
#6220 = FACE_OUTER_BOUND ( 'NONE', #6364, .T. ) ;
#6221 = SURFACE_STYLE_USAGE ( .BOTH. , #2502 ) ;
#6222 = EDGE_LOOP ( 'NONE', ( #5424, #3266, #5188, #151 ) ) ;
#6223 = EDGE_LOOP ( 'NONE', ( #4764, #5615, #3617, #4542 ) ) ;
#6224 = CARTESIAN_POINT ( 'NONE',  ( 5.524499999999999744, 7.849999999999999645, 5.524499999999999744 ) ) ;
#6225 = SURFACE_SIDE_STYLE ('',( #3612 ) ) ;
#6226 =( LENGTH_UNIT ( ) NAMED_UNIT ( * ) SI_UNIT ( .MILLI., .METRE. ) );
#6227 = DIRECTION ( 'NONE',  ( 0.000000000000000000, 1.000000000000000000, 0.000000000000000000 ) ) ;
#6228 = STYLED_ITEM ( 'NONE', ( #6286 ), #708 ) ;
#6229 =( NAMED_UNIT ( * ) PLANE_ANGLE_UNIT ( ) SI_UNIT ( $, .RADIAN. ) );
#6230 = ORIENTED_EDGE ( 'NONE', *, *, #2680, .F. ) ;
#6231 = VERTEX_POINT ( 'NONE', #4314 ) ;
#6232 = PRESENTATION_STYLE_ASSIGNMENT (( #5595 ) ) ;
#6233 =( NAMED_UNIT ( * ) PLANE_ANGLE_UNIT ( ) SI_UNIT ( $, .RADIAN. ) );
#6234 = SURFACE_STYLE_FILL_AREA ( #2519 ) ;
#6235 = CARTESIAN_POINT ( 'NONE',  ( 9.090393670958150096, 1.102058738522372051E-15, -0.7620000000000000107 ) ) ;
#6236 = EDGE_CURVE ( 'NONE', #6759, #6737, #4369, .T. ) ;
#6237 = VERTEX_POINT ( 'NONE', #3274 ) ;
#6238 = FACE_OUTER_BOUND ( 'NONE', #1, .T. ) ;
#6239 = VERTEX_POINT ( 'NONE', #5388 ) ;
#6240 = VECTOR ( 'NONE', #2824, 1000.000000000000000 ) ;
#6241 = CARTESIAN_POINT ( 'NONE',  ( 6.386507856983209663, 3.835465918153454723, -3.301999999999999602 ) ) ;
#6242 = CARTESIAN_POINT ( 'NONE',  ( 6.032499999999999751, 4.039999999999999147, 5.524499999999999744 ) ) ;
#6243 = CARTESIAN_POINT ( 'NONE',  ( 7.764301528365829874, 0.3355819165141765148, 1.778000000000000025 ) ) ;
#6244 = FILL_AREA_STYLE ('',( #6315 ) ) ;
#6245 = ADVANCED_FACE ( 'NONE', ( #548 ), #4994, .T. ) ;
#6246 = LINE ( 'NONE', #1399, #1075 ) ;
#6247 =( GEOMETRIC_REPRESENTATION_CONTEXT ( 3 ) GLOBAL_UNCERTAINTY_ASSIGNED_CONTEXT ( ( #1193 ) ) GLOBAL_UNIT_ASSIGNED_CONTEXT ( ( #1497, #5811, #2129 ) ) REPRESENTATION_CONTEXT ( 'NONE', 'WORKASPACE' ) );
#6248 = CARTESIAN_POINT ( 'NONE',  ( -6.032499999999999751, 4.039999999999999147, 5.524499999999999744 ) ) ;
#6249 = CARTESIAN_POINT ( 'NONE',  ( -9.105900000000000105, 0.2535262387991554789, 1.778000000000000025 ) ) ;
#6250 = CARTESIAN_POINT ( 'NONE',  ( -3.683000000000000274, 6.859999999999999432, 9.577156605822828794 ) ) ;
#6251 = COLOUR_RGB ( '',0.2509803921568627416, 0.2509803921568627416, 0.2509803921568627416 ) ;
#6252 = EDGE_CURVE ( 'NONE', #753, #6331, #653, .T. ) ;
#6253 = PLANE ( 'NONE',  #1421 ) ;
#6254 = ORIENTED_EDGE ( 'NONE', *, *, #6356, .T. ) ;
#6255 = ORIENTED_EDGE ( 'NONE', *, *, #3567, .F. ) ;
#6257 = SURFACE_SIDE_STYLE ('',( #1266 ) ) ;
#6256 = MECHANICAL_DESIGN_GEOMETRIC_PRESENTATION_REPRESENTATION (  '', ( #5359 ), #5821 ) ;
#6258 = SURFACE_SIDE_STYLE ('',( #758 ) ) ;
#6259 = CARTESIAN_POINT ( 'NONE',  ( -5.270500000000000185, -16.34406614034584848, 5.270500000000000185 ) ) ;
#6260 = COLOUR_RGB ( '',0.6666666666666666297, 0.6980392156862744724, 0.7686274509803920907 ) ;
#6261 = MECHANICAL_DESIGN_GEOMETRIC_PRESENTATION_REPRESENTATION (  '', ( #1408 ), #6939 ) ;
#6262 = VECTOR ( 'NONE', #6017, 1000.000000000000227 ) ;
#6263 = ORIENTED_EDGE ( 'NONE', *, *, #3509, .F. ) ;
#6264 =( LENGTH_UNIT ( ) NAMED_UNIT ( * ) SI_UNIT ( .MILLI., .METRE. ) );
#6265 = EDGE_LOOP ( 'NONE', ( #2403, #5958, #4900, #3887 ) ) ;
#6266 = PRESENTATION_STYLE_ASSIGNMENT (( #2413 ) ) ;
#6267 = FILL_AREA_STYLE ('',( #4141 ) ) ;
#6268 =( NAMED_UNIT ( * ) PLANE_ANGLE_UNIT ( ) SI_UNIT ( $, .RADIAN. ) );
#6269 =( GEOMETRIC_REPRESENTATION_CONTEXT ( 3 ) GLOBAL_UNCERTAINTY_ASSIGNED_CONTEXT ( ( #3771 ) ) GLOBAL_UNIT_ASSIGNED_CONTEXT ( ( #5139, #6755, #2079 ) ) REPRESENTATION_CONTEXT ( 'NONE', 'WORKASPACE' ) );
#6270 = ORIENTED_EDGE ( 'NONE', *, *, #6699, .T. ) ;
#6271 = SURFACE_STYLE_USAGE ( .BOTH. , #834 ) ;
#6272 = EDGE_LOOP ( 'NONE', ( #5871, #4436, #1066, #4315, #835, #5320, #78, #717, #4104, #691, #6861, #3876 ) ) ;
#6273 =( GEOMETRIC_REPRESENTATION_CONTEXT ( 3 ) GLOBAL_UNCERTAINTY_ASSIGNED_CONTEXT ( ( #3351 ) ) GLOBAL_UNIT_ASSIGNED_CONTEXT ( ( #600, #6564, #1752 ) ) REPRESENTATION_CONTEXT ( 'NONE', 'WORKASPACE' ) );
#6274 = AXIS2_PLACEMENT_3D ( 'NONE', #5980, #6459, #6529 ) ;
#6275 = EDGE_CURVE ( 'NONE', #800, #190, #3890, .T. ) ;
#6276 = UNCERTAINTY_MEASURE_WITH_UNIT (LENGTH_MEASURE( 1.000000000000000082E-05 ), #6264, 'distance_accuracy_value', 'NONE');
#6277 =( NAMED_UNIT ( * ) PLANE_ANGLE_UNIT ( ) SI_UNIT ( $, .RADIAN. ) );
#6278 = LINE ( 'NONE', #1439, #4691 ) ;
#6279 = STYLED_ITEM ( 'NONE', ( #4189 ), #6923 ) ;
#6280 = SURFACE_STYLE_FILL_AREA ( #237 ) ;
#6281 = FILL_AREA_STYLE ('',( #4219 ) ) ;
#6282 = ADVANCED_FACE ( 'NONE', ( #5451 ), #761, .F. ) ;
#6283 = LINE ( 'NONE', #846, #2262 ) ;
#6284 = MECHANICAL_DESIGN_GEOMETRIC_PRESENTATION_REPRESENTATION (  '', ( #5275 ), #767 ) ;
#6285 = FACE_OUTER_BOUND ( 'NONE', #965, .T. ) ;
#6286 = PRESENTATION_STYLE_ASSIGNMENT (( #378 ) ) ;
#6287 =( LENGTH_UNIT ( ) NAMED_UNIT ( * ) SI_UNIT ( .MILLI., .METRE. ) );
#6288 = DIRECTION ( 'NONE',  ( 0.000000000000000000, 0.000000000000000000, -1.000000000000000000 ) ) ;
#6289 = VECTOR ( 'NONE', #5817, 1000.000000000000000 ) ;
#6290 = ADVANCED_FACE ( 'NONE', ( #4966 ), #1413, .T. ) ;
#6291 = ORIENTED_EDGE ( 'NONE', *, *, #2603, .F. ) ;
#6292 = VERTEX_POINT ( 'NONE', #4074 ) ;
#6293 = LINE ( 'NONE', #2113, #1824 ) ;
#6294 = PLANE ( 'NONE',  #1623 ) ;
#6295 = AXIS2_PLACEMENT_3D ( 'NONE', #29, #2260, #6536 ) ;
#6296 = LINE ( 'NONE', #4724, #1667 ) ;
#6297 = DIRECTION ( 'NONE',  ( 0.000000000000000000, 0.000000000000000000, -1.000000000000000000 ) ) ;
#6298 =( NAMED_UNIT ( * ) SI_UNIT ( $, .STERADIAN. ) SOLID_ANGLE_UNIT ( ) );
#6299 = AXIS2_PLACEMENT_3D ( 'NONE', #2573, #4567, #6846 ) ;
#6300 = EDGE_CURVE ( 'NONE', #3919, #3125, #5245, .T. ) ;
#6301 = ORIENTED_EDGE ( 'NONE', *, *, #1722, .T. ) ;
#6302 =( LENGTH_UNIT ( ) NAMED_UNIT ( * ) SI_UNIT ( .MILLI., .METRE. ) );
#6303 = ORIENTED_EDGE ( 'NONE', *, *, #4911, .T. ) ;
#6304 = DIRECTION ( 'NONE',  ( 0.000000000000000000, 0.000000000000000000, -1.000000000000000000 ) ) ;
#6305 = DIRECTION ( 'NONE',  ( 0.000000000000000000, 0.000000000000000000, 1.000000000000000000 ) ) ;
#6306 = CARTESIAN_POINT ( 'NONE',  ( 5.524499999999999744, 7.849999999999999645, 6.032499999999999751 ) ) ;
#6307 = PRESENTATION_LAYER_ASSIGNMENT (  '', '', ( #3631 ) ) ;
#6308 = AXIS2_PLACEMENT_3D ( 'NONE', #4633, #776, #1435 ) ;
#6309 = EDGE_LOOP ( 'NONE', ( #4287, #381, #4476, #1492 ) ) ;
#6310 = CARTESIAN_POINT ( 'NONE',  ( -7.748795199323979865, 0.08205567771502250696, -0.7620000000000000107 ) ) ;
#6311 = ORIENTED_EDGE ( 'NONE', *, *, #3551, .F. ) ;
#6312 = VECTOR ( 'NONE', #4078, 1000.000000000000227 ) ;
#6313 =( NAMED_UNIT ( * ) PLANE_ANGLE_UNIT ( ) SI_UNIT ( $, .RADIAN. ) );
#6314 = FILL_AREA_STYLE_COLOUR ( '', #6949 ) ;
#6315 = FILL_AREA_STYLE_COLOUR ( '', #5138 ) ;
#6316 = CIRCLE ( 'NONE', #2948, 0.2125790554353725048 ) ;
#6317 = CARTESIAN_POINT ( 'NONE',  ( 7.771382951983880183, 0.4513621692343839920, -3.301999999999999602 ) ) ;
#6318 = AXIS2_PLACEMENT_3D ( 'NONE', #6738, #2022, #3093 ) ;
#6319 = PRESENTATION_STYLE_ASSIGNMENT (( #5308 ) ) ;
#6320 = ADVANCED_FACE ( 'NONE', ( #3651 ), #5105, .F. ) ;
#6321 = CARTESIAN_POINT ( 'NONE',  ( -6.386507856983209663, 3.835465918153454723, -0.7620000000000000107 ) ) ;
#6322 = ORIENTED_EDGE ( 'NONE', *, *, #3735, .F. ) ;
#6323 = ORIENTED_EDGE ( 'NONE', *, *, #6914, .T. ) ;
#6324 = DIRECTION ( 'NONE',  ( 0.000000000000000000, 0.000000000000000000, -1.000000000000000000 ) ) ;
#6325 = FILL_AREA_STYLE ('',( #6920 ) ) ;
#6326 =( LENGTH_UNIT ( ) NAMED_UNIT ( * ) SI_UNIT ( .MILLI., .METRE. ) );
#6327 = FILL_AREA_STYLE ('',( #2584 ) ) ;
#6328 =( NAMED_UNIT ( * ) PLANE_ANGLE_UNIT ( ) SI_UNIT ( $, .RADIAN. ) );
#6329 = EDGE_CURVE ( 'NONE', #6373, #5692, #3001, .T. ) ;
#6330 = CARTESIAN_POINT ( 'NONE',  ( -7.413993670958149984, 0.3556000000000000272, -3.301999999999999602 ) ) ;
#6331 = VERTEX_POINT ( 'NONE', #2440 ) ;
#6332 = SURFACE_STYLE_FILL_AREA ( #4208 ) ;
#6333 = ORIENTED_EDGE ( 'NONE', *, *, #1040, .F. ) ;
#6334 = CARTESIAN_POINT ( 'NONE',  ( 6.032499999999999751, 4.039999999999999147, 6.032499999999999751 ) ) ;
#6335 = DIRECTION ( 'NONE',  ( -0.9981347984218674751, 0.06104853953484982304, 0.000000000000000000 ) ) ;
#6336 = FILL_AREA_STYLE_COLOUR ( '', #5455 ) ;
#6337 = PRESENTATION_STYLE_ASSIGNMENT (( #3269 ) ) ;
#6338 = EDGE_CURVE ( 'NONE', #6899, #3662, #6724, .T. ) ;
#6339 = ORIENTED_EDGE ( 'NONE', *, *, #3599, .F. ) ;
#6340 = DIRECTION ( 'NONE',  ( 0.000000000000000000, 0.000000000000000000, -1.000000000000000000 ) ) ;
#6341 = ORIENTED_EDGE ( 'NONE', *, *, #6252, .F. ) ;
#6342 = UNCERTAINTY_MEASURE_WITH_UNIT (LENGTH_MEASURE( 1.000000000000000082E-05 ), #3360, 'distance_accuracy_value', 'NONE');
#6343 = FACE_OUTER_BOUND ( 'NONE', #4474, .T. ) ;
#6344 = FACE_OUTER_BOUND ( 'NONE', #241, .T. ) ;
#6345 = CARTESIAN_POINT ( 'NONE',  ( -6.386507856983209663, 3.368886862718084796, -0.7620000000000000107 ) ) ;
#6346 = VECTOR ( 'NONE', #5873, 1000.000000000000114 ) ;
#6347 = VECTOR ( 'NONE', #3316, 1000.000000000000000 ) ;
#6348 = MECHANICAL_DESIGN_GEOMETRIC_PRESENTATION_REPRESENTATION (  '', ( #826 ), #2989 ) ;
#6349 = DIRECTION ( 'NONE',  ( 0.000000000000000000, 0.000000000000000000, -1.000000000000000000 ) ) ;
#6350 = SURFACE_STYLE_USAGE ( .BOTH. , #2735 ) ;
#6351 = CARTESIAN_POINT ( 'NONE',  ( 5.524499999999999744, 4.039999999999999147, 5.524499999999999744 ) ) ;
#6352 = AXIS2_PLACEMENT_3D ( 'NONE', #118, #2013, #1464 ) ;
#6353 =( NAMED_UNIT ( * ) SI_UNIT ( $, .STERADIAN. ) SOLID_ANGLE_UNIT ( ) );
#6354 = VERTEX_POINT ( 'NONE', #2480 ) ;
#6355 = VERTEX_POINT ( 'NONE', #1348 ) ;
#6356 = EDGE_CURVE ( 'NONE', #3445, #38, #1777, .T. ) ;
#6357 = FILL_AREA_STYLE_COLOUR ( '', #1595 ) ;
#6358 = LINE ( 'NONE', #4785, #588 ) ;
#6359 = FILL_AREA_STYLE ('',( #2155 ) ) ;
#6360 = DIRECTION ( 'NONE',  ( 0.000000000000000000, 0.000000000000000000, -1.000000000000000000 ) ) ;
#6361 = STYLED_ITEM ( 'NONE', ( #3613 ), #4820 ) ;
#6362 = FILL_AREA_STYLE ('',( #4790 ) ) ;
#6363 = VERTEX_POINT ( 'NONE', #4102 ) ;
#6364 = EDGE_LOOP ( 'NONE', ( #431, #48, #86, #1232 ) ) ;
#6365 = ADVANCED_FACE ( 'NONE', ( #2585 ), #3544, .T. ) ;
#6366 = LINE ( 'NONE', #5919, #4677 ) ;
#6367 = DIRECTION ( 'NONE',  ( 0.000000000000000000, 0.000000000000000000, -1.000000000000000000 ) ) ;
#6368 = LINE ( 'NONE', #3203, #5584 ) ;
#6369 = CARTESIAN_POINT ( 'NONE',  ( 5.206424362375529746, 0.2500000000000000000, 5.206424362375529746 ) ) ;
#6370 = AXIS2_PLACEMENT_3D ( 'NONE', #5159, #4598, #2495 ) ;
#6371 =( GEOMETRIC_REPRESENTATION_CONTEXT ( 3 ) GLOBAL_UNCERTAINTY_ASSIGNED_CONTEXT ( ( #208 ) ) GLOBAL_UNIT_ASSIGNED_CONTEXT ( ( #6172, #6268, #333 ) ) REPRESENTATION_CONTEXT ( 'NONE', 'WORKASPACE' ) );
#6372 = STYLED_ITEM ( 'NONE', ( #4743 ), #1022 ) ;
#6373 = VERTEX_POINT ( 'NONE', #954 ) ;
#6374 = ORIENTED_EDGE ( 'NONE', *, *, #5633, .T. ) ;
#6375 = EDGE_CURVE ( 'NONE', #800, #1614, #6965, .T. ) ;
#6376 = CARTESIAN_POINT ( 'NONE',  ( 5.270500000000000185, 4.039999999999998259, 5.270500000000000185 ) ) ;
#6377 = MECHANICAL_DESIGN_GEOMETRIC_PRESENTATION_REPRESENTATION (  '', ( #2119 ), #4124 ) ;
#6378 = CARTESIAN_POINT ( 'NONE',  ( 5.270500000000000185, -16.34406614034584848, 5.270500000000000185 ) ) ;
#6379 = COLOUR_RGB ( '',0.2509803921568627416, 0.2509803921568627416, 0.2509803921568627416 ) ;
#6380 = DIRECTION ( 'NONE',  ( -0.9981347984218673641, 0.06104853953484971896, 0.000000000000000000 ) ) ;
#6381 = VECTOR ( 'NONE', #6360, 1000.000000000000000 ) ;
#6382 = DIRECTION ( 'NONE',  ( 0.000000000000000000, 1.000000000000000000, 0.000000000000000000 ) ) ;
#6383 =( LENGTH_UNIT ( ) NAMED_UNIT ( * ) SI_UNIT ( .MILLI., .METRE. ) );
#6384 = PRODUCT_CONTEXT ( 'NONE', #6882, 'mechanical' ) ;
#6385 = EDGE_CURVE ( 'NONE', #1433, #5336, #2648, .T. ) ;
#6386 =( NAMED_UNIT ( * ) PLANE_ANGLE_UNIT ( ) SI_UNIT ( $, .RADIAN. ) );
#6387 = LINE ( 'NONE', #6881, #2759 ) ;
#6388 = MECHANICAL_DESIGN_GEOMETRIC_PRESENTATION_REPRESENTATION (  '', ( #5491 ), #295 ) ;
#6389 = CIRCLE ( 'NONE', #3034, 0.4665790554353732578 ) ;
#6390 = DIRECTION ( 'NONE',  ( 1.000000000000000000, 0.000000000000000000, 0.000000000000000000 ) ) ;
#6391 = VECTOR ( 'NONE', #5267, 1000.000000000000114 ) ;
#6392 = MECHANICAL_DESIGN_GEOMETRIC_PRESENTATION_REPRESENTATION (  '', ( #4061 ), #1555 ) ;
#6393 = ORIENTED_EDGE ( 'NONE', *, *, #3220, .F. ) ;
#6394 = ORIENTED_EDGE ( 'NONE', *, *, #3302, .F. ) ;
#6395 = DIRECTION ( 'NONE',  ( 0.000000000000000000, 0.000000000000000000, -1.000000000000000000 ) ) ;
#6396 = PRESENTATION_STYLE_ASSIGNMENT (( #6961 ) ) ;
#6397 = CARTESIAN_POINT ( 'NONE',  ( -6.386507856983209663, 3.581465918153455164, -3.301999999999999602 ) ) ;
#6398 = DIRECTION ( 'NONE',  ( 0.000000000000000000, -1.000000000000000000, 0.000000000000000000 ) ) ;
#6399 =( GEOMETRIC_REPRESENTATION_CONTEXT ( 3 ) GLOBAL_UNCERTAINTY_ASSIGNED_CONTEXT ( ( #4665 ) ) GLOBAL_UNIT_ASSIGNED_CONTEXT ( ( #4001, #6649, #2890 ) ) REPRESENTATION_CONTEXT ( 'NONE', 'WORKASPACE' ) );
#6400 = SURFACE_STYLE_FILL_AREA ( #6362 ) ;
#6401 = ADVANCED_FACE ( 'NONE', ( #3714 ), #3750, .F. ) ;
#6402 = VERTEX_POINT ( 'NONE', #5282 ) ;
#6403 = PLANE ( 'NONE',  #4071 ) ;
#6404 = ORIENTED_EDGE ( 'NONE', *, *, #6854, .F. ) ;
#6405 = SURFACE_STYLE_USAGE ( .BOTH. , #5846 ) ;
#6406 = CARTESIAN_POINT ( 'NONE',  ( -7.659338830835570100, 0.4213400374560394845, 1.778000000000000025 ) ) ;
#6407 = SURFACE_STYLE_FILL_AREA ( #5812 ) ;
#6408 = FILL_AREA_STYLE ('',( #4282 ) ) ;
#6409 = AXIS2_PLACEMENT_3D ( 'NONE', #6317, #1479, #1958 ) ;
#6410 = EDGE_CURVE ( 'NONE', #5369, #4609, #4762, .T. ) ;
#6411 = ORIENTED_EDGE ( 'NONE', *, *, #3853, .T. ) ;
#6412 = ORIENTED_EDGE ( 'NONE', *, *, #5633, .F. ) ;
#6413 = PRESENTATION_STYLE_ASSIGNMENT (( #936 ) ) ;
#6414 = VECTOR ( 'NONE', #1640, 1000.000000000000000 ) ;
#6415 = DIRECTION ( 'NONE',  ( 0.000000000000000000, 0.000000000000000000, -1.000000000000000000 ) ) ;
#6416 = CIRCLE ( 'NONE', #212, 0.3699966097798265130 ) ;
#6417 =( NAMED_UNIT ( * ) SI_UNIT ( $, .STERADIAN. ) SOLID_ANGLE_UNIT ( ) );
#6418 = EDGE_CURVE ( 'NONE', #5277, #1246, #1185, .T. ) ;
#6419 = PRESENTATION_LAYER_ASSIGNMENT (  '', '', ( #3636 ) ) ;
#6420 = VECTOR ( 'NONE', #3895, 1000.000000000000000 ) ;
#6421 = SURFACE_SIDE_STYLE ('',( #2100 ) ) ;
#6422 =( LENGTH_UNIT ( ) NAMED_UNIT ( * ) SI_UNIT ( .MILLI., .METRE. ) );
#6423 = COLOUR_RGB ( '',0.2509803921568627416, 0.2509803921568627416, 0.2509803921568627416 ) ;
#6424 =( GEOMETRIC_REPRESENTATION_CONTEXT ( 3 ) GLOBAL_UNCERTAINTY_ASSIGNED_CONTEXT ( ( #2294 ) ) GLOBAL_UNIT_ASSIGNED_CONTEXT ( ( #71, #2847, #648 ) ) REPRESENTATION_CONTEXT ( 'NONE', 'WORKASPACE' ) );
#6425 = SURFACE_STYLE_USAGE ( .BOTH. , #3217 ) ;
#6426 = EDGE_CURVE ( 'NONE', #1830, #724, #6725, .T. ) ;
#6427 = SURFACE_STYLE_USAGE ( .BOTH. , #4816 ) ;
#6428 = AXIS2_PLACEMENT_3D ( 'NONE', #2396, #4915, #3397 ) ;
#6429 = ORIENTED_EDGE ( 'NONE', *, *, #5313, .F. ) ;
#6430 = UNCERTAINTY_MEASURE_WITH_UNIT (LENGTH_MEASURE( 1.000000000000000082E-05 ), #5458, 'distance_accuracy_value', 'NONE');
#6431 = PLANE ( 'NONE',  #4186 ) ;
#6432 = DIRECTION ( 'NONE',  ( 0.9659258262890680902, -0.2588190451025215166, 0.000000000000000000 ) ) ;
#6433 = LINE ( 'NONE', #6858, #6381 ) ;
#6434 = PRESENTATION_STYLE_ASSIGNMENT (( #1490 ) ) ;
#6435 = DIRECTION ( 'NONE',  ( 0.000000000000000000, 0.000000000000000000, -1.000000000000000000 ) ) ;
#6436 = EDGE_LOOP ( 'NONE', ( #4988, #4098, #315, #5248 ) ) ;
#6437 = PRESENTATION_STYLE_ASSIGNMENT (( #5483 ) ) ;
#6438 = ORIENTED_EDGE ( 'NONE', *, *, #6300, .F. ) ;
#6439 = LINE ( 'NONE', #961, #488 ) ;
#6440 = SURFACE_STYLE_USAGE ( .BOTH. , #5848 ) ;
#6441 = ORIENTED_EDGE ( 'NONE', *, *, #3174, .F. ) ;
#6442 = LINE ( 'NONE', #930, #6289 ) ;
#6443 = EDGE_LOOP ( 'NONE', ( #475, #1461, #3312, #1973 ) ) ;
#6444 = DIRECTION ( 'NONE',  ( -1.000000000000000000, 0.000000000000000000, 0.000000000000000000 ) ) ;
#6445 = DIRECTION ( 'NONE',  ( 0.9981347984218675862, 0.06104853953484747076, 0.000000000000000000 ) ) ;
#6446 = ADVANCED_FACE ( 'NONE', ( #3263 ), #5840, .T. ) ;
#6447 = DIRECTION ( 'NONE',  ( 0.000000000000000000, 0.000000000000000000, -1.000000000000000000 ) ) ;
#6448 =( LENGTH_UNIT ( ) NAMED_UNIT ( * ) SI_UNIT ( .MILLI., .METRE. ) );
#6449 = EDGE_CURVE ( 'NONE', #2271, #4348, #635, .T. ) ;
#6450 = SURFACE_STYLE_USAGE ( .BOTH. , #6985 ) ;
#6451 =( NAMED_UNIT ( * ) PLANE_ANGLE_UNIT ( ) SI_UNIT ( $, .RADIAN. ) );
#6452 = ORIENTED_EDGE ( 'NONE', *, *, #6252, .T. ) ;
#6453 = ORIENTED_EDGE ( 'NONE', *, *, #1016, .F. ) ;
#6454 = EDGE_CURVE ( 'NONE', #5008, #1831, #5981, .T. ) ;
#6455 = CIRCLE ( 'NONE', #832, 0.4665790554353732578 ) ;
#6456 = LINE ( 'NONE', #3815, #6414 ) ;
#6457 =( LENGTH_UNIT ( ) NAMED_UNIT ( * ) SI_UNIT ( .MILLI., .METRE. ) );
#6458 =( GEOMETRIC_REPRESENTATION_CONTEXT ( 3 ) GLOBAL_UNCERTAINTY_ASSIGNED_CONTEXT ( ( #775 ) ) GLOBAL_UNIT_ASSIGNED_CONTEXT ( ( #4539, #5166, #6746 ) ) REPRESENTATION_CONTEXT ( 'NONE', 'WORKASPACE' ) );
#6459 = DIRECTION ( 'NONE',  ( -0.000000000000000000, -1.000000000000000000, -0.000000000000000000 ) ) ;
#6460 =( NAMED_UNIT ( * ) SI_UNIT ( $, .STERADIAN. ) SOLID_ANGLE_UNIT ( ) );
#6461 = COLOUR_RGB ( '',0.6666666666666666297, 0.6980392156862744724, 0.7686274509803920907 ) ;
#6462 = AXIS2_PLACEMENT_3D ( 'NONE', #4555, #2446, #4622 ) ;
#6463 = ORIENTED_EDGE ( 'NONE', *, *, #2385, .F. ) ;
#6464 = CYLINDRICAL_SURFACE ( 'NONE', #5844, 0.2125790554353725048 ) ;
#6465 = ORIENTED_EDGE ( 'NONE', *, *, #1281, .F. ) ;
#6466 = FILL_AREA_STYLE ('',( #6085 ) ) ;
#6467 = DIRECTION ( 'NONE',  ( 0.000000000000000000, 1.000000000000000000, 0.000000000000000000 ) ) ;
#6468 = PRESENTATION_LAYER_ASSIGNMENT (  '', '', ( #610 ) ) ;
#6469 = SURFACE_STYLE_FILL_AREA ( #4344 ) ;
#6470 = CARTESIAN_POINT ( 'NONE',  ( 7.771382951983880183, 0.4513621692343839920, -1.778000000000000025 ) ) ;
#6471 =( GEOMETRIC_REPRESENTATION_CONTEXT ( 3 ) GLOBAL_UNCERTAINTY_ASSIGNED_CONTEXT ( ( #3494 ) ) GLOBAL_UNIT_ASSIGNED_CONTEXT ( ( #4788, #6924, #6460 ) ) REPRESENTATION_CONTEXT ( 'NONE', 'WORKASPACE' ) );
#6472 = PRESENTATION_LAYER_ASSIGNMENT (  '', '', ( #1172 ) ) ;
#6473 = ORIENTED_EDGE ( 'NONE', *, *, #6577, .T. ) ;
#6474 = ORIENTED_EDGE ( 'NONE', *, *, #3772, .T. ) ;
#6475 = CARTESIAN_POINT ( 'NONE',  ( 7.659338830835570100, 0.4213400374560394845, -0.7620000000000000107 ) ) ;
#6476 = DIRECTION ( 'NONE',  ( 1.000000000000000000, 0.000000000000000000, 0.000000000000000000 ) ) ;
#6477 = CARTESIAN_POINT ( 'NONE',  ( -9.105900000000000105, 0.2535262387991554789, -3.301999999999999602 ) ) ;
#6478 = CIRCLE ( 'NONE', #4475, 0.1159966097798266205 ) ;
#6479 = AXIS2_PLACEMENT_3D ( 'NONE', #1300, #3569, #3988 ) ;
#6480 = STYLED_ITEM ( 'NONE', ( #4108 ), #5390 ) ;
#6481 = ADVANCED_FACE ( 'NONE', ( #2257 ), #103, .T. ) ;
#6482 = PLANE ( 'NONE',  #6053 ) ;
#6483 = MECHANICAL_DESIGN_GEOMETRIC_PRESENTATION_REPRESENTATION (  '', ( #5582 ), #2114 ) ;
#6485 = AXIS2_PLACEMENT_3D ( 'NONE', #6259, #2511, #1419 ) ;
#6484 = UNCERTAINTY_MEASURE_WITH_UNIT (LENGTH_MEASURE( 1.000000000000000082E-05 ), #5368, 'distance_accuracy_value', 'NONE');
#6486 = FILL_AREA_STYLE_COLOUR ( '', #1272 ) ;
#6487 = VECTOR ( 'NONE', #6161, 1000.000000000000227 ) ;
#6488 = AXIS2_PLACEMENT_3D ( 'NONE', #3078, #6227, #4683 ) ;
#6489 = ADVANCED_FACE ( 'NONE', ( #1792 ), #6637, .F. ) ;
#6490 = EDGE_LOOP ( 'NONE', ( #2891, #4040 ) ) ;
#6491 = UNCERTAINTY_MEASURE_WITH_UNIT (LENGTH_MEASURE( 1.000000000000000082E-05 ), #6935, 'distance_accuracy_value', 'NONE');
#6492 =( NAMED_UNIT ( * ) SI_UNIT ( $, .STERADIAN. ) SOLID_ANGLE_UNIT ( ) );
#6493 = MECHANICAL_DESIGN_GEOMETRIC_PRESENTATION_REPRESENTATION (  '', ( #1894 ), #6168 ) ;
#6494 = COLOUR_RGB ( '',0.2509803921568627416, 0.2509803921568627416, 0.2509803921568627416 ) ;
#6495 =( NAMED_UNIT ( * ) SI_UNIT ( $, .STERADIAN. ) SOLID_ANGLE_UNIT ( ) );
#6496 = VECTOR ( 'NONE', #2026, 1000.000000000000000 ) ;
#6497 = PRESENTATION_LAYER_ASSIGNMENT (  '', '', ( #2703 ) ) ;
#6498 = EDGE_CURVE ( 'NONE', #6048, #773, #1190, .T. ) ;
#6499 = VERTEX_POINT ( 'NONE', #64 ) ;
#6500 = VERTEX_POINT ( 'NONE', #6532 ) ;
#6501 = UNCERTAINTY_MEASURE_WITH_UNIT (LENGTH_MEASURE( 1.000000000000000082E-05 ), #3058, 'distance_accuracy_value', 'NONE');
#6502 = SURFACE_SIDE_STYLE ('',( #4376 ) ) ;
#6503 =( NAMED_UNIT ( * ) PLANE_ANGLE_UNIT ( ) SI_UNIT ( $, .RADIAN. ) );
#6504 = SURFACE_STYLE_USAGE ( .BOTH. , #2375 ) ;
#6505 = FILL_AREA_STYLE_COLOUR ( '', #96 ) ;
#6506 = AXIS2_PLACEMENT_3D ( 'NONE', #1284, #2450, #871 ) ;
#6507 = SURFACE_SIDE_STYLE ('',( #6469 ) ) ;
#6508 = CARTESIAN_POINT ( 'NONE',  ( 9.090393670958150096, 1.102058738522372051E-15, 3.301999999999999602 ) ) ;
#6509 = CIRCLE ( 'NONE', #3507, 0.3699966097798265130 ) ;
#6510 = VERTEX_POINT ( 'NONE', #912 ) ;
#6511 = CARTESIAN_POINT ( 'NONE',  ( -6.032499999999999751, 4.039999999999999147, -5.524499999999999744 ) ) ;
#6512 = EDGE_LOOP ( 'NONE', ( #153, #1503, #655, #2215 ) ) ;
#6513 = CARTESIAN_POINT ( 'NONE',  ( -6.837188616633790517, 3.489646408310704828, -3.301999999999999602 ) ) ;
#6514 = PRESENTATION_STYLE_ASSIGNMENT (( #1700 ) ) ;
#6515 = LINE ( 'NONE', #3933, #482 ) ;
#6516 = CARTESIAN_POINT ( 'NONE',  ( 6.032499999999999751, 4.039999999999999147, -6.032499999999999751 ) ) ;
#6517 = CARTESIAN_POINT ( 'NONE',  ( -6.591843456756369513, 3.423906370854659986, 4.317999999999999616 ) ) ;
#6518 = LINE ( 'NONE', #87, #6957 ) ;
#6519 =( GEOMETRIC_REPRESENTATION_CONTEXT ( 3 ) GLOBAL_UNCERTAINTY_ASSIGNED_CONTEXT ( ( #3438 ) ) GLOBAL_UNIT_ASSIGNED_CONTEXT ( ( #132, #1715, #2738 ) ) REPRESENTATION_CONTEXT ( 'NONE', 'WORKASPACE' ) );
#6520 = ORIENTED_EDGE ( 'NONE', *, *, #4623, .F. ) ;
#6521 =( LENGTH_UNIT ( ) NAMED_UNIT ( * ) SI_UNIT ( .MILLI., .METRE. ) );
#6522 = CARTESIAN_POINT ( 'NONE',  ( -6.386507856983209663, 3.581465918153455164, 4.317999999999999616 ) ) ;
#6523 = DIRECTION ( 'NONE',  ( 1.000000000000000000, 0.000000000000000000, 0.000000000000000000 ) ) ;
#6524 = DIRECTION ( 'NONE',  ( 0.000000000000000000, 0.000000000000000000, 1.000000000000000000 ) ) ;
#6525 = STYLED_ITEM ( 'NONE', ( #1808 ), #3696 ) ;
#6526 = AXIS2_PLACEMENT_3D ( 'NONE', #403, #5889, #1035 ) ;
#6527 = SURFACE_SIDE_STYLE ('',( #570 ) ) ;
#6528 = SURFACE_STYLE_FILL_AREA ( #1055 ) ;
#6529 = DIRECTION ( 'NONE',  ( 0.000000000000000000, 0.000000000000000000, 1.000000000000000000 ) ) ;
#6530 = EDGE_CURVE ( 'NONE', #616, #6759, #5097, .T. ) ;
#6531 = DIRECTION ( 'NONE',  ( 0.000000000000000000, -1.000000000000000000, -0.000000000000000000 ) ) ;
#6532 = CARTESIAN_POINT ( 'NONE',  ( -6.837188616633790517, 3.489646408310704828, -0.7620000000000000107 ) ) ;
#6533 = VECTOR ( 'NONE', #6629, 1000.000000000000000 ) ;
#6534 =( GEOMETRIC_REPRESENTATION_CONTEXT ( 3 ) GLOBAL_UNCERTAINTY_ASSIGNED_CONTEXT ( ( #1549 ) ) GLOBAL_UNIT_ASSIGNED_CONTEXT ( ( #1652, #6643, #2405 ) ) REPRESENTATION_CONTEXT ( 'NONE', 'WORKASPACE' ) );
#6535 = ORIENTED_EDGE ( 'NONE', *, *, #1499, .T. ) ;
#6536 = DIRECTION ( 'NONE',  ( 0.000000000000000000, 0.000000000000000000, 1.000000000000000000 ) ) ;
#6537 = EDGE_LOOP ( 'NONE', ( #3832, #6917, #5422, #1283 ) ) ;
#6538 = FACE_OUTER_BOUND ( 'NONE', #5886, .T. ) ;
#6539 =( LENGTH_UNIT ( ) NAMED_UNIT ( * ) SI_UNIT ( .MILLI., .METRE. ) );
#6540 = CARTESIAN_POINT ( 'NONE',  ( 5.778500000000000192, 3.581465918153455164, -0.7620000000000000107 ) ) ;
#6541 = FACE_OUTER_BOUND ( 'NONE', #2371, .T. ) ;
#6542 = EDGE_CURVE ( 'NONE', #4227, #4576, #3499, .T. ) ;
#6543 = CARTESIAN_POINT ( 'NONE',  ( 9.105900000000000105, 0.2535262387991554789, -0.7620000000000000107 ) ) ;
#6544 =( NAMED_UNIT ( * ) SI_UNIT ( $, .STERADIAN. ) SOLID_ANGLE_UNIT ( ) );
#6545 = EDGE_LOOP ( 'NONE', ( #4586, #913, #6254, #4238 ) ) ;
#6546 = DIRECTION ( 'NONE',  ( -0.9981347984218673641, 0.06104853953484971896, 0.000000000000000000 ) ) ;
#6547 = ORIENTED_EDGE ( 'NONE', *, *, #3742, .F. ) ;
#6548 = SURFACE_STYLE_FILL_AREA ( #2274 ) ;
#6549 = FILL_AREA_STYLE ('',( #3969 ) ) ;
#6550 = CARTESIAN_POINT ( 'NONE',  ( -6.386507856983209663, 3.581465918153455164, -0.7620000000000000107 ) ) ;
#6551 = ADVANCED_FACE ( 'NONE', ( #5201 ), #6253, .F. ) ;
#6552 =( NAMED_UNIT ( * ) SI_UNIT ( $, .STERADIAN. ) SOLID_ANGLE_UNIT ( ) );
#6553 = ORIENTED_EDGE ( 'NONE', *, *, #5177, .T. ) ;
#6554 = CARTESIAN_POINT ( 'NONE',  ( -9.105900000000000105, 0.2535262387991554789, -4.317999999999999616 ) ) ;
#6555 = EDGE_LOOP ( 'NONE', ( #6473, #5108, #2309, #6009 ) ) ;
#6556 = UNCERTAINTY_MEASURE_WITH_UNIT (LENGTH_MEASURE( 1.000000000000000082E-05 ), #2951, 'distance_accuracy_value', 'NONE');
#6557 = SURFACE_STYLE_FILL_AREA ( #90 ) ;
#6558 =( NAMED_UNIT ( * ) PLANE_ANGLE_UNIT ( ) SI_UNIT ( $, .RADIAN. ) );
#6559 =( NAMED_UNIT ( * ) SI_UNIT ( $, .STERADIAN. ) SOLID_ANGLE_UNIT ( ) );
#6560 = UNCERTAINTY_MEASURE_WITH_UNIT (LENGTH_MEASURE( 1.000000000000000082E-05 ), #434, 'distance_accuracy_value', 'NONE');
#6561 = CARTESIAN_POINT ( 'NONE',  ( -5.778500000000000192, 0.3769999999999988916, 5.778500000000000192 ) ) ;
#6562 = CYLINDRICAL_SURFACE ( 'NONE', #3388, 0.2125790554353725048 ) ;
#6563 = PLANE ( 'NONE',  #2332 ) ;
#6564 =( NAMED_UNIT ( * ) PLANE_ANGLE_UNIT ( ) SI_UNIT ( $, .RADIAN. ) );
#6565 = VECTOR ( 'NONE', #618, 1000.000000000000000 ) ;
#6566 = ADVANCED_FACE ( 'NONE', ( #6150 ), #5687, .F. ) ;
#6567 = ORIENTED_EDGE ( 'NONE', *, *, #3716, .F. ) ;
#6568 = AXIS2_PLACEMENT_3D ( 'NONE', #6378, #555, #1552 ) ;
#6569 = ORIENTED_EDGE ( 'NONE', *, *, #4323, .F. ) ;
#6570 = UNCERTAINTY_MEASURE_WITH_UNIT (LENGTH_MEASURE( 1.000000000000000082E-05 ), #5057, 'distance_accuracy_value', 'NONE');
#6571 = FILL_AREA_STYLE ('',( #1723 ) ) ;
#6572 = CARTESIAN_POINT ( 'NONE',  ( -7.659338830835570100, 0.4213400374560394845, 4.317999999999999616 ) ) ;
#6573 = DIRECTION ( 'NONE',  ( 1.000000000000000000, 0.000000000000000000, 0.000000000000000000 ) ) ;
#6574 = STYLED_ITEM ( 'NONE', ( #3233 ), #311 ) ;
#6575 = MECHANICAL_DESIGN_GEOMETRIC_PRESENTATION_REPRESENTATION (  '', ( #1512 ), #6247 ) ;
#6576 = FILL_AREA_STYLE_COLOUR ( '', #1080 ) ;
#6577 = EDGE_CURVE ( 'NONE', #4161, #4576, #3932, .T. ) ;
#6578 = ORIENTED_EDGE ( 'NONE', *, *, #5272, .F. ) ;
#6579 = LINE ( 'NONE', #5959, #6740 ) ;
#6580 = ORIENTED_EDGE ( 'NONE', *, *, #3228, .T. ) ;
#6581 =( GEOMETRIC_REPRESENTATION_CONTEXT ( 3 ) GLOBAL_UNCERTAINTY_ASSIGNED_CONTEXT ( ( #1778 ) ) GLOBAL_UNIT_ASSIGNED_CONTEXT ( ( #1375, #1862, #3575 ) ) REPRESENTATION_CONTEXT ( 'NONE', 'WORKASPACE' ) );
#6582 = COLOUR_RGB ( '',0.2509803921568627416, 0.2509803921568627416, 0.2509803921568627416 ) ;
#6583 = DIRECTION ( 'NONE',  ( 0.000000000000000000, 1.000000000000000000, 0.000000000000000000 ) ) ;
#6584 = CARTESIAN_POINT ( 'NONE',  ( -5.206424362375529746, 0.2500000000000000000, -5.206424362375529746 ) ) ;
#6585 = CIRCLE ( 'NONE', #1397, 0.3699966097798265130 ) ;
#6586 = PRESENTATION_LAYER_ASSIGNMENT (  '', '', ( #840 ) ) ;
#6587 = EDGE_CURVE ( 'NONE', #3642, #1835, #4541, .T. ) ;
#6588 = EDGE_LOOP ( 'NONE', ( #901, #5733 ) ) ;
#6589 = ORIENTED_EDGE ( 'NONE', *, *, #3032, .F. ) ;
#6590 =( NAMED_UNIT ( * ) PLANE_ANGLE_UNIT ( ) SI_UNIT ( $, .RADIAN. ) );
#6591 = VECTOR ( 'NONE', #3324, 1000.000000000000227 ) ;
#6592 = CIRCLE ( 'NONE', #2339, 0.3810000000000002829 ) ;
#6593 = DIRECTION ( 'NONE',  ( 0.000000000000000000, 1.000000000000000000, 0.000000000000000000 ) ) ;
#6594 = LINE ( 'NONE', #1781, #3250 ) ;
#6595 = EDGE_CURVE ( 'NONE', #4987, #699, #3031, .T. ) ;
#6596 = COLOUR_RGB ( '',0.6666666666666666297, 0.6980392156862744724, 0.7686274509803920907 ) ;
#6597 = SURFACE_SIDE_STYLE ('',( #3981 ) ) ;
#6598 = DIRECTION ( 'NONE',  ( 0.000000000000000000, 0.000000000000000000, 1.000000000000000000 ) ) ;
#6599 = VECTOR ( 'NONE', #4654, 1000.000000000000000 ) ;
#6600 = PRESENTATION_LAYER_ASSIGNMENT (  '', '', ( #4710 ) ) ;
#6601 = PRESENTATION_STYLE_ASSIGNMENT (( #1161 ) ) ;
#6602 = VECTOR ( 'NONE', #849, 1000.000000000000000 ) ;
#6603 = AXIS2_PLACEMENT_3D ( 'NONE', #2221, #4404, #2772 ) ;
#6604 = ORIENTED_EDGE ( 'NONE', *, *, #459, .T. ) ;
#6605 = ORIENTED_EDGE ( 'NONE', *, *, #4016, .F. ) ;
#6606 = CARTESIAN_POINT ( 'NONE',  ( 7.771382951983880183, 0.4513621692343839920, 1.778000000000000025 ) ) ;
#6607 =( NAMED_UNIT ( * ) PLANE_ANGLE_UNIT ( ) SI_UNIT ( $, .RADIAN. ) );
#6608 = APPLICATION_CONTEXT ( 'automotive_design' ) ;
#6609 = CIRCLE ( 'NONE', #5160, 0.2125790554353725048 ) ;
#6610 = COLOUR_RGB ( '',0.2509803921568627416, 0.2509803921568627416, 0.2509803921568627416 ) ;
#6611 = VERTEX_POINT ( 'NONE', #3640 ) ;
#6612 = CARTESIAN_POINT ( 'NONE',  ( 9.090393670958150096, 1.102058738522372051E-15, -1.778000000000000025 ) ) ;
#6613 = ORIENTED_EDGE ( 'NONE', *, *, #712, .F. ) ;
#6614 = MECHANICAL_DESIGN_GEOMETRIC_PRESENTATION_REPRESENTATION (  '', ( #2703 ), #1678 ) ;
#6615 = FILL_AREA_STYLE_COLOUR ( '', #4228 ) ;
#6616 = DIRECTION ( 'NONE',  ( 0.000000000000000000, 0.000000000000000000, -1.000000000000000000 ) ) ;
#6617 = FILL_AREA_STYLE ('',( #2793 ) ) ;
#6618 = EDGE_CURVE ( 'NONE', #883, #4161, #4646, .T. ) ;
#6619 = AXIS2_PLACEMENT_3D ( 'NONE', #4869, #725, #1274 ) ;
#6620 = ORIENTED_EDGE ( 'NONE', *, *, #6966, .F. ) ;
#6621 = DIRECTION ( 'NONE',  ( -0.9981347984218673641, -0.06104853953484981610, 0.000000000000000000 ) ) ;
#6622 = ORIENTED_EDGE ( 'NONE', *, *, #2078, .T. ) ;
#6623 = UNCERTAINTY_MEASURE_WITH_UNIT (LENGTH_MEASURE( 1.000000000000000082E-05 ), #5502, 'distance_accuracy_value', 'NONE');
#6624 = LINE ( 'NONE', #125, #3518 ) ;
#6625 = CARTESIAN_POINT ( 'NONE',  ( -5.778500000000000192, 3.581465918153455164, 1.778000000000000025 ) ) ;
#6626 = ADVANCED_FACE ( 'NONE', ( #5792 ), #2640, .F. ) ;
#6627 =( LENGTH_UNIT ( ) NAMED_UNIT ( * ) SI_UNIT ( .MILLI., .METRE. ) );
#6628 = MECHANICAL_DESIGN_GEOMETRIC_PRESENTATION_REPRESENTATION (  '', ( #1107 ), #6070 ) ;
#6629 = DIRECTION ( 'NONE',  ( -0.06104853953484747076, -0.9981347984218675862, 0.000000000000000000 ) ) ;
#6630 = LINE ( 'NONE', #2397, #643 ) ;
#6631 = UNCERTAINTY_MEASURE_WITH_UNIT (LENGTH_MEASURE( 1.000000000000000082E-05 ), #3998, 'distance_accuracy_value', 'NONE');
#6632 =( NAMED_UNIT ( * ) SI_UNIT ( $, .STERADIAN. ) SOLID_ANGLE_UNIT ( ) );
#6633 = CARTESIAN_POINT ( 'NONE',  ( -7.771382951983880183, 0.4513621692343839920, 1.778000000000000025 ) ) ;
#6634 = CYLINDRICAL_SURFACE ( 'NONE', #1368, 0.2125790554353725048 ) ;
#6635 = EDGE_CURVE ( 'NONE', #4169, #164, #4224, .T. ) ;
#6636 =( NAMED_UNIT ( * ) SI_UNIT ( $, .STERADIAN. ) SOLID_ANGLE_UNIT ( ) );
#6637 = PLANE ( 'NONE',  #6950 ) ;
#6638 = MECHANICAL_DESIGN_GEOMETRIC_PRESENTATION_REPRESENTATION (  '', ( #6525 ), #1820 ) ;
#6639 = VECTOR ( 'NONE', #6122, 1000.000000000000000 ) ;
#6640 = ORIENTED_EDGE ( 'NONE', *, *, #1281, .T. ) ;
#6641 = ORIENTED_EDGE ( 'NONE', *, *, #2244, .T. ) ;
#6642 = UNCERTAINTY_MEASURE_WITH_UNIT (LENGTH_MEASURE( 1.000000000000000082E-05 ), #1415, 'distance_accuracy_value', 'NONE');
#6643 =( NAMED_UNIT ( * ) PLANE_ANGLE_UNIT ( ) SI_UNIT ( $, .RADIAN. ) );
#6644 =( LENGTH_UNIT ( ) NAMED_UNIT ( * ) SI_UNIT ( .MILLI., .METRE. ) );
#6645 = CARTESIAN_POINT ( 'NONE',  ( -7.659338830835570100, 0.4213400374560394845, 4.317999999999999616 ) ) ;
#6646 = CARTESIAN_POINT ( 'NONE',  ( 7.659338830835570100, 0.4213400374560394845, -3.301999999999999602 ) ) ;
#6647 = VECTOR ( 'NONE', #1832, 1000.000000000000000 ) ;
#6648 = ORIENTED_EDGE ( 'NONE', *, *, #2087, .T. ) ;
#6649 =( NAMED_UNIT ( * ) PLANE_ANGLE_UNIT ( ) SI_UNIT ( $, .RADIAN. ) );
#6650 =( GEOMETRIC_REPRESENTATION_CONTEXT ( 3 ) GLOBAL_UNCERTAINTY_ASSIGNED_CONTEXT ( ( #5438 ) ) GLOBAL_UNIT_ASSIGNED_CONTEXT ( ( #2767, #5973, #1785 ) ) REPRESENTATION_CONTEXT ( 'NONE', 'WORKASPACE' ) );
#6651 = VERTEX_POINT ( 'NONE', #6321 ) ;
#6652 = DIRECTION ( 'NONE',  ( 0.000000000000000000, 0.000000000000000000, -1.000000000000000000 ) ) ;
#6653 = CARTESIAN_POINT ( 'NONE',  ( -6.386507856983209663, 3.835465918153454723, 0.7620000000000000107 ) ) ;
#6654 = SURFACE_SIDE_STYLE ('',( #3422 ) ) ;
#6655 = ORIENTED_EDGE ( 'NONE', *, *, #732, .F. ) ;
#6656 = FILL_AREA_STYLE ('',( #1880 ) ) ;
#6657 = ORIENTED_EDGE ( 'NONE', *, *, #2973, .F. ) ;
#6658 = EDGE_CURVE ( 'NONE', #5237, #5444, #5379, .T. ) ;
#6659 = FACE_OUTER_BOUND ( 'NONE', #3424, .T. ) ;
#6660 = DIRECTION ( 'NONE',  ( 0.000000000000000000, 1.000000000000000000, 0.000000000000000000 ) ) ;
#6661 = DIRECTION ( 'NONE',  ( 0.000000000000000000, 0.000000000000000000, -1.000000000000000000 ) ) ;
#6662 = LINE ( 'NONE', #1847, #1528 ) ;
#6663 = CARTESIAN_POINT ( 'NONE',  ( 7.659338830835570100, 0.4213400374560394845, -1.778000000000000025 ) ) ;
#6664 = ADVANCED_FACE ( 'NONE', ( #491 ), #4195, .T. ) ;
#6665 = FACE_OUTER_BOUND ( 'NONE', #5490, .T. ) ;
#6666 =( NAMED_UNIT ( * ) SI_UNIT ( $, .STERADIAN. ) SOLID_ANGLE_UNIT ( ) );
#6667 =( NAMED_UNIT ( * ) PLANE_ANGLE_UNIT ( ) SI_UNIT ( $, .RADIAN. ) );
#6668 = PRESENTATION_STYLE_ASSIGNMENT (( #2501 ) ) ;
#6669 = CARTESIAN_POINT ( 'NONE',  ( 7.659338830835570100, 0.4213400374560394845, -0.7620000000000000107 ) ) ;
#6670 = EDGE_CURVE ( 'NONE', #3813, #3974, #5505, .T. ) ;
#6671 = VERTEX_POINT ( 'NONE', #782 ) ;
#6672 = ORIENTED_EDGE ( 'NONE', *, *, #3509, .T. ) ;
#6673 = CARTESIAN_POINT ( 'NONE',  ( -6.386507856983209663, 3.835465918153454723, -3.301999999999999602 ) ) ;
#6674 = LINE ( 'NONE', #2435, #1634 ) ;
#6675 = AXIS2_PLACEMENT_3D ( 'NONE', #3105, #1487, #4759 ) ;
#6676 = LINE ( 'NONE', #6115, #4800 ) ;
#6677 = DIRECTION ( 'NONE',  ( 0.000000000000000000, 0.000000000000000000, 1.000000000000000000 ) ) ;
#6678 = CARTESIAN_POINT ( 'NONE',  ( 6.591843456756369513, 3.423906370854659986, -3.301999999999999602 ) ) ;
#6679 = FILL_AREA_STYLE_COLOUR ( '', #4371 ) ;
#6680 = PRESENTATION_LAYER_ASSIGNMENT (  '', '', ( #1379 ) ) ;
#6681 = AXIS2_PLACEMENT_3D ( 'NONE', #1889, #3987, #1334 ) ;
#6682 = ORIENTED_EDGE ( 'NONE', *, *, #1949, .T. ) ;
#6683 = DIRECTION ( 'NONE',  ( -0.000000000000000000, -1.000000000000000000, -0.000000000000000000 ) ) ;
#6684 = EDGE_LOOP ( 'NONE', ( #3204, #1021, #4610, #1905 ) ) ;
#6685 = CARTESIAN_POINT ( 'NONE',  ( 5.270500000000000185, 4.039999999999998259, 5.778500000000000192 ) ) ;
#6686 = PLANE ( 'NONE',  #4569 ) ;
#6687 = FILL_AREA_STYLE ('',( #261 ) ) ;
#6688 = AXIS2_PLACEMENT_3D ( 'NONE', #3698, #2175, #5928 ) ;
#6689 = COLOUR_RGB ( '',0.6666666666666666297, 0.6980392156862744724, 0.7686274509803920907 ) ;
#6690 = ORIENTED_EDGE ( 'NONE', *, *, #6752, .T. ) ;
#6691 =( GEOMETRIC_REPRESENTATION_CONTEXT ( 3 ) GLOBAL_UNCERTAINTY_ASSIGNED_CONTEXT ( ( #2356 ) ) GLOBAL_UNIT_ASSIGNED_CONTEXT ( ( #3251, #666, #54 ) ) REPRESENTATION_CONTEXT ( 'NONE', 'WORKASPACE' ) );
#6692 = DIRECTION ( 'NONE',  ( -0.2588190451025215166, 0.9659258262890680902, 0.000000000000000000 ) ) ;
#6693 = ORIENTED_EDGE ( 'NONE', *, *, #6577, .F. ) ;
#6694 =( LENGTH_UNIT ( ) NAMED_UNIT ( * ) SI_UNIT ( .MILLI., .METRE. ) );
#6695 = DIRECTION ( 'NONE',  ( 0.000000000000000000, 0.000000000000000000, -1.000000000000000000 ) ) ;
#6696 = SURFACE_SIDE_STYLE ('',( #2456 ) ) ;
#6697 =( GEOMETRIC_REPRESENTATION_CONTEXT ( 3 ) GLOBAL_UNCERTAINTY_ASSIGNED_CONTEXT ( ( #5021 ) ) GLOBAL_UNIT_ASSIGNED_CONTEXT ( ( #3543, #821, #5206 ) ) REPRESENTATION_CONTEXT ( 'NONE', 'WORKASPACE' ) );
#6698 = DIRECTION ( 'NONE',  ( 0.000000000000000000, 0.000000000000000000, -1.000000000000000000 ) ) ;
#6699 = EDGE_CURVE ( 'NONE', #3552, #1433, #6609, .T. ) ;
#6700 = DIRECTION ( 'NONE',  ( 0.000000000000000000, 0.000000000000000000, -1.000000000000000000 ) ) ;
#6701 = DIRECTION ( 'NONE',  ( 1.000000000000000000, 0.000000000000000000, 0.000000000000000000 ) ) ;
#6702 = MECHANICAL_DESIGN_GEOMETRIC_PRESENTATION_REPRESENTATION (  '', ( #383 ), #5025 ) ;
#6703 = CARTESIAN_POINT ( 'NONE',  ( -6.837188616633790517, 3.489646408310704828, -1.778000000000000025 ) ) ;
#6704 = SURFACE_SIDE_STYLE ('',( #3497 ) ) ;
#6705 = PLANE ( 'NONE',  #6479 ) ;
#6706 = AXIS2_PLACEMENT_3D ( 'NONE', #668, #272, #5053 ) ;
#6707 = ADVANCED_FACE ( 'NONE', ( #207 ), #1786, .F. ) ;
#6708 = VECTOR ( 'NONE', #733, 1000.000000000000000 ) ;
#6709 =( NAMED_UNIT ( * ) SI_UNIT ( $, .STERADIAN. ) SOLID_ANGLE_UNIT ( ) );
#6710 = AXIS2_PLACEMENT_3D ( 'NONE', #3732, #906, #3128 ) ;
#6711 = ORIENTED_EDGE ( 'NONE', *, *, #2901, .F. ) ;
#6712 = ORIENTED_EDGE ( 'NONE', *, *, #2350, .T. ) ;
#6713 = PRESENTATION_LAYER_ASSIGNMENT (  '', '', ( #2119 ) ) ;
#6714 = AXIS2_PLACEMENT_3D ( 'NONE', #1073, #3308, #3789 ) ;
#6715 = VECTOR ( 'NONE', #2692, 1000.000000000000114 ) ;
#6716 = DIRECTION ( 'NONE',  ( 0.000000000000000000, 1.000000000000000000, 0.000000000000000000 ) ) ;
#6717 = PRESENTATION_STYLE_ASSIGNMENT (( #888 ) ) ;
#6718 = AXIS2_PLACEMENT_3D ( 'NONE', #4562, #5641, #3488 ) ;
#6719 = FILL_AREA_STYLE ('',( #6157 ) ) ;
#6720 =( LENGTH_UNIT ( ) NAMED_UNIT ( * ) SI_UNIT ( .MILLI., .METRE. ) );
#6721 = DIRECTION ( 'NONE',  ( 0.000000000000000000, 0.000000000000000000, -1.000000000000000000 ) ) ;
#6722 = SURFACE_STYLE_USAGE ( .BOTH. , #1866 ) ;
#6723 = EDGE_CURVE ( 'NONE', #4827, #4647, #6735, .T. ) ;
#6724 = LINE ( 'NONE', #1420, #4815 ) ;
#6725 = CIRCLE ( 'NONE', #3711, 0.3699966097798265130 ) ;
#6726 = PRESENTATION_LAYER_ASSIGNMENT (  '', '', ( #523 ) ) ;
#6727 = ORIENTED_EDGE ( 'NONE', *, *, #57, .T. ) ;
#6728 = PLANE ( 'NONE',  #3734 ) ;
#6729 = ORIENTED_EDGE ( 'NONE', *, *, #1489, .T. ) ;
#6730 = LINE ( 'NONE', #4003, #6639 ) ;
#6731 = LINE ( 'NONE', #1909, #594 ) ;
#6732 = CARTESIAN_POINT ( 'NONE',  ( 9.090393670958150096, 1.102058738522372051E-15, 3.301999999999999602 ) ) ;
#6733 = CIRCLE ( 'NONE', #4160, 0.9424814043393257013 ) ;
#6734 = EDGE_CURVE ( 'NONE', #5549, #6919, #4019, .T. ) ;
#6735 = CIRCLE ( 'NONE', #1788, 0.2125790554353725048 ) ;
#6736 = ORIENTED_EDGE ( 'NONE', *, *, #5594, .F. ) ;
#6737 = VERTEX_POINT ( 'NONE', #4502 ) ;
#6738 = CARTESIAN_POINT ( 'NONE',  ( -6.386507856983209663, 3.835465918153454723, 1.778000000000000025 ) ) ;
#6739 = CARTESIAN_POINT ( 'NONE',  ( -9.105900000000000105, 0.2535262387991554789, -0.7620000000000000107 ) ) ;
#6740 = VECTOR ( 'NONE', #79, 1000.000000000000000 ) ;
#6741 = CARTESIAN_POINT ( 'NONE',  ( 7.040549455566119441, 2.730693425145454434, 4.317999999999999616 ) ) ;
#6742 = CARTESIAN_POINT ( 'NONE',  ( -7.659338830835570100, 0.4213400374560394845, 0.7620000000000000107 ) ) ;
#6743 = CARTESIAN_POINT ( 'NONE',  ( 5.778500000000000192, 0.3769999999999988916, 5.270500000000000185 ) ) ;
#6744 =( GEOMETRIC_REPRESENTATION_CONTEXT ( 3 ) GLOBAL_UNCERTAINTY_ASSIGNED_CONTEXT ( ( #1986 ) ) GLOBAL_UNIT_ASSIGNED_CONTEXT ( ( #1424, #5842, #1538 ) ) REPRESENTATION_CONTEXT ( 'NONE', 'WORKASPACE' ) );
#6745 = CARTESIAN_POINT ( 'NONE',  ( 7.771382951983880183, 0.4513621692343839920, 0.7620000000000000107 ) ) ;
#6746 =( NAMED_UNIT ( * ) SI_UNIT ( $, .STERADIAN. ) SOLID_ANGLE_UNIT ( ) );
#6747 = DIRECTION ( 'NONE',  ( 1.000000000000000000, 0.000000000000000000, 0.000000000000000000 ) ) ;
#6748 = ORIENTED_EDGE ( 'NONE', *, *, #933, .F. ) ;
#6750 = ORIENTED_EDGE ( 'NONE', *, *, #4763, .T. ) ;
#6749 = CIRCLE ( 'NONE', #3187, 0.4665790554353732578 ) ;
#6751 =( GEOMETRIC_REPRESENTATION_CONTEXT ( 3 ) GLOBAL_UNCERTAINTY_ASSIGNED_CONTEXT ( ( #4891 ) ) GLOBAL_UNIT_ASSIGNED_CONTEXT ( ( #1588, #3764, #2200 ) ) REPRESENTATION_CONTEXT ( 'NONE', 'WORKASPACE' ) );
#6752 = EDGE_CURVE ( 'NONE', #389, #4509, #6039, .T. ) ;
#6753 = DIRECTION ( 'NONE',  ( 0.000000000000000000, 1.000000000000000000, 0.000000000000000000 ) ) ;
#6754 = LINE ( 'NONE', #3077, #5015 ) ;
#6755 =( NAMED_UNIT ( * ) PLANE_ANGLE_UNIT ( ) SI_UNIT ( $, .RADIAN. ) );
#6756 = MECHANICAL_DESIGN_GEOMETRIC_PRESENTATION_REPRESENTATION (  '', ( #4193 ), #2045 ) ;
#6757 = EDGE_LOOP ( 'NONE', ( #4066, #5742, #1671, #6828 ) ) ;
#6758 = FACE_OUTER_BOUND ( 'NONE', #5947, .T. ) ;
#6759 = VERTEX_POINT ( 'NONE', #6663 ) ;
#6760 = PRESENTATION_LAYER_ASSIGNMENT (  '', '', ( #4977 ) ) ;
#6761 = EDGE_CURVE ( 'NONE', #1484, #6499, #6630, .T. ) ;
#6762 = SURFACE_SIDE_STYLE ('',( #1278 ) ) ;
#6763 =( GEOMETRIC_REPRESENTATION_CONTEXT ( 3 ) GLOBAL_UNCERTAINTY_ASSIGNED_CONTEXT ( ( #1787 ) ) GLOBAL_UNIT_ASSIGNED_CONTEXT ( ( #2653, #547, #4799 ) ) REPRESENTATION_CONTEXT ( 'NONE', 'WORKASPACE' ) );
#6764 = CARTESIAN_POINT ( 'NONE',  ( -1.216518595660673885, 6.859999999999999432, 6.032499999999999751 ) ) ;
#6765 = PRESENTATION_LAYER_ASSIGNMENT (  '', '', ( #4198 ) ) ;
#6766 =( NAMED_UNIT ( * ) PLANE_ANGLE_UNIT ( ) SI_UNIT ( $, .RADIAN. ) );
#6767 =( GEOMETRIC_REPRESENTATION_CONTEXT ( 3 ) GLOBAL_UNCERTAINTY_ASSIGNED_CONTEXT ( ( #6144 ) ) GLOBAL_UNIT_ASSIGNED_CONTEXT ( ( #6226, #1344, #320 ) ) REPRESENTATION_CONTEXT ( 'NONE', 'WORKASPACE' ) );
#6768 = MECHANICAL_DESIGN_GEOMETRIC_PRESENTATION_REPRESENTATION (  '', ( #1450 ), #2936 ) ;
#6769 = ORIENTED_EDGE ( 'NONE', *, *, #165, .F. ) ;
#6770 = ORIENTED_EDGE ( 'NONE', *, *, #2308, .F. ) ;
#6771 = EDGE_CURVE ( 'NONE', #6893, #4086, #3982, .T. ) ;
#6772 = UNCERTAINTY_MEASURE_WITH_UNIT (LENGTH_MEASURE( 1.000000000000000082E-05 ), #3514, 'distance_accuracy_value', 'NONE');
#6773 =( NAMED_UNIT ( * ) SI_UNIT ( $, .STERADIAN. ) SOLID_ANGLE_UNIT ( ) );
#6774 = CARTESIAN_POINT ( 'NONE',  ( -7.659338830835570100, 0.4213400374560394845, -4.317999999999999616 ) ) ;
#6775 = CARTESIAN_POINT ( 'NONE',  ( -7.659338830835570100, 0.4213400374560394845, 0.7620000000000000107 ) ) ;
#6776 = CARTESIAN_POINT ( 'NONE',  ( -6.386507856983209663, 3.835465918153454723, -0.7620000000000000107 ) ) ;
#6777 = CARTESIAN_POINT ( 'NONE',  ( 9.090393670958150096, 1.102058738522372051E-15, -0.7620000000000000107 ) ) ;
#6778 = FILL_AREA_STYLE ('',( #5199 ) ) ;
#6779 = DIRECTION ( 'NONE',  ( 0.000000000000000000, 0.000000000000000000, -1.000000000000000000 ) ) ;
#6780 = ORIENTED_EDGE ( 'NONE', *, *, #3616, .F. ) ;
#6781 = ORIENTED_EDGE ( 'NONE', *, *, #5859, .F. ) ;
#6782 = SURFACE_SIDE_STYLE ('',( #756 ) ) ;
#6783 = CARTESIAN_POINT ( 'NONE',  ( 6.386507856983209663, 3.368886862718084796, -1.778000000000000025 ) ) ;
#6784 =( LENGTH_UNIT ( ) NAMED_UNIT ( * ) SI_UNIT ( .MILLI., .METRE. ) );
#6785 =( NAMED_UNIT ( * ) PLANE_ANGLE_UNIT ( ) SI_UNIT ( $, .RADIAN. ) );
#6786 = FILL_AREA_STYLE_COLOUR ( '', #283 ) ;
#6787 = PRODUCT_DEFINITION ( 'UNKNOWN', '', #6847, #3539 ) ;
#6788 = ORIENTED_EDGE ( 'NONE', *, *, #2033, .F. ) ;
#6789 = FACE_OUTER_BOUND ( 'NONE', #1767, .T. ) ;
#6790 = ORIENTED_EDGE ( 'NONE', *, *, #4196, .T. ) ;
#6791 = CARTESIAN_POINT ( 'NONE',  ( 5.778500000000000192, 3.835465918153454723, 0.7620000000000000107 ) ) ;
#6792 = DIRECTION ( 'NONE',  ( 0.000000000000000000, 0.000000000000000000, -1.000000000000000000 ) ) ;
#6793 =( NAMED_UNIT ( * ) PLANE_ANGLE_UNIT ( ) SI_UNIT ( $, .RADIAN. ) );
#6794 = CARTESIAN_POINT ( 'NONE',  ( -5.778500000000000192, 3.581465918153455164, -3.301999999999999602 ) ) ;
#6795 = STYLED_ITEM ( 'NONE', ( #5314 ), #553 ) ;
#6796 = EDGE_CURVE ( 'NONE', #6500, #3619, #2909, .T. ) ;
#6797 = ORIENTED_EDGE ( 'NONE', *, *, #1508, .T. ) ;
#6798 = SURFACE_STYLE_FILL_AREA ( #6656 ) ;
#6799 = ORIENTED_EDGE ( 'NONE', *, *, #6449, .F. ) ;
#6800 = AXIS2_PLACEMENT_3D ( 'NONE', #5058, #5543, #6107 ) ;
#6801 = VECTOR ( 'NONE', #4667, 1000.000000000000000 ) ;
#6802 = COLOUR_RGB ( '',0.2509803921568627416, 0.2509803921568627416, 0.2509803921568627416 ) ;
#6803 = DIRECTION ( 'NONE',  ( 0.9981347984218673641, -0.06104853953484981610, 0.000000000000000000 ) ) ;
#6804 = CARTESIAN_POINT ( 'NONE',  ( 5.778500000000000192, 3.835465918153454723, -3.301999999999999602 ) ) ;
#6805 = EDGE_CURVE ( 'NONE', #1032, #4721, #4535, .T. ) ;
#6806 =( NAMED_UNIT ( * ) PLANE_ANGLE_UNIT ( ) SI_UNIT ( $, .RADIAN. ) );
#6807 = CARTESIAN_POINT ( 'NONE',  ( -3.351481404339324843, 6.859999999999999432, 12.38250000000000028 ) ) ;
#6808 = LINE ( 'NONE', #6250, #1216 ) ;
#6809 = PRESENTATION_LAYER_ASSIGNMENT (  '', '', ( #1389 ) ) ;
#6810 = AXIS2_PLACEMENT_3D ( 'NONE', #5315, #2115, #3678 ) ;
#6811 =( NAMED_UNIT ( * ) SI_UNIT ( $, .STERADIAN. ) SOLID_ANGLE_UNIT ( ) );
#6812 =( NAMED_UNIT ( * ) SI_UNIT ( $, .STERADIAN. ) SOLID_ANGLE_UNIT ( ) );
#6813 =( LENGTH_UNIT ( ) NAMED_UNIT ( * ) SI_UNIT ( .MILLI., .METRE. ) );
#6814 = MECHANICAL_DESIGN_GEOMETRIC_PRESENTATION_REPRESENTATION (  '', ( #3356 ), #6471 ) ;
#6815 = MECHANICAL_DESIGN_GEOMETRIC_PRESENTATION_REPRESENTATION (  '', ( #3362 ), #945 ) ;
#6816 = VERTEX_POINT ( 'NONE', #4566 ) ;
#6817 = ORIENTED_EDGE ( 'NONE', *, *, #4430, .F. ) ;
#6818 = SURFACE_SIDE_STYLE ('',( #3223 ) ) ;
#6820 = FACE_OUTER_BOUND ( 'NONE', #2626, .T. ) ;
#6819 =( GEOMETRIC_REPRESENTATION_CONTEXT ( 3 ) GLOBAL_UNCERTAINTY_ASSIGNED_CONTEXT ( ( #844 ) ) GLOBAL_UNIT_ASSIGNED_CONTEXT ( ( #5898, #1445, #3182 ) ) REPRESENTATION_CONTEXT ( 'NONE', 'WORKASPACE' ) );
#6821 = SURFACE_STYLE_FILL_AREA ( #5207 ) ;
#6822 = CARTESIAN_POINT ( 'NONE',  ( 7.413993670958149984, 0.3556000000000000272, 1.778000000000000025 ) ) ;
#6823 = CLOSED_SHELL ( 'NONE', ( #5739, #3253, #6446, #1131, #5430, #4046, #6365, #5896, #3659, #3831, #6111, #1911, #1731, #2430, #14, #417, #1482, #102, #4373, #238, #5583, #233 ) ) ;
#6824 = PRESENTATION_LAYER_ASSIGNMENT (  '', '', ( #743 ) ) ;
#6825 =( GEOMETRIC_REPRESENTATION_CONTEXT ( 3 ) GLOBAL_UNCERTAINTY_ASSIGNED_CONTEXT ( ( #6631 ) ) GLOBAL_UNIT_ASSIGNED_CONTEXT ( ( #3998, #6607, #5034 ) ) REPRESENTATION_CONTEXT ( 'NONE', 'WORKASPACE' ) );
#6826 = ORIENTED_EDGE ( 'NONE', *, *, #4109, .F. ) ;
#6827 = FACE_OUTER_BOUND ( 'NONE', #3301, .T. ) ;
#6828 = ORIENTED_EDGE ( 'NONE', *, *, #6542, .T. ) ;
#6829 = SURFACE_STYLE_USAGE ( .BOTH. , #2689 ) ;
#6830 =( LENGTH_UNIT ( ) NAMED_UNIT ( * ) SI_UNIT ( .MILLI., .METRE. ) );
#6831 = DIRECTION ( 'NONE',  ( 0.2588190451025215166, -0.9659258262890680902, 0.000000000000000000 ) ) ;
#6832 = SURFACE_STYLE_USAGE ( .BOTH. , #3587 ) ;
#6833 = ORIENTED_EDGE ( 'NONE', *, *, #4880, .F. ) ;
#6834 =( NAMED_UNIT ( * ) PLANE_ANGLE_UNIT ( ) SI_UNIT ( $, .RADIAN. ) );
#6835 = EDGE_LOOP ( 'NONE', ( #5416, #2762, #550, #2880 ) ) ;
#6836 = STYLED_ITEM ( 'NONE', ( #6601 ), #6489 ) ;
#6837 = PRESENTATION_LAYER_ASSIGNMENT (  '', '', ( #3029 ) ) ;
#6838 = UNCERTAINTY_MEASURE_WITH_UNIT (LENGTH_MEASURE( 1.000000000000000082E-05 ), #6302, 'distance_accuracy_value', 'NONE');
#6839 = SURFACE_STYLE_USAGE ( .BOTH. , #1362 ) ;
#6840 = FACE_OUTER_BOUND ( 'NONE', #1248, .T. ) ;
#6841 = EDGE_CURVE ( 'NONE', #6354, #5369, #4949, .T. ) ;
#6842 = DIRECTION ( 'NONE',  ( 0.000000000000000000, 0.000000000000000000, -1.000000000000000000 ) ) ;
#6843 = MECHANICAL_DESIGN_GEOMETRIC_PRESENTATION_REPRESENTATION (  '', ( #1674 ), #1903 ) ;
#6844 = STYLED_ITEM ( 'NONE', ( #2944 ), #1405 ) ;
#6845 = DIRECTION ( 'NONE',  ( 0.000000000000000000, 0.000000000000000000, 1.000000000000000000 ) ) ;
#6846 = DIRECTION ( 'NONE',  ( -1.000000000000000000, 0.000000000000000000, 0.000000000000000000 ) ) ;
#6847 = PRODUCT_DEFINITION_FORMATION_WITH_SPECIFIED_SOURCE ( 'ANY', '', #5850, .NOT_KNOWN. ) ;
#6848 = EDGE_CURVE ( 'NONE', #3929, #5432, #5274, .T. ) ;
#6849 = FILL_AREA_STYLE ('',( #3774 ) ) ;
#6850 =( NAMED_UNIT ( * ) SI_UNIT ( $, .STERADIAN. ) SOLID_ANGLE_UNIT ( ) );
#6851 =( GEOMETRIC_REPRESENTATION_CONTEXT ( 3 ) GLOBAL_UNCERTAINTY_ASSIGNED_CONTEXT ( ( #337 ) ) GLOBAL_UNIT_ASSIGNED_CONTEXT ( ( #10, #4997, #5992 ) ) REPRESENTATION_CONTEXT ( 'NONE', 'WORKASPACE' ) );
#6852 = EDGE_LOOP ( 'NONE', ( #3206, #2111, #6895, #5771 ) ) ;
#6853 = ORIENTED_EDGE ( 'NONE', *, *, #5046, .F. ) ;
#6854 = EDGE_CURVE ( 'NONE', #5614, #494, #3530, .T. ) ;
#6855 = DIRECTION ( 'NONE',  ( -1.000000000000000000, 0.000000000000000000, 0.000000000000000000 ) ) ;
#6856 = DIRECTION ( 'NONE',  ( 1.000000000000000000, 0.000000000000000000, 0.000000000000000000 ) ) ;
#6857 = VECTOR ( 'NONE', #1133, 1000.000000000000114 ) ;
#6858 = CARTESIAN_POINT ( 'NONE',  ( 6.386507856983209663, 3.581465918153455164, 1.778000000000000025 ) ) ;
#6859 = SURFACE_STYLE_USAGE ( .BOTH. , #5768 ) ;
#6860 = MECHANICAL_DESIGN_GEOMETRIC_PRESENTATION_REPRESENTATION (  '', ( #2608 ), #313 ) ;
#6861 = ORIENTED_EDGE ( 'NONE', *, *, #5623, .T. ) ;
#6862 = EDGE_LOOP ( 'NONE', ( #421, #2329, #2744, #6339 ) ) ;
#6863 = DIRECTION ( 'NONE',  ( -0.06104853953484982304, -0.9981347984218674751, 0.000000000000000000 ) ) ;
#6864 = PLANE ( 'NONE',  #2278 ) ;
#6865 = DIRECTION ( 'NONE',  ( 0.000000000000000000, 0.000000000000000000, -1.000000000000000000 ) ) ;
#6866 = EDGE_LOOP ( 'NONE', ( #3660, #1706, #715, #2685 ) ) ;
#6867 = CARTESIAN_POINT ( 'NONE',  ( -6.032499999999999751, 7.849999999999999645, 5.524499999999999744 ) ) ;
#6868 = PRESENTATION_LAYER_ASSIGNMENT (  '', '', ( #2044 ) ) ;
#6869 = ORIENTED_EDGE ( 'NONE', *, *, #1448, .T. ) ;
#6870 = CARTESIAN_POINT ( 'NONE',  ( -9.105900000000000105, 0.2535262387991554789, 1.778000000000000025 ) ) ;
#6871 =( NAMED_UNIT ( * ) SI_UNIT ( $, .STERADIAN. ) SOLID_ANGLE_UNIT ( ) );
#6872 = DIRECTION ( 'NONE',  ( 0.000000000000000000, 1.000000000000000000, 0.000000000000000000 ) ) ;
#6873 = FILL_AREA_STYLE ('',( #6314 ) ) ;
#6874 =( LENGTH_UNIT ( ) NAMED_UNIT ( * ) SI_UNIT ( .MILLI., .METRE. ) );
#6875 = VECTOR ( 'NONE', #2849, 1000.000000000000000 ) ;
#6876 =( GEOMETRIC_REPRESENTATION_CONTEXT ( 3 ) GLOBAL_UNCERTAINTY_ASSIGNED_CONTEXT ( ( #1202 ) ) GLOBAL_UNIT_ASSIGNED_CONTEXT ( ( #285, #1374, #1937 ) ) REPRESENTATION_CONTEXT ( 'NONE', 'WORKASPACE' ) );
#6877 = EDGE_CURVE ( 'NONE', #6198, #116, #938, .T. ) ;
#6878 = CARTESIAN_POINT ( 'NONE',  ( 7.659338830835570100, 0.4213400374560394845, 0.7620000000000000107 ) ) ;
#6879 = FILL_AREA_STYLE ('',( #2601 ) ) ;
#6880 = PRESENTATION_STYLE_ASSIGNMENT (( #1597 ) ) ;
#6881 = CARTESIAN_POINT ( 'NONE',  ( 5.778500000000000192, 3.835465918153454723, 1.778000000000000025 ) ) ;
#6882 = APPLICATION_CONTEXT ( 'automotive_design' ) ;
#6883 = DIRECTION ( 'NONE',  ( 0.000000000000000000, 0.000000000000000000, 1.000000000000000000 ) ) ;
#6884 = EDGE_CURVE ( 'NONE', #1324, #1843, #1194, .T. ) ;
#6885 = VERTEX_POINT ( 'NONE', #2571 ) ;
#6886 = EDGE_LOOP ( 'NONE', ( #5284, #947, #1451, #4701 ) ) ;
#6887 = SURFACE_STYLE_USAGE ( .BOTH. , #6818 ) ;
#6888 = CARTESIAN_POINT ( 'NONE',  ( -7.659338830835570100, 0.4213400374560394845, 4.317999999999999616 ) ) ;
#6889 = FACE_OUTER_BOUND ( 'NONE', #6968, .T. ) ;
#6890 = SURFACE_SIDE_STYLE ('',( #2117 ) ) ;
#6891 = CARTESIAN_POINT ( 'NONE',  ( 9.105900000000000105, 0.2535262387991554789, 1.778000000000000025 ) ) ;
#6892 = EDGE_CURVE ( 'NONE', #656, #70, #1478, .T. ) ;
#6893 = VERTEX_POINT ( 'NONE', #5229 ) ;
#6894 = PRESENTATION_STYLE_ASSIGNMENT (( #5319 ) ) ;
#6895 = ORIENTED_EDGE ( 'NONE', *, *, #3174, .T. ) ;
#6896 = FILL_AREA_STYLE ('',( #998 ) ) ;
#6897 = SURFACE_STYLE_FILL_AREA ( #3688 ) ;
#6898 = CARTESIAN_POINT ( 'NONE',  ( 6.032499999999999751, 4.039999999999999147, -5.524499999999999744 ) ) ;
#6899 = VERTEX_POINT ( 'NONE', #4672 ) ;
#6900 = DIRECTION ( 'NONE',  ( -1.000000000000000000, 0.000000000000000000, 0.000000000000000000 ) ) ;
#6901 = ORIENTED_EDGE ( 'NONE', *, *, #4016, .T. ) ;
#6902 = UNCERTAINTY_MEASURE_WITH_UNIT (LENGTH_MEASURE( 1.000000000000000082E-05 ), #5297, 'distance_accuracy_value', 'NONE');
#6903 = SURFACE_STYLE_FILL_AREA ( #2594 ) ;
#6904 = SURFACE_SIDE_STYLE ('',( #1079 ) ) ;
#6905 = PLANE ( 'NONE',  #4866 ) ;
#6906 = MECHANICAL_DESIGN_GEOMETRIC_PRESENTATION_REPRESENTATION (  '', ( #2206 ), #481 ) ;
#6907 =( GEOMETRIC_REPRESENTATION_CONTEXT ( 3 ) GLOBAL_UNCERTAINTY_ASSIGNED_CONTEXT ( ( #2491 ) ) GLOBAL_UNIT_ASSIGNED_CONTEXT ( ( #5426, #4419, #193 ) ) REPRESENTATION_CONTEXT ( 'NONE', 'WORKASPACE' ) );
#6908 = CARTESIAN_POINT ( 'NONE',  ( 7.748795199323979865, 0.08205567771502250696, 1.778000000000000025 ) ) ;
#6909 = CIRCLE ( 'NONE', #3790, 1.559452194160842575 ) ;
#6910 = DIRECTION ( 'NONE',  ( 0.2588190451025215166, 0.9659258262890680902, 0.000000000000000000 ) ) ;
#6911 = CARTESIAN_POINT ( 'NONE',  ( 9.090393670958150096, 1.102058738522372051E-15, 1.778000000000000025 ) ) ;
#6912 = FACE_OUTER_BOUND ( 'NONE', #2952, .T. ) ;
#6913 = VECTOR ( 'NONE', #1839, 1000.000000000000000 ) ;
#6914 = EDGE_CURVE ( 'NONE', #3299, #2271, #2980, .T. ) ;
#6915 = STYLED_ITEM ( 'NONE', ( #2652 ), #4716 ) ;
#6916 = FILL_AREA_STYLE_COLOUR ( '', #3603 ) ;
#6917 = ORIENTED_EDGE ( 'NONE', *, *, #1685, .T. ) ;
#6918 = VECTOR ( 'NONE', #319, 1000.000000000000227 ) ;
#6919 = VERTEX_POINT ( 'NONE', #6743 ) ;
#6920 = FILL_AREA_STYLE_COLOUR ( '', #3910 ) ;
#6921 = LINE ( 'NONE', #2646, #4686 ) ;
#6922 = DIRECTION ( 'NONE',  ( -1.000000000000000000, 0.000000000000000000, 0.000000000000000000 ) ) ;
#6923 = ADVANCED_FACE ( 'NONE', ( #1924 ), #2529, .T. ) ;
#6924 =( NAMED_UNIT ( * ) PLANE_ANGLE_UNIT ( ) SI_UNIT ( $, .RADIAN. ) );
#6925 = VECTOR ( 'NONE', #4270, 1000.000000000000000 ) ;
#6926 = AXIS2_PLACEMENT_3D ( 'NONE', #5605, #2391, #6661 ) ;
#6927 = SURFACE_STYLE_USAGE ( .BOTH. , #426 ) ;
#6928 = ORIENTED_EDGE ( 'NONE', *, *, #6385, .T. ) ;
#6929 = ORIENTED_EDGE ( 'NONE', *, *, #780, .T. ) ;
#6930 = AXIS2_PLACEMENT_3D ( 'NONE', #4945, #1124, #4879 ) ;
#6931 = PRESENTATION_LAYER_ASSIGNMENT (  '', '', ( #1530 ) ) ;
#6932 = FILL_AREA_STYLE_COLOUR ( '', #325 ) ;
#6933 = PRESENTATION_STYLE_ASSIGNMENT (( #546 ) ) ;
#6934 = PRESENTATION_STYLE_ASSIGNMENT (( #4732 ) ) ;
#6935 =( LENGTH_UNIT ( ) NAMED_UNIT ( * ) SI_UNIT ( .MILLI., .METRE. ) );
#6936 = EDGE_CURVE ( 'NONE', #6031, #6198, #4711, .T. ) ;
#6937 = CARTESIAN_POINT ( 'NONE',  ( 5.778500000000000192, 4.039999999999998259, -5.778500000000000192 ) ) ;
#6938 =( GEOMETRIC_REPRESENTATION_CONTEXT ( 3 ) GLOBAL_UNCERTAINTY_ASSIGNED_CONTEXT ( ( #3626 ) ) GLOBAL_UNIT_ASSIGNED_CONTEXT ( ( #1759, #5892, #1206 ) ) REPRESENTATION_CONTEXT ( 'NONE', 'WORKASPACE' ) );
#6939 =( GEOMETRIC_REPRESENTATION_CONTEXT ( 3 ) GLOBAL_UNCERTAINTY_ASSIGNED_CONTEXT ( ( #6004 ) ) GLOBAL_UNIT_ASSIGNED_CONTEXT ( ( #6627, #439, #510 ) ) REPRESENTATION_CONTEXT ( 'NONE', 'WORKASPACE' ) );
#6940 = PRESENTATION_LAYER_ASSIGNMENT (  '', '', ( #3019 ) ) ;
#6941 = ORIENTED_EDGE ( 'NONE', *, *, #4206, .F. ) ;
#6942 = CARTESIAN_POINT ( 'NONE',  ( -5.206424362375529746, 0.3769999999999999463, -4.825424362375530407 ) ) ;
#6943 = ORIENTED_EDGE ( 'NONE', *, *, #6618, .F. ) ;
#6944 = CARTESIAN_POINT ( 'NONE',  ( 7.413993670958149984, 0.3556000000000000272, 3.301999999999999602 ) ) ;
#6945 = STYLED_ITEM ( 'NONE', ( #5903 ), #14 ) ;
#6946 =( GEOMETRIC_REPRESENTATION_CONTEXT ( 3 ) GLOBAL_UNCERTAINTY_ASSIGNED_CONTEXT ( ( #2637 ) ) GLOBAL_UNIT_ASSIGNED_CONTEXT ( ( #3963, #6229, #6298 ) ) REPRESENTATION_CONTEXT ( 'NONE', 'WORKASPACE' ) );
#6947 = LINE ( 'NONE', #2139, #1262 ) ;
#6948 = ADVANCED_FACE ( 'NONE', ( #3561 ), #6216, .F. ) ;
#6949 = COLOUR_RGB ( '',0.6666666666666666297, 0.6980392156862744724, 0.7686274509803920907 ) ;
#6950 = AXIS2_PLACEMENT_3D ( 'NONE', #3363, #3917, #750 ) ;
#6951 = LINE ( 'NONE', #1477, #5052 ) ;
#6952 = SURFACE_STYLE_FILL_AREA ( #484 ) ;
#6953 =( NAMED_UNIT ( * ) PLANE_ANGLE_UNIT ( ) SI_UNIT ( $, .RADIAN. ) );
#6954 = SURFACE_STYLE_FILL_AREA ( #416 ) ;
#6955 = COLOUR_RGB ( '',0.6666666666666666297, 0.6980392156862744724, 0.7686274509803920907 ) ;
#6956 =( GEOMETRIC_REPRESENTATION_CONTEXT ( 3 ) GLOBAL_UNCERTAINTY_ASSIGNED_CONTEXT ( ( #5294 ) ) GLOBAL_UNIT_ASSIGNED_CONTEXT ( ( #2733, #3176, #5362 ) ) REPRESENTATION_CONTEXT ( 'NONE', 'WORKASPACE' ) );
#6957 = VECTOR ( 'NONE', #122, 1000.000000000000000 ) ;
#6958 = EDGE_LOOP ( 'NONE', ( #646, #997 ) ) ;
#6959 = SURFACE_STYLE_FILL_AREA ( #3778 ) ;
#6960 = DIRECTION ( 'NONE',  ( 0.000000000000000000, 0.000000000000000000, 1.000000000000000000 ) ) ;
#6961 = SURFACE_STYLE_USAGE ( .BOTH. , #351 ) ;
#6962 = CARTESIAN_POINT ( 'NONE',  ( -2.158999999999999808, 6.859999999999999432, 12.38250000000000028 ) ) ;
#6963 = PRESENTATION_STYLE_ASSIGNMENT (( #2157 ) ) ;
#6964 = AXIS2_PLACEMENT_3D ( 'NONE', #2559, #1615, #3792 ) ;
#6965 = LINE ( 'NONE', #6330, #518 ) ;
#6966 = EDGE_CURVE ( 'NONE', #5614, #2189, #5895, .T. ) ;
#6967 = ORIENTED_EDGE ( 'NONE', *, *, #6670, .F. ) ;
#6968 = EDGE_LOOP ( 'NONE', ( #6062, #5805, #4029, #291 ) ) ;
#6969 = STYLED_ITEM ( 'NONE', ( #255 ), #2167 ) ;
#6970 = PLANE ( 'NONE',  #4242 ) ;
#6971 = FILL_AREA_STYLE ('',( #2722 ) ) ;
#6972 = DIRECTION ( 'NONE',  ( 0.000000000000000000, 1.000000000000000000, 0.000000000000000000 ) ) ;
#6973 = VECTOR ( 'NONE', #309, 1000.000000000000114 ) ;
#6974 = ADVANCED_FACE ( 'NONE', ( #4326 ), #5967, .T. ) ;
#6975 = ORIENTED_EDGE ( 'NONE', *, *, #4616, .T. ) ;
#6976 = VERTEX_POINT ( 'NONE', #1045 ) ;
#6977 = DIRECTION ( 'NONE',  ( 0.000000000000000000, 0.000000000000000000, -1.000000000000000000 ) ) ;
#6978 = VECTOR ( 'NONE', #2770, 1000.000000000000114 ) ;
#6979 = CARTESIAN_POINT ( 'NONE',  ( -7.764301528365829874, 0.3355819165141765148, 3.301999999999999602 ) ) ;
#6980 = SURFACE_STYLE_USAGE ( .BOTH. , #1237 ) ;
#6981 = CARTESIAN_POINT ( 'NONE',  ( 6.891631934688050798, 2.305080539689890351, 4.317999999999999616 ) ) ;
#6982 = CIRCLE ( 'NONE', #4521, 0.3810000000000002829 ) ;
#6983 = EDGE_CURVE ( 'NONE', #4631, #3942, #5725, .T. ) ;
#6984 = FILL_AREA_STYLE_COLOUR ( '', #969 ) ;
#6985 = SURFACE_SIDE_STYLE ('',( #2148 ) ) ;
#6986 = VECTOR ( 'NONE', #4081, 1000.000000000000114 ) ;
#6987 = CIRCLE ( 'NONE', #3973, 0.5079999999999997851 ) ;
#6988 = SURFACE_STYLE_FILL_AREA ( #92 ) ;
#6989 = EDGE_LOOP ( 'NONE', ( #1813, #4807, #5083, #6196 ) ) ;
#6990 = UNCERTAINTY_MEASURE_WITH_UNIT (LENGTH_MEASURE( 1.000000000000000082E-05 ), #5942, 'distance_accuracy_value', 'NONE');
#6991 = FILL_AREA_STYLE ('',( #4399 ) ) ;
#6992 = SURFACE_SIDE_STYLE ('',( #4852 ) ) ;
#6993 = DIRECTION ( 'NONE',  ( -0.06104853953484747076, -0.9981347984218675862, 0.000000000000000000 ) ) ;
#6994 = SURFACE_STYLE_FILL_AREA ( #992 ) ;
ENDSEC;
END-ISO-10303-21;
