ISO-10303-21;
HEADER;
/* Generated by software containing ST-Developer
 * from STEP Tools, Inc. (www.steptools.com) 
 */
/* OPTION: using custom renumber hook */

FILE_DESCRIPTION(
/* description */ ('STEP AP242',
'CAx-IF Rec.Pracs.---Representation and Presentation of Product Manufa
cturing Information (PMI)---4.0---2014-10-13',
'CAx-IF Rec.Pracs.---3D Tessellated Geometry---0.4---2014-09-14','2;1'),

/* implementation_level */ '2;1');

FILE_NAME(
/* name */ '2601-1101',
/* time_stamp */ '2025-11-01T15:34:55+01:00',
/* author */ ('License CC BY-ND 4.0'),
/* organization */ ('CADENAS'),
/* preprocessor_version */ 'ST-DEVELOPER v20',
/* originating_system */ 'PARTsolutions',
/* authorisation */ '  ');

FILE_SCHEMA (('AP242_MANAGED_MODEL_BASED_3D_ENGINEERING_MIM_LF { 1 0 10303 442 1 1 4 }'));
ENDSEC;

DATA;
#10=SHAPE_REPRESENTATION_RELATIONSHIP('','',#4829,#11);
#11=ADVANCED_BREP_SHAPE_REPRESENTATION('',(#4827),#7233);
#12=CONICAL_SURFACE('',#5030,0.300000000000001,0.785398163397448);
#13=B_SPLINE_CURVE_WITH_KNOTS('',3,(#6243,#6244,#6245,#6246),
 .UNSPECIFIED.,.F.,.F.,(4,4),(1.0842021724855E-19,8.79866024187832E-5),
 .UNSPECIFIED.);
#14=B_SPLINE_CURVE_WITH_KNOTS('',3,(#6248,#6249,#6250,#6251),
 .UNSPECIFIED.,.F.,.F.,(4,4),(1.0842021724855E-19,0.00114691079697393),
 .UNSPECIFIED.);
#15=B_SPLINE_CURVE_WITH_KNOTS('',3,(#6253,#6254,#6255,#6256),
 .UNSPECIFIED.,.F.,.F.,(4,4),(4.33680868994202E-19,0.00114691082136395),
 .UNSPECIFIED.);
#16=B_SPLINE_CURVE_WITH_KNOTS('',3,(#6258,#6259,#6260,#6261),
 .UNSPECIFIED.,.F.,.F.,(4,4),(0.,8.79865781468849E-5),.UNSPECIFIED.);
#17=B_SPLINE_CURVE_WITH_KNOTS('',3,(#6263,#6264,#6265,#6266),
 .UNSPECIFIED.,.F.,.F.,(4,4),(1.17054927392111E-18,0.000261025259835854),
 .UNSPECIFIED.);
#18=B_SPLINE_CURVE_WITH_KNOTS('',3,(#6271,#6272,#6273,#6274),
 .UNSPECIFIED.,.F.,.F.,(4,4),(4.33680868994202E-19,0.000260679560388622),
 .UNSPECIFIED.);
#19=B_SPLINE_CURVE_WITH_KNOTS('',3,(#6276,#6277,#6278,#6279),
 .UNSPECIFIED.,.F.,.F.,(4,4),(4.33680868994202E-19,0.00114691082136395),
 .UNSPECIFIED.);
#20=B_SPLINE_CURVE_WITH_KNOTS('',3,(#6281,#6282,#6283,#6284),
 .UNSPECIFIED.,.F.,.F.,(4,4),(4.33680868994202E-19,0.00114691079697393),
 .UNSPECIFIED.);
#21=B_SPLINE_CURVE_WITH_KNOTS('',3,(#7059,#7060,#7061,#7062),
 .UNSPECIFIED.,.F.,.F.,(4,4),(0.,0.000236315292161439),.UNSPECIFIED.);
#22=CYLINDRICAL_SURFACE('',#4845,0.299999999999998);
#23=CYLINDRICAL_SURFACE('',#4846,0.300000000000002);
#24=CYLINDRICAL_SURFACE('',#4906,0.300000000000002);
#25=CYLINDRICAL_SURFACE('',#4908,0.3);
#26=CYLINDRICAL_SURFACE('',#4909,0.300000000000014);
#27=CYLINDRICAL_SURFACE('',#4912,0.300000000000002);
#28=CYLINDRICAL_SURFACE('',#4913,1.);
#29=CYLINDRICAL_SURFACE('',#4916,0.149999999999998);
#30=CYLINDRICAL_SURFACE('',#4920,0.15);
#31=CYLINDRICAL_SURFACE('',#4923,1.25);
#32=CYLINDRICAL_SURFACE('',#4927,1.25);
#33=CYLINDRICAL_SURFACE('',#4930,0.15);
#34=CYLINDRICAL_SURFACE('',#4934,0.15);
#35=CYLINDRICAL_SURFACE('',#4937,1.25);
#36=CYLINDRICAL_SURFACE('',#4946,0.150000000000001);
#37=CYLINDRICAL_SURFACE('',#4949,0.15);
#38=CYLINDRICAL_SURFACE('',#4951,1.25);
#39=CYLINDRICAL_SURFACE('',#4961,1.25000000000001);
#40=CYLINDRICAL_SURFACE('',#4964,0.149999999999999);
#41=CYLINDRICAL_SURFACE('',#4967,0.150000000000005);
#42=CYLINDRICAL_SURFACE('',#4969,1.24999999999999);
#43=CYLINDRICAL_SURFACE('',#4972,1.25000000000009);
#44=CYLINDRICAL_SURFACE('',#4976,1.00000000000001);
#45=CYLINDRICAL_SURFACE('',#4978,0.150000000000003);
#46=CYLINDRICAL_SURFACE('',#4984,1.24999999999999);
#47=CYLINDRICAL_SURFACE('',#4986,0.150000000000003);
#48=CYLINDRICAL_SURFACE('',#4989,0.150000000000003);
#49=CYLINDRICAL_SURFACE('',#4996,0.150000000000006);
#50=CYLINDRICAL_SURFACE('',#4998,0.15);
#51=CYLINDRICAL_SURFACE('',#5000,0.149999999999997);
#52=CYLINDRICAL_SURFACE('',#5002,0.15000000000001);
#53=CYLINDRICAL_SURFACE('',#5004,0.150000000000009);
#54=CYLINDRICAL_SURFACE('',#5006,0.150000000000001);
#55=CYLINDRICAL_SURFACE('',#5008,0.150000000000018);
#56=CYLINDRICAL_SURFACE('',#5010,0.150000000000004);
#57=CYLINDRICAL_SURFACE('',#5013,0.150000000000005);
#58=CYLINDRICAL_SURFACE('',#5017,0.15000000000001);
#59=CYLINDRICAL_SURFACE('',#5023,0.300000000000001);
#60=CYLINDRICAL_SURFACE('',#5033,0.600000000000001);
#61=CYLINDRICAL_SURFACE('',#5036,0.6);
#62=CYLINDRICAL_SURFACE('',#5038,0.6);
#63=CYLINDRICAL_SURFACE('',#5041,0.149999999999999);
#64=CYLINDRICAL_SURFACE('',#5044,0.300000000000002);
#65=CYLINDRICAL_SURFACE('',#5047,0.300000000000003);
#66=CYLINDRICAL_SURFACE('',#5050,0.15);
#67=CYLINDRICAL_SURFACE('',#5053,0.600000000000001);
#68=CYLINDRICAL_SURFACE('',#5069,0.300000000000002);
#69=CYLINDRICAL_SURFACE('',#5071,0.3);
#70=CYLINDRICAL_SURFACE('',#5074,0.300000000000014);
#71=CYLINDRICAL_SURFACE('',#5080,0.300000000000007);
#72=CYLINDRICAL_SURFACE('',#5083,0.3);
#73=CYLINDRICAL_SURFACE('',#5086,0.199999999999999);
#74=CYLINDRICAL_SURFACE('',#5089,0.200000000000001);
#75=CYLINDRICAL_SURFACE('',#5095,0.149999999999981);
#76=CYLINDRICAL_SURFACE('',#5102,0.149999999999999);
#77=CYLINDRICAL_SURFACE('',#5104,0.150000000000003);
#78=CYLINDRICAL_SURFACE('',#5106,0.149999999999994);
#79=CYLINDRICAL_SURFACE('',#5117,0.800000000000003);
#80=CYLINDRICAL_SURFACE('',#5121,0.499999999999998);
#81=CYLINDRICAL_SURFACE('',#5124,1.00000000000006);
#82=CYLINDRICAL_SURFACE('',#5128,4.);
#83=CYLINDRICAL_SURFACE('',#5129,0.399999999999993);
#84=CYLINDRICAL_SURFACE('',#5130,0.399999999999996);
#85=CYLINDRICAL_SURFACE('',#5131,3.00000000000005);
#86=CYLINDRICAL_SURFACE('',#5132,3.00000000000004);
#87=CYLINDRICAL_SURFACE('',#5133,0.45);
#88=CYLINDRICAL_SURFACE('',#5144,0.5);
#89=CYLINDRICAL_SURFACE('',#5147,0.150000000000001);
#90=CYLINDRICAL_SURFACE('',#5150,1.59999999999999);
#91=ELLIPSE('',#4841,3.23446505403772,3.00000000000005);
#92=ELLIPSE('',#4842,0.431262007205015,0.399999999999993);
#93=ELLIPSE('',#4843,0.431262007205018,0.399999999999996);
#94=ELLIPSE('',#4844,3.23446505403771,3.00000000000004);
#95=ELLIPSE('',#4895,0.233358574029062,0.15);
#96=ELLIPSE('',#4896,0.233358574029058,0.149999999999997);
#97=ELLIPSE('',#4897,0.233358574029077,0.15000000000001);
#98=ELLIPSE('',#4898,0.233358574029075,0.150000000000009);
#99=ELLIPSE('',#4899,0.233358574029063,0.150000000000001);
#100=ELLIPSE('',#4900,0.23335857402909,0.150000000000018);
#101=ELLIPSE('',#4901,0.233358574029072,0.150000000000006);
#102=ELLIPSE('',#4902,0.233358574029077,0.15000000000001);
#103=ELLIPSE('',#4903,0.233358574029069,0.150000000000005);
#104=ELLIPSE('',#4904,0.233358574029068,0.150000000000004);
#105=ELLIPSE('',#5077,0.233358574029053,0.149999999999994);
#106=ELLIPSE('',#5078,0.233358574029067,0.150000000000003);
#107=ELLIPSE('',#5079,0.23335857402906,0.149999999999999);
#108=ELLIPSE('',#5081,0.36334368540006,0.300000000000007);
#109=CIRCLE('',#4832,1.59999999999999);
#110=CIRCLE('',#4833,0.150000000000001);
#111=CIRCLE('',#4834,0.5);
#112=CIRCLE('',#4835,0.45);
#113=CIRCLE('',#4836,0.300000000000002);
#114=CIRCLE('',#4837,0.300000000000002);
#115=CIRCLE('',#4838,0.3);
#116=CIRCLE('',#4839,0.300000000000014);
#117=CIRCLE('',#4848,3.00000000000005);
#118=CIRCLE('',#4849,3.00000000000004);
#119=CIRCLE('',#4850,0.399999999999996);
#120=CIRCLE('',#4851,0.399999999999993);
#121=CIRCLE('',#4853,1.00000000000006);
#122=CIRCLE('',#4854,0.800000000000003);
#123=CIRCLE('',#4856,0.800000000000003);
#124=CIRCLE('',#4857,1.00000000000006);
#125=CIRCLE('',#4860,0.300000000000002);
#126=CIRCLE('',#4861,1.);
#127=CIRCLE('',#4862,0.300000000000002);
#128=CIRCLE('',#4864,1.25);
#129=CIRCLE('',#4865,1.25);
#130=CIRCLE('',#4867,0.3);
#131=CIRCLE('',#4868,0.3);
#132=CIRCLE('',#4870,0.300000000000014);
#133=CIRCLE('',#4871,0.300000000000014);
#134=CIRCLE('',#4873,0.3);
#135=CIRCLE('',#4874,0.300000000000002);
#136=CIRCLE('',#4876,1.24999999999999);
#137=CIRCLE('',#4877,1.25000000000001);
#138=CIRCLE('',#4879,0.6);
#139=CIRCLE('',#4880,0.600000000000001);
#140=CIRCLE('',#4881,0.600000000000001);
#141=CIRCLE('',#4882,0.15);
#142=CIRCLE('',#4883,0.300000000000003);
#143=CIRCLE('',#4884,0.300000000000002);
#144=CIRCLE('',#4885,0.149999999999999);
#145=CIRCLE('',#4886,0.6);
#146=CIRCLE('',#4890,0.150000000000006);
#147=CIRCLE('',#4891,0.150000000000018);
#148=CIRCLE('',#4892,0.150000000000001);
#149=CIRCLE('',#4893,0.150000000000009);
#150=CIRCLE('',#4911,0.500000000000001);
#151=CIRCLE('',#4914,1.);
#152=CIRCLE('',#4915,1.);
#153=CIRCLE('',#4917,0.149999999999998);
#154=CIRCLE('',#4918,0.149999999999998);
#155=CIRCLE('',#4921,0.15);
#156=CIRCLE('',#4922,0.15);
#157=CIRCLE('',#4924,1.25);
#158=CIRCLE('',#4925,1.25);
#159=CIRCLE('',#4928,1.25);
#160=CIRCLE('',#4929,1.25);
#161=CIRCLE('',#4931,0.15);
#162=CIRCLE('',#4932,0.15);
#163=CIRCLE('',#4935,0.15);
#164=CIRCLE('',#4936,0.15);
#165=CIRCLE('',#4938,1.25);
#166=CIRCLE('',#4939,1.25);
#167=CIRCLE('',#4942,1.25);
#168=CIRCLE('',#4943,0.15);
#169=CIRCLE('',#4944,0.150000000000001);
#170=CIRCLE('',#4947,0.150000000000001);
#171=CIRCLE('',#4950,0.15);
#172=CIRCLE('',#4952,1.25);
#173=CIRCLE('',#4954,1.25000000000001);
#174=CIRCLE('',#4955,0.149999999999999);
#175=CIRCLE('',#4956,0.150000000000005);
#176=CIRCLE('',#4957,1.24999999999999);
#177=CIRCLE('',#4958,1.25000000000009);
#178=CIRCLE('',#4959,1.00000000000001);
#179=CIRCLE('',#4960,0.150000000000003);
#180=CIRCLE('',#4962,1.25000000000001);
#181=CIRCLE('',#4965,0.149999999999999);
#182=CIRCLE('',#4968,0.150000000000005);
#183=CIRCLE('',#4970,1.24999999999999);
#184=CIRCLE('',#4973,1.25000000000009);
#185=CIRCLE('',#4977,1.00000000000001);
#186=CIRCLE('',#4979,0.150000000000003);
#187=CIRCLE('',#4981,0.150000000000003);
#188=CIRCLE('',#4982,0.150000000000003);
#189=CIRCLE('',#4983,1.24999999999999);
#190=CIRCLE('',#4985,1.24999999999999);
#191=CIRCLE('',#4987,0.150000000000003);
#192=CIRCLE('',#4990,0.150000000000003);
#193=CIRCLE('',#4993,0.15000000000001);
#194=CIRCLE('',#4994,0.149999999999997);
#195=CIRCLE('',#4995,0.15);
#196=CIRCLE('',#5011,0.150000000000004);
#197=CIRCLE('',#5014,0.150000000000005);
#198=CIRCLE('',#5018,0.15000000000001);
#199=CIRCLE('',#5021,0.300000000000001);
#200=CIRCLE('',#5024,0.300000000000001);
#201=CIRCLE('',#5034,0.600000000000001);
#202=CIRCLE('',#5037,0.6);
#203=CIRCLE('',#5039,0.6);
#204=CIRCLE('',#5042,0.149999999999999);
#205=CIRCLE('',#5045,0.300000000000002);
#206=CIRCLE('',#5048,0.300000000000003);
#207=CIRCLE('',#5051,0.15);
#208=CIRCLE('',#5054,0.600000000000001);
#209=CIRCLE('',#5063,0.199999999999999);
#210=CIRCLE('',#5064,0.200000000000001);
#211=CIRCLE('',#5070,0.300000000000002);
#212=CIRCLE('',#5072,0.3);
#213=CIRCLE('',#5075,0.300000000000014);
#214=CIRCLE('',#5082,0.300000000000007);
#215=CIRCLE('',#5084,0.3);
#216=CIRCLE('',#5087,0.199999999999999);
#217=CIRCLE('',#5090,0.200000000000001);
#218=CIRCLE('',#5094,0.149999999999981);
#219=CIRCLE('',#5098,0.149999999999999);
#220=CIRCLE('',#5099,0.150000000000003);
#221=CIRCLE('',#5100,0.149999999999994);
#222=CIRCLE('',#5122,0.499999999999998);
#223=CIRCLE('',#5123,0.499999999999998);
#224=CIRCLE('',#5134,0.45);
#225=CIRCLE('',#5145,0.5);
#226=CIRCLE('',#5148,0.150000000000001);
#227=CIRCLE('',#5151,1.59999999999999);
#228=ORIENTED_EDGE('',*,*,#1256,.F.);
#229=ORIENTED_EDGE('',*,*,#1257,.F.);
#230=ORIENTED_EDGE('',*,*,#1258,.F.);
#231=ORIENTED_EDGE('',*,*,#1259,.F.);
#232=ORIENTED_EDGE('',*,*,#1260,.F.);
#233=ORIENTED_EDGE('',*,*,#1261,.F.);
#234=ORIENTED_EDGE('',*,*,#1262,.F.);
#235=ORIENTED_EDGE('',*,*,#1263,.F.);
#236=ORIENTED_EDGE('',*,*,#1264,.F.);
#237=ORIENTED_EDGE('',*,*,#1265,.T.);
#238=ORIENTED_EDGE('',*,*,#1266,.T.);
#239=ORIENTED_EDGE('',*,*,#1267,.T.);
#240=ORIENTED_EDGE('',*,*,#1268,.F.);
#241=ORIENTED_EDGE('',*,*,#1269,.T.);
#242=ORIENTED_EDGE('',*,*,#1270,.T.);
#243=ORIENTED_EDGE('',*,*,#1271,.T.);
#244=ORIENTED_EDGE('',*,*,#1272,.T.);
#245=ORIENTED_EDGE('',*,*,#1273,.T.);
#246=ORIENTED_EDGE('',*,*,#1274,.T.);
#247=ORIENTED_EDGE('',*,*,#1275,.T.);
#248=ORIENTED_EDGE('',*,*,#1276,.T.);
#249=ORIENTED_EDGE('',*,*,#1277,.T.);
#250=ORIENTED_EDGE('',*,*,#1278,.T.);
#251=ORIENTED_EDGE('',*,*,#1279,.F.);
#252=ORIENTED_EDGE('',*,*,#1280,.F.);
#253=ORIENTED_EDGE('',*,*,#1281,.F.);
#254=ORIENTED_EDGE('',*,*,#1282,.F.);
#255=ORIENTED_EDGE('',*,*,#1283,.F.);
#256=ORIENTED_EDGE('',*,*,#1284,.F.);
#257=ORIENTED_EDGE('',*,*,#1285,.F.);
#258=ORIENTED_EDGE('',*,*,#1286,.F.);
#259=ORIENTED_EDGE('',*,*,#1287,.F.);
#260=ORIENTED_EDGE('',*,*,#1288,.F.);
#261=ORIENTED_EDGE('',*,*,#1289,.F.);
#262=ORIENTED_EDGE('',*,*,#1290,.T.);
#263=ORIENTED_EDGE('',*,*,#1291,.T.);
#264=ORIENTED_EDGE('',*,*,#1292,.F.);
#265=ORIENTED_EDGE('',*,*,#1293,.F.);
#266=ORIENTED_EDGE('',*,*,#1294,.F.);
#267=ORIENTED_EDGE('',*,*,#1295,.F.);
#268=ORIENTED_EDGE('',*,*,#1286,.T.);
#269=ORIENTED_EDGE('',*,*,#1296,.F.);
#270=ORIENTED_EDGE('',*,*,#1297,.F.);
#271=ORIENTED_EDGE('',*,*,#1298,.F.);
#272=ORIENTED_EDGE('',*,*,#1299,.F.);
#273=ORIENTED_EDGE('',*,*,#1300,.F.);
#274=ORIENTED_EDGE('',*,*,#1301,.T.);
#275=ORIENTED_EDGE('',*,*,#1302,.T.);
#276=ORIENTED_EDGE('',*,*,#1303,.F.);
#277=ORIENTED_EDGE('',*,*,#1304,.T.);
#278=ORIENTED_EDGE('',*,*,#1305,.F.);
#279=ORIENTED_EDGE('',*,*,#1306,.F.);
#280=ORIENTED_EDGE('',*,*,#1307,.F.);
#281=ORIENTED_EDGE('',*,*,#1308,.F.);
#282=ORIENTED_EDGE('',*,*,#1309,.T.);
#283=ORIENTED_EDGE('',*,*,#1310,.T.);
#284=ORIENTED_EDGE('',*,*,#1297,.T.);
#285=ORIENTED_EDGE('',*,*,#1311,.T.);
#286=ORIENTED_EDGE('',*,*,#1312,.T.);
#287=ORIENTED_EDGE('',*,*,#1313,.T.);
#288=ORIENTED_EDGE('',*,*,#1306,.T.);
#289=ORIENTED_EDGE('',*,*,#1314,.T.);
#290=ORIENTED_EDGE('',*,*,#1315,.T.);
#291=ORIENTED_EDGE('',*,*,#1316,.T.);
#292=ORIENTED_EDGE('',*,*,#1317,.T.);
#293=ORIENTED_EDGE('',*,*,#1318,.T.);
#294=ORIENTED_EDGE('',*,*,#1319,.F.);
#295=ORIENTED_EDGE('',*,*,#1320,.F.);
#296=ORIENTED_EDGE('',*,*,#1321,.F.);
#297=ORIENTED_EDGE('',*,*,#1322,.F.);
#298=ORIENTED_EDGE('',*,*,#1323,.F.);
#299=ORIENTED_EDGE('',*,*,#1324,.F.);
#300=ORIENTED_EDGE('',*,*,#1325,.F.);
#301=ORIENTED_EDGE('',*,*,#1304,.F.);
#302=ORIENTED_EDGE('',*,*,#1326,.F.);
#303=ORIENTED_EDGE('',*,*,#1327,.T.);
#304=ORIENTED_EDGE('',*,*,#1328,.F.);
#305=ORIENTED_EDGE('',*,*,#1329,.T.);
#306=ORIENTED_EDGE('',*,*,#1330,.T.);
#307=ORIENTED_EDGE('',*,*,#1331,.F.);
#308=ORIENTED_EDGE('',*,*,#1332,.F.);
#309=ORIENTED_EDGE('',*,*,#1333,.T.);
#310=ORIENTED_EDGE('',*,*,#1334,.T.);
#311=ORIENTED_EDGE('',*,*,#1335,.T.);
#312=ORIENTED_EDGE('',*,*,#1336,.T.);
#313=ORIENTED_EDGE('',*,*,#1337,.F.);
#314=ORIENTED_EDGE('',*,*,#1338,.F.);
#315=ORIENTED_EDGE('',*,*,#1339,.F.);
#316=ORIENTED_EDGE('',*,*,#1340,.F.);
#317=ORIENTED_EDGE('',*,*,#1341,.F.);
#318=ORIENTED_EDGE('',*,*,#1342,.T.);
#319=ORIENTED_EDGE('',*,*,#1343,.F.);
#320=ORIENTED_EDGE('',*,*,#1344,.F.);
#321=ORIENTED_EDGE('',*,*,#1345,.T.);
#322=ORIENTED_EDGE('',*,*,#1346,.T.);
#323=ORIENTED_EDGE('',*,*,#1347,.T.);
#324=ORIENTED_EDGE('',*,*,#1348,.T.);
#325=ORIENTED_EDGE('',*,*,#1349,.T.);
#326=ORIENTED_EDGE('',*,*,#1350,.F.);
#327=ORIENTED_EDGE('',*,*,#1351,.F.);
#328=ORIENTED_EDGE('',*,*,#1352,.F.);
#329=ORIENTED_EDGE('',*,*,#1353,.T.);
#330=ORIENTED_EDGE('',*,*,#1354,.T.);
#331=ORIENTED_EDGE('',*,*,#1355,.T.);
#332=ORIENTED_EDGE('',*,*,#1356,.T.);
#333=ORIENTED_EDGE('',*,*,#1357,.F.);
#334=ORIENTED_EDGE('',*,*,#1358,.F.);
#335=ORIENTED_EDGE('',*,*,#1359,.F.);
#336=ORIENTED_EDGE('',*,*,#1360,.F.);
#337=ORIENTED_EDGE('',*,*,#1361,.T.);
#338=ORIENTED_EDGE('',*,*,#1331,.T.);
#339=ORIENTED_EDGE('',*,*,#1362,.T.);
#340=ORIENTED_EDGE('',*,*,#1363,.T.);
#341=ORIENTED_EDGE('',*,*,#1364,.T.);
#342=ORIENTED_EDGE('',*,*,#1365,.F.);
#343=ORIENTED_EDGE('',*,*,#1366,.F.);
#344=ORIENTED_EDGE('',*,*,#1367,.F.);
#345=ORIENTED_EDGE('',*,*,#1368,.F.);
#346=ORIENTED_EDGE('',*,*,#1369,.T.);
#347=ORIENTED_EDGE('',*,*,#1370,.F.);
#348=ORIENTED_EDGE('',*,*,#1371,.F.);
#349=ORIENTED_EDGE('',*,*,#1372,.F.);
#350=ORIENTED_EDGE('',*,*,#1373,.F.);
#351=ORIENTED_EDGE('',*,*,#1374,.F.);
#352=ORIENTED_EDGE('',*,*,#1375,.F.);
#353=ORIENTED_EDGE('',*,*,#1376,.F.);
#354=ORIENTED_EDGE('',*,*,#1377,.F.);
#355=ORIENTED_EDGE('',*,*,#1378,.F.);
#356=ORIENTED_EDGE('',*,*,#1379,.T.);
#357=ORIENTED_EDGE('',*,*,#1380,.F.);
#358=ORIENTED_EDGE('',*,*,#1381,.F.);
#359=ORIENTED_EDGE('',*,*,#1382,.F.);
#360=ORIENTED_EDGE('',*,*,#1383,.F.);
#361=ORIENTED_EDGE('',*,*,#1384,.F.);
#362=ORIENTED_EDGE('',*,*,#1385,.T.);
#363=ORIENTED_EDGE('',*,*,#1386,.F.);
#364=ORIENTED_EDGE('',*,*,#1387,.F.);
#365=ORIENTED_EDGE('',*,*,#1388,.T.);
#366=ORIENTED_EDGE('',*,*,#1360,.T.);
#367=ORIENTED_EDGE('',*,*,#1389,.F.);
#368=ORIENTED_EDGE('',*,*,#1276,.F.);
#369=ORIENTED_EDGE('',*,*,#1390,.T.);
#370=ORIENTED_EDGE('',*,*,#1350,.T.);
#371=ORIENTED_EDGE('',*,*,#1391,.F.);
#372=ORIENTED_EDGE('',*,*,#1392,.F.);
#373=ORIENTED_EDGE('',*,*,#1393,.T.);
#374=ORIENTED_EDGE('',*,*,#1394,.F.);
#375=ORIENTED_EDGE('',*,*,#1395,.F.);
#376=ORIENTED_EDGE('',*,*,#1396,.F.);
#377=ORIENTED_EDGE('',*,*,#1397,.F.);
#378=ORIENTED_EDGE('',*,*,#1398,.F.);
#379=ORIENTED_EDGE('',*,*,#1399,.F.);
#380=ORIENTED_EDGE('',*,*,#1400,.T.);
#381=ORIENTED_EDGE('',*,*,#1401,.T.);
#382=ORIENTED_EDGE('',*,*,#1269,.F.);
#383=ORIENTED_EDGE('',*,*,#1402,.F.);
#384=ORIENTED_EDGE('',*,*,#1403,.T.);
#385=ORIENTED_EDGE('',*,*,#1404,.F.);
#386=ORIENTED_EDGE('',*,*,#1405,.T.);
#387=ORIENTED_EDGE('',*,*,#1406,.F.);
#388=ORIENTED_EDGE('',*,*,#1407,.T.);
#389=ORIENTED_EDGE('',*,*,#1408,.F.);
#390=ORIENTED_EDGE('',*,*,#1409,.F.);
#391=ORIENTED_EDGE('',*,*,#1410,.T.);
#392=ORIENTED_EDGE('',*,*,#1411,.T.);
#393=ORIENTED_EDGE('',*,*,#1412,.T.);
#394=ORIENTED_EDGE('',*,*,#1413,.T.);
#395=ORIENTED_EDGE('',*,*,#1414,.T.);
#396=ORIENTED_EDGE('',*,*,#1415,.T.);
#397=ORIENTED_EDGE('',*,*,#1416,.F.);
#398=ORIENTED_EDGE('',*,*,#1417,.T.);
#399=ORIENTED_EDGE('',*,*,#1418,.F.);
#400=ORIENTED_EDGE('',*,*,#1419,.T.);
#401=ORIENTED_EDGE('',*,*,#1420,.F.);
#402=ORIENTED_EDGE('',*,*,#1421,.T.);
#403=ORIENTED_EDGE('',*,*,#1422,.F.);
#404=ORIENTED_EDGE('',*,*,#1423,.T.);
#405=ORIENTED_EDGE('',*,*,#1424,.F.);
#406=ORIENTED_EDGE('',*,*,#1267,.F.);
#407=ORIENTED_EDGE('',*,*,#1425,.F.);
#408=ORIENTED_EDGE('',*,*,#1426,.T.);
#409=ORIENTED_EDGE('',*,*,#1427,.T.);
#410=ORIENTED_EDGE('',*,*,#1428,.T.);
#411=ORIENTED_EDGE('',*,*,#1429,.T.);
#412=ORIENTED_EDGE('',*,*,#1430,.T.);
#413=ORIENTED_EDGE('',*,*,#1278,.F.);
#414=ORIENTED_EDGE('',*,*,#1431,.T.);
#415=ORIENTED_EDGE('',*,*,#1358,.T.);
#416=ORIENTED_EDGE('',*,*,#1432,.T.);
#417=ORIENTED_EDGE('',*,*,#1365,.T.);
#418=ORIENTED_EDGE('',*,*,#1433,.F.);
#419=ORIENTED_EDGE('',*,*,#1434,.T.);
#420=ORIENTED_EDGE('',*,*,#1435,.T.);
#421=ORIENTED_EDGE('',*,*,#1371,.T.);
#422=ORIENTED_EDGE('',*,*,#1436,.F.);
#423=ORIENTED_EDGE('',*,*,#1437,.T.);
#424=ORIENTED_EDGE('',*,*,#1438,.T.);
#425=ORIENTED_EDGE('',*,*,#1340,.T.);
#426=ORIENTED_EDGE('',*,*,#1439,.F.);
#427=ORIENTED_EDGE('',*,*,#1272,.F.);
#428=ORIENTED_EDGE('',*,*,#1339,.T.);
#429=ORIENTED_EDGE('',*,*,#1440,.F.);
#430=ORIENTED_EDGE('',*,*,#1273,.F.);
#431=ORIENTED_EDGE('',*,*,#1439,.T.);
#432=ORIENTED_EDGE('',*,*,#1440,.T.);
#433=ORIENTED_EDGE('',*,*,#1338,.T.);
#434=ORIENTED_EDGE('',*,*,#1441,.F.);
#435=ORIENTED_EDGE('',*,*,#1442,.T.);
#436=ORIENTED_EDGE('',*,*,#1443,.T.);
#437=ORIENTED_EDGE('',*,*,#1344,.T.);
#438=ORIENTED_EDGE('',*,*,#1444,.F.);
#439=ORIENTED_EDGE('',*,*,#1445,.T.);
#440=ORIENTED_EDGE('',*,*,#1446,.T.);
#441=ORIENTED_EDGE('',*,*,#1352,.T.);
#442=ORIENTED_EDGE('',*,*,#1447,.F.);
#443=ORIENTED_EDGE('',*,*,#1274,.F.);
#444=ORIENTED_EDGE('',*,*,#1351,.T.);
#445=ORIENTED_EDGE('',*,*,#1390,.F.);
#446=ORIENTED_EDGE('',*,*,#1275,.F.);
#447=ORIENTED_EDGE('',*,*,#1447,.T.);
#448=ORIENTED_EDGE('',*,*,#1359,.T.);
#449=ORIENTED_EDGE('',*,*,#1431,.F.);
#450=ORIENTED_EDGE('',*,*,#1277,.F.);
#451=ORIENTED_EDGE('',*,*,#1389,.T.);
#452=ORIENTED_EDGE('',*,*,#1448,.T.);
#453=ORIENTED_EDGE('',*,*,#1449,.T.);
#454=ORIENTED_EDGE('',*,*,#1367,.T.);
#455=ORIENTED_EDGE('',*,*,#1450,.F.);
#456=ORIENTED_EDGE('',*,*,#1270,.F.);
#457=ORIENTED_EDGE('',*,*,#1401,.F.);
#458=ORIENTED_EDGE('',*,*,#1451,.T.);
#459=ORIENTED_EDGE('',*,*,#1452,.T.);
#460=ORIENTED_EDGE('',*,*,#1453,.T.);
#461=ORIENTED_EDGE('',*,*,#1366,.T.);
#462=ORIENTED_EDGE('',*,*,#1432,.F.);
#463=ORIENTED_EDGE('',*,*,#1271,.F.);
#464=ORIENTED_EDGE('',*,*,#1450,.T.);
#465=ORIENTED_EDGE('',*,*,#1337,.T.);
#466=ORIENTED_EDGE('',*,*,#1454,.T.);
#467=ORIENTED_EDGE('',*,*,#1455,.F.);
#468=ORIENTED_EDGE('',*,*,#1456,.F.);
#469=ORIENTED_EDGE('',*,*,#1441,.T.);
#470=ORIENTED_EDGE('',*,*,#1457,.F.);
#471=ORIENTED_EDGE('',*,*,#1458,.F.);
#472=ORIENTED_EDGE('',*,*,#1459,.T.);
#473=ORIENTED_EDGE('',*,*,#1455,.T.);
#474=ORIENTED_EDGE('',*,*,#1460,.F.);
#475=ORIENTED_EDGE('',*,*,#1461,.T.);
#476=ORIENTED_EDGE('',*,*,#1462,.T.);
#477=ORIENTED_EDGE('',*,*,#1463,.F.);
#478=ORIENTED_EDGE('',*,*,#1464,.F.);
#479=ORIENTED_EDGE('',*,*,#1465,.F.);
#480=ORIENTED_EDGE('',*,*,#1466,.T.);
#481=ORIENTED_EDGE('',*,*,#1458,.T.);
#482=ORIENTED_EDGE('',*,*,#1467,.F.);
#483=ORIENTED_EDGE('',*,*,#1468,.F.);
#484=ORIENTED_EDGE('',*,*,#1469,.T.);
#485=ORIENTED_EDGE('',*,*,#1465,.T.);
#486=ORIENTED_EDGE('',*,*,#1470,.T.);
#487=ORIENTED_EDGE('',*,*,#1471,.F.);
#488=ORIENTED_EDGE('',*,*,#1472,.F.);
#489=ORIENTED_EDGE('',*,*,#1468,.T.);
#490=ORIENTED_EDGE('',*,*,#1471,.T.);
#491=ORIENTED_EDGE('',*,*,#1473,.F.);
#492=ORIENTED_EDGE('',*,*,#1336,.F.);
#493=ORIENTED_EDGE('',*,*,#1474,.F.);
#494=ORIENTED_EDGE('',*,*,#1475,.T.);
#495=ORIENTED_EDGE('',*,*,#1476,.T.);
#496=ORIENTED_EDGE('',*,*,#1346,.F.);
#497=ORIENTED_EDGE('',*,*,#1477,.F.);
#498=ORIENTED_EDGE('',*,*,#1342,.F.);
#499=ORIENTED_EDGE('',*,*,#1478,.F.);
#500=ORIENTED_EDGE('',*,*,#1479,.F.);
#501=ORIENTED_EDGE('',*,*,#1480,.T.);
#502=ORIENTED_EDGE('',*,*,#1481,.T.);
#503=ORIENTED_EDGE('',*,*,#1482,.F.);
#504=ORIENTED_EDGE('',*,*,#1483,.F.);
#505=ORIENTED_EDGE('',*,*,#1479,.T.);
#506=ORIENTED_EDGE('',*,*,#1484,.F.);
#507=ORIENTED_EDGE('',*,*,#1485,.F.);
#508=ORIENTED_EDGE('',*,*,#1486,.T.);
#509=ORIENTED_EDGE('',*,*,#1482,.T.);
#510=ORIENTED_EDGE('',*,*,#1487,.F.);
#511=ORIENTED_EDGE('',*,*,#1488,.T.);
#512=ORIENTED_EDGE('',*,*,#1489,.T.);
#513=ORIENTED_EDGE('',*,*,#1490,.F.);
#514=ORIENTED_EDGE('',*,*,#1491,.F.);
#515=ORIENTED_EDGE('',*,*,#1492,.F.);
#516=ORIENTED_EDGE('',*,*,#1493,.T.);
#517=ORIENTED_EDGE('',*,*,#1485,.T.);
#518=ORIENTED_EDGE('',*,*,#1494,.F.);
#519=ORIENTED_EDGE('',*,*,#1495,.F.);
#520=ORIENTED_EDGE('',*,*,#1496,.T.);
#521=ORIENTED_EDGE('',*,*,#1492,.T.);
#522=ORIENTED_EDGE('',*,*,#1497,.T.);
#523=ORIENTED_EDGE('',*,*,#1341,.T.);
#524=ORIENTED_EDGE('',*,*,#1443,.F.);
#525=ORIENTED_EDGE('',*,*,#1498,.F.);
#526=ORIENTED_EDGE('',*,*,#1495,.T.);
#527=ORIENTED_EDGE('',*,*,#1456,.T.);
#528=ORIENTED_EDGE('',*,*,#1459,.F.);
#529=ORIENTED_EDGE('',*,*,#1466,.F.);
#530=ORIENTED_EDGE('',*,*,#1469,.F.);
#531=ORIENTED_EDGE('',*,*,#1472,.T.);
#532=ORIENTED_EDGE('',*,*,#1480,.F.);
#533=ORIENTED_EDGE('',*,*,#1483,.T.);
#534=ORIENTED_EDGE('',*,*,#1486,.F.);
#535=ORIENTED_EDGE('',*,*,#1493,.F.);
#536=ORIENTED_EDGE('',*,*,#1496,.F.);
#537=ORIENTED_EDGE('',*,*,#1498,.T.);
#538=ORIENTED_EDGE('',*,*,#1442,.F.);
#539=ORIENTED_EDGE('',*,*,#1499,.T.);
#540=ORIENTED_EDGE('',*,*,#1500,.F.);
#541=ORIENTED_EDGE('',*,*,#1501,.F.);
#542=ORIENTED_EDGE('',*,*,#1502,.F.);
#543=ORIENTED_EDGE('',*,*,#1503,.F.);
#544=ORIENTED_EDGE('',*,*,#1445,.F.);
#545=ORIENTED_EDGE('',*,*,#1345,.F.);
#546=ORIENTED_EDGE('',*,*,#1446,.F.);
#547=ORIENTED_EDGE('',*,*,#1503,.T.);
#548=ORIENTED_EDGE('',*,*,#1504,.T.);
#549=ORIENTED_EDGE('',*,*,#1505,.F.);
#550=ORIENTED_EDGE('',*,*,#1506,.F.);
#551=ORIENTED_EDGE('',*,*,#1504,.F.);
#552=ORIENTED_EDGE('',*,*,#1502,.T.);
#553=ORIENTED_EDGE('',*,*,#1507,.T.);
#554=ORIENTED_EDGE('',*,*,#1508,.F.);
#555=ORIENTED_EDGE('',*,*,#1507,.F.);
#556=ORIENTED_EDGE('',*,*,#1501,.T.);
#557=ORIENTED_EDGE('',*,*,#1509,.T.);
#558=ORIENTED_EDGE('',*,*,#1510,.F.);
#559=ORIENTED_EDGE('',*,*,#1509,.F.);
#560=ORIENTED_EDGE('',*,*,#1500,.T.);
#561=ORIENTED_EDGE('',*,*,#1511,.T.);
#562=ORIENTED_EDGE('',*,*,#1343,.T.);
#563=ORIENTED_EDGE('',*,*,#1512,.T.);
#564=ORIENTED_EDGE('',*,*,#1511,.F.);
#565=ORIENTED_EDGE('',*,*,#1499,.F.);
#566=ORIENTED_EDGE('',*,*,#1444,.T.);
#567=ORIENTED_EDGE('',*,*,#1513,.T.);
#568=ORIENTED_EDGE('',*,*,#1514,.F.);
#569=ORIENTED_EDGE('',*,*,#1515,.F.);
#570=ORIENTED_EDGE('',*,*,#1516,.F.);
#571=ORIENTED_EDGE('',*,*,#1517,.T.);
#572=ORIENTED_EDGE('',*,*,#1518,.F.);
#573=ORIENTED_EDGE('',*,*,#1519,.T.);
#574=ORIENTED_EDGE('',*,*,#1520,.F.);
#575=ORIENTED_EDGE('',*,*,#1521,.F.);
#576=ORIENTED_EDGE('',*,*,#1522,.T.);
#577=ORIENTED_EDGE('',*,*,#1523,.F.);
#578=ORIENTED_EDGE('',*,*,#1524,.F.);
#579=ORIENTED_EDGE('',*,*,#1437,.F.);
#580=ORIENTED_EDGE('',*,*,#1370,.T.);
#581=ORIENTED_EDGE('',*,*,#1525,.T.);
#582=ORIENTED_EDGE('',*,*,#1526,.F.);
#583=ORIENTED_EDGE('',*,*,#1513,.F.);
#584=ORIENTED_EDGE('',*,*,#1436,.T.);
#585=ORIENTED_EDGE('',*,*,#1333,.F.);
#586=ORIENTED_EDGE('',*,*,#1438,.F.);
#587=ORIENTED_EDGE('',*,*,#1524,.T.);
#588=ORIENTED_EDGE('',*,*,#1527,.T.);
#589=ORIENTED_EDGE('',*,*,#1528,.F.);
#590=ORIENTED_EDGE('',*,*,#1529,.F.);
#591=ORIENTED_EDGE('',*,*,#1530,.F.);
#592=ORIENTED_EDGE('',*,*,#1514,.T.);
#593=ORIENTED_EDGE('',*,*,#1526,.T.);
#594=ORIENTED_EDGE('',*,*,#1531,.F.);
#595=ORIENTED_EDGE('',*,*,#1532,.F.);
#596=ORIENTED_EDGE('',*,*,#1515,.T.);
#597=ORIENTED_EDGE('',*,*,#1530,.T.);
#598=ORIENTED_EDGE('',*,*,#1533,.F.);
#599=ORIENTED_EDGE('',*,*,#1534,.F.);
#600=ORIENTED_EDGE('',*,*,#1516,.T.);
#601=ORIENTED_EDGE('',*,*,#1532,.T.);
#602=ORIENTED_EDGE('',*,*,#1535,.T.);
#603=ORIENTED_EDGE('',*,*,#1536,.F.);
#604=ORIENTED_EDGE('',*,*,#1517,.F.);
#605=ORIENTED_EDGE('',*,*,#1534,.T.);
#606=ORIENTED_EDGE('',*,*,#1536,.T.);
#607=ORIENTED_EDGE('',*,*,#1537,.F.);
#608=ORIENTED_EDGE('',*,*,#1538,.F.);
#609=ORIENTED_EDGE('',*,*,#1539,.T.);
#610=ORIENTED_EDGE('',*,*,#1540,.T.);
#611=ORIENTED_EDGE('',*,*,#1334,.F.);
#612=ORIENTED_EDGE('',*,*,#1541,.F.);
#613=ORIENTED_EDGE('',*,*,#1542,.F.);
#614=ORIENTED_EDGE('',*,*,#1518,.T.);
#615=ORIENTED_EDGE('',*,*,#1543,.T.);
#616=ORIENTED_EDGE('',*,*,#1544,.F.);
#617=ORIENTED_EDGE('',*,*,#1519,.F.);
#618=ORIENTED_EDGE('',*,*,#1542,.T.);
#619=ORIENTED_EDGE('',*,*,#1545,.F.);
#620=ORIENTED_EDGE('',*,*,#1546,.F.);
#621=ORIENTED_EDGE('',*,*,#1520,.T.);
#622=ORIENTED_EDGE('',*,*,#1544,.T.);
#623=ORIENTED_EDGE('',*,*,#1547,.F.);
#624=ORIENTED_EDGE('',*,*,#1548,.F.);
#625=ORIENTED_EDGE('',*,*,#1521,.T.);
#626=ORIENTED_EDGE('',*,*,#1546,.T.);
#627=ORIENTED_EDGE('',*,*,#1549,.T.);
#628=ORIENTED_EDGE('',*,*,#1550,.F.);
#629=ORIENTED_EDGE('',*,*,#1522,.F.);
#630=ORIENTED_EDGE('',*,*,#1548,.T.);
#631=ORIENTED_EDGE('',*,*,#1551,.F.);
#632=ORIENTED_EDGE('',*,*,#1527,.F.);
#633=ORIENTED_EDGE('',*,*,#1523,.T.);
#634=ORIENTED_EDGE('',*,*,#1550,.T.);
#635=ORIENTED_EDGE('',*,*,#1552,.F.);
#636=ORIENTED_EDGE('',*,*,#1553,.F.);
#637=ORIENTED_EDGE('',*,*,#1554,.F.);
#638=ORIENTED_EDGE('',*,*,#1555,.F.);
#639=ORIENTED_EDGE('',*,*,#1556,.T.);
#640=ORIENTED_EDGE('',*,*,#1434,.F.);
#641=ORIENTED_EDGE('',*,*,#1557,.T.);
#642=ORIENTED_EDGE('',*,*,#1368,.T.);
#643=ORIENTED_EDGE('',*,*,#1435,.F.);
#644=ORIENTED_EDGE('',*,*,#1556,.F.);
#645=ORIENTED_EDGE('',*,*,#1558,.T.);
#646=ORIENTED_EDGE('',*,*,#1559,.F.);
#647=ORIENTED_EDGE('',*,*,#1558,.F.);
#648=ORIENTED_EDGE('',*,*,#1555,.T.);
#649=ORIENTED_EDGE('',*,*,#1560,.T.);
#650=ORIENTED_EDGE('',*,*,#1561,.F.);
#651=ORIENTED_EDGE('',*,*,#1560,.F.);
#652=ORIENTED_EDGE('',*,*,#1554,.T.);
#653=ORIENTED_EDGE('',*,*,#1562,.T.);
#654=ORIENTED_EDGE('',*,*,#1563,.F.);
#655=ORIENTED_EDGE('',*,*,#1562,.F.);
#656=ORIENTED_EDGE('',*,*,#1553,.T.);
#657=ORIENTED_EDGE('',*,*,#1564,.T.);
#658=ORIENTED_EDGE('',*,*,#1565,.F.);
#659=ORIENTED_EDGE('',*,*,#1564,.F.);
#660=ORIENTED_EDGE('',*,*,#1552,.T.);
#661=ORIENTED_EDGE('',*,*,#1433,.T.);
#662=ORIENTED_EDGE('',*,*,#1364,.F.);
#663=ORIENTED_EDGE('',*,*,#1566,.F.);
#664=ORIENTED_EDGE('',*,*,#1567,.F.);
#665=ORIENTED_EDGE('',*,*,#1568,.T.);
#666=ORIENTED_EDGE('',*,*,#1569,.T.);
#667=ORIENTED_EDGE('',*,*,#1570,.T.);
#668=ORIENTED_EDGE('',*,*,#1571,.T.);
#669=ORIENTED_EDGE('',*,*,#1572,.T.);
#670=ORIENTED_EDGE('',*,*,#1424,.T.);
#671=ORIENTED_EDGE('',*,*,#1573,.F.);
#672=ORIENTED_EDGE('',*,*,#1402,.T.);
#673=ORIENTED_EDGE('',*,*,#1268,.T.);
#674=ORIENTED_EDGE('',*,*,#1411,.F.);
#675=ORIENTED_EDGE('',*,*,#1574,.T.);
#676=ORIENTED_EDGE('',*,*,#1572,.F.);
#677=ORIENTED_EDGE('',*,*,#1575,.T.);
#678=ORIENTED_EDGE('',*,*,#1575,.F.);
#679=ORIENTED_EDGE('',*,*,#1571,.F.);
#680=ORIENTED_EDGE('',*,*,#1576,.T.);
#681=ORIENTED_EDGE('',*,*,#1412,.F.);
#682=ORIENTED_EDGE('',*,*,#1576,.F.);
#683=ORIENTED_EDGE('',*,*,#1570,.F.);
#684=ORIENTED_EDGE('',*,*,#1577,.T.);
#685=ORIENTED_EDGE('',*,*,#1413,.F.);
#686=ORIENTED_EDGE('',*,*,#1577,.F.);
#687=ORIENTED_EDGE('',*,*,#1569,.F.);
#688=ORIENTED_EDGE('',*,*,#1578,.T.);
#689=ORIENTED_EDGE('',*,*,#1414,.F.);
#690=ORIENTED_EDGE('',*,*,#1578,.F.);
#691=ORIENTED_EDGE('',*,*,#1568,.F.);
#692=ORIENTED_EDGE('',*,*,#1579,.T.);
#693=ORIENTED_EDGE('',*,*,#1415,.F.);
#694=ORIENTED_EDGE('',*,*,#1416,.T.);
#695=ORIENTED_EDGE('',*,*,#1579,.F.);
#696=ORIENTED_EDGE('',*,*,#1567,.T.);
#697=ORIENTED_EDGE('',*,*,#1580,.T.);
#698=ORIENTED_EDGE('',*,*,#1581,.T.);
#699=ORIENTED_EDGE('',*,*,#1582,.T.);
#700=ORIENTED_EDGE('',*,*,#1399,.T.);
#701=ORIENTED_EDGE('',*,*,#1583,.T.);
#702=ORIENTED_EDGE('',*,*,#1417,.F.);
#703=ORIENTED_EDGE('',*,*,#1580,.F.);
#704=ORIENTED_EDGE('',*,*,#1566,.T.);
#705=ORIENTED_EDGE('',*,*,#1574,.F.);
#706=ORIENTED_EDGE('',*,*,#1410,.F.);
#707=ORIENTED_EDGE('',*,*,#1584,.F.);
#708=ORIENTED_EDGE('',*,*,#1418,.T.);
#709=ORIENTED_EDGE('',*,*,#1583,.F.);
#710=ORIENTED_EDGE('',*,*,#1408,.T.);
#711=ORIENTED_EDGE('',*,*,#1585,.T.);
#712=ORIENTED_EDGE('',*,*,#1585,.F.);
#713=ORIENTED_EDGE('',*,*,#1407,.F.);
#714=ORIENTED_EDGE('',*,*,#1586,.T.);
#715=ORIENTED_EDGE('',*,*,#1419,.F.);
#716=ORIENTED_EDGE('',*,*,#1420,.T.);
#717=ORIENTED_EDGE('',*,*,#1586,.F.);
#718=ORIENTED_EDGE('',*,*,#1406,.T.);
#719=ORIENTED_EDGE('',*,*,#1587,.T.);
#720=ORIENTED_EDGE('',*,*,#1587,.F.);
#721=ORIENTED_EDGE('',*,*,#1405,.F.);
#722=ORIENTED_EDGE('',*,*,#1588,.T.);
#723=ORIENTED_EDGE('',*,*,#1421,.F.);
#724=ORIENTED_EDGE('',*,*,#1422,.T.);
#725=ORIENTED_EDGE('',*,*,#1588,.F.);
#726=ORIENTED_EDGE('',*,*,#1404,.T.);
#727=ORIENTED_EDGE('',*,*,#1589,.T.);
#728=ORIENTED_EDGE('',*,*,#1589,.F.);
#729=ORIENTED_EDGE('',*,*,#1403,.F.);
#730=ORIENTED_EDGE('',*,*,#1573,.T.);
#731=ORIENTED_EDGE('',*,*,#1423,.F.);
#732=ORIENTED_EDGE('',*,*,#1590,.F.);
#733=ORIENTED_EDGE('',*,*,#1591,.F.);
#734=ORIENTED_EDGE('',*,*,#1592,.T.);
#735=ORIENTED_EDGE('',*,*,#1429,.F.);
#736=ORIENTED_EDGE('',*,*,#1593,.F.);
#737=ORIENTED_EDGE('',*,*,#1594,.F.);
#738=ORIENTED_EDGE('',*,*,#1590,.T.);
#739=ORIENTED_EDGE('',*,*,#1428,.F.);
#740=ORIENTED_EDGE('',*,*,#1595,.F.);
#741=ORIENTED_EDGE('',*,*,#1596,.F.);
#742=ORIENTED_EDGE('',*,*,#1593,.T.);
#743=ORIENTED_EDGE('',*,*,#1427,.F.);
#744=ORIENTED_EDGE('',*,*,#1597,.F.);
#745=ORIENTED_EDGE('',*,*,#1598,.F.);
#746=ORIENTED_EDGE('',*,*,#1595,.T.);
#747=ORIENTED_EDGE('',*,*,#1426,.F.);
#748=ORIENTED_EDGE('',*,*,#1592,.F.);
#749=ORIENTED_EDGE('',*,*,#1599,.F.);
#750=ORIENTED_EDGE('',*,*,#1264,.T.);
#751=ORIENTED_EDGE('',*,*,#1430,.F.);
#752=ORIENTED_EDGE('',*,*,#1425,.T.);
#753=ORIENTED_EDGE('',*,*,#1266,.F.);
#754=ORIENTED_EDGE('',*,*,#1600,.T.);
#755=ORIENTED_EDGE('',*,*,#1597,.T.);
#756=ORIENTED_EDGE('',*,*,#1599,.T.);
#757=ORIENTED_EDGE('',*,*,#1591,.T.);
#758=ORIENTED_EDGE('',*,*,#1594,.T.);
#759=ORIENTED_EDGE('',*,*,#1596,.T.);
#760=ORIENTED_EDGE('',*,*,#1598,.T.);
#761=ORIENTED_EDGE('',*,*,#1600,.F.);
#762=ORIENTED_EDGE('',*,*,#1265,.F.);
#763=ORIENTED_EDGE('',*,*,#1317,.F.);
#764=ORIENTED_EDGE('',*,*,#1601,.T.);
#765=ORIENTED_EDGE('',*,*,#1322,.T.);
#766=ORIENTED_EDGE('',*,*,#1602,.T.);
#767=ORIENTED_EDGE('',*,*,#1409,.T.);
#768=ORIENTED_EDGE('',*,*,#1357,.T.);
#769=ORIENTED_EDGE('',*,*,#1603,.F.);
#770=ORIENTED_EDGE('',*,*,#1604,.T.);
#771=ORIENTED_EDGE('',*,*,#1605,.T.);
#772=ORIENTED_EDGE('',*,*,#1606,.T.);
#773=ORIENTED_EDGE('',*,*,#1607,.T.);
#774=ORIENTED_EDGE('',*,*,#1584,.T.);
#775=ORIENTED_EDGE('',*,*,#1608,.T.);
#776=ORIENTED_EDGE('',*,*,#1609,.T.);
#777=ORIENTED_EDGE('',*,*,#1610,.F.);
#778=ORIENTED_EDGE('',*,*,#1604,.F.);
#779=ORIENTED_EDGE('',*,*,#1610,.T.);
#780=ORIENTED_EDGE('',*,*,#1611,.T.);
#781=ORIENTED_EDGE('',*,*,#1612,.F.);
#782=ORIENTED_EDGE('',*,*,#1605,.F.);
#783=ORIENTED_EDGE('',*,*,#1612,.T.);
#784=ORIENTED_EDGE('',*,*,#1613,.T.);
#785=ORIENTED_EDGE('',*,*,#1614,.F.);
#786=ORIENTED_EDGE('',*,*,#1606,.F.);
#787=ORIENTED_EDGE('',*,*,#1614,.T.);
#788=ORIENTED_EDGE('',*,*,#1615,.T.);
#789=ORIENTED_EDGE('',*,*,#1581,.F.);
#790=ORIENTED_EDGE('',*,*,#1607,.F.);
#791=ORIENTED_EDGE('',*,*,#1400,.F.);
#792=ORIENTED_EDGE('',*,*,#1582,.F.);
#793=ORIENTED_EDGE('',*,*,#1616,.F.);
#794=ORIENTED_EDGE('',*,*,#1451,.F.);
#795=ORIENTED_EDGE('',*,*,#1616,.T.);
#796=ORIENTED_EDGE('',*,*,#1615,.F.);
#797=ORIENTED_EDGE('',*,*,#1617,.F.);
#798=ORIENTED_EDGE('',*,*,#1452,.F.);
#799=ORIENTED_EDGE('',*,*,#1617,.T.);
#800=ORIENTED_EDGE('',*,*,#1613,.F.);
#801=ORIENTED_EDGE('',*,*,#1618,.F.);
#802=ORIENTED_EDGE('',*,*,#1453,.F.);
#803=ORIENTED_EDGE('',*,*,#1618,.T.);
#804=ORIENTED_EDGE('',*,*,#1611,.F.);
#805=ORIENTED_EDGE('',*,*,#1619,.F.);
#806=ORIENTED_EDGE('',*,*,#1448,.F.);
#807=ORIENTED_EDGE('',*,*,#1361,.F.);
#808=ORIENTED_EDGE('',*,*,#1449,.F.);
#809=ORIENTED_EDGE('',*,*,#1619,.T.);
#810=ORIENTED_EDGE('',*,*,#1609,.F.);
#811=ORIENTED_EDGE('',*,*,#1620,.F.);
#812=ORIENTED_EDGE('',*,*,#1376,.T.);
#813=ORIENTED_EDGE('',*,*,#1621,.F.);
#814=ORIENTED_EDGE('',*,*,#1622,.F.);
#815=ORIENTED_EDGE('',*,*,#1623,.T.);
#816=ORIENTED_EDGE('',*,*,#1375,.T.);
#817=ORIENTED_EDGE('',*,*,#1624,.F.);
#818=ORIENTED_EDGE('',*,*,#1625,.F.);
#819=ORIENTED_EDGE('',*,*,#1621,.T.);
#820=ORIENTED_EDGE('',*,*,#1374,.T.);
#821=ORIENTED_EDGE('',*,*,#1626,.F.);
#822=ORIENTED_EDGE('',*,*,#1627,.F.);
#823=ORIENTED_EDGE('',*,*,#1624,.T.);
#824=ORIENTED_EDGE('',*,*,#1373,.T.);
#825=ORIENTED_EDGE('',*,*,#1393,.F.);
#826=ORIENTED_EDGE('',*,*,#1628,.F.);
#827=ORIENTED_EDGE('',*,*,#1626,.T.);
#828=ORIENTED_EDGE('',*,*,#1387,.T.);
#829=ORIENTED_EDGE('',*,*,#1629,.F.);
#830=ORIENTED_EDGE('',*,*,#1630,.F.);
#831=ORIENTED_EDGE('',*,*,#1397,.T.);
#832=ORIENTED_EDGE('',*,*,#1386,.T.);
#833=ORIENTED_EDGE('',*,*,#1631,.F.);
#834=ORIENTED_EDGE('',*,*,#1632,.F.);
#835=ORIENTED_EDGE('',*,*,#1629,.T.);
#836=ORIENTED_EDGE('',*,*,#1385,.F.);
#837=ORIENTED_EDGE('',*,*,#1633,.F.);
#838=ORIENTED_EDGE('',*,*,#1634,.T.);
#839=ORIENTED_EDGE('',*,*,#1631,.T.);
#840=ORIENTED_EDGE('',*,*,#1384,.T.);
#841=ORIENTED_EDGE('',*,*,#1635,.F.);
#842=ORIENTED_EDGE('',*,*,#1636,.F.);
#843=ORIENTED_EDGE('',*,*,#1633,.T.);
#844=ORIENTED_EDGE('',*,*,#1383,.T.);
#845=ORIENTED_EDGE('',*,*,#1637,.F.);
#846=ORIENTED_EDGE('',*,*,#1638,.F.);
#847=ORIENTED_EDGE('',*,*,#1635,.T.);
#848=ORIENTED_EDGE('',*,*,#1382,.T.);
#849=ORIENTED_EDGE('',*,*,#1639,.F.);
#850=ORIENTED_EDGE('',*,*,#1640,.F.);
#851=ORIENTED_EDGE('',*,*,#1637,.T.);
#852=ORIENTED_EDGE('',*,*,#1381,.T.);
#853=ORIENTED_EDGE('',*,*,#1641,.F.);
#854=ORIENTED_EDGE('',*,*,#1642,.F.);
#855=ORIENTED_EDGE('',*,*,#1639,.T.);
#856=ORIENTED_EDGE('',*,*,#1380,.T.);
#857=ORIENTED_EDGE('',*,*,#1643,.F.);
#858=ORIENTED_EDGE('',*,*,#1644,.F.);
#859=ORIENTED_EDGE('',*,*,#1641,.T.);
#860=ORIENTED_EDGE('',*,*,#1379,.F.);
#861=ORIENTED_EDGE('',*,*,#1645,.F.);
#862=ORIENTED_EDGE('',*,*,#1646,.T.);
#863=ORIENTED_EDGE('',*,*,#1643,.T.);
#864=ORIENTED_EDGE('',*,*,#1378,.T.);
#865=ORIENTED_EDGE('',*,*,#1647,.F.);
#866=ORIENTED_EDGE('',*,*,#1648,.F.);
#867=ORIENTED_EDGE('',*,*,#1645,.T.);
#868=ORIENTED_EDGE('',*,*,#1377,.T.);
#869=ORIENTED_EDGE('',*,*,#1623,.F.);
#870=ORIENTED_EDGE('',*,*,#1649,.F.);
#871=ORIENTED_EDGE('',*,*,#1647,.T.);
#872=ORIENTED_EDGE('',*,*,#1392,.T.);
#873=ORIENTED_EDGE('',*,*,#1650,.T.);
#874=ORIENTED_EDGE('',*,*,#1651,.F.);
#875=ORIENTED_EDGE('',*,*,#1652,.F.);
#876=ORIENTED_EDGE('',*,*,#1398,.T.);
#877=ORIENTED_EDGE('',*,*,#1630,.T.);
#878=ORIENTED_EDGE('',*,*,#1632,.T.);
#879=ORIENTED_EDGE('',*,*,#1634,.F.);
#880=ORIENTED_EDGE('',*,*,#1636,.T.);
#881=ORIENTED_EDGE('',*,*,#1638,.T.);
#882=ORIENTED_EDGE('',*,*,#1640,.T.);
#883=ORIENTED_EDGE('',*,*,#1642,.T.);
#884=ORIENTED_EDGE('',*,*,#1644,.T.);
#885=ORIENTED_EDGE('',*,*,#1646,.F.);
#886=ORIENTED_EDGE('',*,*,#1648,.T.);
#887=ORIENTED_EDGE('',*,*,#1649,.T.);
#888=ORIENTED_EDGE('',*,*,#1622,.T.);
#889=ORIENTED_EDGE('',*,*,#1625,.T.);
#890=ORIENTED_EDGE('',*,*,#1627,.T.);
#891=ORIENTED_EDGE('',*,*,#1628,.T.);
#892=ORIENTED_EDGE('',*,*,#1394,.T.);
#893=ORIENTED_EDGE('',*,*,#1372,.T.);
#894=ORIENTED_EDGE('',*,*,#1349,.F.);
#895=ORIENTED_EDGE('',*,*,#1653,.F.);
#896=ORIENTED_EDGE('',*,*,#1654,.F.);
#897=ORIENTED_EDGE('',*,*,#1396,.T.);
#898=ORIENTED_EDGE('',*,*,#1655,.T.);
#899=ORIENTED_EDGE('',*,*,#1656,.F.);
#900=ORIENTED_EDGE('',*,*,#1353,.F.);
#901=ORIENTED_EDGE('',*,*,#1388,.F.);
#902=ORIENTED_EDGE('',*,*,#1395,.T.);
#903=ORIENTED_EDGE('',*,*,#1652,.T.);
#904=ORIENTED_EDGE('',*,*,#1657,.F.);
#905=ORIENTED_EDGE('',*,*,#1655,.F.);
#906=ORIENTED_EDGE('',*,*,#1391,.T.);
#907=ORIENTED_EDGE('',*,*,#1654,.T.);
#908=ORIENTED_EDGE('',*,*,#1658,.F.);
#909=ORIENTED_EDGE('',*,*,#1650,.F.);
#910=ORIENTED_EDGE('',*,*,#1454,.F.);
#911=ORIENTED_EDGE('',*,*,#1473,.T.);
#912=ORIENTED_EDGE('',*,*,#1470,.F.);
#913=ORIENTED_EDGE('',*,*,#1467,.T.);
#914=ORIENTED_EDGE('',*,*,#1464,.T.);
#915=ORIENTED_EDGE('',*,*,#1457,.T.);
#916=ORIENTED_EDGE('',*,*,#1481,.F.);
#917=ORIENTED_EDGE('',*,*,#1478,.T.);
#918=ORIENTED_EDGE('',*,*,#1497,.F.);
#919=ORIENTED_EDGE('',*,*,#1494,.T.);
#920=ORIENTED_EDGE('',*,*,#1491,.T.);
#921=ORIENTED_EDGE('',*,*,#1484,.T.);
#922=ORIENTED_EDGE('',*,*,#1525,.F.);
#923=ORIENTED_EDGE('',*,*,#1659,.T.);
#924=ORIENTED_EDGE('',*,*,#1660,.F.);
#925=ORIENTED_EDGE('',*,*,#1661,.T.);
#926=ORIENTED_EDGE('',*,*,#1662,.F.);
#927=ORIENTED_EDGE('',*,*,#1537,.T.);
#928=ORIENTED_EDGE('',*,*,#1535,.F.);
#929=ORIENTED_EDGE('',*,*,#1533,.T.);
#930=ORIENTED_EDGE('',*,*,#1531,.T.);
#931=ORIENTED_EDGE('',*,*,#1529,.T.);
#932=ORIENTED_EDGE('',*,*,#1477,.T.);
#933=ORIENTED_EDGE('',*,*,#1505,.T.);
#934=ORIENTED_EDGE('',*,*,#1506,.T.);
#935=ORIENTED_EDGE('',*,*,#1508,.T.);
#936=ORIENTED_EDGE('',*,*,#1510,.T.);
#937=ORIENTED_EDGE('',*,*,#1512,.F.);
#938=ORIENTED_EDGE('',*,*,#1557,.F.);
#939=ORIENTED_EDGE('',*,*,#1559,.T.);
#940=ORIENTED_EDGE('',*,*,#1561,.T.);
#941=ORIENTED_EDGE('',*,*,#1563,.T.);
#942=ORIENTED_EDGE('',*,*,#1565,.T.);
#943=ORIENTED_EDGE('',*,*,#1663,.T.);
#944=ORIENTED_EDGE('',*,*,#1541,.T.);
#945=ORIENTED_EDGE('',*,*,#1528,.T.);
#946=ORIENTED_EDGE('',*,*,#1551,.T.);
#947=ORIENTED_EDGE('',*,*,#1549,.F.);
#948=ORIENTED_EDGE('',*,*,#1547,.T.);
#949=ORIENTED_EDGE('',*,*,#1545,.T.);
#950=ORIENTED_EDGE('',*,*,#1543,.F.);
#951=ORIENTED_EDGE('',*,*,#1664,.F.);
#952=ORIENTED_EDGE('',*,*,#1665,.T.);
#953=ORIENTED_EDGE('',*,*,#1666,.T.);
#954=ORIENTED_EDGE('',*,*,#1667,.T.);
#955=ORIENTED_EDGE('',*,*,#1668,.F.);
#956=ORIENTED_EDGE('',*,*,#1669,.T.);
#957=ORIENTED_EDGE('',*,*,#1332,.T.);
#958=ORIENTED_EDGE('',*,*,#1620,.T.);
#959=ORIENTED_EDGE('',*,*,#1608,.F.);
#960=ORIENTED_EDGE('',*,*,#1603,.T.);
#961=ORIENTED_EDGE('',*,*,#1670,.T.);
#962=ORIENTED_EDGE('',*,*,#1335,.F.);
#963=ORIENTED_EDGE('',*,*,#1540,.F.);
#964=ORIENTED_EDGE('',*,*,#1671,.T.);
#965=ORIENTED_EDGE('',*,*,#1474,.T.);
#966=ORIENTED_EDGE('',*,*,#1347,.F.);
#967=ORIENTED_EDGE('',*,*,#1476,.F.);
#968=ORIENTED_EDGE('',*,*,#1672,.T.);
#969=ORIENTED_EDGE('',*,*,#1673,.T.);
#970=ORIENTED_EDGE('',*,*,#1348,.F.);
#971=ORIENTED_EDGE('',*,*,#1673,.F.);
#972=ORIENTED_EDGE('',*,*,#1674,.T.);
#973=ORIENTED_EDGE('',*,*,#1675,.T.);
#974=ORIENTED_EDGE('',*,*,#1354,.F.);
#975=ORIENTED_EDGE('',*,*,#1676,.F.);
#976=ORIENTED_EDGE('',*,*,#1355,.F.);
#977=ORIENTED_EDGE('',*,*,#1675,.F.);
#978=ORIENTED_EDGE('',*,*,#1677,.T.);
#979=ORIENTED_EDGE('',*,*,#1678,.T.);
#980=ORIENTED_EDGE('',*,*,#1679,.F.);
#981=ORIENTED_EDGE('',*,*,#1670,.F.);
#982=ORIENTED_EDGE('',*,*,#1356,.F.);
#983=ORIENTED_EDGE('',*,*,#1678,.F.);
#984=ORIENTED_EDGE('',*,*,#1680,.T.);
#985=ORIENTED_EDGE('',*,*,#1681,.T.);
#986=ORIENTED_EDGE('',*,*,#1682,.F.);
#987=ORIENTED_EDGE('',*,*,#1667,.F.);
#988=ORIENTED_EDGE('',*,*,#1683,.T.);
#989=ORIENTED_EDGE('',*,*,#1684,.F.);
#990=ORIENTED_EDGE('',*,*,#1685,.F.);
#991=ORIENTED_EDGE('',*,*,#1686,.F.);
#992=ORIENTED_EDGE('',*,*,#1687,.F.);
#993=ORIENTED_EDGE('',*,*,#1688,.F.);
#994=ORIENTED_EDGE('',*,*,#1681,.F.);
#995=ORIENTED_EDGE('',*,*,#1689,.T.);
#996=ORIENTED_EDGE('',*,*,#1328,.T.);
#997=ORIENTED_EDGE('',*,*,#1690,.T.);
#998=ORIENTED_EDGE('',*,*,#1362,.F.);
#999=ORIENTED_EDGE('',*,*,#1330,.F.);
#1000=ORIENTED_EDGE('',*,*,#1691,.T.);
#1001=ORIENTED_EDGE('',*,*,#1692,.T.);
#1002=ORIENTED_EDGE('',*,*,#1363,.F.);
#1003=ORIENTED_EDGE('',*,*,#1692,.F.);
#1004=ORIENTED_EDGE('',*,*,#1693,.T.);
#1005=ORIENTED_EDGE('',*,*,#1694,.T.);
#1006=ORIENTED_EDGE('',*,*,#1659,.F.);
#1007=ORIENTED_EDGE('',*,*,#1369,.F.);
#1008=ORIENTED_EDGE('',*,*,#1663,.F.);
#1009=ORIENTED_EDGE('',*,*,#1660,.T.);
#1010=ORIENTED_EDGE('',*,*,#1694,.F.);
#1011=ORIENTED_EDGE('',*,*,#1695,.F.);
#1012=ORIENTED_EDGE('',*,*,#1696,.T.);
#1013=ORIENTED_EDGE('',*,*,#1661,.F.);
#1014=ORIENTED_EDGE('',*,*,#1696,.F.);
#1015=ORIENTED_EDGE('',*,*,#1697,.T.);
#1016=ORIENTED_EDGE('',*,*,#1698,.T.);
#1017=ORIENTED_EDGE('',*,*,#1662,.T.);
#1018=ORIENTED_EDGE('',*,*,#1698,.F.);
#1019=ORIENTED_EDGE('',*,*,#1699,.F.);
#1020=ORIENTED_EDGE('',*,*,#1538,.T.);
#1021=ORIENTED_EDGE('',*,*,#1539,.F.);
#1022=ORIENTED_EDGE('',*,*,#1699,.T.);
#1023=ORIENTED_EDGE('',*,*,#1697,.F.);
#1024=ORIENTED_EDGE('',*,*,#1695,.T.);
#1025=ORIENTED_EDGE('',*,*,#1693,.F.);
#1026=ORIENTED_EDGE('',*,*,#1691,.F.);
#1027=ORIENTED_EDGE('',*,*,#1329,.F.);
#1028=ORIENTED_EDGE('',*,*,#1689,.F.);
#1029=ORIENTED_EDGE('',*,*,#1680,.F.);
#1030=ORIENTED_EDGE('',*,*,#1677,.F.);
#1031=ORIENTED_EDGE('',*,*,#1674,.F.);
#1032=ORIENTED_EDGE('',*,*,#1672,.F.);
#1033=ORIENTED_EDGE('',*,*,#1475,.F.);
#1034=ORIENTED_EDGE('',*,*,#1671,.F.);
#1035=ORIENTED_EDGE('',*,*,#1676,.T.);
#1036=ORIENTED_EDGE('',*,*,#1656,.T.);
#1037=ORIENTED_EDGE('',*,*,#1657,.T.);
#1038=ORIENTED_EDGE('',*,*,#1651,.T.);
#1039=ORIENTED_EDGE('',*,*,#1658,.T.);
#1040=ORIENTED_EDGE('',*,*,#1653,.T.);
#1041=ORIENTED_EDGE('',*,*,#1700,.T.);
#1042=ORIENTED_EDGE('',*,*,#1701,.F.);
#1043=ORIENTED_EDGE('',*,*,#1326,.T.);
#1044=ORIENTED_EDGE('',*,*,#1669,.F.);
#1045=ORIENTED_EDGE('',*,*,#1327,.F.);
#1046=ORIENTED_EDGE('',*,*,#1701,.T.);
#1047=ORIENTED_EDGE('',*,*,#1702,.T.);
#1048=ORIENTED_EDGE('',*,*,#1690,.F.);
#1049=ORIENTED_EDGE('',*,*,#1682,.T.);
#1050=ORIENTED_EDGE('',*,*,#1688,.T.);
#1051=ORIENTED_EDGE('',*,*,#1702,.F.);
#1052=ORIENTED_EDGE('',*,*,#1700,.F.);
#1053=ORIENTED_EDGE('',*,*,#1668,.T.);
#1054=ORIENTED_EDGE('',*,*,#1703,.T.);
#1055=ORIENTED_EDGE('',*,*,#1704,.T.);
#1056=ORIENTED_EDGE('',*,*,#1705,.T.);
#1057=ORIENTED_EDGE('',*,*,#1706,.T.);
#1058=ORIENTED_EDGE('',*,*,#1707,.T.);
#1059=ORIENTED_EDGE('',*,*,#1708,.F.);
#1060=ORIENTED_EDGE('',*,*,#1665,.F.);
#1061=ORIENTED_EDGE('',*,*,#1664,.T.);
#1062=ORIENTED_EDGE('',*,*,#1679,.T.);
#1063=ORIENTED_EDGE('',*,*,#1709,.F.);
#1064=ORIENTED_EDGE('',*,*,#1703,.F.);
#1065=ORIENTED_EDGE('',*,*,#1687,.T.);
#1066=ORIENTED_EDGE('',*,*,#1710,.F.);
#1067=ORIENTED_EDGE('',*,*,#1704,.F.);
#1068=ORIENTED_EDGE('',*,*,#1709,.T.);
#1069=ORIENTED_EDGE('',*,*,#1686,.T.);
#1070=ORIENTED_EDGE('',*,*,#1711,.F.);
#1071=ORIENTED_EDGE('',*,*,#1705,.F.);
#1072=ORIENTED_EDGE('',*,*,#1710,.T.);
#1073=ORIENTED_EDGE('',*,*,#1685,.T.);
#1074=ORIENTED_EDGE('',*,*,#1712,.F.);
#1075=ORIENTED_EDGE('',*,*,#1706,.F.);
#1076=ORIENTED_EDGE('',*,*,#1711,.T.);
#1077=ORIENTED_EDGE('',*,*,#1684,.T.);
#1078=ORIENTED_EDGE('',*,*,#1713,.F.);
#1079=ORIENTED_EDGE('',*,*,#1707,.F.);
#1080=ORIENTED_EDGE('',*,*,#1712,.T.);
#1081=ORIENTED_EDGE('',*,*,#1666,.F.);
#1082=ORIENTED_EDGE('',*,*,#1708,.T.);
#1083=ORIENTED_EDGE('',*,*,#1713,.T.);
#1084=ORIENTED_EDGE('',*,*,#1683,.F.);
#1085=ORIENTED_EDGE('',*,*,#1714,.T.);
#1086=ORIENTED_EDGE('',*,*,#1715,.F.);
#1087=ORIENTED_EDGE('',*,*,#1716,.F.);
#1088=ORIENTED_EDGE('',*,*,#1490,.T.);
#1089=ORIENTED_EDGE('',*,*,#1717,.T.);
#1090=ORIENTED_EDGE('',*,*,#1718,.F.);
#1091=ORIENTED_EDGE('',*,*,#1719,.F.);
#1092=ORIENTED_EDGE('',*,*,#1715,.T.);
#1093=ORIENTED_EDGE('',*,*,#1720,.T.);
#1094=ORIENTED_EDGE('',*,*,#1488,.F.);
#1095=ORIENTED_EDGE('',*,*,#1721,.F.);
#1096=ORIENTED_EDGE('',*,*,#1718,.T.);
#1097=ORIENTED_EDGE('',*,*,#1716,.T.);
#1098=ORIENTED_EDGE('',*,*,#1719,.T.);
#1099=ORIENTED_EDGE('',*,*,#1721,.T.);
#1100=ORIENTED_EDGE('',*,*,#1487,.T.);
#1101=ORIENTED_EDGE('',*,*,#1714,.F.);
#1102=ORIENTED_EDGE('',*,*,#1489,.F.);
#1103=ORIENTED_EDGE('',*,*,#1720,.F.);
#1104=ORIENTED_EDGE('',*,*,#1717,.F.);
#1105=ORIENTED_EDGE('',*,*,#1722,.T.);
#1106=ORIENTED_EDGE('',*,*,#1723,.F.);
#1107=ORIENTED_EDGE('',*,*,#1724,.F.);
#1108=ORIENTED_EDGE('',*,*,#1463,.T.);
#1109=ORIENTED_EDGE('',*,*,#1725,.T.);
#1110=ORIENTED_EDGE('',*,*,#1726,.F.);
#1111=ORIENTED_EDGE('',*,*,#1727,.F.);
#1112=ORIENTED_EDGE('',*,*,#1723,.T.);
#1113=ORIENTED_EDGE('',*,*,#1728,.T.);
#1114=ORIENTED_EDGE('',*,*,#1461,.F.);
#1115=ORIENTED_EDGE('',*,*,#1729,.F.);
#1116=ORIENTED_EDGE('',*,*,#1726,.T.);
#1117=ORIENTED_EDGE('',*,*,#1724,.T.);
#1118=ORIENTED_EDGE('',*,*,#1727,.T.);
#1119=ORIENTED_EDGE('',*,*,#1729,.T.);
#1120=ORIENTED_EDGE('',*,*,#1460,.T.);
#1121=ORIENTED_EDGE('',*,*,#1722,.F.);
#1122=ORIENTED_EDGE('',*,*,#1462,.F.);
#1123=ORIENTED_EDGE('',*,*,#1728,.F.);
#1124=ORIENTED_EDGE('',*,*,#1725,.F.);
#1125=ORIENTED_EDGE('',*,*,#1601,.F.);
#1126=ORIENTED_EDGE('',*,*,#1316,.F.);
#1127=ORIENTED_EDGE('',*,*,#1730,.T.);
#1128=ORIENTED_EDGE('',*,*,#1323,.T.);
#1129=ORIENTED_EDGE('',*,*,#1602,.F.);
#1130=ORIENTED_EDGE('',*,*,#1321,.T.);
#1131=ORIENTED_EDGE('',*,*,#1731,.F.);
#1132=ORIENTED_EDGE('',*,*,#1318,.F.);
#1133=ORIENTED_EDGE('',*,*,#1320,.T.);
#1134=ORIENTED_EDGE('',*,*,#1732,.F.);
#1135=ORIENTED_EDGE('',*,*,#1312,.F.);
#1136=ORIENTED_EDGE('',*,*,#1731,.T.);
#1137=ORIENTED_EDGE('',*,*,#1732,.T.);
#1138=ORIENTED_EDGE('',*,*,#1319,.T.);
#1139=ORIENTED_EDGE('',*,*,#1303,.T.);
#1140=ORIENTED_EDGE('',*,*,#1733,.T.);
#1141=ORIENTED_EDGE('',*,*,#1734,.F.);
#1142=ORIENTED_EDGE('',*,*,#1735,.F.);
#1143=ORIENTED_EDGE('',*,*,#1307,.T.);
#1144=ORIENTED_EDGE('',*,*,#1313,.F.);
#1145=ORIENTED_EDGE('',*,*,#1734,.T.);
#1146=ORIENTED_EDGE('',*,*,#1736,.T.);
#1147=ORIENTED_EDGE('',*,*,#1290,.F.);
#1148=ORIENTED_EDGE('',*,*,#1737,.F.);
#1149=ORIENTED_EDGE('',*,*,#1325,.T.);
#1150=ORIENTED_EDGE('',*,*,#1738,.F.);
#1151=ORIENTED_EDGE('',*,*,#1314,.F.);
#1152=ORIENTED_EDGE('',*,*,#1305,.T.);
#1153=ORIENTED_EDGE('',*,*,#1324,.T.);
#1154=ORIENTED_EDGE('',*,*,#1730,.F.);
#1155=ORIENTED_EDGE('',*,*,#1315,.F.);
#1156=ORIENTED_EDGE('',*,*,#1738,.T.);
#1157=ORIENTED_EDGE('',*,*,#1733,.F.);
#1158=ORIENTED_EDGE('',*,*,#1302,.F.);
#1159=ORIENTED_EDGE('',*,*,#1739,.F.);
#1160=ORIENTED_EDGE('',*,*,#1291,.F.);
#1161=ORIENTED_EDGE('',*,*,#1736,.F.);
#1162=ORIENTED_EDGE('',*,*,#1308,.T.);
#1163=ORIENTED_EDGE('',*,*,#1735,.T.);
#1164=ORIENTED_EDGE('',*,*,#1737,.T.);
#1165=ORIENTED_EDGE('',*,*,#1289,.T.);
#1166=ORIENTED_EDGE('',*,*,#1740,.T.);
#1167=ORIENTED_EDGE('',*,*,#1294,.T.);
#1168=ORIENTED_EDGE('',*,*,#1293,.T.);
#1169=ORIENTED_EDGE('',*,*,#1741,.T.);
#1170=ORIENTED_EDGE('',*,*,#1300,.T.);
#1171=ORIENTED_EDGE('',*,*,#1299,.T.);
#1172=ORIENTED_EDGE('',*,*,#1742,.F.);
#1173=ORIENTED_EDGE('',*,*,#1285,.T.);
#1174=ORIENTED_EDGE('',*,*,#1743,.T.);
#1175=ORIENTED_EDGE('',*,*,#1311,.F.);
#1176=ORIENTED_EDGE('',*,*,#1296,.T.);
#1177=ORIENTED_EDGE('',*,*,#1741,.F.);
#1178=ORIENTED_EDGE('',*,*,#1292,.T.);
#1179=ORIENTED_EDGE('',*,*,#1287,.T.);
#1180=ORIENTED_EDGE('',*,*,#1295,.T.);
#1181=ORIENTED_EDGE('',*,*,#1742,.T.);
#1182=ORIENTED_EDGE('',*,*,#1298,.T.);
#1183=ORIENTED_EDGE('',*,*,#1310,.F.);
#1184=ORIENTED_EDGE('',*,*,#1744,.F.);
#1185=ORIENTED_EDGE('',*,*,#1284,.T.);
#1186=ORIENTED_EDGE('',*,*,#1739,.T.);
#1187=ORIENTED_EDGE('',*,*,#1301,.F.);
#1188=ORIENTED_EDGE('',*,*,#1743,.F.);
#1189=ORIENTED_EDGE('',*,*,#1288,.T.);
#1190=ORIENTED_EDGE('',*,*,#1744,.T.);
#1191=ORIENTED_EDGE('',*,*,#1309,.F.);
#1192=ORIENTED_EDGE('',*,*,#1740,.F.);
#1193=ORIENTED_EDGE('',*,*,#1745,.F.);
#1194=ORIENTED_EDGE('',*,*,#1263,.T.);
#1195=ORIENTED_EDGE('',*,*,#1745,.T.);
#1196=ORIENTED_EDGE('',*,*,#1280,.T.);
#1197=ORIENTED_EDGE('',*,*,#1746,.F.);
#1198=ORIENTED_EDGE('',*,*,#1747,.F.);
#1199=ORIENTED_EDGE('',*,*,#1748,.T.);
#1200=ORIENTED_EDGE('',*,*,#1279,.T.);
#1201=ORIENTED_EDGE('',*,*,#1749,.F.);
#1202=ORIENTED_EDGE('',*,*,#1750,.F.);
#1203=ORIENTED_EDGE('',*,*,#1746,.T.);
#1204=ORIENTED_EDGE('',*,*,#1283,.T.);
#1205=ORIENTED_EDGE('',*,*,#1751,.F.);
#1206=ORIENTED_EDGE('',*,*,#1752,.F.);
#1207=ORIENTED_EDGE('',*,*,#1749,.T.);
#1208=ORIENTED_EDGE('',*,*,#1282,.T.);
#1209=ORIENTED_EDGE('',*,*,#1753,.F.);
#1210=ORIENTED_EDGE('',*,*,#1754,.F.);
#1211=ORIENTED_EDGE('',*,*,#1751,.T.);
#1212=ORIENTED_EDGE('',*,*,#1281,.T.);
#1213=ORIENTED_EDGE('',*,*,#1748,.F.);
#1214=ORIENTED_EDGE('',*,*,#1755,.F.);
#1215=ORIENTED_EDGE('',*,*,#1753,.T.);
#1216=ORIENTED_EDGE('',*,*,#1747,.T.);
#1217=ORIENTED_EDGE('',*,*,#1750,.T.);
#1218=ORIENTED_EDGE('',*,*,#1752,.T.);
#1219=ORIENTED_EDGE('',*,*,#1754,.T.);
#1220=ORIENTED_EDGE('',*,*,#1755,.T.);
#1221=ORIENTED_EDGE('',*,*,#1257,.T.);
#1222=ORIENTED_EDGE('',*,*,#1756,.F.);
#1223=ORIENTED_EDGE('',*,*,#1757,.F.);
#1224=ORIENTED_EDGE('',*,*,#1758,.T.);
#1225=ORIENTED_EDGE('',*,*,#1256,.T.);
#1226=ORIENTED_EDGE('',*,*,#1759,.F.);
#1227=ORIENTED_EDGE('',*,*,#1760,.F.);
#1228=ORIENTED_EDGE('',*,*,#1756,.T.);
#1229=ORIENTED_EDGE('',*,*,#1262,.T.);
#1230=ORIENTED_EDGE('',*,*,#1761,.F.);
#1231=ORIENTED_EDGE('',*,*,#1762,.F.);
#1232=ORIENTED_EDGE('',*,*,#1759,.T.);
#1233=ORIENTED_EDGE('',*,*,#1261,.T.);
#1234=ORIENTED_EDGE('',*,*,#1763,.F.);
#1235=ORIENTED_EDGE('',*,*,#1764,.F.);
#1236=ORIENTED_EDGE('',*,*,#1761,.T.);
#1237=ORIENTED_EDGE('',*,*,#1260,.T.);
#1238=ORIENTED_EDGE('',*,*,#1765,.F.);
#1239=ORIENTED_EDGE('',*,*,#1766,.F.);
#1240=ORIENTED_EDGE('',*,*,#1763,.T.);
#1241=ORIENTED_EDGE('',*,*,#1259,.T.);
#1242=ORIENTED_EDGE('',*,*,#1767,.F.);
#1243=ORIENTED_EDGE('',*,*,#1768,.F.);
#1244=ORIENTED_EDGE('',*,*,#1765,.T.);
#1245=ORIENTED_EDGE('',*,*,#1258,.T.);
#1246=ORIENTED_EDGE('',*,*,#1758,.F.);
#1247=ORIENTED_EDGE('',*,*,#1769,.F.);
#1248=ORIENTED_EDGE('',*,*,#1767,.T.);
#1249=ORIENTED_EDGE('',*,*,#1757,.T.);
#1250=ORIENTED_EDGE('',*,*,#1760,.T.);
#1251=ORIENTED_EDGE('',*,*,#1762,.T.);
#1252=ORIENTED_EDGE('',*,*,#1764,.T.);
#1253=ORIENTED_EDGE('',*,*,#1766,.T.);
#1254=ORIENTED_EDGE('',*,*,#1768,.T.);
#1255=ORIENTED_EDGE('',*,*,#1769,.T.);
#1256=EDGE_CURVE('',#1770,#1771,#2108,.T.);
#1257=EDGE_CURVE('',#1772,#1770,#2109,.T.);
#1258=EDGE_CURVE('',#1773,#1772,#109,.T.);
#1259=EDGE_CURVE('',#1774,#1773,#2110,.T.);
#1260=EDGE_CURVE('',#1775,#1774,#110,.T.);
#1261=EDGE_CURVE('',#1776,#1775,#2111,.T.);
#1262=EDGE_CURVE('',#1771,#1776,#111,.T.);
#1263=EDGE_CURVE('',#1777,#1777,#112,.T.);
#1264=EDGE_CURVE('',#1778,#1779,#2112,.T.);
#1265=EDGE_CURVE('',#1778,#1780,#2113,.T.);
#1266=EDGE_CURVE('',#1780,#1781,#2114,.T.);
#1267=EDGE_CURVE('',#1781,#1782,#2115,.T.);
#1268=EDGE_CURVE('',#1783,#1782,#2116,.T.);
#1269=EDGE_CURVE('',#1783,#1784,#2117,.T.);
#1270=EDGE_CURVE('',#1784,#1785,#2118,.T.);
#1271=EDGE_CURVE('',#1785,#1786,#113,.T.);
#1272=EDGE_CURVE('',#1786,#1787,#2119,.T.);
#1273=EDGE_CURVE('',#1787,#1788,#114,.T.);
#1274=EDGE_CURVE('',#1788,#1789,#2120,.T.);
#1275=EDGE_CURVE('',#1789,#1790,#115,.T.);
#1276=EDGE_CURVE('',#1790,#1791,#2121,.T.);
#1277=EDGE_CURVE('',#1791,#1792,#116,.T.);
#1278=EDGE_CURVE('',#1792,#1779,#2122,.T.);
#1279=EDGE_CURVE('',#1793,#1794,#2123,.T.);
#1280=EDGE_CURVE('',#1795,#1793,#2124,.T.);
#1281=EDGE_CURVE('',#1796,#1795,#2125,.T.);
#1282=EDGE_CURVE('',#1797,#1796,#2126,.T.);
#1283=EDGE_CURVE('',#1794,#1797,#2127,.T.);
#1284=EDGE_CURVE('',#1798,#1799,#91,.T.);
#1285=EDGE_CURVE('',#1800,#1798,#92,.T.);
#1286=EDGE_CURVE('',#1801,#1800,#2128,.T.);
#1287=EDGE_CURVE('',#1802,#1801,#93,.T.);
#1288=EDGE_CURVE('',#1803,#1802,#94,.T.);
#1289=EDGE_CURVE('',#1804,#1803,#2129,.T.);
#1290=EDGE_CURVE('',#1804,#1805,#2130,.T.);
#1291=EDGE_CURVE('',#1805,#1799,#2131,.T.);
#1292=EDGE_CURVE('',#1806,#1800,#13,.T.);
#1293=EDGE_CURVE('',#1807,#1806,#14,.F.);
#1294=EDGE_CURVE('',#1808,#1807,#15,.T.);
#1295=EDGE_CURVE('',#1801,#1808,#16,.T.);
#1296=EDGE_CURVE('',#1809,#1810,#17,.T.);
#1297=EDGE_CURVE('',#1811,#1809,#2132,.T.);
#1298=EDGE_CURVE('',#1812,#1811,#18,.T.);
#1299=EDGE_CURVE('',#1813,#1812,#19,.F.);
#1300=EDGE_CURVE('',#1810,#1813,#20,.T.);
#1301=EDGE_CURVE('',#1814,#1815,#117,.T.);
#1302=EDGE_CURVE('',#1815,#1816,#2133,.T.);
#1303=EDGE_CURVE('',#1817,#1816,#2134,.T.);
#1304=EDGE_CURVE('',#1817,#1818,#2135,.T.);
#1305=EDGE_CURVE('',#1819,#1818,#2136,.T.);
#1306=EDGE_CURVE('',#1820,#1819,#2137,.T.);
#1307=EDGE_CURVE('',#1821,#1820,#2138,.T.);
#1308=EDGE_CURVE('',#1822,#1821,#2139,.T.);
#1309=EDGE_CURVE('',#1822,#1823,#118,.T.);
#1310=EDGE_CURVE('',#1823,#1811,#119,.T.);
#1311=EDGE_CURVE('',#1809,#1814,#120,.T.);
#1312=EDGE_CURVE('',#1824,#1825,#2140,.T.);
#1313=EDGE_CURVE('',#1825,#1820,#2141,.T.);
#1314=EDGE_CURVE('',#1819,#1826,#121,.T.);
#1315=EDGE_CURVE('',#1826,#1827,#2142,.T.);
#1316=EDGE_CURVE('',#1827,#1828,#122,.T.);
#1317=EDGE_CURVE('',#1828,#1829,#2143,.T.);
#1318=EDGE_CURVE('',#1829,#1824,#2144,.T.);
#1319=EDGE_CURVE('',#1830,#1817,#2145,.T.);
#1320=EDGE_CURVE('',#1831,#1830,#2146,.T.);
#1321=EDGE_CURVE('',#1832,#1831,#2147,.T.);
#1322=EDGE_CURVE('',#1833,#1832,#2148,.T.);
#1323=EDGE_CURVE('',#1834,#1833,#123,.T.);
#1324=EDGE_CURVE('',#1835,#1834,#2149,.T.);
#1325=EDGE_CURVE('',#1818,#1835,#124,.T.);
#1326=EDGE_CURVE('',#1836,#1837,#2150,.T.);
#1327=EDGE_CURVE('',#1836,#1838,#2151,.T.);
#1328=EDGE_CURVE('',#1839,#1838,#2152,.T.);
#1329=EDGE_CURVE('',#1839,#1840,#2153,.T.);
#1330=EDGE_CURVE('',#1840,#1841,#2154,.T.);
#1331=EDGE_CURVE('',#1842,#1841,#2155,.T.);
#1332=EDGE_CURVE('',#1837,#1842,#2156,.T.);
#1333=EDGE_CURVE('',#1843,#1844,#2157,.T.);
#1334=EDGE_CURVE('',#1844,#1845,#2158,.T.);
#1335=EDGE_CURVE('',#1845,#1846,#125,.T.);
#1336=EDGE_CURVE('',#1846,#1847,#2159,.T.);
#1337=EDGE_CURVE('',#1848,#1847,#126,.T.);
#1338=EDGE_CURVE('',#1849,#1848,#2160,.T.);
#1339=EDGE_CURVE('',#1850,#1849,#127,.T.);
#1340=EDGE_CURVE('',#1843,#1850,#2161,.T.);
#1341=EDGE_CURVE('',#1851,#1852,#128,.T.);
#1342=EDGE_CURVE('',#1851,#1853,#2162,.T.);
#1343=EDGE_CURVE('',#1854,#1853,#129,.T.);
#1344=EDGE_CURVE('',#1852,#1854,#2163,.T.);
#1345=EDGE_CURVE('',#1855,#1856,#2164,.T.);
#1346=EDGE_CURVE('',#1856,#1857,#2165,.T.);
#1347=EDGE_CURVE('',#1857,#1858,#130,.T.);
#1348=EDGE_CURVE('',#1858,#1859,#2166,.T.);
#1349=EDGE_CURVE('',#1859,#1860,#2167,.T.);
#1350=EDGE_CURVE('',#1861,#1860,#2168,.T.);
#1351=EDGE_CURVE('',#1862,#1861,#131,.T.);
#1352=EDGE_CURVE('',#1855,#1862,#2169,.T.);
#1353=EDGE_CURVE('',#1863,#1864,#2170,.T.);
#1354=EDGE_CURVE('',#1864,#1865,#2171,.T.);
#1355=EDGE_CURVE('',#1865,#1866,#132,.T.);
#1356=EDGE_CURVE('',#1866,#1867,#2172,.T.);
#1357=EDGE_CURVE('',#1868,#1867,#2173,.T.);
#1358=EDGE_CURVE('',#1869,#1868,#2174,.T.);
#1359=EDGE_CURVE('',#1870,#1869,#133,.T.);
#1360=EDGE_CURVE('',#1863,#1870,#2175,.T.);
#1361=EDGE_CURVE('',#1871,#1842,#2176,.F.);
#1362=EDGE_CURVE('',#1841,#1872,#134,.T.);
#1363=EDGE_CURVE('',#1872,#1873,#2177,.T.);
#1364=EDGE_CURVE('',#1873,#1874,#2178,.T.);
#1365=EDGE_CURVE('',#1875,#1874,#2179,.T.);
#1366=EDGE_CURVE('',#1876,#1875,#135,.T.);
#1367=EDGE_CURVE('',#1871,#1876,#2180,.T.);
#1368=EDGE_CURVE('',#1877,#1878,#136,.T.);
#1369=EDGE_CURVE('',#1877,#1879,#2181,.T.);
#1370=EDGE_CURVE('',#1880,#1879,#137,.T.);
#1371=EDGE_CURVE('',#1878,#1880,#2182,.T.);
#1372=EDGE_CURVE('',#1881,#1860,#2183,.T.);
#1373=EDGE_CURVE('',#1882,#1881,#138,.T.);
#1374=EDGE_CURVE('',#1883,#1882,#2184,.T.);
#1375=EDGE_CURVE('',#1884,#1883,#139,.T.);
#1376=EDGE_CURVE('',#1885,#1884,#2185,.T.);
#1377=EDGE_CURVE('',#1886,#1885,#140,.T.);
#1378=EDGE_CURVE('',#1887,#1886,#2186,.T.);
#1379=EDGE_CURVE('',#1887,#1888,#141,.T.);
#1380=EDGE_CURVE('',#1889,#1888,#2187,.T.);
#1381=EDGE_CURVE('',#1890,#1889,#142,.T.);
#1382=EDGE_CURVE('',#1891,#1890,#2188,.T.);
#1383=EDGE_CURVE('',#1892,#1891,#143,.T.);
#1384=EDGE_CURVE('',#1893,#1892,#2189,.T.);
#1385=EDGE_CURVE('',#1893,#1894,#144,.T.);
#1386=EDGE_CURVE('',#1895,#1894,#2190,.T.);
#1387=EDGE_CURVE('',#1896,#1895,#145,.T.);
#1388=EDGE_CURVE('',#1896,#1863,#2191,.T.);
#1389=EDGE_CURVE('',#1791,#1870,#2192,.T.);
#1390=EDGE_CURVE('',#1790,#1861,#2193,.T.);
#1391=EDGE_CURVE('',#1897,#1898,#2194,.T.);
#1392=EDGE_CURVE('',#1899,#1897,#2195,.T.);
#1393=EDGE_CURVE('',#1899,#1881,#2196,.T.);
#1394=EDGE_CURVE('',#1898,#1881,#2197,.T.);
#1395=EDGE_CURVE('',#1900,#1901,#2198,.T.);
#1396=EDGE_CURVE('',#1896,#1900,#2199,.T.);
#1397=EDGE_CURVE('',#1902,#1896,#2200,.T.);
#1398=EDGE_CURVE('',#1901,#1902,#2201,.T.);
#1399=EDGE_CURVE('',#1903,#1904,#2202,.T.);
#1400=EDGE_CURVE('',#1903,#1905,#2203,.F.);
#1401=EDGE_CURVE('',#1905,#1784,#2204,.T.);
#1402=EDGE_CURVE('',#1906,#1783,#146,.T.);
#1403=EDGE_CURVE('',#1906,#1907,#2205,.T.);
#1404=EDGE_CURVE('',#1908,#1907,#147,.T.);
#1405=EDGE_CURVE('',#1908,#1909,#2206,.T.);
#1406=EDGE_CURVE('',#1910,#1909,#148,.T.);
#1407=EDGE_CURVE('',#1910,#1911,#2207,.T.);
#1408=EDGE_CURVE('',#1904,#1911,#149,.T.);
#1409=EDGE_CURVE('',#1912,#1868,#2208,.T.);
#1410=EDGE_CURVE('',#1912,#1913,#2209,.T.);
#1411=EDGE_CURVE('',#1913,#1914,#2210,.T.);
#1412=EDGE_CURVE('',#1914,#1915,#95,.T.);
#1413=EDGE_CURVE('',#1915,#1916,#2211,.T.);
#1414=EDGE_CURVE('',#1916,#1917,#96,.T.);
#1415=EDGE_CURVE('',#1917,#1918,#2212,.T.);
#1416=EDGE_CURVE('',#1919,#1918,#97,.T.);
#1417=EDGE_CURVE('',#1919,#1920,#2213,.T.);
#1418=EDGE_CURVE('',#1921,#1920,#98,.T.);
#1419=EDGE_CURVE('',#1921,#1922,#2214,.T.);
#1420=EDGE_CURVE('',#1923,#1922,#99,.T.);
#1421=EDGE_CURVE('',#1923,#1924,#2215,.T.);
#1422=EDGE_CURVE('',#1925,#1924,#100,.T.);
#1423=EDGE_CURVE('',#1925,#1926,#2216,.T.);
#1424=EDGE_CURVE('',#1782,#1926,#101,.T.);
#1425=EDGE_CURVE('',#1927,#1781,#102,.T.);
#1426=EDGE_CURVE('',#1927,#1928,#2217,.T.);
#1427=EDGE_CURVE('',#1928,#1929,#103,.T.);
#1428=EDGE_CURVE('',#1929,#1930,#2218,.T.);
#1429=EDGE_CURVE('',#1930,#1931,#104,.T.);
#1430=EDGE_CURVE('',#1931,#1779,#2219,.T.);
#1431=EDGE_CURVE('',#1792,#1869,#2220,.T.);
#1432=EDGE_CURVE('',#1786,#1875,#2221,.T.);
#1433=EDGE_CURVE('',#1932,#1874,#2222,.T.);
#1434=EDGE_CURVE('',#1932,#1933,#2223,.T.);
#1435=EDGE_CURVE('',#1933,#1878,#2224,.T.);
#1436=EDGE_CURVE('',#1934,#1880,#2225,.T.);
#1437=EDGE_CURVE('',#1934,#1935,#2226,.T.);
#1438=EDGE_CURVE('',#1935,#1843,#2227,.T.);
#1439=EDGE_CURVE('',#1787,#1850,#2228,.T.);
#1440=EDGE_CURVE('',#1788,#1849,#2229,.T.);
#1441=EDGE_CURVE('',#1936,#1848,#2230,.T.);
#1442=EDGE_CURVE('',#1936,#1937,#2231,.T.);
#1443=EDGE_CURVE('',#1937,#1852,#2232,.T.);
#1444=EDGE_CURVE('',#1938,#1854,#2233,.T.);
#1445=EDGE_CURVE('',#1938,#1939,#2234,.T.);
#1446=EDGE_CURVE('',#1939,#1855,#2235,.T.);
#1447=EDGE_CURVE('',#1789,#1862,#2236,.T.);
#1448=EDGE_CURVE('',#1940,#1941,#150,.T.);
#1449=EDGE_CURVE('',#1941,#1871,#2237,.T.);
#1450=EDGE_CURVE('',#1785,#1876,#2238,.T.);
#1451=EDGE_CURVE('',#1905,#1942,#2239,.T.);
#1452=EDGE_CURVE('',#1942,#1943,#2240,.T.);
#1453=EDGE_CURVE('',#1943,#1940,#2241,.T.);
#1454=EDGE_CURVE('',#1847,#1944,#151,.T.);
#1455=EDGE_CURVE('',#1945,#1944,#2242,.T.);
#1456=EDGE_CURVE('',#1936,#1945,#152,.T.);
#1457=EDGE_CURVE('',#1946,#1944,#153,.T.);
#1458=EDGE_CURVE('',#1947,#1946,#2243,.T.);
#1459=EDGE_CURVE('',#1947,#1945,#154,.T.);
#1460=EDGE_CURVE('',#1948,#1949,#2244,.T.);
#1461=EDGE_CURVE('',#1948,#1950,#2245,.T.);
#1462=EDGE_CURVE('',#1950,#1951,#2246,.T.);
#1463=EDGE_CURVE('',#1949,#1951,#2247,.T.);
#1464=EDGE_CURVE('',#1952,#1946,#2248,.T.);
#1465=EDGE_CURVE('',#1953,#1952,#2249,.T.);
#1466=EDGE_CURVE('',#1953,#1947,#2250,.T.);
#1467=EDGE_CURVE('',#1954,#1952,#155,.T.);
#1468=EDGE_CURVE('',#1955,#1954,#2251,.T.);
#1469=EDGE_CURVE('',#1955,#1953,#156,.T.);
#1470=EDGE_CURVE('',#1954,#1956,#157,.T.);
#1471=EDGE_CURVE('',#1957,#1956,#2252,.T.);
#1472=EDGE_CURVE('',#1955,#1957,#158,.T.);
#1473=EDGE_CURVE('',#1847,#1956,#2253,.T.);
#1474=EDGE_CURVE('',#1958,#1846,#2254,.T.);
#1475=EDGE_CURVE('',#1958,#1959,#2255,.T.);
#1476=EDGE_CURVE('',#1959,#1857,#2256,.T.);
#1477=EDGE_CURVE('',#1853,#1856,#2257,.T.);
#1478=EDGE_CURVE('',#1960,#1851,#2258,.T.);
#1479=EDGE_CURVE('',#1961,#1960,#2259,.T.);
#1480=EDGE_CURVE('',#1961,#1957,#2260,.T.);
#1481=EDGE_CURVE('',#1960,#1962,#159,.T.);
#1482=EDGE_CURVE('',#1963,#1962,#2261,.T.);
#1483=EDGE_CURVE('',#1961,#1963,#160,.T.);
#1484=EDGE_CURVE('',#1964,#1962,#161,.T.);
#1485=EDGE_CURVE('',#1965,#1964,#2262,.T.);
#1486=EDGE_CURVE('',#1965,#1963,#162,.T.);
#1487=EDGE_CURVE('',#1966,#1967,#2263,.T.);
#1488=EDGE_CURVE('',#1966,#1968,#2264,.T.);
#1489=EDGE_CURVE('',#1968,#1969,#2265,.T.);
#1490=EDGE_CURVE('',#1967,#1969,#2266,.T.);
#1491=EDGE_CURVE('',#1970,#1964,#2267,.T.);
#1492=EDGE_CURVE('',#1971,#1970,#2268,.T.);
#1493=EDGE_CURVE('',#1971,#1965,#2269,.T.);
#1494=EDGE_CURVE('',#1972,#1970,#163,.T.);
#1495=EDGE_CURVE('',#1973,#1972,#2270,.T.);
#1496=EDGE_CURVE('',#1973,#1971,#164,.T.);
#1497=EDGE_CURVE('',#1972,#1851,#165,.T.);
#1498=EDGE_CURVE('',#1973,#1937,#166,.T.);
#1499=EDGE_CURVE('',#1938,#1974,#167,.T.);
#1500=EDGE_CURVE('',#1975,#1974,#168,.T.);
#1501=EDGE_CURVE('',#1976,#1975,#2271,.T.);
#1502=EDGE_CURVE('',#1977,#1976,#169,.T.);
#1503=EDGE_CURVE('',#1939,#1977,#2272,.T.);
#1504=EDGE_CURVE('',#1977,#1978,#2273,.T.);
#1505=EDGE_CURVE('',#1856,#1978,#2274,.T.);
#1506=EDGE_CURVE('',#1978,#1979,#170,.T.);
#1507=EDGE_CURVE('',#1976,#1979,#2275,.T.);
#1508=EDGE_CURVE('',#1979,#1980,#2276,.T.);
#1509=EDGE_CURVE('',#1975,#1980,#2277,.T.);
#1510=EDGE_CURVE('',#1980,#1981,#171,.T.);
#1511=EDGE_CURVE('',#1974,#1981,#2278,.T.);
#1512=EDGE_CURVE('',#1853,#1981,#172,.T.);
#1513=EDGE_CURVE('',#1934,#1982,#173,.T.);
#1514=EDGE_CURVE('',#1983,#1982,#174,.T.);
#1515=EDGE_CURVE('',#1984,#1983,#2279,.T.);
#1516=EDGE_CURVE('',#1985,#1984,#175,.T.);
#1517=EDGE_CURVE('',#1985,#1986,#176,.T.);
#1518=EDGE_CURVE('',#1987,#1986,#2280,.T.);
#1519=EDGE_CURVE('',#1987,#1988,#177,.T.);
#1520=EDGE_CURVE('',#1989,#1988,#2281,.T.);
#1521=EDGE_CURVE('',#1990,#1989,#2282,.T.);
#1522=EDGE_CURVE('',#1990,#1991,#178,.T.);
#1523=EDGE_CURVE('',#1992,#1991,#179,.T.);
#1524=EDGE_CURVE('',#1935,#1992,#2283,.T.);
#1525=EDGE_CURVE('',#1879,#1993,#180,.T.);
#1526=EDGE_CURVE('',#1982,#1993,#2284,.T.);
#1527=EDGE_CURVE('',#1992,#1994,#2285,.T.);
#1528=EDGE_CURVE('',#1844,#1994,#2286,.T.);
#1529=EDGE_CURVE('',#1995,#1993,#181,.T.);
#1530=EDGE_CURVE('',#1983,#1995,#2287,.T.);
#1531=EDGE_CURVE('',#1996,#1995,#2288,.T.);
#1532=EDGE_CURVE('',#1984,#1996,#2289,.T.);
#1533=EDGE_CURVE('',#1997,#1996,#182,.T.);
#1534=EDGE_CURVE('',#1985,#1997,#2290,.T.);
#1535=EDGE_CURVE('',#1997,#1998,#183,.T.);
#1536=EDGE_CURVE('',#1986,#1998,#2291,.T.);
#1537=EDGE_CURVE('',#1999,#1998,#2292,.T.);
#1538=EDGE_CURVE('',#2000,#1999,#2293,.T.);
#1539=EDGE_CURVE('',#2000,#2001,#2294,.T.);
#1540=EDGE_CURVE('',#2001,#1845,#2295,.T.);
#1541=EDGE_CURVE('',#2002,#1844,#2296,.T.);
#1542=EDGE_CURVE('',#1987,#2002,#2297,.T.);
#1543=EDGE_CURVE('',#2002,#2003,#184,.T.);
#1544=EDGE_CURVE('',#1988,#2003,#2298,.T.);
#1545=EDGE_CURVE('',#2004,#2003,#2299,.T.);
#1546=EDGE_CURVE('',#1989,#2004,#2300,.T.);
#1547=EDGE_CURVE('',#2005,#2004,#2301,.T.);
#1548=EDGE_CURVE('',#1990,#2005,#2302,.T.);
#1549=EDGE_CURVE('',#2005,#2006,#185,.T.);
#1550=EDGE_CURVE('',#1991,#2006,#2303,.T.);
#1551=EDGE_CURVE('',#1994,#2006,#186,.T.);
#1552=EDGE_CURVE('',#2007,#1932,#2304,.T.);
#1553=EDGE_CURVE('',#2008,#2007,#187,.T.);
#1554=EDGE_CURVE('',#2009,#2008,#2305,.T.);
#1555=EDGE_CURVE('',#2010,#2009,#188,.T.);
#1556=EDGE_CURVE('',#2010,#1933,#189,.T.);
#1557=EDGE_CURVE('',#2011,#1877,#190,.T.);
#1558=EDGE_CURVE('',#2010,#2011,#2306,.T.);
#1559=EDGE_CURVE('',#2011,#2012,#191,.T.);
#1560=EDGE_CURVE('',#2009,#2012,#2307,.T.);
#1561=EDGE_CURVE('',#2012,#2013,#2308,.T.);
#1562=EDGE_CURVE('',#2008,#2013,#2309,.T.);
#1563=EDGE_CURVE('',#2013,#2014,#192,.T.);
#1564=EDGE_CURVE('',#2007,#2014,#2310,.T.);
#1565=EDGE_CURVE('',#2014,#1873,#2311,.T.);
#1566=EDGE_CURVE('',#2015,#2016,#2312,.T.);
#1567=EDGE_CURVE('',#2017,#2015,#193,.T.);
#1568=EDGE_CURVE('',#2017,#2018,#2313,.T.);
#1569=EDGE_CURVE('',#2018,#2019,#194,.T.);
#1570=EDGE_CURVE('',#2019,#2020,#2314,.T.);
#1571=EDGE_CURVE('',#2020,#2021,#195,.T.);
#1572=EDGE_CURVE('',#2021,#2016,#2315,.T.);
#1573=EDGE_CURVE('',#1906,#1926,#2316,.T.);
#1574=EDGE_CURVE('',#1913,#2016,#2317,.T.);
#1575=EDGE_CURVE('',#2021,#1914,#2318,.T.);
#1576=EDGE_CURVE('',#2020,#1915,#2319,.T.);
#1577=EDGE_CURVE('',#2019,#1916,#2320,.T.);
#1578=EDGE_CURVE('',#2018,#1917,#2321,.T.);
#1579=EDGE_CURVE('',#2017,#1918,#2322,.T.);
#1580=EDGE_CURVE('',#2015,#1919,#2323,.T.);
#1581=EDGE_CURVE('',#2022,#2023,#2324,.T.);
#1582=EDGE_CURVE('',#2023,#1903,#2325,.T.);
#1583=EDGE_CURVE('',#1904,#1920,#2326,.T.);
#1584=EDGE_CURVE('',#2022,#1912,#2327,.T.);
#1585=EDGE_CURVE('',#1911,#1921,#2328,.T.);
#1586=EDGE_CURVE('',#1910,#1922,#2329,.T.);
#1587=EDGE_CURVE('',#1909,#1923,#2330,.T.);
#1588=EDGE_CURVE('',#1908,#1924,#2331,.T.);
#1589=EDGE_CURVE('',#1907,#1925,#2332,.T.);
#1590=EDGE_CURVE('',#2024,#1930,#2333,.T.);
#1591=EDGE_CURVE('',#2025,#2024,#196,.T.);
#1592=EDGE_CURVE('',#2025,#1931,#2334,.T.);
#1593=EDGE_CURVE('',#2026,#1929,#2335,.T.);
#1594=EDGE_CURVE('',#2024,#2026,#2336,.T.);
#1595=EDGE_CURVE('',#2027,#1928,#2337,.T.);
#1596=EDGE_CURVE('',#2026,#2027,#197,.T.);
#1597=EDGE_CURVE('',#2028,#1927,#2338,.T.);
#1598=EDGE_CURVE('',#2027,#2028,#2339,.T.);
#1599=EDGE_CURVE('',#1778,#2025,#2340,.T.);
#1600=EDGE_CURVE('',#1780,#2028,#198,.T.);
#1601=EDGE_CURVE('',#1828,#1833,#2341,.T.);
#1602=EDGE_CURVE('',#1832,#1829,#2342,.T.);
#1603=EDGE_CURVE('',#2029,#1867,#2343,.T.);
#1604=EDGE_CURVE('',#2029,#2030,#2344,.T.);
#1605=EDGE_CURVE('',#2030,#2031,#199,.T.);
#1606=EDGE_CURVE('',#2031,#2032,#2345,.T.);
#1607=EDGE_CURVE('',#2032,#2022,#2346,.T.);
#1608=EDGE_CURVE('',#2029,#2033,#2347,.T.);
#1609=EDGE_CURVE('',#2033,#2034,#2348,.T.);
#1610=EDGE_CURVE('',#2030,#2034,#2349,.T.);
#1611=EDGE_CURVE('',#2034,#2035,#200,.F.);
#1612=EDGE_CURVE('',#2031,#2035,#2350,.T.);
#1613=EDGE_CURVE('',#2035,#2036,#2351,.T.);
#1614=EDGE_CURVE('',#2032,#2036,#2352,.T.);
#1615=EDGE_CURVE('',#2036,#2023,#2353,.T.);
#1616=EDGE_CURVE('',#1942,#2023,#2354,.F.);
#1617=EDGE_CURVE('',#1943,#2036,#2355,.F.);
#1618=EDGE_CURVE('',#1940,#2035,#2356,.T.);
#1619=EDGE_CURVE('',#1941,#2034,#2357,.T.);
#1620=EDGE_CURVE('',#1842,#2033,#2358,.F.);
#1621=EDGE_CURVE('',#2037,#1884,#2359,.T.);
#1622=EDGE_CURVE('',#2038,#2037,#2360,.T.);
#1623=EDGE_CURVE('',#2038,#1885,#2361,.T.);
#1624=EDGE_CURVE('',#2039,#1883,#2362,.T.);
#1625=EDGE_CURVE('',#2037,#2039,#201,.T.);
#1626=EDGE_CURVE('',#2040,#1882,#2363,.T.);
#1627=EDGE_CURVE('',#2039,#2040,#2364,.T.);
#1628=EDGE_CURVE('',#2040,#1899,#202,.T.);
#1629=EDGE_CURVE('',#2041,#1895,#2365,.T.);
#1630=EDGE_CURVE('',#1902,#2041,#203,.T.);
#1631=EDGE_CURVE('',#2042,#1894,#2366,.T.);
#1632=EDGE_CURVE('',#2041,#2042,#2367,.T.);
#1633=EDGE_CURVE('',#2043,#1893,#2368,.T.);
#1634=EDGE_CURVE('',#2043,#2042,#204,.T.);
#1635=EDGE_CURVE('',#2044,#1892,#2369,.T.);
#1636=EDGE_CURVE('',#2043,#2044,#2370,.T.);
#1637=EDGE_CURVE('',#2045,#1891,#2371,.T.);
#1638=EDGE_CURVE('',#2044,#2045,#205,.T.);
#1639=EDGE_CURVE('',#2046,#1890,#2372,.T.);
#1640=EDGE_CURVE('',#2045,#2046,#2373,.T.);
#1641=EDGE_CURVE('',#2047,#1889,#2374,.T.);
#1642=EDGE_CURVE('',#2046,#2047,#206,.T.);
#1643=EDGE_CURVE('',#2048,#1888,#2375,.T.);
#1644=EDGE_CURVE('',#2047,#2048,#2376,.T.);
#1645=EDGE_CURVE('',#2049,#1887,#2377,.T.);
#1646=EDGE_CURVE('',#2049,#2048,#207,.T.);
#1647=EDGE_CURVE('',#2050,#1886,#2378,.T.);
#1648=EDGE_CURVE('',#2049,#2050,#2379,.T.);
#1649=EDGE_CURVE('',#2050,#2038,#208,.T.);
#1650=EDGE_CURVE('',#1897,#2051,#2380,.T.);
#1651=EDGE_CURVE('',#2052,#2051,#2381,.T.);
#1652=EDGE_CURVE('',#1901,#2052,#2382,.T.);
#1653=EDGE_CURVE('',#2053,#1859,#2383,.T.);
#1654=EDGE_CURVE('',#1898,#2053,#2384,.T.);
#1655=EDGE_CURVE('',#1900,#2054,#2385,.T.);
#1656=EDGE_CURVE('',#1864,#2054,#2386,.T.);
#1657=EDGE_CURVE('',#2054,#2052,#2387,.T.);
#1658=EDGE_CURVE('',#2051,#2053,#2388,.T.);
#1659=EDGE_CURVE('',#1879,#2055,#2389,.T.);
#1660=EDGE_CURVE('',#2056,#2055,#209,.T.);
#1661=EDGE_CURVE('',#2056,#2057,#2390,.T.);
#1662=EDGE_CURVE('',#1999,#2057,#210,.T.);
#1663=EDGE_CURVE('',#1873,#1877,#2391,.T.);
#1664=EDGE_CURVE('',#2058,#2059,#2392,.T.);
#1665=EDGE_CURVE('',#2058,#2060,#2393,.T.);
#1666=EDGE_CURVE('',#2060,#2061,#2394,.T.);
#1667=EDGE_CURVE('',#2061,#2062,#2395,.T.);
#1668=EDGE_CURVE('',#2063,#2062,#2396,.T.);
#1669=EDGE_CURVE('',#2063,#1837,#2397,.T.);
#1670=EDGE_CURVE('',#1867,#2059,#2398,.T.);
#1671=EDGE_CURVE('',#2001,#1958,#211,.T.);
#1672=EDGE_CURVE('',#1959,#2064,#212,.T.);
#1673=EDGE_CURVE('',#2064,#1858,#2399,.T.);
#1674=EDGE_CURVE('',#2064,#2065,#2400,.T.);
#1675=EDGE_CURVE('',#2065,#1865,#2401,.T.);
#1676=EDGE_CURVE('',#1859,#1864,#2402,.T.);
#1677=EDGE_CURVE('',#2065,#2066,#213,.T.);
#1678=EDGE_CURVE('',#2066,#1866,#2403,.T.);
#1679=EDGE_CURVE('',#2059,#2067,#2404,.T.);
#1680=EDGE_CURVE('',#2066,#2068,#2405,.T.);
#1681=EDGE_CURVE('',#2068,#2069,#2406,.T.);
#1682=EDGE_CURVE('',#2062,#2069,#2407,.T.);
#1683=EDGE_CURVE('',#2061,#2070,#105,.T.);
#1684=EDGE_CURVE('',#2071,#2070,#2408,.T.);
#1685=EDGE_CURVE('',#2072,#2071,#106,.T.);
#1686=EDGE_CURVE('',#2073,#2072,#2409,.T.);
#1687=EDGE_CURVE('',#2067,#2073,#107,.T.);
#1688=EDGE_CURVE('',#2069,#2074,#108,.F.);
#1689=EDGE_CURVE('',#2068,#1839,#214,.T.);
#1690=EDGE_CURVE('',#1838,#2074,#21,.F.);
#1691=EDGE_CURVE('',#1840,#2075,#215,.T.);
#1692=EDGE_CURVE('',#2075,#1872,#2410,.T.);
#1693=EDGE_CURVE('',#2075,#2076,#2411,.T.);
#1694=EDGE_CURVE('',#2076,#2055,#2412,.T.);
#1695=EDGE_CURVE('',#2077,#2076,#216,.T.);
#1696=EDGE_CURVE('',#2077,#2056,#2413,.T.);
#1697=EDGE_CURVE('',#2077,#2078,#2414,.T.);
#1698=EDGE_CURVE('',#2078,#2057,#2415,.T.);
#1699=EDGE_CURVE('',#2000,#2078,#217,.T.);
#1700=EDGE_CURVE('',#2063,#2079,#2416,.T.);
#1701=EDGE_CURVE('',#1836,#2079,#218,.T.);
#1702=EDGE_CURVE('',#2079,#2074,#2417,.T.);
#1703=EDGE_CURVE('',#2058,#2080,#2418,.T.);
#1704=EDGE_CURVE('',#2080,#2081,#219,.T.);
#1705=EDGE_CURVE('',#2081,#2082,#2419,.T.);
#1706=EDGE_CURVE('',#2082,#2083,#220,.T.);
#1707=EDGE_CURVE('',#2083,#2084,#2420,.T.);
#1708=EDGE_CURVE('',#2060,#2084,#221,.T.);
#1709=EDGE_CURVE('',#2080,#2067,#2421,.T.);
#1710=EDGE_CURVE('',#2081,#2073,#2422,.T.);
#1711=EDGE_CURVE('',#2082,#2072,#2423,.T.);
#1712=EDGE_CURVE('',#2083,#2071,#2424,.T.);
#1713=EDGE_CURVE('',#2084,#2070,#2425,.T.);
#1714=EDGE_CURVE('',#1969,#2085,#2426,.T.);
#1715=EDGE_CURVE('',#2086,#2085,#2427,.T.);
#1716=EDGE_CURVE('',#1967,#2086,#2428,.T.);
#1717=EDGE_CURVE('',#2085,#2087,#2429,.T.);
#1718=EDGE_CURVE('',#2088,#2087,#2430,.T.);
#1719=EDGE_CURVE('',#2086,#2088,#2431,.T.);
#1720=EDGE_CURVE('',#2087,#1968,#2432,.T.);
#1721=EDGE_CURVE('',#2088,#1966,#2433,.T.);
#1722=EDGE_CURVE('',#1951,#2089,#2434,.T.);
#1723=EDGE_CURVE('',#2090,#2089,#2435,.T.);
#1724=EDGE_CURVE('',#1949,#2090,#2436,.T.);
#1725=EDGE_CURVE('',#2089,#2091,#2437,.T.);
#1726=EDGE_CURVE('',#2092,#2091,#2438,.T.);
#1727=EDGE_CURVE('',#2090,#2092,#2439,.T.);
#1728=EDGE_CURVE('',#2091,#1950,#2440,.T.);
#1729=EDGE_CURVE('',#2092,#1948,#2441,.T.);
#1730=EDGE_CURVE('',#1827,#1834,#2442,.T.);
#1731=EDGE_CURVE('',#1824,#1831,#2443,.T.);
#1732=EDGE_CURVE('',#1825,#1830,#2444,.T.);
#1733=EDGE_CURVE('',#1816,#2093,#2445,.T.);
#1734=EDGE_CURVE('',#2094,#2093,#2446,.T.);
#1735=EDGE_CURVE('',#1821,#2094,#2447,.T.);
#1736=EDGE_CURVE('',#2093,#1805,#222,.T.);
#1737=EDGE_CURVE('',#2094,#1804,#223,.T.);
#1738=EDGE_CURVE('',#1826,#1835,#2448,.T.);
#1739=EDGE_CURVE('',#1799,#1815,#2449,.T.);
#1740=EDGE_CURVE('',#1803,#1822,#2450,.T.);
#1741=EDGE_CURVE('',#1806,#1810,#2451,.T.);
#1742=EDGE_CURVE('',#1808,#1812,#2452,.T.);
#1743=EDGE_CURVE('',#1798,#1814,#2453,.T.);
#1744=EDGE_CURVE('',#1802,#1823,#2454,.T.);
#1745=EDGE_CURVE('',#2095,#2095,#224,.T.);
#1746=EDGE_CURVE('',#2096,#1793,#2455,.T.);
#1747=EDGE_CURVE('',#2097,#2096,#2456,.T.);
#1748=EDGE_CURVE('',#2097,#1795,#2457,.T.);
#1749=EDGE_CURVE('',#2098,#1794,#2458,.T.);
#1750=EDGE_CURVE('',#2096,#2098,#2459,.T.);
#1751=EDGE_CURVE('',#2099,#1797,#2460,.T.);
#1752=EDGE_CURVE('',#2098,#2099,#2461,.T.);
#1753=EDGE_CURVE('',#2100,#1796,#2462,.T.);
#1754=EDGE_CURVE('',#2099,#2100,#2463,.T.);
#1755=EDGE_CURVE('',#2100,#2097,#2464,.T.);
#1756=EDGE_CURVE('',#2101,#1770,#2465,.T.);
#1757=EDGE_CURVE('',#2102,#2101,#2466,.T.);
#1758=EDGE_CURVE('',#2102,#1772,#2467,.T.);
#1759=EDGE_CURVE('',#2103,#1771,#2468,.T.);
#1760=EDGE_CURVE('',#2101,#2103,#2469,.T.);
#1761=EDGE_CURVE('',#2104,#1776,#2470,.T.);
#1762=EDGE_CURVE('',#2103,#2104,#225,.T.);
#1763=EDGE_CURVE('',#2105,#1775,#2471,.T.);
#1764=EDGE_CURVE('',#2104,#2105,#2472,.T.);
#1765=EDGE_CURVE('',#2106,#1774,#2473,.T.);
#1766=EDGE_CURVE('',#2105,#2106,#226,.T.);
#1767=EDGE_CURVE('',#2107,#1773,#2474,.T.);
#1768=EDGE_CURVE('',#2106,#2107,#2475,.T.);
#1769=EDGE_CURVE('',#2107,#2102,#227,.T.);
#1770=VERTEX_POINT('',#6170);
#1771=VERTEX_POINT('',#6171);
#1772=VERTEX_POINT('',#6173);
#1773=VERTEX_POINT('',#6175);
#1774=VERTEX_POINT('',#6177);
#1775=VERTEX_POINT('',#6179);
#1776=VERTEX_POINT('',#6181);
#1777=VERTEX_POINT('',#6184);
#1778=VERTEX_POINT('',#6186);
#1779=VERTEX_POINT('',#6187);
#1780=VERTEX_POINT('',#6189);
#1781=VERTEX_POINT('',#6191);
#1782=VERTEX_POINT('',#6193);
#1783=VERTEX_POINT('',#6195);
#1784=VERTEX_POINT('',#6197);
#1785=VERTEX_POINT('',#6199);
#1786=VERTEX_POINT('',#6201);
#1787=VERTEX_POINT('',#6203);
#1788=VERTEX_POINT('',#6205);
#1789=VERTEX_POINT('',#6207);
#1790=VERTEX_POINT('',#6209);
#1791=VERTEX_POINT('',#6211);
#1792=VERTEX_POINT('',#6213);
#1793=VERTEX_POINT('',#6216);
#1794=VERTEX_POINT('',#6217);
#1795=VERTEX_POINT('',#6219);
#1796=VERTEX_POINT('',#6221);
#1797=VERTEX_POINT('',#6223);
#1798=VERTEX_POINT('',#6227);
#1799=VERTEX_POINT('',#6228);
#1800=VERTEX_POINT('',#6230);
#1801=VERTEX_POINT('',#6232);
#1802=VERTEX_POINT('',#6234);
#1803=VERTEX_POINT('',#6236);
#1804=VERTEX_POINT('',#6238);
#1805=VERTEX_POINT('',#6240);
#1806=VERTEX_POINT('',#6247);
#1807=VERTEX_POINT('',#6252);
#1808=VERTEX_POINT('',#6257);
#1809=VERTEX_POINT('',#6267);
#1810=VERTEX_POINT('',#6268);
#1811=VERTEX_POINT('',#6270);
#1812=VERTEX_POINT('',#6275);
#1813=VERTEX_POINT('',#6280);
#1814=VERTEX_POINT('',#6287);
#1815=VERTEX_POINT('',#6288);
#1816=VERTEX_POINT('',#6290);
#1817=VERTEX_POINT('',#6292);
#1818=VERTEX_POINT('',#6294);
#1819=VERTEX_POINT('',#6296);
#1820=VERTEX_POINT('',#6298);
#1821=VERTEX_POINT('',#6300);
#1822=VERTEX_POINT('',#6302);
#1823=VERTEX_POINT('',#6304);
#1824=VERTEX_POINT('',#6309);
#1825=VERTEX_POINT('',#6310);
#1826=VERTEX_POINT('',#6313);
#1827=VERTEX_POINT('',#6315);
#1828=VERTEX_POINT('',#6317);
#1829=VERTEX_POINT('',#6319);
#1830=VERTEX_POINT('',#6323);
#1831=VERTEX_POINT('',#6325);
#1832=VERTEX_POINT('',#6327);
#1833=VERTEX_POINT('',#6329);
#1834=VERTEX_POINT('',#6331);
#1835=VERTEX_POINT('',#6333);
#1836=VERTEX_POINT('',#6337);
#1837=VERTEX_POINT('',#6338);
#1838=VERTEX_POINT('',#6340);
#1839=VERTEX_POINT('',#6342);
#1840=VERTEX_POINT('',#6344);
#1841=VERTEX_POINT('',#6346);
#1842=VERTEX_POINT('',#6348);
#1843=VERTEX_POINT('',#6352);
#1844=VERTEX_POINT('',#6353);
#1845=VERTEX_POINT('',#6355);
#1846=VERTEX_POINT('',#6357);
#1847=VERTEX_POINT('',#6359);
#1848=VERTEX_POINT('',#6361);
#1849=VERTEX_POINT('',#6363);
#1850=VERTEX_POINT('',#6365);
#1851=VERTEX_POINT('',#6369);
#1852=VERTEX_POINT('',#6370);
#1853=VERTEX_POINT('',#6372);
#1854=VERTEX_POINT('',#6374);
#1855=VERTEX_POINT('',#6378);
#1856=VERTEX_POINT('',#6379);
#1857=VERTEX_POINT('',#6381);
#1858=VERTEX_POINT('',#6383);
#1859=VERTEX_POINT('',#6385);
#1860=VERTEX_POINT('',#6387);
#1861=VERTEX_POINT('',#6389);
#1862=VERTEX_POINT('',#6391);
#1863=VERTEX_POINT('',#6395);
#1864=VERTEX_POINT('',#6396);
#1865=VERTEX_POINT('',#6398);
#1866=VERTEX_POINT('',#6400);
#1867=VERTEX_POINT('',#6402);
#1868=VERTEX_POINT('',#6404);
#1869=VERTEX_POINT('',#6406);
#1870=VERTEX_POINT('',#6408);
#1871=VERTEX_POINT('',#6412);
#1872=VERTEX_POINT('',#6414);
#1873=VERTEX_POINT('',#6416);
#1874=VERTEX_POINT('',#6418);
#1875=VERTEX_POINT('',#6420);
#1876=VERTEX_POINT('',#6422);
#1877=VERTEX_POINT('',#6426);
#1878=VERTEX_POINT('',#6427);
#1879=VERTEX_POINT('',#6429);
#1880=VERTEX_POINT('',#6431);
#1881=VERTEX_POINT('',#6435);
#1882=VERTEX_POINT('',#6437);
#1883=VERTEX_POINT('',#6439);
#1884=VERTEX_POINT('',#6441);
#1885=VERTEX_POINT('',#6443);
#1886=VERTEX_POINT('',#6445);
#1887=VERTEX_POINT('',#6447);
#1888=VERTEX_POINT('',#6449);
#1889=VERTEX_POINT('',#6451);
#1890=VERTEX_POINT('',#6453);
#1891=VERTEX_POINT('',#6455);
#1892=VERTEX_POINT('',#6457);
#1893=VERTEX_POINT('',#6459);
#1894=VERTEX_POINT('',#6461);
#1895=VERTEX_POINT('',#6463);
#1896=VERTEX_POINT('',#6465);
#1897=VERTEX_POINT('',#6471);
#1898=VERTEX_POINT('',#6472);
#1899=VERTEX_POINT('',#6474);
#1900=VERTEX_POINT('',#6479);
#1901=VERTEX_POINT('',#6480);
#1902=VERTEX_POINT('',#6483);
#1903=VERTEX_POINT('',#6487);
#1904=VERTEX_POINT('',#6488);
#1905=VERTEX_POINT('',#6490);
#1906=VERTEX_POINT('',#6493);
#1907=VERTEX_POINT('',#6495);
#1908=VERTEX_POINT('',#6497);
#1909=VERTEX_POINT('',#6499);
#1910=VERTEX_POINT('',#6501);
#1911=VERTEX_POINT('',#6503);
#1912=VERTEX_POINT('',#6507);
#1913=VERTEX_POINT('',#6509);
#1914=VERTEX_POINT('',#6511);
#1915=VERTEX_POINT('',#6513);
#1916=VERTEX_POINT('',#6515);
#1917=VERTEX_POINT('',#6517);
#1918=VERTEX_POINT('',#6519);
#1919=VERTEX_POINT('',#6521);
#1920=VERTEX_POINT('',#6523);
#1921=VERTEX_POINT('',#6525);
#1922=VERTEX_POINT('',#6527);
#1923=VERTEX_POINT('',#6529);
#1924=VERTEX_POINT('',#6531);
#1925=VERTEX_POINT('',#6533);
#1926=VERTEX_POINT('',#6535);
#1927=VERTEX_POINT('',#6538);
#1928=VERTEX_POINT('',#6540);
#1929=VERTEX_POINT('',#6542);
#1930=VERTEX_POINT('',#6544);
#1931=VERTEX_POINT('',#6546);
#1932=VERTEX_POINT('',#6552);
#1933=VERTEX_POINT('',#6554);
#1934=VERTEX_POINT('',#6557);
#1935=VERTEX_POINT('',#6559);
#1936=VERTEX_POINT('',#6566);
#1937=VERTEX_POINT('',#6568);
#1938=VERTEX_POINT('',#6571);
#1939=VERTEX_POINT('',#6573);
#1940=VERTEX_POINT('',#6580);
#1941=VERTEX_POINT('',#6581);
#1942=VERTEX_POINT('',#6585);
#1943=VERTEX_POINT('',#6587);
#1944=VERTEX_POINT('',#6592);
#1945=VERTEX_POINT('',#6594);
#1946=VERTEX_POINT('',#6598);
#1947=VERTEX_POINT('',#6600);
#1948=VERTEX_POINT('',#6604);
#1949=VERTEX_POINT('',#6605);
#1950=VERTEX_POINT('',#6607);
#1951=VERTEX_POINT('',#6609);
#1952=VERTEX_POINT('',#6612);
#1953=VERTEX_POINT('',#6614);
#1954=VERTEX_POINT('',#6618);
#1955=VERTEX_POINT('',#6620);
#1956=VERTEX_POINT('',#6624);
#1957=VERTEX_POINT('',#6626);
#1958=VERTEX_POINT('',#6631);
#1959=VERTEX_POINT('',#6633);
#1960=VERTEX_POINT('',#6637);
#1961=VERTEX_POINT('',#6639);
#1962=VERTEX_POINT('',#6643);
#1963=VERTEX_POINT('',#6645);
#1964=VERTEX_POINT('',#6649);
#1965=VERTEX_POINT('',#6651);
#1966=VERTEX_POINT('',#6655);
#1967=VERTEX_POINT('',#6656);
#1968=VERTEX_POINT('',#6658);
#1969=VERTEX_POINT('',#6660);
#1970=VERTEX_POINT('',#6663);
#1971=VERTEX_POINT('',#6665);
#1972=VERTEX_POINT('',#6669);
#1973=VERTEX_POINT('',#6671);
#1974=VERTEX_POINT('',#6679);
#1975=VERTEX_POINT('',#6681);
#1976=VERTEX_POINT('',#6683);
#1977=VERTEX_POINT('',#6685);
#1978=VERTEX_POINT('',#6689);
#1979=VERTEX_POINT('',#6693);
#1980=VERTEX_POINT('',#6697);
#1981=VERTEX_POINT('',#6701);
#1982=VERTEX_POINT('',#6707);
#1983=VERTEX_POINT('',#6709);
#1984=VERTEX_POINT('',#6711);
#1985=VERTEX_POINT('',#6713);
#1986=VERTEX_POINT('',#6715);
#1987=VERTEX_POINT('',#6717);
#1988=VERTEX_POINT('',#6719);
#1989=VERTEX_POINT('',#6721);
#1990=VERTEX_POINT('',#6723);
#1991=VERTEX_POINT('',#6725);
#1992=VERTEX_POINT('',#6727);
#1993=VERTEX_POINT('',#6731);
#1994=VERTEX_POINT('',#6735);
#1995=VERTEX_POINT('',#6739);
#1996=VERTEX_POINT('',#6743);
#1997=VERTEX_POINT('',#6747);
#1998=VERTEX_POINT('',#6751);
#1999=VERTEX_POINT('',#6755);
#2000=VERTEX_POINT('',#6757);
#2001=VERTEX_POINT('',#6759);
#2002=VERTEX_POINT('',#6762);
#2003=VERTEX_POINT('',#6766);
#2004=VERTEX_POINT('',#6770);
#2005=VERTEX_POINT('',#6774);
#2006=VERTEX_POINT('',#6778);
#2007=VERTEX_POINT('',#6784);
#2008=VERTEX_POINT('',#6786);
#2009=VERTEX_POINT('',#6788);
#2010=VERTEX_POINT('',#6790);
#2011=VERTEX_POINT('',#6794);
#2012=VERTEX_POINT('',#6798);
#2013=VERTEX_POINT('',#6802);
#2014=VERTEX_POINT('',#6806);
#2015=VERTEX_POINT('',#6812);
#2016=VERTEX_POINT('',#6813);
#2017=VERTEX_POINT('',#6815);
#2018=VERTEX_POINT('',#6817);
#2019=VERTEX_POINT('',#6819);
#2020=VERTEX_POINT('',#6821);
#2021=VERTEX_POINT('',#6823);
#2022=VERTEX_POINT('',#6842);
#2023=VERTEX_POINT('',#6843);
#2024=VERTEX_POINT('',#6860);
#2025=VERTEX_POINT('',#6862);
#2026=VERTEX_POINT('',#6866);
#2027=VERTEX_POINT('',#6870);
#2028=VERTEX_POINT('',#6874);
#2029=VERTEX_POINT('',#6885);
#2030=VERTEX_POINT('',#6887);
#2031=VERTEX_POINT('',#6889);
#2032=VERTEX_POINT('',#6891);
#2033=VERTEX_POINT('',#6895);
#2034=VERTEX_POINT('',#6897);
#2035=VERTEX_POINT('',#6901);
#2036=VERTEX_POINT('',#6905);
#2037=VERTEX_POINT('',#6921);
#2038=VERTEX_POINT('',#6923);
#2039=VERTEX_POINT('',#6927);
#2040=VERTEX_POINT('',#6931);
#2041=VERTEX_POINT('',#6937);
#2042=VERTEX_POINT('',#6941);
#2043=VERTEX_POINT('',#6945);
#2044=VERTEX_POINT('',#6949);
#2045=VERTEX_POINT('',#6953);
#2046=VERTEX_POINT('',#6957);
#2047=VERTEX_POINT('',#6961);
#2048=VERTEX_POINT('',#6965);
#2049=VERTEX_POINT('',#6969);
#2050=VERTEX_POINT('',#6973);
#2051=VERTEX_POINT('',#6979);
#2052=VERTEX_POINT('',#6981);
#2053=VERTEX_POINT('',#6985);
#2054=VERTEX_POINT('',#6989);
#2055=VERTEX_POINT('',#6999);
#2056=VERTEX_POINT('',#7001);
#2057=VERTEX_POINT('',#7003);
#2058=VERTEX_POINT('',#7011);
#2059=VERTEX_POINT('',#7012);
#2060=VERTEX_POINT('',#7014);
#2061=VERTEX_POINT('',#7016);
#2062=VERTEX_POINT('',#7018);
#2063=VERTEX_POINT('',#7020);
#2064=VERTEX_POINT('',#7027);
#2065=VERTEX_POINT('',#7031);
#2066=VERTEX_POINT('',#7036);
#2067=VERTEX_POINT('',#7040);
#2068=VERTEX_POINT('',#7042);
#2069=VERTEX_POINT('',#7044);
#2070=VERTEX_POINT('',#7047);
#2071=VERTEX_POINT('',#7049);
#2072=VERTEX_POINT('',#7051);
#2073=VERTEX_POINT('',#7053);
#2074=VERTEX_POINT('',#7057);
#2075=VERTEX_POINT('',#7065);
#2076=VERTEX_POINT('',#7069);
#2077=VERTEX_POINT('',#7073);
#2078=VERTEX_POINT('',#7077);
#2079=VERTEX_POINT('',#7085);
#2080=VERTEX_POINT('',#7092);
#2081=VERTEX_POINT('',#7094);
#2082=VERTEX_POINT('',#7096);
#2083=VERTEX_POINT('',#7098);
#2084=VERTEX_POINT('',#7100);
#2085=VERTEX_POINT('',#7115);
#2086=VERTEX_POINT('',#7117);
#2087=VERTEX_POINT('',#7121);
#2088=VERTEX_POINT('',#7123);
#2089=VERTEX_POINT('',#7132);
#2090=VERTEX_POINT('',#7134);
#2091=VERTEX_POINT('',#7138);
#2092=VERTEX_POINT('',#7140);
#2093=VERTEX_POINT('',#7155);
#2094=VERTEX_POINT('',#7157);
#2095=VERTEX_POINT('',#7180);
#2096=VERTEX_POINT('',#7184);
#2097=VERTEX_POINT('',#7186);
#2098=VERTEX_POINT('',#7190);
#2099=VERTEX_POINT('',#7194);
#2100=VERTEX_POINT('',#7198);
#2101=VERTEX_POINT('',#7205);
#2102=VERTEX_POINT('',#7207);
#2103=VERTEX_POINT('',#7211);
#2104=VERTEX_POINT('',#7215);
#2105=VERTEX_POINT('',#7219);
#2106=VERTEX_POINT('',#7223);
#2107=VERTEX_POINT('',#7227);
#2108=LINE('',#6169,#2476);
#2109=LINE('',#6172,#2477);
#2110=LINE('',#6176,#2478);
#2111=LINE('',#6180,#2479);
#2112=LINE('',#6185,#2480);
#2113=LINE('',#6188,#2481);
#2114=LINE('',#6190,#2482);
#2115=LINE('',#6192,#2483);
#2116=LINE('',#6194,#2484);
#2117=LINE('',#6196,#2485);
#2118=LINE('',#6198,#2486);
#2119=LINE('',#6202,#2487);
#2120=LINE('',#6206,#2488);
#2121=LINE('',#6210,#2489);
#2122=LINE('',#6214,#2490);
#2123=LINE('',#6215,#2491);
#2124=LINE('',#6218,#2492);
#2125=LINE('',#6220,#2493);
#2126=LINE('',#6222,#2494);
#2127=LINE('',#6224,#2495);
#2128=LINE('',#6231,#2496);
#2129=LINE('',#6237,#2497);
#2130=LINE('',#6239,#2498);
#2131=LINE('',#6241,#2499);
#2132=LINE('',#6269,#2500);
#2133=LINE('',#6289,#2501);
#2134=LINE('',#6291,#2502);
#2135=LINE('',#6293,#2503);
#2136=LINE('',#6295,#2504);
#2137=LINE('',#6297,#2505);
#2138=LINE('',#6299,#2506);
#2139=LINE('',#6301,#2507);
#2140=LINE('',#6308,#2508);
#2141=LINE('',#6311,#2509);
#2142=LINE('',#6314,#2510);
#2143=LINE('',#6318,#2511);
#2144=LINE('',#6320,#2512);
#2145=LINE('',#6322,#2513);
#2146=LINE('',#6324,#2514);
#2147=LINE('',#6326,#2515);
#2148=LINE('',#6328,#2516);
#2149=LINE('',#6332,#2517);
#2150=LINE('',#6336,#2518);
#2151=LINE('',#6339,#2519);
#2152=LINE('',#6341,#2520);
#2153=LINE('',#6343,#2521);
#2154=LINE('',#6345,#2522);
#2155=LINE('',#6347,#2523);
#2156=LINE('',#6349,#2524);
#2157=LINE('',#6351,#2525);
#2158=LINE('',#6354,#2526);
#2159=LINE('',#6358,#2527);
#2160=LINE('',#6362,#2528);
#2161=LINE('',#6366,#2529);
#2162=LINE('',#6371,#2530);
#2163=LINE('',#6375,#2531);
#2164=LINE('',#6377,#2532);
#2165=LINE('',#6380,#2533);
#2166=LINE('',#6384,#2534);
#2167=LINE('',#6386,#2535);
#2168=LINE('',#6388,#2536);
#2169=LINE('',#6392,#2537);
#2170=LINE('',#6394,#2538);
#2171=LINE('',#6397,#2539);
#2172=LINE('',#6401,#2540);
#2173=LINE('',#6403,#2541);
#2174=LINE('',#6405,#2542);
#2175=LINE('',#6409,#2543);
#2176=LINE('',#6411,#2544);
#2177=LINE('',#6415,#2545);
#2178=LINE('',#6417,#2546);
#2179=LINE('',#6419,#2547);
#2180=LINE('',#6423,#2548);
#2181=LINE('',#6428,#2549);
#2182=LINE('',#6432,#2550);
#2183=LINE('',#6434,#2551);
#2184=LINE('',#6438,#2552);
#2185=LINE('',#6442,#2553);
#2186=LINE('',#6446,#2554);
#2187=LINE('',#6450,#2555);
#2188=LINE('',#6454,#2556);
#2189=LINE('',#6458,#2557);
#2190=LINE('',#6462,#2558);
#2191=LINE('',#6466,#2559);
#2192=LINE('',#6467,#2560);
#2193=LINE('',#6468,#2561);
#2194=LINE('',#6470,#2562);
#2195=LINE('',#6473,#2563);
#2196=LINE('',#6475,#2564);
#2197=LINE('',#6476,#2565);
#2198=LINE('',#6478,#2566);
#2199=LINE('',#6481,#2567);
#2200=LINE('',#6482,#2568);
#2201=LINE('',#6484,#2569);
#2202=LINE('',#6486,#2570);
#2203=LINE('',#6489,#2571);
#2204=LINE('',#6491,#2572);
#2205=LINE('',#6494,#2573);
#2206=LINE('',#6498,#2574);
#2207=LINE('',#6502,#2575);
#2208=LINE('',#6506,#2576);
#2209=LINE('',#6508,#2577);
#2210=LINE('',#6510,#2578);
#2211=LINE('',#6514,#2579);
#2212=LINE('',#6518,#2580);
#2213=LINE('',#6522,#2581);
#2214=LINE('',#6526,#2582);
#2215=LINE('',#6530,#2583);
#2216=LINE('',#6534,#2584);
#2217=LINE('',#6539,#2585);
#2218=LINE('',#6543,#2586);
#2219=LINE('',#6547,#2587);
#2220=LINE('',#6548,#2588);
#2221=LINE('',#6550,#2589);
#2222=LINE('',#6551,#2590);
#2223=LINE('',#6553,#2591);
#2224=LINE('',#6555,#2592);
#2225=LINE('',#6556,#2593);
#2226=LINE('',#6558,#2594);
#2227=LINE('',#6560,#2595);
#2228=LINE('',#6561,#2596);
#2229=LINE('',#6563,#2597);
#2230=LINE('',#6565,#2598);
#2231=LINE('',#6567,#2599);
#2232=LINE('',#6569,#2600);
#2233=LINE('',#6570,#2601);
#2234=LINE('',#6572,#2602);
#2235=LINE('',#6574,#2603);
#2236=LINE('',#6575,#2604);
#2237=LINE('',#6582,#2605);
#2238=LINE('',#6583,#2606);
#2239=LINE('',#6584,#2607);
#2240=LINE('',#6586,#2608);
#2241=LINE('',#6588,#2609);
#2242=LINE('',#6593,#2610);
#2243=LINE('',#6599,#2611);
#2244=LINE('',#6603,#2612);
#2245=LINE('',#6606,#2613);
#2246=LINE('',#6608,#2614);
#2247=LINE('',#6610,#2615);
#2248=LINE('',#6611,#2616);
#2249=LINE('',#6613,#2617);
#2250=LINE('',#6615,#2618);
#2251=LINE('',#6619,#2619);
#2252=LINE('',#6625,#2620);
#2253=LINE('',#6629,#2621);
#2254=LINE('',#6630,#2622);
#2255=LINE('',#6632,#2623);
#2256=LINE('',#6634,#2624);
#2257=LINE('',#6635,#2625);
#2258=LINE('',#6636,#2626);
#2259=LINE('',#6638,#2627);
#2260=LINE('',#6640,#2628);
#2261=LINE('',#6644,#2629);
#2262=LINE('',#6650,#2630);
#2263=LINE('',#6654,#2631);
#2264=LINE('',#6657,#2632);
#2265=LINE('',#6659,#2633);
#2266=LINE('',#6661,#2634);
#2267=LINE('',#6662,#2635);
#2268=LINE('',#6664,#2636);
#2269=LINE('',#6666,#2637);
#2270=LINE('',#6670,#2638);
#2271=LINE('',#6682,#2639);
#2272=LINE('',#6686,#2640);
#2273=LINE('',#6688,#2641);
#2274=LINE('',#6690,#2642);
#2275=LINE('',#6694,#2643);
#2276=LINE('',#6696,#2644);
#2277=LINE('',#6698,#2645);
#2278=LINE('',#6702,#2646);
#2279=LINE('',#6710,#2647);
#2280=LINE('',#6716,#2648);
#2281=LINE('',#6720,#2649);
#2282=LINE('',#6722,#2650);
#2283=LINE('',#6728,#2651);
#2284=LINE('',#6732,#2652);
#2285=LINE('',#6734,#2653);
#2286=LINE('',#6736,#2654);
#2287=LINE('',#6740,#2655);
#2288=LINE('',#6742,#2656);
#2289=LINE('',#6744,#2657);
#2290=LINE('',#6748,#2658);
#2291=LINE('',#6752,#2659);
#2292=LINE('',#6754,#2660);
#2293=LINE('',#6756,#2661);
#2294=LINE('',#6758,#2662);
#2295=LINE('',#6760,#2663);
#2296=LINE('',#6761,#2664);
#2297=LINE('',#6763,#2665);
#2298=LINE('',#6767,#2666);
#2299=LINE('',#6769,#2667);
#2300=LINE('',#6771,#2668);
#2301=LINE('',#6773,#2669);
#2302=LINE('',#6775,#2670);
#2303=LINE('',#6779,#2671);
#2304=LINE('',#6783,#2672);
#2305=LINE('',#6787,#2673);
#2306=LINE('',#6795,#2674);
#2307=LINE('',#6799,#2675);
#2308=LINE('',#6801,#2676);
#2309=LINE('',#6803,#2677);
#2310=LINE('',#6807,#2678);
#2311=LINE('',#6809,#2679);
#2312=LINE('',#6811,#2680);
#2313=LINE('',#6816,#2681);
#2314=LINE('',#6820,#2682);
#2315=LINE('',#6824,#2683);
#2316=LINE('',#6826,#2684);
#2317=LINE('',#6828,#2685);
#2318=LINE('',#6829,#2686);
#2319=LINE('',#6831,#2687);
#2320=LINE('',#6833,#2688);
#2321=LINE('',#6835,#2689);
#2322=LINE('',#6837,#2690);
#2323=LINE('',#6839,#2691);
#2324=LINE('',#6841,#2692);
#2325=LINE('',#6844,#2693);
#2326=LINE('',#6845,#2694);
#2327=LINE('',#6846,#2695);
#2328=LINE('',#6848,#2696);
#2329=LINE('',#6850,#2697);
#2330=LINE('',#6852,#2698);
#2331=LINE('',#6854,#2699);
#2332=LINE('',#6856,#2700);
#2333=LINE('',#6859,#2701);
#2334=LINE('',#6863,#2702);
#2335=LINE('',#6865,#2703);
#2336=LINE('',#6867,#2704);
#2337=LINE('',#6869,#2705);
#2338=LINE('',#6873,#2706);
#2339=LINE('',#6875,#2707);
#2340=LINE('',#6877,#2708);
#2341=LINE('',#6882,#2709);
#2342=LINE('',#6883,#2710);
#2343=LINE('',#6884,#2711);
#2344=LINE('',#6886,#2712);
#2345=LINE('',#6890,#2713);
#2346=LINE('',#6892,#2714);
#2347=LINE('',#6894,#2715);
#2348=LINE('',#6896,#2716);
#2349=LINE('',#6898,#2717);
#2350=LINE('',#6902,#2718);
#2351=LINE('',#6904,#2719);
#2352=LINE('',#6906,#2720);
#2353=LINE('',#6908,#2721);
#2354=LINE('',#6910,#2722);
#2355=LINE('',#6912,#2723);
#2356=LINE('',#6914,#2724);
#2357=LINE('',#6916,#2725);
#2358=LINE('',#6918,#2726);
#2359=LINE('',#6920,#2727);
#2360=LINE('',#6922,#2728);
#2361=LINE('',#6924,#2729);
#2362=LINE('',#6926,#2730);
#2363=LINE('',#6930,#2731);
#2364=LINE('',#6932,#2732);
#2365=LINE('',#6936,#2733);
#2366=LINE('',#6940,#2734);
#2367=LINE('',#6942,#2735);
#2368=LINE('',#6944,#2736);
#2369=LINE('',#6948,#2737);
#2370=LINE('',#6950,#2738);
#2371=LINE('',#6952,#2739);
#2372=LINE('',#6956,#2740);
#2373=LINE('',#6958,#2741);
#2374=LINE('',#6960,#2742);
#2375=LINE('',#6964,#2743);
#2376=LINE('',#6966,#2744);
#2377=LINE('',#6968,#2745);
#2378=LINE('',#6972,#2746);
#2379=LINE('',#6974,#2747);
#2380=LINE('',#6978,#2748);
#2381=LINE('',#6980,#2749);
#2382=LINE('',#6982,#2750);
#2383=LINE('',#6984,#2751);
#2384=LINE('',#6986,#2752);
#2385=LINE('',#6988,#2753);
#2386=LINE('',#6990,#2754);
#2387=LINE('',#6992,#2755);
#2388=LINE('',#6994,#2756);
#2389=LINE('',#6998,#2757);
#2390=LINE('',#7002,#2758);
#2391=LINE('',#7007,#2759);
#2392=LINE('',#7010,#2760);
#2393=LINE('',#7013,#2761);
#2394=LINE('',#7015,#2762);
#2395=LINE('',#7017,#2763);
#2396=LINE('',#7019,#2764);
#2397=LINE('',#7021,#2765);
#2398=LINE('',#7022,#2766);
#2399=LINE('',#7028,#2767);
#2400=LINE('',#7030,#2768);
#2401=LINE('',#7032,#2769);
#2402=LINE('',#7033,#2770);
#2403=LINE('',#7037,#2771);
#2404=LINE('',#7039,#2772);
#2405=LINE('',#7041,#2773);
#2406=LINE('',#7043,#2774);
#2407=LINE('',#7045,#2775);
#2408=LINE('',#7048,#2776);
#2409=LINE('',#7052,#2777);
#2410=LINE('',#7066,#2778);
#2411=LINE('',#7068,#2779);
#2412=LINE('',#7070,#2780);
#2413=LINE('',#7074,#2781);
#2414=LINE('',#7076,#2782);
#2415=LINE('',#7078,#2783);
#2416=LINE('',#7084,#2784);
#2417=LINE('',#7088,#2785);
#2418=LINE('',#7091,#2786);
#2419=LINE('',#7095,#2787);
#2420=LINE('',#7099,#2788);
#2421=LINE('',#7103,#2789);
#2422=LINE('',#7105,#2790);
#2423=LINE('',#7107,#2791);
#2424=LINE('',#7109,#2792);
#2425=LINE('',#7111,#2793);
#2426=LINE('',#7114,#2794);
#2427=LINE('',#7116,#2795);
#2428=LINE('',#7118,#2796);
#2429=LINE('',#7120,#2797);
#2430=LINE('',#7122,#2798);
#2431=LINE('',#7124,#2799);
#2432=LINE('',#7126,#2800);
#2433=LINE('',#7127,#2801);
#2434=LINE('',#7131,#2802);
#2435=LINE('',#7133,#2803);
#2436=LINE('',#7135,#2804);
#2437=LINE('',#7137,#2805);
#2438=LINE('',#7139,#2806);
#2439=LINE('',#7141,#2807);
#2440=LINE('',#7143,#2808);
#2441=LINE('',#7144,#2809);
#2442=LINE('',#7148,#2810);
#2443=LINE('',#7150,#2811);
#2444=LINE('',#7152,#2812);
#2445=LINE('',#7154,#2813);
#2446=LINE('',#7156,#2814);
#2447=LINE('',#7158,#2815);
#2448=LINE('',#7163,#2816);
#2449=LINE('',#7166,#2817);
#2450=LINE('',#7168,#2818);
#2451=LINE('',#7170,#2819);
#2452=LINE('',#7171,#2820);
#2453=LINE('',#7173,#2821);
#2454=LINE('',#7175,#2822);
#2455=LINE('',#7183,#2823);
#2456=LINE('',#7185,#2824);
#2457=LINE('',#7187,#2825);
#2458=LINE('',#7189,#2826);
#2459=LINE('',#7191,#2827);
#2460=LINE('',#7193,#2828);
#2461=LINE('',#7195,#2829);
#2462=LINE('',#7197,#2830);
#2463=LINE('',#7199,#2831);
#2464=LINE('',#7201,#2832);
#2465=LINE('',#7204,#2833);
#2466=LINE('',#7206,#2834);
#2467=LINE('',#7208,#2835);
#2468=LINE('',#7210,#2836);
#2469=LINE('',#7212,#2837);
#2470=LINE('',#7214,#2838);
#2471=LINE('',#7218,#2839);
#2472=LINE('',#7220,#2840);
#2473=LINE('',#7222,#2841);
#2474=LINE('',#7226,#2842);
#2475=LINE('',#7228,#2843);
#2476=VECTOR('',#5157,1000.);
#2477=VECTOR('',#5158,1000.);
#2478=VECTOR('',#5161,1000.);
#2479=VECTOR('',#5164,1000.);
#2480=VECTOR('',#5169,1000.);
#2481=VECTOR('',#5170,1000.);
#2482=VECTOR('',#5171,1000.);
#2483=VECTOR('',#5172,1000.);
#2484=VECTOR('',#5173,1000.);
#2485=VECTOR('',#5174,1000.);
#2486=VECTOR('',#5175,1000.);
#2487=VECTOR('',#5178,1000.);
#2488=VECTOR('',#5181,1000.);
#2489=VECTOR('',#5184,1000.);
#2490=VECTOR('',#5187,1000.);
#2491=VECTOR('',#5188,1000.);
#2492=VECTOR('',#5189,1000.);
#2493=VECTOR('',#5190,1000.);
#2494=VECTOR('',#5191,1000.);
#2495=VECTOR('',#5192,1000.);
#2496=VECTOR('',#5199,1000.);
#2497=VECTOR('',#5204,1000.);
#2498=VECTOR('',#5205,1000.);
#2499=VECTOR('',#5206,1000.);
#2500=VECTOR('',#5211,1000.);
#2501=VECTOR('',#5216,1000.);
#2502=VECTOR('',#5217,1000.);
#2503=VECTOR('',#5218,1000.);
#2504=VECTOR('',#5219,1000.);
#2505=VECTOR('',#5220,1000.);
#2506=VECTOR('',#5221,1000.);
#2507=VECTOR('',#5222,1000.);
#2508=VECTOR('',#5231,1000.);
#2509=VECTOR('',#5232,1000.);
#2510=VECTOR('',#5235,1000.);
#2511=VECTOR('',#5238,1000.);
#2512=VECTOR('',#5239,1000.);
#2513=VECTOR('',#5242,1000.);
#2514=VECTOR('',#5243,1000.);
#2515=VECTOR('',#5244,1000.);
#2516=VECTOR('',#5245,1000.);
#2517=VECTOR('',#5248,1000.);
#2518=VECTOR('',#5253,1000.);
#2519=VECTOR('',#5254,1000.);
#2520=VECTOR('',#5255,1000.);
#2521=VECTOR('',#5256,1000.);
#2522=VECTOR('',#5257,1000.);
#2523=VECTOR('',#5258,1000.);
#2524=VECTOR('',#5259,1000.);
#2525=VECTOR('',#5262,1000.);
#2526=VECTOR('',#5263,1000.);
#2527=VECTOR('',#5266,1000.);
#2528=VECTOR('',#5269,1000.);
#2529=VECTOR('',#5272,1000.);
#2530=VECTOR('',#5277,1000.);
#2531=VECTOR('',#5280,1000.);
#2532=VECTOR('',#5283,1000.);
#2533=VECTOR('',#5284,1000.);
#2534=VECTOR('',#5287,1000.);
#2535=VECTOR('',#5288,1000.);
#2536=VECTOR('',#5289,1000.);
#2537=VECTOR('',#5292,1000.);
#2538=VECTOR('',#5295,1000.);
#2539=VECTOR('',#5296,1000.);
#2540=VECTOR('',#5299,1000.);
#2541=VECTOR('',#5300,1000.);
#2542=VECTOR('',#5301,1000.);
#2543=VECTOR('',#5304,1000.);
#2544=VECTOR('',#5307,1000.);
#2545=VECTOR('',#5310,1000.);
#2546=VECTOR('',#5311,1000.);
#2547=VECTOR('',#5312,1000.);
#2548=VECTOR('',#5315,1000.);
#2549=VECTOR('',#5320,1000.);
#2550=VECTOR('',#5323,1000.);
#2551=VECTOR('',#5326,1000.);
#2552=VECTOR('',#5329,1000.);
#2553=VECTOR('',#5332,1000.);
#2554=VECTOR('',#5335,1000.);
#2555=VECTOR('',#5338,1000.);
#2556=VECTOR('',#5341,1000.);
#2557=VECTOR('',#5344,1000.);
#2558=VECTOR('',#5347,1000.);
#2559=VECTOR('',#5350,1000.);
#2560=VECTOR('',#5351,1000.);
#2561=VECTOR('',#5352,1000.);
#2562=VECTOR('',#5355,1000.);
#2563=VECTOR('',#5356,1000.);
#2564=VECTOR('',#5357,1000.);
#2565=VECTOR('',#5358,1000.);
#2566=VECTOR('',#5361,1000.);
#2567=VECTOR('',#5362,1000.);
#2568=VECTOR('',#5363,1000.);
#2569=VECTOR('',#5364,1000.);
#2570=VECTOR('',#5367,1000.);
#2571=VECTOR('',#5368,1000.);
#2572=VECTOR('',#5369,1000.);
#2573=VECTOR('',#5372,1000.);
#2574=VECTOR('',#5375,1000.);
#2575=VECTOR('',#5378,1000.);
#2576=VECTOR('',#5383,1000.);
#2577=VECTOR('',#5384,1000.);
#2578=VECTOR('',#5385,1000.);
#2579=VECTOR('',#5388,1000.);
#2580=VECTOR('',#5391,1000.);
#2581=VECTOR('',#5394,1000.);
#2582=VECTOR('',#5397,1000.);
#2583=VECTOR('',#5400,1000.);
#2584=VECTOR('',#5403,1000.);
#2585=VECTOR('',#5408,1000.);
#2586=VECTOR('',#5411,1000.);
#2587=VECTOR('',#5414,1000.);
#2588=VECTOR('',#5415,1000.);
#2589=VECTOR('',#5418,1000.);
#2590=VECTOR('',#5419,1000.);
#2591=VECTOR('',#5420,1000.);
#2592=VECTOR('',#5421,1000.);
#2593=VECTOR('',#5422,1000.);
#2594=VECTOR('',#5423,1000.);
#2595=VECTOR('',#5424,1000.);
#2596=VECTOR('',#5425,1000.);
#2597=VECTOR('',#5428,1000.);
#2598=VECTOR('',#5431,1000.);
#2599=VECTOR('',#5432,1000.);
#2600=VECTOR('',#5433,1000.);
#2601=VECTOR('',#5434,1000.);
#2602=VECTOR('',#5435,1000.);
#2603=VECTOR('',#5436,1000.);
#2604=VECTOR('',#5437,1000.);
#2605=VECTOR('',#5446,1000.);
#2606=VECTOR('',#5447,1000.);
#2607=VECTOR('',#5448,1000.);
#2608=VECTOR('',#5449,1000.);
#2609=VECTOR('',#5450,1000.);
#2610=VECTOR('',#5457,1000.);
#2611=VECTOR('',#5464,1000.);
#2612=VECTOR('',#5469,1000.);
#2613=VECTOR('',#5470,1000.);
#2614=VECTOR('',#5471,1000.);
#2615=VECTOR('',#5472,1000.);
#2616=VECTOR('',#5473,1000.);
#2617=VECTOR('',#5474,1000.);
#2618=VECTOR('',#5475,1000.);
#2619=VECTOR('',#5480,1000.);
#2620=VECTOR('',#5487,1000.);
#2621=VECTOR('',#5492,1000.);
#2622=VECTOR('',#5493,1000.);
#2623=VECTOR('',#5494,1000.);
#2624=VECTOR('',#5495,1000.);
#2625=VECTOR('',#5496,1000.);
#2626=VECTOR('',#5497,1000.);
#2627=VECTOR('',#5498,1000.);
#2628=VECTOR('',#5499,1000.);
#2629=VECTOR('',#5504,1000.);
#2630=VECTOR('',#5511,1000.);
#2631=VECTOR('',#5516,1000.);
#2632=VECTOR('',#5517,1000.);
#2633=VECTOR('',#5518,1000.);
#2634=VECTOR('',#5519,1000.);
#2635=VECTOR('',#5520,1000.);
#2636=VECTOR('',#5521,1000.);
#2637=VECTOR('',#5522,1000.);
#2638=VECTOR('',#5527,1000.);
#2639=VECTOR('',#5544,1000.);
#2640=VECTOR('',#5547,1000.);
#2641=VECTOR('',#5550,1000.);
#2642=VECTOR('',#5551,1000.);
#2643=VECTOR('',#5556,1000.);
#2644=VECTOR('',#5559,1000.);
#2645=VECTOR('',#5560,1000.);
#2646=VECTOR('',#5565,1000.);
#2647=VECTOR('',#5576,1000.);
#2648=VECTOR('',#5581,1000.);
#2649=VECTOR('',#5584,1000.);
#2650=VECTOR('',#5585,1000.);
#2651=VECTOR('',#5590,1000.);
#2652=VECTOR('',#5595,1000.);
#2653=VECTOR('',#5598,1000.);
#2654=VECTOR('',#5599,1000.);
#2655=VECTOR('',#5604,1000.);
#2656=VECTOR('',#5607,1000.);
#2657=VECTOR('',#5608,1000.);
#2658=VECTOR('',#5613,1000.);
#2659=VECTOR('',#5618,1000.);
#2660=VECTOR('',#5621,1000.);
#2661=VECTOR('',#5622,1000.);
#2662=VECTOR('',#5623,1000.);
#2663=VECTOR('',#5624,1000.);
#2664=VECTOR('',#5625,1000.);
#2665=VECTOR('',#5626,1000.);
#2666=VECTOR('',#5631,1000.);
#2667=VECTOR('',#5634,1000.);
#2668=VECTOR('',#5635,1000.);
#2669=VECTOR('',#5638,1000.);
#2670=VECTOR('',#5639,1000.);
#2671=VECTOR('',#5644,1000.);
#2672=VECTOR('',#5651,1000.);
#2673=VECTOR('',#5654,1000.);
#2674=VECTOR('',#5663,1000.);
#2675=VECTOR('',#5668,1000.);
#2676=VECTOR('',#5671,1000.);
#2677=VECTOR('',#5672,1000.);
#2678=VECTOR('',#5677,1000.);
#2679=VECTOR('',#5680,1000.);
#2680=VECTOR('',#5683,1000.);
#2681=VECTOR('',#5686,1000.);
#2682=VECTOR('',#5689,1000.);
#2683=VECTOR('',#5692,1000.);
#2684=VECTOR('',#5695,1000.);
#2685=VECTOR('',#5698,1000.);
#2686=VECTOR('',#5699,1000.);
#2687=VECTOR('',#5702,1000.);
#2688=VECTOR('',#5705,1000.);
#2689=VECTOR('',#5708,1000.);
#2690=VECTOR('',#5711,1000.);
#2691=VECTOR('',#5714,1000.);
#2692=VECTOR('',#5717,1000.);
#2693=VECTOR('',#5718,1000.);
#2694=VECTOR('',#5719,1000.);
#2695=VECTOR('',#5720,1000.);
#2696=VECTOR('',#5723,1000.);
#2697=VECTOR('',#5726,1000.);
#2698=VECTOR('',#5729,1000.);
#2699=VECTOR('',#5732,1000.);
#2700=VECTOR('',#5735,1000.);
#2701=VECTOR('',#5740,1000.);
#2702=VECTOR('',#5743,1000.);
#2703=VECTOR('',#5746,1000.);
#2704=VECTOR('',#5747,1000.);
#2705=VECTOR('',#5750,1000.);
#2706=VECTOR('',#5755,1000.);
#2707=VECTOR('',#5756,1000.);
#2708=VECTOR('',#5759,1000.);
#2709=VECTOR('',#5768,1000.);
#2710=VECTOR('',#5769,1000.);
#2711=VECTOR('',#5770,1000.);
#2712=VECTOR('',#5771,1000.);
#2713=VECTOR('',#5774,1000.);
#2714=VECTOR('',#5775,1000.);
#2715=VECTOR('',#5778,1000.);
#2716=VECTOR('',#5779,1000.);
#2717=VECTOR('',#5780,1000.);
#2718=VECTOR('',#5785,1000.);
#2719=VECTOR('',#5788,1000.);
#2720=VECTOR('',#5789,1000.);
#2721=VECTOR('',#5792,1000.);
#2722=VECTOR('',#5795,1000.);
#2723=VECTOR('',#5798,1000.);
#2724=VECTOR('',#5801,1000.);
#2725=VECTOR('',#5804,1000.);
#2726=VECTOR('',#5807,1000.);
#2727=VECTOR('',#5810,1000.);
#2728=VECTOR('',#5811,1000.);
#2729=VECTOR('',#5812,1000.);
#2730=VECTOR('',#5815,1000.);
#2731=VECTOR('',#5820,1000.);
#2732=VECTOR('',#5821,1000.);
#2733=VECTOR('',#5828,1000.);
#2734=VECTOR('',#5833,1000.);
#2735=VECTOR('',#5834,1000.);
#2736=VECTOR('',#5837,1000.);
#2737=VECTOR('',#5842,1000.);
#2738=VECTOR('',#5843,1000.);
#2739=VECTOR('',#5846,1000.);
#2740=VECTOR('',#5851,1000.);
#2741=VECTOR('',#5852,1000.);
#2742=VECTOR('',#5855,1000.);
#2743=VECTOR('',#5860,1000.);
#2744=VECTOR('',#5861,1000.);
#2745=VECTOR('',#5864,1000.);
#2746=VECTOR('',#5869,1000.);
#2747=VECTOR('',#5870,1000.);
#2748=VECTOR('',#5877,1000.);
#2749=VECTOR('',#5878,1000.);
#2750=VECTOR('',#5879,1000.);
#2751=VECTOR('',#5882,1000.);
#2752=VECTOR('',#5883,1000.);
#2753=VECTOR('',#5886,1000.);
#2754=VECTOR('',#5887,1000.);
#2755=VECTOR('',#5890,1000.);
#2756=VECTOR('',#5893,1000.);
#2757=VECTOR('',#5900,1000.);
#2758=VECTOR('',#5903,1000.);
#2759=VECTOR('',#5910,1000.);
#2760=VECTOR('',#5915,1000.);
#2761=VECTOR('',#5916,1000.);
#2762=VECTOR('',#5917,1000.);
#2763=VECTOR('',#5918,1000.);
#2764=VECTOR('',#5919,1000.);
#2765=VECTOR('',#5920,1000.);
#2766=VECTOR('',#5921,1000.);
#2767=VECTOR('',#5930,1000.);
#2768=VECTOR('',#5933,1000.);
#2769=VECTOR('',#5934,1000.);
#2770=VECTOR('',#5935,1000.);
#2771=VECTOR('',#5940,1000.);
#2772=VECTOR('',#5943,1000.);
#2773=VECTOR('',#5944,1000.);
#2774=VECTOR('',#5945,1000.);
#2775=VECTOR('',#5946,1000.);
#2776=VECTOR('',#5949,1000.);
#2777=VECTOR('',#5952,1000.);
#2778=VECTOR('',#5965,1000.);
#2779=VECTOR('',#5968,1000.);
#2780=VECTOR('',#5969,1000.);
#2781=VECTOR('',#5974,1000.);
#2782=VECTOR('',#5977,1000.);
#2783=VECTOR('',#5978,1000.);
#2784=VECTOR('',#5989,1000.);
#2785=VECTOR('',#5994,1000.);
#2786=VECTOR('',#5999,1000.);
#2787=VECTOR('',#6002,1000.);
#2788=VECTOR('',#6005,1000.);
#2789=VECTOR('',#6010,1000.);
#2790=VECTOR('',#6013,1000.);
#2791=VECTOR('',#6016,1000.);
#2792=VECTOR('',#6019,1000.);
#2793=VECTOR('',#6022,1000.);
#2794=VECTOR('',#6027,1000.);
#2795=VECTOR('',#6028,1000.);
#2796=VECTOR('',#6029,1000.);
#2797=VECTOR('',#6032,1000.);
#2798=VECTOR('',#6033,1000.);
#2799=VECTOR('',#6034,1000.);
#2800=VECTOR('',#6037,1000.);
#2801=VECTOR('',#6038,1000.);
#2802=VECTOR('',#6045,1000.);
#2803=VECTOR('',#6046,1000.);
#2804=VECTOR('',#6047,1000.);
#2805=VECTOR('',#6050,1000.);
#2806=VECTOR('',#6051,1000.);
#2807=VECTOR('',#6052,1000.);
#2808=VECTOR('',#6055,1000.);
#2809=VECTOR('',#6056,1000.);
#2810=VECTOR('',#6063,1000.);
#2811=VECTOR('',#6066,1000.);
#2812=VECTOR('',#6069,1000.);
#2813=VECTOR('',#6072,1000.);
#2814=VECTOR('',#6073,1000.);
#2815=VECTOR('',#6074,1000.);
#2816=VECTOR('',#6083,1000.);
#2817=VECTOR('',#6088,1000.);
#2818=VECTOR('',#6091,1000.);
#2819=VECTOR('',#6094,1000.);
#2820=VECTOR('',#6095,1000.);
#2821=VECTOR('',#6098,1000.);
#2822=VECTOR('',#6101,1000.);
#2823=VECTOR('',#6114,1000.);
#2824=VECTOR('',#6115,1000.);
#2825=VECTOR('',#6116,1000.);
#2826=VECTOR('',#6119,1000.);
#2827=VECTOR('',#6120,1000.);
#2828=VECTOR('',#6123,1000.);
#2829=VECTOR('',#6124,1000.);
#2830=VECTOR('',#6127,1000.);
#2831=VECTOR('',#6128,1000.);
#2832=VECTOR('',#6131,1000.);
#2833=VECTOR('',#6136,1000.);
#2834=VECTOR('',#6137,1000.);
#2835=VECTOR('',#6138,1000.);
#2836=VECTOR('',#6141,1000.);
#2837=VECTOR('',#6142,1000.);
#2838=VECTOR('',#6145,1000.);
#2839=VECTOR('',#6150,1000.);
#2840=VECTOR('',#6151,1000.);
#2841=VECTOR('',#6154,1000.);
#2842=VECTOR('',#6159,1000.);
#2843=VECTOR('',#6160,1000.);
#2844=EDGE_LOOP('',(#228,#229,#230,#231,#232,#233,#234));
#2845=EDGE_LOOP('',(#235));
#2846=EDGE_LOOP('',(#236,#237,#238,#239,#240,#241,#242,#243,#244,#245,#246,
#247,#248,#249,#250));
#2847=EDGE_LOOP('',(#251,#252,#253,#254,#255));
#2848=EDGE_LOOP('',(#256,#257,#258,#259,#260,#261,#262,#263));
#2849=EDGE_LOOP('',(#264,#265,#266,#267,#268));
#2850=EDGE_LOOP('',(#269,#270,#271,#272,#273));
#2851=EDGE_LOOP('',(#274,#275,#276,#277,#278,#279,#280,#281,#282,#283,#284,
#285));
#2852=EDGE_LOOP('',(#286,#287,#288,#289,#290,#291,#292,#293));
#2853=EDGE_LOOP('',(#294,#295,#296,#297,#298,#299,#300,#301));
#2854=EDGE_LOOP('',(#302,#303,#304,#305,#306,#307,#308));
#2855=EDGE_LOOP('',(#309,#310,#311,#312,#313,#314,#315,#316));
#2856=EDGE_LOOP('',(#317,#318,#319,#320));
#2857=EDGE_LOOP('',(#321,#322,#323,#324,#325,#326,#327,#328));
#2858=EDGE_LOOP('',(#329,#330,#331,#332,#333,#334,#335,#336));
#2859=EDGE_LOOP('',(#337,#338,#339,#340,#341,#342,#343,#344));
#2860=EDGE_LOOP('',(#345,#346,#347,#348));
#2861=EDGE_LOOP('',(#349,#350,#351,#352,#353,#354,#355,#356,#357,#358,#359,
#360,#361,#362,#363,#364,#365,#366,#367,#368,#369,#370));
#2862=EDGE_LOOP('',(#371,#372,#373,#374));
#2863=EDGE_LOOP('',(#375,#376,#377,#378));
#2864=EDGE_LOOP('',(#379,#380,#381,#382,#383,#384,#385,#386,#387,#388,#389));
#2865=EDGE_LOOP('',(#390,#391,#392,#393,#394,#395,#396,#397,#398,#399,#400,
#401,#402,#403,#404,#405,#406,#407,#408,#409,#410,#411,#412,#413,#414,#415));
#2866=EDGE_LOOP('',(#416,#417,#418,#419,#420,#421,#422,#423,#424,#425,#426,
#427));
#2867=EDGE_LOOP('',(#428,#429,#430,#431));
#2868=EDGE_LOOP('',(#432,#433,#434,#435,#436,#437,#438,#439,#440,#441,#442,
#443));
#2869=EDGE_LOOP('',(#444,#445,#446,#447));
#2870=EDGE_LOOP('',(#448,#449,#450,#451));
#2871=EDGE_LOOP('',(#452,#453,#454,#455,#456,#457,#458,#459,#460));
#2872=EDGE_LOOP('',(#461,#462,#463,#464));
#2873=EDGE_LOOP('',(#465,#466,#467,#468,#469));
#2874=EDGE_LOOP('',(#470,#471,#472,#473));
#2875=EDGE_LOOP('',(#474,#475,#476,#477));
#2876=EDGE_LOOP('',(#478,#479,#480,#481));
#2877=EDGE_LOOP('',(#482,#483,#484,#485));
#2878=EDGE_LOOP('',(#486,#487,#488,#489));
#2879=EDGE_LOOP('',(#490,#491,#492,#493,#494,#495,#496,#497,#498,#499,#500,
#501));
#2880=EDGE_LOOP('',(#502,#503,#504,#505));
#2881=EDGE_LOOP('',(#506,#507,#508,#509));
#2882=EDGE_LOOP('',(#510,#511,#512,#513));
#2883=EDGE_LOOP('',(#514,#515,#516,#517));
#2884=EDGE_LOOP('',(#518,#519,#520,#521));
#2885=EDGE_LOOP('',(#522,#523,#524,#525,#526));
#2886=EDGE_LOOP('',(#527,#528,#529,#530,#531,#532,#533,#534,#535,#536,#537,
#538));
#2887=EDGE_LOOP('',(#539,#540,#541,#542,#543,#544));
#2888=EDGE_LOOP('',(#545,#546,#547,#548,#549));
#2889=EDGE_LOOP('',(#550,#551,#552,#553));
#2890=EDGE_LOOP('',(#554,#555,#556,#557));
#2891=EDGE_LOOP('',(#558,#559,#560,#561));
#2892=EDGE_LOOP('',(#562,#563,#564,#565,#566));
#2893=EDGE_LOOP('',(#567,#568,#569,#570,#571,#572,#573,#574,#575,#576,#577,
#578,#579));
#2894=EDGE_LOOP('',(#580,#581,#582,#583,#584));
#2895=EDGE_LOOP('',(#585,#586,#587,#588,#589));
#2896=EDGE_LOOP('',(#590,#591,#592,#593));
#2897=EDGE_LOOP('',(#594,#595,#596,#597));
#2898=EDGE_LOOP('',(#598,#599,#600,#601));
#2899=EDGE_LOOP('',(#602,#603,#604,#605));
#2900=EDGE_LOOP('',(#606,#607,#608,#609,#610,#611,#612,#613,#614));
#2901=EDGE_LOOP('',(#615,#616,#617,#618));
#2902=EDGE_LOOP('',(#619,#620,#621,#622));
#2903=EDGE_LOOP('',(#623,#624,#625,#626));
#2904=EDGE_LOOP('',(#627,#628,#629,#630));
#2905=EDGE_LOOP('',(#631,#632,#633,#634));
#2906=EDGE_LOOP('',(#635,#636,#637,#638,#639,#640));
#2907=EDGE_LOOP('',(#641,#642,#643,#644,#645));
#2908=EDGE_LOOP('',(#646,#647,#648,#649));
#2909=EDGE_LOOP('',(#650,#651,#652,#653));
#2910=EDGE_LOOP('',(#654,#655,#656,#657));
#2911=EDGE_LOOP('',(#658,#659,#660,#661,#662));
#2912=EDGE_LOOP('',(#663,#664,#665,#666,#667,#668,#669));
#2913=EDGE_LOOP('',(#670,#671,#672,#673));
#2914=EDGE_LOOP('',(#674,#675,#676,#677));
#2915=EDGE_LOOP('',(#678,#679,#680,#681));
#2916=EDGE_LOOP('',(#682,#683,#684,#685));
#2917=EDGE_LOOP('',(#686,#687,#688,#689));
#2918=EDGE_LOOP('',(#690,#691,#692,#693));
#2919=EDGE_LOOP('',(#694,#695,#696,#697));
#2920=EDGE_LOOP('',(#698,#699,#700,#701,#702,#703,#704,#705,#706,#707));
#2921=EDGE_LOOP('',(#708,#709,#710,#711));
#2922=EDGE_LOOP('',(#712,#713,#714,#715));
#2923=EDGE_LOOP('',(#716,#717,#718,#719));
#2924=EDGE_LOOP('',(#720,#721,#722,#723));
#2925=EDGE_LOOP('',(#724,#725,#726,#727));
#2926=EDGE_LOOP('',(#728,#729,#730,#731));
#2927=EDGE_LOOP('',(#732,#733,#734,#735));
#2928=EDGE_LOOP('',(#736,#737,#738,#739));
#2929=EDGE_LOOP('',(#740,#741,#742,#743));
#2930=EDGE_LOOP('',(#744,#745,#746,#747));
#2931=EDGE_LOOP('',(#748,#749,#750,#751));
#2932=EDGE_LOOP('',(#752,#753,#754,#755));
#2933=EDGE_LOOP('',(#756,#757,#758,#759,#760,#761,#762));
#2934=EDGE_LOOP('',(#763,#764,#765,#766));
#2935=EDGE_LOOP('',(#767,#768,#769,#770,#771,#772,#773,#774));
#2936=EDGE_LOOP('',(#775,#776,#777,#778));
#2937=EDGE_LOOP('',(#779,#780,#781,#782));
#2938=EDGE_LOOP('',(#783,#784,#785,#786));
#2939=EDGE_LOOP('',(#787,#788,#789,#790));
#2940=EDGE_LOOP('',(#791,#792,#793,#794));
#2941=EDGE_LOOP('',(#795,#796,#797,#798));
#2942=EDGE_LOOP('',(#799,#800,#801,#802));
#2943=EDGE_LOOP('',(#803,#804,#805,#806));
#2944=EDGE_LOOP('',(#807,#808,#809,#810,#811));
#2945=EDGE_LOOP('',(#812,#813,#814,#815));
#2946=EDGE_LOOP('',(#816,#817,#818,#819));
#2947=EDGE_LOOP('',(#820,#821,#822,#823));
#2948=EDGE_LOOP('',(#824,#825,#826,#827));
#2949=EDGE_LOOP('',(#828,#829,#830,#831));
#2950=EDGE_LOOP('',(#832,#833,#834,#835));
#2951=EDGE_LOOP('',(#836,#837,#838,#839));
#2952=EDGE_LOOP('',(#840,#841,#842,#843));
#2953=EDGE_LOOP('',(#844,#845,#846,#847));
#2954=EDGE_LOOP('',(#848,#849,#850,#851));
#2955=EDGE_LOOP('',(#852,#853,#854,#855));
#2956=EDGE_LOOP('',(#856,#857,#858,#859));
#2957=EDGE_LOOP('',(#860,#861,#862,#863));
#2958=EDGE_LOOP('',(#864,#865,#866,#867));
#2959=EDGE_LOOP('',(#868,#869,#870,#871));
#2960=EDGE_LOOP('',(#872,#873,#874,#875,#876,#877,#878,#879,#880,#881,#882,
#883,#884,#885,#886,#887,#888,#889,#890,#891));
#2961=EDGE_LOOP('',(#892,#893,#894,#895,#896));
#2962=EDGE_LOOP('',(#897,#898,#899,#900,#901));
#2963=EDGE_LOOP('',(#902,#903,#904,#905));
#2964=EDGE_LOOP('',(#906,#907,#908,#909));
#2965=EDGE_LOOP('',(#910,#911,#912,#913,#914,#915));
#2966=EDGE_LOOP('',(#916,#917,#918,#919,#920,#921));
#2967=EDGE_LOOP('',(#922,#923,#924,#925,#926,#927,#928,#929,#930,#931));
#2968=EDGE_LOOP('',(#932,#933,#934,#935,#936,#937));
#2969=EDGE_LOOP('',(#938,#939,#940,#941,#942,#943));
#2970=EDGE_LOOP('',(#944,#945,#946,#947,#948,#949,#950));
#2971=EDGE_LOOP('',(#951,#952,#953,#954,#955,#956,#957,#958,#959,#960,#961));
#2972=EDGE_LOOP('',(#962,#963,#964,#965));
#2973=EDGE_LOOP('',(#966,#967,#968,#969));
#2974=EDGE_LOOP('',(#970,#971,#972,#973,#974,#975));
#2975=EDGE_LOOP('',(#976,#977,#978,#979));
#2976=EDGE_LOOP('',(#980,#981,#982,#983,#984,#985,#986,#987,#988,#989,#990,
#991,#992));
#2977=EDGE_LOOP('',(#993,#994,#995,#996,#997));
#2978=EDGE_LOOP('',(#998,#999,#1000,#1001));
#2979=EDGE_LOOP('',(#1002,#1003,#1004,#1005,#1006,#1007,#1008));
#2980=EDGE_LOOP('',(#1009,#1010,#1011,#1012));
#2981=EDGE_LOOP('',(#1013,#1014,#1015,#1016));
#2982=EDGE_LOOP('',(#1017,#1018,#1019,#1020));
#2983=EDGE_LOOP('',(#1021,#1022,#1023,#1024,#1025,#1026,#1027,#1028,#1029,
#1030,#1031,#1032,#1033,#1034));
#2984=EDGE_LOOP('',(#1035,#1036,#1037,#1038,#1039,#1040));
#2985=EDGE_LOOP('',(#1041,#1042,#1043,#1044));
#2986=EDGE_LOOP('',(#1045,#1046,#1047,#1048));
#2987=EDGE_LOOP('',(#1049,#1050,#1051,#1052,#1053));
#2988=EDGE_LOOP('',(#1054,#1055,#1056,#1057,#1058,#1059,#1060));
#2989=EDGE_LOOP('',(#1061,#1062,#1063,#1064));
#2990=EDGE_LOOP('',(#1065,#1066,#1067,#1068));
#2991=EDGE_LOOP('',(#1069,#1070,#1071,#1072));
#2992=EDGE_LOOP('',(#1073,#1074,#1075,#1076));
#2993=EDGE_LOOP('',(#1077,#1078,#1079,#1080));
#2994=EDGE_LOOP('',(#1081,#1082,#1083,#1084));
#2995=EDGE_LOOP('',(#1085,#1086,#1087,#1088));
#2996=EDGE_LOOP('',(#1089,#1090,#1091,#1092));
#2997=EDGE_LOOP('',(#1093,#1094,#1095,#1096));
#2998=EDGE_LOOP('',(#1097,#1098,#1099,#1100));
#2999=EDGE_LOOP('',(#1101,#1102,#1103,#1104));
#3000=EDGE_LOOP('',(#1105,#1106,#1107,#1108));
#3001=EDGE_LOOP('',(#1109,#1110,#1111,#1112));
#3002=EDGE_LOOP('',(#1113,#1114,#1115,#1116));
#3003=EDGE_LOOP('',(#1117,#1118,#1119,#1120));
#3004=EDGE_LOOP('',(#1121,#1122,#1123,#1124));
#3005=EDGE_LOOP('',(#1125,#1126,#1127,#1128));
#3006=EDGE_LOOP('',(#1129,#1130,#1131,#1132));
#3007=EDGE_LOOP('',(#1133,#1134,#1135,#1136));
#3008=EDGE_LOOP('',(#1137,#1138,#1139,#1140,#1141,#1142,#1143,#1144));
#3009=EDGE_LOOP('',(#1145,#1146,#1147,#1148));
#3010=EDGE_LOOP('',(#1149,#1150,#1151,#1152));
#3011=EDGE_LOOP('',(#1153,#1154,#1155,#1156));
#3012=EDGE_LOOP('',(#1157,#1158,#1159,#1160,#1161));
#3013=EDGE_LOOP('',(#1162,#1163,#1164,#1165,#1166));
#3014=EDGE_LOOP('',(#1167,#1168,#1169,#1170,#1171,#1172));
#3015=EDGE_LOOP('',(#1173,#1174,#1175,#1176,#1177,#1178));
#3016=EDGE_LOOP('',(#1179,#1180,#1181,#1182,#1183,#1184));
#3017=EDGE_LOOP('',(#1185,#1186,#1187,#1188));
#3018=EDGE_LOOP('',(#1189,#1190,#1191,#1192));
#3019=EDGE_LOOP('',(#1193));
#3020=EDGE_LOOP('',(#1194));
#3021=EDGE_LOOP('',(#1195));
#3022=EDGE_LOOP('',(#1196,#1197,#1198,#1199));
#3023=EDGE_LOOP('',(#1200,#1201,#1202,#1203));
#3024=EDGE_LOOP('',(#1204,#1205,#1206,#1207));
#3025=EDGE_LOOP('',(#1208,#1209,#1210,#1211));
#3026=EDGE_LOOP('',(#1212,#1213,#1214,#1215));
#3027=EDGE_LOOP('',(#1216,#1217,#1218,#1219,#1220));
#3028=EDGE_LOOP('',(#1221,#1222,#1223,#1224));
#3029=EDGE_LOOP('',(#1225,#1226,#1227,#1228));
#3030=EDGE_LOOP('',(#1229,#1230,#1231,#1232));
#3031=EDGE_LOOP('',(#1233,#1234,#1235,#1236));
#3032=EDGE_LOOP('',(#1237,#1238,#1239,#1240));
#3033=EDGE_LOOP('',(#1241,#1242,#1243,#1244));
#3034=EDGE_LOOP('',(#1245,#1246,#1247,#1248));
#3035=EDGE_LOOP('',(#1249,#1250,#1251,#1252,#1253,#1254,#1255));
#3036=FACE_BOUND('',#2844,.T.);
#3037=FACE_BOUND('',#2845,.T.);
#3038=FACE_BOUND('',#2846,.T.);
#3039=FACE_BOUND('',#2847,.T.);
#3040=FACE_BOUND('',#2848,.T.);
#3041=FACE_BOUND('',#2849,.T.);
#3042=FACE_BOUND('',#2850,.T.);
#3043=FACE_BOUND('',#2851,.T.);
#3044=FACE_BOUND('',#2852,.T.);
#3045=FACE_BOUND('',#2853,.T.);
#3046=FACE_BOUND('',#2854,.T.);
#3047=FACE_BOUND('',#2855,.T.);
#3048=FACE_BOUND('',#2856,.T.);
#3049=FACE_BOUND('',#2857,.T.);
#3050=FACE_BOUND('',#2858,.T.);
#3051=FACE_BOUND('',#2859,.T.);
#3052=FACE_BOUND('',#2860,.T.);
#3053=FACE_BOUND('',#2861,.T.);
#3054=FACE_BOUND('',#2862,.T.);
#3055=FACE_BOUND('',#2863,.T.);
#3056=FACE_BOUND('',#2864,.T.);
#3057=FACE_BOUND('',#2865,.T.);
#3058=FACE_BOUND('',#2866,.T.);
#3059=FACE_BOUND('',#2867,.T.);
#3060=FACE_BOUND('',#2868,.T.);
#3061=FACE_BOUND('',#2869,.T.);
#3062=FACE_BOUND('',#2870,.T.);
#3063=FACE_BOUND('',#2871,.T.);
#3064=FACE_BOUND('',#2872,.T.);
#3065=FACE_BOUND('',#2873,.T.);
#3066=FACE_BOUND('',#2874,.T.);
#3067=FACE_BOUND('',#2875,.T.);
#3068=FACE_BOUND('',#2876,.T.);
#3069=FACE_BOUND('',#2877,.T.);
#3070=FACE_BOUND('',#2878,.T.);
#3071=FACE_BOUND('',#2879,.T.);
#3072=FACE_BOUND('',#2880,.T.);
#3073=FACE_BOUND('',#2881,.T.);
#3074=FACE_BOUND('',#2882,.T.);
#3075=FACE_BOUND('',#2883,.T.);
#3076=FACE_BOUND('',#2884,.T.);
#3077=FACE_BOUND('',#2885,.T.);
#3078=FACE_BOUND('',#2886,.T.);
#3079=FACE_BOUND('',#2887,.T.);
#3080=FACE_BOUND('',#2888,.T.);
#3081=FACE_BOUND('',#2889,.T.);
#3082=FACE_BOUND('',#2890,.T.);
#3083=FACE_BOUND('',#2891,.T.);
#3084=FACE_BOUND('',#2892,.T.);
#3085=FACE_BOUND('',#2893,.T.);
#3086=FACE_BOUND('',#2894,.T.);
#3087=FACE_BOUND('',#2895,.T.);
#3088=FACE_BOUND('',#2896,.T.);
#3089=FACE_BOUND('',#2897,.T.);
#3090=FACE_BOUND('',#2898,.T.);
#3091=FACE_BOUND('',#2899,.T.);
#3092=FACE_BOUND('',#2900,.T.);
#3093=FACE_BOUND('',#2901,.T.);
#3094=FACE_BOUND('',#2902,.T.);
#3095=FACE_BOUND('',#2903,.T.);
#3096=FACE_BOUND('',#2904,.T.);
#3097=FACE_BOUND('',#2905,.T.);
#3098=FACE_BOUND('',#2906,.T.);
#3099=FACE_BOUND('',#2907,.T.);
#3100=FACE_BOUND('',#2908,.T.);
#3101=FACE_BOUND('',#2909,.T.);
#3102=FACE_BOUND('',#2910,.T.);
#3103=FACE_BOUND('',#2911,.T.);
#3104=FACE_BOUND('',#2912,.T.);
#3105=FACE_BOUND('',#2913,.T.);
#3106=FACE_BOUND('',#2914,.T.);
#3107=FACE_BOUND('',#2915,.T.);
#3108=FACE_BOUND('',#2916,.T.);
#3109=FACE_BOUND('',#2917,.T.);
#3110=FACE_BOUND('',#2918,.T.);
#3111=FACE_BOUND('',#2919,.T.);
#3112=FACE_BOUND('',#2920,.T.);
#3113=FACE_BOUND('',#2921,.T.);
#3114=FACE_BOUND('',#2922,.T.);
#3115=FACE_BOUND('',#2923,.T.);
#3116=FACE_BOUND('',#2924,.T.);
#3117=FACE_BOUND('',#2925,.T.);
#3118=FACE_BOUND('',#2926,.T.);
#3119=FACE_BOUND('',#2927,.T.);
#3120=FACE_BOUND('',#2928,.T.);
#3121=FACE_BOUND('',#2929,.T.);
#3122=FACE_BOUND('',#2930,.T.);
#3123=FACE_BOUND('',#2931,.T.);
#3124=FACE_BOUND('',#2932,.T.);
#3125=FACE_BOUND('',#2933,.T.);
#3126=FACE_BOUND('',#2934,.T.);
#3127=FACE_BOUND('',#2935,.T.);
#3128=FACE_BOUND('',#2936,.T.);
#3129=FACE_BOUND('',#2937,.T.);
#3130=FACE_BOUND('',#2938,.T.);
#3131=FACE_BOUND('',#2939,.T.);
#3132=FACE_BOUND('',#2940,.T.);
#3133=FACE_BOUND('',#2941,.T.);
#3134=FACE_BOUND('',#2942,.T.);
#3135=FACE_BOUND('',#2943,.T.);
#3136=FACE_BOUND('',#2944,.T.);
#3137=FACE_BOUND('',#2945,.T.);
#3138=FACE_BOUND('',#2946,.T.);
#3139=FACE_BOUND('',#2947,.T.);
#3140=FACE_BOUND('',#2948,.T.);
#3141=FACE_BOUND('',#2949,.T.);
#3142=FACE_BOUND('',#2950,.T.);
#3143=FACE_BOUND('',#2951,.T.);
#3144=FACE_BOUND('',#2952,.T.);
#3145=FACE_BOUND('',#2953,.T.);
#3146=FACE_BOUND('',#2954,.T.);
#3147=FACE_BOUND('',#2955,.T.);
#3148=FACE_BOUND('',#2956,.T.);
#3149=FACE_BOUND('',#2957,.T.);
#3150=FACE_BOUND('',#2958,.T.);
#3151=FACE_BOUND('',#2959,.T.);
#3152=FACE_BOUND('',#2960,.T.);
#3153=FACE_BOUND('',#2961,.T.);
#3154=FACE_BOUND('',#2962,.T.);
#3155=FACE_BOUND('',#2963,.T.);
#3156=FACE_BOUND('',#2964,.T.);
#3157=FACE_BOUND('',#2965,.T.);
#3158=FACE_BOUND('',#2966,.T.);
#3159=FACE_BOUND('',#2967,.T.);
#3160=FACE_BOUND('',#2968,.T.);
#3161=FACE_BOUND('',#2969,.T.);
#3162=FACE_BOUND('',#2970,.T.);
#3163=FACE_BOUND('',#2971,.T.);
#3164=FACE_BOUND('',#2972,.T.);
#3165=FACE_BOUND('',#2973,.T.);
#3166=FACE_BOUND('',#2974,.T.);
#3167=FACE_BOUND('',#2975,.T.);
#3168=FACE_BOUND('',#2976,.T.);
#3169=FACE_BOUND('',#2977,.T.);
#3170=FACE_BOUND('',#2978,.T.);
#3171=FACE_BOUND('',#2979,.T.);
#3172=FACE_BOUND('',#2980,.T.);
#3173=FACE_BOUND('',#2981,.T.);
#3174=FACE_BOUND('',#2982,.T.);
#3175=FACE_BOUND('',#2983,.T.);
#3176=FACE_BOUND('',#2984,.T.);
#3177=FACE_BOUND('',#2985,.T.);
#3178=FACE_BOUND('',#2986,.T.);
#3179=FACE_BOUND('',#2987,.T.);
#3180=FACE_BOUND('',#2988,.T.);
#3181=FACE_BOUND('',#2989,.T.);
#3182=FACE_BOUND('',#2990,.T.);
#3183=FACE_BOUND('',#2991,.T.);
#3184=FACE_BOUND('',#2992,.T.);
#3185=FACE_BOUND('',#2993,.T.);
#3186=FACE_BOUND('',#2994,.T.);
#3187=FACE_BOUND('',#2995,.T.);
#3188=FACE_BOUND('',#2996,.T.);
#3189=FACE_BOUND('',#2997,.T.);
#3190=FACE_BOUND('',#2998,.T.);
#3191=FACE_BOUND('',#2999,.T.);
#3192=FACE_BOUND('',#3000,.T.);
#3193=FACE_BOUND('',#3001,.T.);
#3194=FACE_BOUND('',#3002,.T.);
#3195=FACE_BOUND('',#3003,.T.);
#3196=FACE_BOUND('',#3004,.T.);
#3197=FACE_BOUND('',#3005,.T.);
#3198=FACE_BOUND('',#3006,.T.);
#3199=FACE_BOUND('',#3007,.T.);
#3200=FACE_BOUND('',#3008,.T.);
#3201=FACE_BOUND('',#3009,.T.);
#3202=FACE_BOUND('',#3010,.T.);
#3203=FACE_BOUND('',#3011,.T.);
#3204=FACE_BOUND('',#3012,.T.);
#3205=FACE_BOUND('',#3013,.T.);
#3206=FACE_BOUND('',#3014,.T.);
#3207=FACE_BOUND('',#3015,.T.);
#3208=FACE_BOUND('',#3016,.T.);
#3209=FACE_BOUND('',#3017,.T.);
#3210=FACE_BOUND('',#3018,.T.);
#3211=FACE_BOUND('',#3019,.T.);
#3212=FACE_BOUND('',#3020,.T.);
#3213=FACE_BOUND('',#3021,.T.);
#3214=FACE_BOUND('',#3022,.T.);
#3215=FACE_BOUND('',#3023,.T.);
#3216=FACE_BOUND('',#3024,.T.);
#3217=FACE_BOUND('',#3025,.T.);
#3218=FACE_BOUND('',#3026,.T.);
#3219=FACE_BOUND('',#3027,.T.);
#3220=FACE_BOUND('',#3028,.T.);
#3221=FACE_BOUND('',#3029,.T.);
#3222=FACE_BOUND('',#3030,.T.);
#3223=FACE_BOUND('',#3031,.T.);
#3224=FACE_BOUND('',#3032,.T.);
#3225=FACE_BOUND('',#3033,.T.);
#3226=FACE_BOUND('',#3034,.T.);
#3227=FACE_BOUND('',#3035,.T.);
#3228=PLANE('',#4831);
#3229=PLANE('',#4840);
#3230=PLANE('',#4847);
#3231=PLANE('',#4852);
#3232=PLANE('',#4855);
#3233=PLANE('',#4858);
#3234=PLANE('',#4859);
#3235=PLANE('',#4863);
#3236=PLANE('',#4866);
#3237=PLANE('',#4869);
#3238=PLANE('',#4872);
#3239=PLANE('',#4875);
#3240=PLANE('',#4878);
#3241=PLANE('',#4887);
#3242=PLANE('',#4888);
#3243=PLANE('',#4889);
#3244=PLANE('',#4894);
#3245=PLANE('',#4905);
#3246=PLANE('',#4907);
#3247=PLANE('',#4910);
#3248=PLANE('',#4919);
#3249=PLANE('',#4926);
#3250=PLANE('',#4933);
#3251=PLANE('',#4940);
#3252=PLANE('',#4941);
#3253=PLANE('',#4945);
#3254=PLANE('',#4948);
#3255=PLANE('',#4953);
#3256=PLANE('',#4963);
#3257=PLANE('',#4966);
#3258=PLANE('',#4971);
#3259=PLANE('',#4974);
#3260=PLANE('',#4975);
#3261=PLANE('',#4980);
#3262=PLANE('',#4988);
#3263=PLANE('',#4991);
#3264=PLANE('',#4992);
#3265=PLANE('',#4997);
#3266=PLANE('',#4999);
#3267=PLANE('',#5001);
#3268=PLANE('',#5003);
#3269=PLANE('',#5005);
#3270=PLANE('',#5007);
#3271=PLANE('',#5009);
#3272=PLANE('',#5012);
#3273=PLANE('',#5015);
#3274=PLANE('',#5016);
#3275=PLANE('',#5019);
#3276=PLANE('',#5020);
#3277=PLANE('',#5022);
#3278=PLANE('',#5025);
#3279=PLANE('',#5026);
#3280=PLANE('',#5027);
#3281=PLANE('',#5028);
#3282=PLANE('',#5029);
#3283=PLANE('',#5031);
#3284=PLANE('',#5032);
#3285=PLANE('',#5035);
#3286=PLANE('',#5040);
#3287=PLANE('',#5043);
#3288=PLANE('',#5046);
#3289=PLANE('',#5049);
#3290=PLANE('',#5052);
#3291=PLANE('',#5055);
#3292=PLANE('',#5056);
#3293=PLANE('',#5057);
#3294=PLANE('',#5058);
#3295=PLANE('',#5059);
#3296=PLANE('',#5060);
#3297=PLANE('',#5061);
#3298=PLANE('',#5062);
#3299=PLANE('',#5065);
#3300=PLANE('',#5066);
#3301=PLANE('',#5067);
#3302=PLANE('',#5068);
#3303=PLANE('',#5073);
#3304=PLANE('',#5076);
#3305=PLANE('',#5085);
#3306=PLANE('',#5088);
#3307=PLANE('',#5091);
#3308=PLANE('',#5092);
#3309=PLANE('',#5093);
#3310=PLANE('',#5096);
#3311=PLANE('',#5097);
#3312=PLANE('',#5101);
#3313=PLANE('',#5103);
#3314=PLANE('',#5105);
#3315=PLANE('',#5107);
#3316=PLANE('',#5108);
#3317=PLANE('',#5109);
#3318=PLANE('',#5110);
#3319=PLANE('',#5111);
#3320=PLANE('',#5112);
#3321=PLANE('',#5113);
#3322=PLANE('',#5114);
#3323=PLANE('',#5115);
#3324=PLANE('',#5116);
#3325=PLANE('',#5118);
#3326=PLANE('',#5119);
#3327=PLANE('',#5120);
#3328=PLANE('',#5125);
#3329=PLANE('',#5126);
#3330=PLANE('',#5127);
#3331=PLANE('',#5135);
#3332=PLANE('',#5136);
#3333=PLANE('',#5137);
#3334=PLANE('',#5138);
#3335=PLANE('',#5139);
#3336=PLANE('',#5140);
#3337=PLANE('',#5141);
#3338=PLANE('',#5142);
#3339=PLANE('',#5143);
#3340=PLANE('',#5146);
#3341=PLANE('',#5149);
#3342=PLANE('',#5152);
#3343=STYLED_ITEM('',(#3528),#4641);
#3344=STYLED_ITEM('',(#3529),#4642);
#3345=STYLED_ITEM('',(#3530),#4643);
#3346=STYLED_ITEM('',(#3531),#4644);
#3347=STYLED_ITEM('',(#3532),#4645);
#3348=STYLED_ITEM('',(#3533),#4646);
#3349=STYLED_ITEM('',(#3534),#4647);
#3350=STYLED_ITEM('',(#3535),#4648);
#3351=STYLED_ITEM('',(#3536),#4649);
#3352=STYLED_ITEM('',(#3537),#4650);
#3353=STYLED_ITEM('',(#3538),#4651);
#3354=STYLED_ITEM('',(#3539),#4652);
#3355=STYLED_ITEM('',(#3540),#4653);
#3356=STYLED_ITEM('',(#3541),#4654);
#3357=STYLED_ITEM('',(#3542),#4655);
#3358=STYLED_ITEM('',(#3543),#4656);
#3359=STYLED_ITEM('',(#3544),#4657);
#3360=STYLED_ITEM('',(#3545),#4658);
#3361=STYLED_ITEM('',(#3546),#4659);
#3362=STYLED_ITEM('',(#3547),#4660);
#3363=STYLED_ITEM('',(#3548),#4661);
#3364=STYLED_ITEM('',(#3549),#4662);
#3365=STYLED_ITEM('',(#3550),#4663);
#3366=STYLED_ITEM('',(#3551),#4664);
#3367=STYLED_ITEM('',(#3552),#4665);
#3368=STYLED_ITEM('',(#3553),#4666);
#3369=STYLED_ITEM('',(#3554),#4667);
#3370=STYLED_ITEM('',(#3555),#4668);
#3371=STYLED_ITEM('',(#3556),#4669);
#3372=STYLED_ITEM('',(#3557),#4670);
#3373=STYLED_ITEM('',(#3558),#4671);
#3374=STYLED_ITEM('',(#3559),#4672);
#3375=STYLED_ITEM('',(#3560),#4673);
#3376=STYLED_ITEM('',(#3561),#4674);
#3377=STYLED_ITEM('',(#3562),#4675);
#3378=STYLED_ITEM('',(#3563),#4676);
#3379=STYLED_ITEM('',(#3564),#4677);
#3380=STYLED_ITEM('',(#3565),#4678);
#3381=STYLED_ITEM('',(#3566),#4679);
#3382=STYLED_ITEM('',(#3567),#4680);
#3383=STYLED_ITEM('',(#3568),#4681);
#3384=STYLED_ITEM('',(#3569),#4682);
#3385=STYLED_ITEM('',(#3570),#4683);
#3386=STYLED_ITEM('',(#3571),#4684);
#3387=STYLED_ITEM('',(#3572),#4685);
#3388=STYLED_ITEM('',(#3573),#4686);
#3389=STYLED_ITEM('',(#3574),#4687);
#3390=STYLED_ITEM('',(#3575),#4688);
#3391=STYLED_ITEM('',(#3576),#4689);
#3392=STYLED_ITEM('',(#3577),#4690);
#3393=STYLED_ITEM('',(#3578),#4691);
#3394=STYLED_ITEM('',(#3579),#4692);
#3395=STYLED_ITEM('',(#3580),#4693);
#3396=STYLED_ITEM('',(#3581),#4694);
#3397=STYLED_ITEM('',(#3582),#4695);
#3398=STYLED_ITEM('',(#3583),#4696);
#3399=STYLED_ITEM('',(#3584),#4697);
#3400=STYLED_ITEM('',(#3585),#4698);
#3401=STYLED_ITEM('',(#3586),#4699);
#3402=STYLED_ITEM('',(#3587),#4700);
#3403=STYLED_ITEM('',(#3588),#4701);
#3404=STYLED_ITEM('',(#3589),#4702);
#3405=STYLED_ITEM('',(#3590),#4703);
#3406=STYLED_ITEM('',(#3591),#4704);
#3407=STYLED_ITEM('',(#3592),#4705);
#3408=STYLED_ITEM('',(#3593),#4706);
#3409=STYLED_ITEM('',(#3594),#4707);
#3410=STYLED_ITEM('',(#3595),#4708);
#3411=STYLED_ITEM('',(#3596),#4709);
#3412=STYLED_ITEM('',(#3597),#4710);
#3413=STYLED_ITEM('',(#3598),#4711);
#3414=STYLED_ITEM('',(#3599),#4712);
#3415=STYLED_ITEM('',(#3600),#4713);
#3416=STYLED_ITEM('',(#3601),#4714);
#3417=STYLED_ITEM('',(#3602),#4715);
#3418=STYLED_ITEM('',(#3603),#4716);
#3419=STYLED_ITEM('',(#3604),#4717);
#3420=STYLED_ITEM('',(#3605),#4718);
#3421=STYLED_ITEM('',(#3606),#4719);
#3422=STYLED_ITEM('',(#3607),#4720);
#3423=STYLED_ITEM('',(#3608),#4721);
#3424=STYLED_ITEM('',(#3609),#4722);
#3425=STYLED_ITEM('',(#3610),#4723);
#3426=STYLED_ITEM('',(#3611),#4724);
#3427=STYLED_ITEM('',(#3612),#4725);
#3428=STYLED_ITEM('',(#3613),#4726);
#3429=STYLED_ITEM('',(#3614),#4727);
#3430=STYLED_ITEM('',(#3615),#4728);
#3431=STYLED_ITEM('',(#3616),#4729);
#3432=STYLED_ITEM('',(#3617),#4730);
#3433=STYLED_ITEM('',(#3618),#4731);
#3434=STYLED_ITEM('',(#3619),#4732);
#3435=STYLED_ITEM('',(#3620),#4733);
#3436=STYLED_ITEM('',(#3621),#4734);
#3437=STYLED_ITEM('',(#3622),#4735);
#3438=STYLED_ITEM('',(#3623),#4736);
#3439=STYLED_ITEM('',(#3624),#4737);
#3440=STYLED_ITEM('',(#3625),#4738);
#3441=STYLED_ITEM('',(#3626),#4739);
#3442=STYLED_ITEM('',(#3627),#4740);
#3443=STYLED_ITEM('',(#3628),#4741);
#3444=STYLED_ITEM('',(#3629),#4742);
#3445=STYLED_ITEM('',(#3630),#4743);
#3446=STYLED_ITEM('',(#3631),#4744);
#3447=STYLED_ITEM('',(#3632),#4745);
#3448=STYLED_ITEM('',(#3633),#4746);
#3449=STYLED_ITEM('',(#3634),#4747);
#3450=STYLED_ITEM('',(#3635),#4748);
#3451=STYLED_ITEM('',(#3636),#4749);
#3452=STYLED_ITEM('',(#3637),#4750);
#3453=STYLED_ITEM('',(#3638),#4751);
#3454=STYLED_ITEM('',(#3639),#4752);
#3455=STYLED_ITEM('',(#3640),#4753);
#3456=STYLED_ITEM('',(#3641),#4754);
#3457=STYLED_ITEM('',(#3642),#4755);
#3458=STYLED_ITEM('',(#3643),#4756);
#3459=STYLED_ITEM('',(#3644),#4757);
#3460=STYLED_ITEM('',(#3645),#4758);
#3461=STYLED_ITEM('',(#3646),#4759);
#3462=STYLED_ITEM('',(#3647),#4760);
#3463=STYLED_ITEM('',(#3648),#4761);
#3464=STYLED_ITEM('',(#3649),#4762);
#3465=STYLED_ITEM('',(#3650),#4763);
#3466=STYLED_ITEM('',(#3651),#4764);
#3467=STYLED_ITEM('',(#3652),#4765);
#3468=STYLED_ITEM('',(#3653),#4766);
#3469=STYLED_ITEM('',(#3654),#4767);
#3470=STYLED_ITEM('',(#3655),#4768);
#3471=STYLED_ITEM('',(#3656),#4769);
#3472=STYLED_ITEM('',(#3657),#4770);
#3473=STYLED_ITEM('',(#3658),#4771);
#3474=STYLED_ITEM('',(#3659),#4772);
#3475=STYLED_ITEM('',(#3660),#4773);
#3476=STYLED_ITEM('',(#3661),#4774);
#3477=STYLED_ITEM('',(#3662),#4775);
#3478=STYLED_ITEM('',(#3663),#4776);
#3479=STYLED_ITEM('',(#3664),#4777);
#3480=STYLED_ITEM('',(#3665),#4778);
#3481=STYLED_ITEM('',(#3666),#4779);
#3482=STYLED_ITEM('',(#3667),#4780);
#3483=STYLED_ITEM('',(#3668),#4781);
#3484=STYLED_ITEM('',(#3669),#4782);
#3485=STYLED_ITEM('',(#3670),#4783);
#3486=STYLED_ITEM('',(#3671),#4784);
#3487=STYLED_ITEM('',(#3672),#4785);
#3488=STYLED_ITEM('',(#3673),#4786);
#3489=STYLED_ITEM('',(#3674),#4787);
#3490=STYLED_ITEM('',(#3675),#4788);
#3491=STYLED_ITEM('',(#3676),#4789);
#3492=STYLED_ITEM('',(#3677),#4790);
#3493=STYLED_ITEM('',(#3678),#4791);
#3494=STYLED_ITEM('',(#3679),#4792);
#3495=STYLED_ITEM('',(#3680),#4793);
#3496=STYLED_ITEM('',(#3681),#4794);
#3497=STYLED_ITEM('',(#3682),#4795);
#3498=STYLED_ITEM('',(#3683),#4796);
#3499=STYLED_ITEM('',(#3684),#4797);
#3500=STYLED_ITEM('',(#3685),#4798);
#3501=STYLED_ITEM('',(#3686),#4799);
#3502=STYLED_ITEM('',(#3687),#4800);
#3503=STYLED_ITEM('',(#3688),#4801);
#3504=STYLED_ITEM('',(#3689),#4802);
#3505=STYLED_ITEM('',(#3690),#4803);
#3506=STYLED_ITEM('',(#3691),#4804);
#3507=STYLED_ITEM('',(#3692),#4805);
#3508=STYLED_ITEM('',(#3693),#4806);
#3509=STYLED_ITEM('',(#3694),#4807);
#3510=STYLED_ITEM('',(#3695),#4808);
#3511=STYLED_ITEM('',(#3696),#4809);
#3512=STYLED_ITEM('',(#3697),#4810);
#3513=STYLED_ITEM('',(#3698),#4811);
#3514=STYLED_ITEM('',(#3699),#4812);
#3515=STYLED_ITEM('',(#3700),#4813);
#3516=STYLED_ITEM('',(#3701),#4814);
#3517=STYLED_ITEM('',(#3702),#4815);
#3518=STYLED_ITEM('',(#3703),#4816);
#3519=STYLED_ITEM('',(#3704),#4817);
#3520=STYLED_ITEM('',(#3705),#4818);
#3521=STYLED_ITEM('',(#3706),#4819);
#3522=STYLED_ITEM('',(#3707),#4820);
#3523=STYLED_ITEM('',(#3708),#4821);
#3524=STYLED_ITEM('',(#3709),#4822);
#3525=STYLED_ITEM('',(#3710),#4823);
#3526=STYLED_ITEM('',(#3711),#4824);
#3527=STYLED_ITEM('',(#3712),#4825);
#3528=PRESENTATION_STYLE_ASSIGNMENT((#3713));
#3529=PRESENTATION_STYLE_ASSIGNMENT((#3714));
#3530=PRESENTATION_STYLE_ASSIGNMENT((#3715));
#3531=PRESENTATION_STYLE_ASSIGNMENT((#3716));
#3532=PRESENTATION_STYLE_ASSIGNMENT((#3717));
#3533=PRESENTATION_STYLE_ASSIGNMENT((#3718));
#3534=PRESENTATION_STYLE_ASSIGNMENT((#3719));
#3535=PRESENTATION_STYLE_ASSIGNMENT((#3720));
#3536=PRESENTATION_STYLE_ASSIGNMENT((#3721));
#3537=PRESENTATION_STYLE_ASSIGNMENT((#3722));
#3538=PRESENTATION_STYLE_ASSIGNMENT((#3723));
#3539=PRESENTATION_STYLE_ASSIGNMENT((#3724));
#3540=PRESENTATION_STYLE_ASSIGNMENT((#3725));
#3541=PRESENTATION_STYLE_ASSIGNMENT((#3726));
#3542=PRESENTATION_STYLE_ASSIGNMENT((#3727));
#3543=PRESENTATION_STYLE_ASSIGNMENT((#3728));
#3544=PRESENTATION_STYLE_ASSIGNMENT((#3729));
#3545=PRESENTATION_STYLE_ASSIGNMENT((#3730));
#3546=PRESENTATION_STYLE_ASSIGNMENT((#3731));
#3547=PRESENTATION_STYLE_ASSIGNMENT((#3732));
#3548=PRESENTATION_STYLE_ASSIGNMENT((#3733));
#3549=PRESENTATION_STYLE_ASSIGNMENT((#3734));
#3550=PRESENTATION_STYLE_ASSIGNMENT((#3735));
#3551=PRESENTATION_STYLE_ASSIGNMENT((#3736));
#3552=PRESENTATION_STYLE_ASSIGNMENT((#3737));
#3553=PRESENTATION_STYLE_ASSIGNMENT((#3738));
#3554=PRESENTATION_STYLE_ASSIGNMENT((#3739));
#3555=PRESENTATION_STYLE_ASSIGNMENT((#3740));
#3556=PRESENTATION_STYLE_ASSIGNMENT((#3741));
#3557=PRESENTATION_STYLE_ASSIGNMENT((#3742));
#3558=PRESENTATION_STYLE_ASSIGNMENT((#3743));
#3559=PRESENTATION_STYLE_ASSIGNMENT((#3744));
#3560=PRESENTATION_STYLE_ASSIGNMENT((#3745));
#3561=PRESENTATION_STYLE_ASSIGNMENT((#3746));
#3562=PRESENTATION_STYLE_ASSIGNMENT((#3747));
#3563=PRESENTATION_STYLE_ASSIGNMENT((#3748));
#3564=PRESENTATION_STYLE_ASSIGNMENT((#3749));
#3565=PRESENTATION_STYLE_ASSIGNMENT((#3750));
#3566=PRESENTATION_STYLE_ASSIGNMENT((#3751));
#3567=PRESENTATION_STYLE_ASSIGNMENT((#3752));
#3568=PRESENTATION_STYLE_ASSIGNMENT((#3753));
#3569=PRESENTATION_STYLE_ASSIGNMENT((#3754));
#3570=PRESENTATION_STYLE_ASSIGNMENT((#3755));
#3571=PRESENTATION_STYLE_ASSIGNMENT((#3756));
#3572=PRESENTATION_STYLE_ASSIGNMENT((#3757));
#3573=PRESENTATION_STYLE_ASSIGNMENT((#3758));
#3574=PRESENTATION_STYLE_ASSIGNMENT((#3759));
#3575=PRESENTATION_STYLE_ASSIGNMENT((#3760));
#3576=PRESENTATION_STYLE_ASSIGNMENT((#3761));
#3577=PRESENTATION_STYLE_ASSIGNMENT((#3762));
#3578=PRESENTATION_STYLE_ASSIGNMENT((#3763));
#3579=PRESENTATION_STYLE_ASSIGNMENT((#3764));
#3580=PRESENTATION_STYLE_ASSIGNMENT((#3765));
#3581=PRESENTATION_STYLE_ASSIGNMENT((#3766));
#3582=PRESENTATION_STYLE_ASSIGNMENT((#3767));
#3583=PRESENTATION_STYLE_ASSIGNMENT((#3768));
#3584=PRESENTATION_STYLE_ASSIGNMENT((#3769));
#3585=PRESENTATION_STYLE_ASSIGNMENT((#3770));
#3586=PRESENTATION_STYLE_ASSIGNMENT((#3771));
#3587=PRESENTATION_STYLE_ASSIGNMENT((#3772));
#3588=PRESENTATION_STYLE_ASSIGNMENT((#3773));
#3589=PRESENTATION_STYLE_ASSIGNMENT((#3774));
#3590=PRESENTATION_STYLE_ASSIGNMENT((#3775));
#3591=PRESENTATION_STYLE_ASSIGNMENT((#3776));
#3592=PRESENTATION_STYLE_ASSIGNMENT((#3777));
#3593=PRESENTATION_STYLE_ASSIGNMENT((#3778));
#3594=PRESENTATION_STYLE_ASSIGNMENT((#3779));
#3595=PRESENTATION_STYLE_ASSIGNMENT((#3780));
#3596=PRESENTATION_STYLE_ASSIGNMENT((#3781));
#3597=PRESENTATION_STYLE_ASSIGNMENT((#3782));
#3598=PRESENTATION_STYLE_ASSIGNMENT((#3783));
#3599=PRESENTATION_STYLE_ASSIGNMENT((#3784));
#3600=PRESENTATION_STYLE_ASSIGNMENT((#3785));
#3601=PRESENTATION_STYLE_ASSIGNMENT((#3786));
#3602=PRESENTATION_STYLE_ASSIGNMENT((#3787));
#3603=PRESENTATION_STYLE_ASSIGNMENT((#3788));
#3604=PRESENTATION_STYLE_ASSIGNMENT((#3789));
#3605=PRESENTATION_STYLE_ASSIGNMENT((#3790));
#3606=PRESENTATION_STYLE_ASSIGNMENT((#3791));
#3607=PRESENTATION_STYLE_ASSIGNMENT((#3792));
#3608=PRESENTATION_STYLE_ASSIGNMENT((#3793));
#3609=PRESENTATION_STYLE_ASSIGNMENT((#3794));
#3610=PRESENTATION_STYLE_ASSIGNMENT((#3795));
#3611=PRESENTATION_STYLE_ASSIGNMENT((#3796));
#3612=PRESENTATION_STYLE_ASSIGNMENT((#3797));
#3613=PRESENTATION_STYLE_ASSIGNMENT((#3798));
#3614=PRESENTATION_STYLE_ASSIGNMENT((#3799));
#3615=PRESENTATION_STYLE_ASSIGNMENT((#3800));
#3616=PRESENTATION_STYLE_ASSIGNMENT((#3801));
#3617=PRESENTATION_STYLE_ASSIGNMENT((#3802));
#3618=PRESENTATION_STYLE_ASSIGNMENT((#3803));
#3619=PRESENTATION_STYLE_ASSIGNMENT((#3804));
#3620=PRESENTATION_STYLE_ASSIGNMENT((#3805));
#3621=PRESENTATION_STYLE_ASSIGNMENT((#3806));
#3622=PRESENTATION_STYLE_ASSIGNMENT((#3807));
#3623=PRESENTATION_STYLE_ASSIGNMENT((#3808));
#3624=PRESENTATION_STYLE_ASSIGNMENT((#3809));
#3625=PRESENTATION_STYLE_ASSIGNMENT((#3810));
#3626=PRESENTATION_STYLE_ASSIGNMENT((#3811));
#3627=PRESENTATION_STYLE_ASSIGNMENT((#3812));
#3628=PRESENTATION_STYLE_ASSIGNMENT((#3813));
#3629=PRESENTATION_STYLE_ASSIGNMENT((#3814));
#3630=PRESENTATION_STYLE_ASSIGNMENT((#3815));
#3631=PRESENTATION_STYLE_ASSIGNMENT((#3816));
#3632=PRESENTATION_STYLE_ASSIGNMENT((#3817));
#3633=PRESENTATION_STYLE_ASSIGNMENT((#3818));
#3634=PRESENTATION_STYLE_ASSIGNMENT((#3819));
#3635=PRESENTATION_STYLE_ASSIGNMENT((#3820));
#3636=PRESENTATION_STYLE_ASSIGNMENT((#3821));
#3637=PRESENTATION_STYLE_ASSIGNMENT((#3822));
#3638=PRESENTATION_STYLE_ASSIGNMENT((#3823));
#3639=PRESENTATION_STYLE_ASSIGNMENT((#3824));
#3640=PRESENTATION_STYLE_ASSIGNMENT((#3825));
#3641=PRESENTATION_STYLE_ASSIGNMENT((#3826));
#3642=PRESENTATION_STYLE_ASSIGNMENT((#3827));
#3643=PRESENTATION_STYLE_ASSIGNMENT((#3828));
#3644=PRESENTATION_STYLE_ASSIGNMENT((#3829));
#3645=PRESENTATION_STYLE_ASSIGNMENT((#3830));
#3646=PRESENTATION_STYLE_ASSIGNMENT((#3831));
#3647=PRESENTATION_STYLE_ASSIGNMENT((#3832));
#3648=PRESENTATION_STYLE_ASSIGNMENT((#3833));
#3649=PRESENTATION_STYLE_ASSIGNMENT((#3834));
#3650=PRESENTATION_STYLE_ASSIGNMENT((#3835));
#3651=PRESENTATION_STYLE_ASSIGNMENT((#3836));
#3652=PRESENTATION_STYLE_ASSIGNMENT((#3837));
#3653=PRESENTATION_STYLE_ASSIGNMENT((#3838));
#3654=PRESENTATION_STYLE_ASSIGNMENT((#3839));
#3655=PRESENTATION_STYLE_ASSIGNMENT((#3840));
#3656=PRESENTATION_STYLE_ASSIGNMENT((#3841));
#3657=PRESENTATION_STYLE_ASSIGNMENT((#3842));
#3658=PRESENTATION_STYLE_ASSIGNMENT((#3843));
#3659=PRESENTATION_STYLE_ASSIGNMENT((#3844));
#3660=PRESENTATION_STYLE_ASSIGNMENT((#3845));
#3661=PRESENTATION_STYLE_ASSIGNMENT((#3846));
#3662=PRESENTATION_STYLE_ASSIGNMENT((#3847));
#3663=PRESENTATION_STYLE_ASSIGNMENT((#3848));
#3664=PRESENTATION_STYLE_ASSIGNMENT((#3849));
#3665=PRESENTATION_STYLE_ASSIGNMENT((#3850));
#3666=PRESENTATION_STYLE_ASSIGNMENT((#3851));
#3667=PRESENTATION_STYLE_ASSIGNMENT((#3852));
#3668=PRESENTATION_STYLE_ASSIGNMENT((#3853));
#3669=PRESENTATION_STYLE_ASSIGNMENT((#3854));
#3670=PRESENTATION_STYLE_ASSIGNMENT((#3855));
#3671=PRESENTATION_STYLE_ASSIGNMENT((#3856));
#3672=PRESENTATION_STYLE_ASSIGNMENT((#3857));
#3673=PRESENTATION_STYLE_ASSIGNMENT((#3858));
#3674=PRESENTATION_STYLE_ASSIGNMENT((#3859));
#3675=PRESENTATION_STYLE_ASSIGNMENT((#3860));
#3676=PRESENTATION_STYLE_ASSIGNMENT((#3861));
#3677=PRESENTATION_STYLE_ASSIGNMENT((#3862));
#3678=PRESENTATION_STYLE_ASSIGNMENT((#3863));
#3679=PRESENTATION_STYLE_ASSIGNMENT((#3864));
#3680=PRESENTATION_STYLE_ASSIGNMENT((#3865));
#3681=PRESENTATION_STYLE_ASSIGNMENT((#3866));
#3682=PRESENTATION_STYLE_ASSIGNMENT((#3867));
#3683=PRESENTATION_STYLE_ASSIGNMENT((#3868));
#3684=PRESENTATION_STYLE_ASSIGNMENT((#3869));
#3685=PRESENTATION_STYLE_ASSIGNMENT((#3870));
#3686=PRESENTATION_STYLE_ASSIGNMENT((#3871));
#3687=PRESENTATION_STYLE_ASSIGNMENT((#3872));
#3688=PRESENTATION_STYLE_ASSIGNMENT((#3873));
#3689=PRESENTATION_STYLE_ASSIGNMENT((#3874));
#3690=PRESENTATION_STYLE_ASSIGNMENT((#3875));
#3691=PRESENTATION_STYLE_ASSIGNMENT((#3876));
#3692=PRESENTATION_STYLE_ASSIGNMENT((#3877));
#3693=PRESENTATION_STYLE_ASSIGNMENT((#3878));
#3694=PRESENTATION_STYLE_ASSIGNMENT((#3879));
#3695=PRESENTATION_STYLE_ASSIGNMENT((#3880));
#3696=PRESENTATION_STYLE_ASSIGNMENT((#3881));
#3697=PRESENTATION_STYLE_ASSIGNMENT((#3882));
#3698=PRESENTATION_STYLE_ASSIGNMENT((#3883));
#3699=PRESENTATION_STYLE_ASSIGNMENT((#3884));
#3700=PRESENTATION_STYLE_ASSIGNMENT((#3885));
#3701=PRESENTATION_STYLE_ASSIGNMENT((#3886));
#3702=PRESENTATION_STYLE_ASSIGNMENT((#3887));
#3703=PRESENTATION_STYLE_ASSIGNMENT((#3888));
#3704=PRESENTATION_STYLE_ASSIGNMENT((#3889));
#3705=PRESENTATION_STYLE_ASSIGNMENT((#3890));
#3706=PRESENTATION_STYLE_ASSIGNMENT((#3891));
#3707=PRESENTATION_STYLE_ASSIGNMENT((#3892));
#3708=PRESENTATION_STYLE_ASSIGNMENT((#3893));
#3709=PRESENTATION_STYLE_ASSIGNMENT((#3894));
#3710=PRESENTATION_STYLE_ASSIGNMENT((#3895));
#3711=PRESENTATION_STYLE_ASSIGNMENT((#3896));
#3712=PRESENTATION_STYLE_ASSIGNMENT((#3897));
#3713=SURFACE_STYLE_USAGE(.BOTH.,#3898);
#3714=SURFACE_STYLE_USAGE(.BOTH.,#3899);
#3715=SURFACE_STYLE_USAGE(.BOTH.,#3900);
#3716=SURFACE_STYLE_USAGE(.BOTH.,#3901);
#3717=SURFACE_STYLE_USAGE(.BOTH.,#3902);
#3718=SURFACE_STYLE_USAGE(.BOTH.,#3903);
#3719=SURFACE_STYLE_USAGE(.BOTH.,#3904);
#3720=SURFACE_STYLE_USAGE(.BOTH.,#3905);
#3721=SURFACE_STYLE_USAGE(.BOTH.,#3906);
#3722=SURFACE_STYLE_USAGE(.BOTH.,#3907);
#3723=SURFACE_STYLE_USAGE(.BOTH.,#3908);
#3724=SURFACE_STYLE_USAGE(.BOTH.,#3909);
#3725=SURFACE_STYLE_USAGE(.BOTH.,#3910);
#3726=SURFACE_STYLE_USAGE(.BOTH.,#3911);
#3727=SURFACE_STYLE_USAGE(.BOTH.,#3912);
#3728=SURFACE_STYLE_USAGE(.BOTH.,#3913);
#3729=SURFACE_STYLE_USAGE(.BOTH.,#3914);
#3730=SURFACE_STYLE_USAGE(.BOTH.,#3915);
#3731=SURFACE_STYLE_USAGE(.BOTH.,#3916);
#3732=SURFACE_STYLE_USAGE(.BOTH.,#3917);
#3733=SURFACE_STYLE_USAGE(.BOTH.,#3918);
#3734=SURFACE_STYLE_USAGE(.BOTH.,#3919);
#3735=SURFACE_STYLE_USAGE(.BOTH.,#3920);
#3736=SURFACE_STYLE_USAGE(.BOTH.,#3921);
#3737=SURFACE_STYLE_USAGE(.BOTH.,#3922);
#3738=SURFACE_STYLE_USAGE(.BOTH.,#3923);
#3739=SURFACE_STYLE_USAGE(.BOTH.,#3924);
#3740=SURFACE_STYLE_USAGE(.BOTH.,#3925);
#3741=SURFACE_STYLE_USAGE(.BOTH.,#3926);
#3742=SURFACE_STYLE_USAGE(.BOTH.,#3927);
#3743=SURFACE_STYLE_USAGE(.BOTH.,#3928);
#3744=SURFACE_STYLE_USAGE(.BOTH.,#3929);
#3745=SURFACE_STYLE_USAGE(.BOTH.,#3930);
#3746=SURFACE_STYLE_USAGE(.BOTH.,#3931);
#3747=SURFACE_STYLE_USAGE(.BOTH.,#3932);
#3748=SURFACE_STYLE_USAGE(.BOTH.,#3933);
#3749=SURFACE_STYLE_USAGE(.BOTH.,#3934);
#3750=SURFACE_STYLE_USAGE(.BOTH.,#3935);
#3751=SURFACE_STYLE_USAGE(.BOTH.,#3936);
#3752=SURFACE_STYLE_USAGE(.BOTH.,#3937);
#3753=SURFACE_STYLE_USAGE(.BOTH.,#3938);
#3754=SURFACE_STYLE_USAGE(.BOTH.,#3939);
#3755=SURFACE_STYLE_USAGE(.BOTH.,#3940);
#3756=SURFACE_STYLE_USAGE(.BOTH.,#3941);
#3757=SURFACE_STYLE_USAGE(.BOTH.,#3942);
#3758=SURFACE_STYLE_USAGE(.BOTH.,#3943);
#3759=SURFACE_STYLE_USAGE(.BOTH.,#3944);
#3760=SURFACE_STYLE_USAGE(.BOTH.,#3945);
#3761=SURFACE_STYLE_USAGE(.BOTH.,#3946);
#3762=SURFACE_STYLE_USAGE(.BOTH.,#3947);
#3763=SURFACE_STYLE_USAGE(.BOTH.,#3948);
#3764=SURFACE_STYLE_USAGE(.BOTH.,#3949);
#3765=SURFACE_STYLE_USAGE(.BOTH.,#3950);
#3766=SURFACE_STYLE_USAGE(.BOTH.,#3951);
#3767=SURFACE_STYLE_USAGE(.BOTH.,#3952);
#3768=SURFACE_STYLE_USAGE(.BOTH.,#3953);
#3769=SURFACE_STYLE_USAGE(.BOTH.,#3954);
#3770=SURFACE_STYLE_USAGE(.BOTH.,#3955);
#3771=SURFACE_STYLE_USAGE(.BOTH.,#3956);
#3772=SURFACE_STYLE_USAGE(.BOTH.,#3957);
#3773=SURFACE_STYLE_USAGE(.BOTH.,#3958);
#3774=SURFACE_STYLE_USAGE(.BOTH.,#3959);
#3775=SURFACE_STYLE_USAGE(.BOTH.,#3960);
#3776=SURFACE_STYLE_USAGE(.BOTH.,#3961);
#3777=SURFACE_STYLE_USAGE(.BOTH.,#3962);
#3778=SURFACE_STYLE_USAGE(.BOTH.,#3963);
#3779=SURFACE_STYLE_USAGE(.BOTH.,#3964);
#3780=SURFACE_STYLE_USAGE(.BOTH.,#3965);
#3781=SURFACE_STYLE_USAGE(.BOTH.,#3966);
#3782=SURFACE_STYLE_USAGE(.BOTH.,#3967);
#3783=SURFACE_STYLE_USAGE(.BOTH.,#3968);
#3784=SURFACE_STYLE_USAGE(.BOTH.,#3969);
#3785=SURFACE_STYLE_USAGE(.BOTH.,#3970);
#3786=SURFACE_STYLE_USAGE(.BOTH.,#3971);
#3787=SURFACE_STYLE_USAGE(.BOTH.,#3972);
#3788=SURFACE_STYLE_USAGE(.BOTH.,#3973);
#3789=SURFACE_STYLE_USAGE(.BOTH.,#3974);
#3790=SURFACE_STYLE_USAGE(.BOTH.,#3975);
#3791=SURFACE_STYLE_USAGE(.BOTH.,#3976);
#3792=SURFACE_STYLE_USAGE(.BOTH.,#3977);
#3793=SURFACE_STYLE_USAGE(.BOTH.,#3978);
#3794=SURFACE_STYLE_USAGE(.BOTH.,#3979);
#3795=SURFACE_STYLE_USAGE(.BOTH.,#3980);
#3796=SURFACE_STYLE_USAGE(.BOTH.,#3981);
#3797=SURFACE_STYLE_USAGE(.BOTH.,#3982);
#3798=SURFACE_STYLE_USAGE(.BOTH.,#3983);
#3799=SURFACE_STYLE_USAGE(.BOTH.,#3984);
#3800=SURFACE_STYLE_USAGE(.BOTH.,#3985);
#3801=SURFACE_STYLE_USAGE(.BOTH.,#3986);
#3802=SURFACE_STYLE_USAGE(.BOTH.,#3987);
#3803=SURFACE_STYLE_USAGE(.BOTH.,#3988);
#3804=SURFACE_STYLE_USAGE(.BOTH.,#3989);
#3805=SURFACE_STYLE_USAGE(.BOTH.,#3990);
#3806=SURFACE_STYLE_USAGE(.BOTH.,#3991);
#3807=SURFACE_STYLE_USAGE(.BOTH.,#3992);
#3808=SURFACE_STYLE_USAGE(.BOTH.,#3993);
#3809=SURFACE_STYLE_USAGE(.BOTH.,#3994);
#3810=SURFACE_STYLE_USAGE(.BOTH.,#3995);
#3811=SURFACE_STYLE_USAGE(.BOTH.,#3996);
#3812=SURFACE_STYLE_USAGE(.BOTH.,#3997);
#3813=SURFACE_STYLE_USAGE(.BOTH.,#3998);
#3814=SURFACE_STYLE_USAGE(.BOTH.,#3999);
#3815=SURFACE_STYLE_USAGE(.BOTH.,#4000);
#3816=SURFACE_STYLE_USAGE(.BOTH.,#4001);
#3817=SURFACE_STYLE_USAGE(.BOTH.,#4002);
#3818=SURFACE_STYLE_USAGE(.BOTH.,#4003);
#3819=SURFACE_STYLE_USAGE(.BOTH.,#4004);
#3820=SURFACE_STYLE_USAGE(.BOTH.,#4005);
#3821=SURFACE_STYLE_USAGE(.BOTH.,#4006);
#3822=SURFACE_STYLE_USAGE(.BOTH.,#4007);
#3823=SURFACE_STYLE_USAGE(.BOTH.,#4008);
#3824=SURFACE_STYLE_USAGE(.BOTH.,#4009);
#3825=SURFACE_STYLE_USAGE(.BOTH.,#4010);
#3826=SURFACE_STYLE_USAGE(.BOTH.,#4011);
#3827=SURFACE_STYLE_USAGE(.BOTH.,#4012);
#3828=SURFACE_STYLE_USAGE(.BOTH.,#4013);
#3829=SURFACE_STYLE_USAGE(.BOTH.,#4014);
#3830=SURFACE_STYLE_USAGE(.BOTH.,#4015);
#3831=SURFACE_STYLE_USAGE(.BOTH.,#4016);
#3832=SURFACE_STYLE_USAGE(.BOTH.,#4017);
#3833=SURFACE_STYLE_USAGE(.BOTH.,#4018);
#3834=SURFACE_STYLE_USAGE(.BOTH.,#4019);
#3835=SURFACE_STYLE_USAGE(.BOTH.,#4020);
#3836=SURFACE_STYLE_USAGE(.BOTH.,#4021);
#3837=SURFACE_STYLE_USAGE(.BOTH.,#4022);
#3838=SURFACE_STYLE_USAGE(.BOTH.,#4023);
#3839=SURFACE_STYLE_USAGE(.BOTH.,#4024);
#3840=SURFACE_STYLE_USAGE(.BOTH.,#4025);
#3841=SURFACE_STYLE_USAGE(.BOTH.,#4026);
#3842=SURFACE_STYLE_USAGE(.BOTH.,#4027);
#3843=SURFACE_STYLE_USAGE(.BOTH.,#4028);
#3844=SURFACE_STYLE_USAGE(.BOTH.,#4029);
#3845=SURFACE_STYLE_USAGE(.BOTH.,#4030);
#3846=SURFACE_STYLE_USAGE(.BOTH.,#4031);
#3847=SURFACE_STYLE_USAGE(.BOTH.,#4032);
#3848=SURFACE_STYLE_USAGE(.BOTH.,#4033);
#3849=SURFACE_STYLE_USAGE(.BOTH.,#4034);
#3850=SURFACE_STYLE_USAGE(.BOTH.,#4035);
#3851=SURFACE_STYLE_USAGE(.BOTH.,#4036);
#3852=SURFACE_STYLE_USAGE(.BOTH.,#4037);
#3853=SURFACE_STYLE_USAGE(.BOTH.,#4038);
#3854=SURFACE_STYLE_USAGE(.BOTH.,#4039);
#3855=SURFACE_STYLE_USAGE(.BOTH.,#4040);
#3856=SURFACE_STYLE_USAGE(.BOTH.,#4041);
#3857=SURFACE_STYLE_USAGE(.BOTH.,#4042);
#3858=SURFACE_STYLE_USAGE(.BOTH.,#4043);
#3859=SURFACE_STYLE_USAGE(.BOTH.,#4044);
#3860=SURFACE_STYLE_USAGE(.BOTH.,#4045);
#3861=SURFACE_STYLE_USAGE(.BOTH.,#4046);
#3862=SURFACE_STYLE_USAGE(.BOTH.,#4047);
#3863=SURFACE_STYLE_USAGE(.BOTH.,#4048);
#3864=SURFACE_STYLE_USAGE(.BOTH.,#4049);
#3865=SURFACE_STYLE_USAGE(.BOTH.,#4050);
#3866=SURFACE_STYLE_USAGE(.BOTH.,#4051);
#3867=SURFACE_STYLE_USAGE(.BOTH.,#4052);
#3868=SURFACE_STYLE_USAGE(.BOTH.,#4053);
#3869=SURFACE_STYLE_USAGE(.BOTH.,#4054);
#3870=SURFACE_STYLE_USAGE(.BOTH.,#4055);
#3871=SURFACE_STYLE_USAGE(.BOTH.,#4056);
#3872=SURFACE_STYLE_USAGE(.BOTH.,#4057);
#3873=SURFACE_STYLE_USAGE(.BOTH.,#4058);
#3874=SURFACE_STYLE_USAGE(.BOTH.,#4059);
#3875=SURFACE_STYLE_USAGE(.BOTH.,#4060);
#3876=SURFACE_STYLE_USAGE(.BOTH.,#4061);
#3877=SURFACE_STYLE_USAGE(.BOTH.,#4062);
#3878=SURFACE_STYLE_USAGE(.BOTH.,#4063);
#3879=SURFACE_STYLE_USAGE(.BOTH.,#4064);
#3880=SURFACE_STYLE_USAGE(.BOTH.,#4065);
#3881=SURFACE_STYLE_USAGE(.BOTH.,#4066);
#3882=SURFACE_STYLE_USAGE(.BOTH.,#4067);
#3883=SURFACE_STYLE_USAGE(.BOTH.,#4068);
#3884=SURFACE_STYLE_USAGE(.BOTH.,#4069);
#3885=SURFACE_STYLE_USAGE(.BOTH.,#4070);
#3886=SURFACE_STYLE_USAGE(.BOTH.,#4071);
#3887=SURFACE_STYLE_USAGE(.BOTH.,#4072);
#3888=SURFACE_STYLE_USAGE(.BOTH.,#4073);
#3889=SURFACE_STYLE_USAGE(.BOTH.,#4074);
#3890=SURFACE_STYLE_USAGE(.BOTH.,#4075);
#3891=SURFACE_STYLE_USAGE(.BOTH.,#4076);
#3892=SURFACE_STYLE_USAGE(.BOTH.,#4077);
#3893=SURFACE_STYLE_USAGE(.BOTH.,#4078);
#3894=SURFACE_STYLE_USAGE(.BOTH.,#4079);
#3895=SURFACE_STYLE_USAGE(.BOTH.,#4080);
#3896=SURFACE_STYLE_USAGE(.BOTH.,#4081);
#3897=SURFACE_STYLE_USAGE(.BOTH.,#4082);
#3898=SURFACE_SIDE_STYLE('',(#4083));
#3899=SURFACE_SIDE_STYLE('',(#4084));
#3900=SURFACE_SIDE_STYLE('',(#4085));
#3901=SURFACE_SIDE_STYLE('',(#4086));
#3902=SURFACE_SIDE_STYLE('',(#4087));
#3903=SURFACE_SIDE_STYLE('',(#4088));
#3904=SURFACE_SIDE_STYLE('',(#4089));
#3905=SURFACE_SIDE_STYLE('',(#4090));
#3906=SURFACE_SIDE_STYLE('',(#4091));
#3907=SURFACE_SIDE_STYLE('',(#4092));
#3908=SURFACE_SIDE_STYLE('',(#4093));
#3909=SURFACE_SIDE_STYLE('',(#4094));
#3910=SURFACE_SIDE_STYLE('',(#4095));
#3911=SURFACE_SIDE_STYLE('',(#4096));
#3912=SURFACE_SIDE_STYLE('',(#4097));
#3913=SURFACE_SIDE_STYLE('',(#4098));
#3914=SURFACE_SIDE_STYLE('',(#4099));
#3915=SURFACE_SIDE_STYLE('',(#4100));
#3916=SURFACE_SIDE_STYLE('',(#4101));
#3917=SURFACE_SIDE_STYLE('',(#4102));
#3918=SURFACE_SIDE_STYLE('',(#4103));
#3919=SURFACE_SIDE_STYLE('',(#4104));
#3920=SURFACE_SIDE_STYLE('',(#4105));
#3921=SURFACE_SIDE_STYLE('',(#4106));
#3922=SURFACE_SIDE_STYLE('',(#4107));
#3923=SURFACE_SIDE_STYLE('',(#4108));
#3924=SURFACE_SIDE_STYLE('',(#4109));
#3925=SURFACE_SIDE_STYLE('',(#4110));
#3926=SURFACE_SIDE_STYLE('',(#4111));
#3927=SURFACE_SIDE_STYLE('',(#4112));
#3928=SURFACE_SIDE_STYLE('',(#4113));
#3929=SURFACE_SIDE_STYLE('',(#4114));
#3930=SURFACE_SIDE_STYLE('',(#4115));
#3931=SURFACE_SIDE_STYLE('',(#4116));
#3932=SURFACE_SIDE_STYLE('',(#4117));
#3933=SURFACE_SIDE_STYLE('',(#4118));
#3934=SURFACE_SIDE_STYLE('',(#4119));
#3935=SURFACE_SIDE_STYLE('',(#4120));
#3936=SURFACE_SIDE_STYLE('',(#4121));
#3937=SURFACE_SIDE_STYLE('',(#4122));
#3938=SURFACE_SIDE_STYLE('',(#4123));
#3939=SURFACE_SIDE_STYLE('',(#4124));
#3940=SURFACE_SIDE_STYLE('',(#4125));
#3941=SURFACE_SIDE_STYLE('',(#4126));
#3942=SURFACE_SIDE_STYLE('',(#4127));
#3943=SURFACE_SIDE_STYLE('',(#4128));
#3944=SURFACE_SIDE_STYLE('',(#4129));
#3945=SURFACE_SIDE_STYLE('',(#4130));
#3946=SURFACE_SIDE_STYLE('',(#4131));
#3947=SURFACE_SIDE_STYLE('',(#4132));
#3948=SURFACE_SIDE_STYLE('',(#4133));
#3949=SURFACE_SIDE_STYLE('',(#4134));
#3950=SURFACE_SIDE_STYLE('',(#4135));
#3951=SURFACE_SIDE_STYLE('',(#4136));
#3952=SURFACE_SIDE_STYLE('',(#4137));
#3953=SURFACE_SIDE_STYLE('',(#4138));
#3954=SURFACE_SIDE_STYLE('',(#4139));
#3955=SURFACE_SIDE_STYLE('',(#4140));
#3956=SURFACE_SIDE_STYLE('',(#4141));
#3957=SURFACE_SIDE_STYLE('',(#4142));
#3958=SURFACE_SIDE_STYLE('',(#4143));
#3959=SURFACE_SIDE_STYLE('',(#4144));
#3960=SURFACE_SIDE_STYLE('',(#4145));
#3961=SURFACE_SIDE_STYLE('',(#4146));
#3962=SURFACE_SIDE_STYLE('',(#4147));
#3963=SURFACE_SIDE_STYLE('',(#4148));
#3964=SURFACE_SIDE_STYLE('',(#4149));
#3965=SURFACE_SIDE_STYLE('',(#4150));
#3966=SURFACE_SIDE_STYLE('',(#4151));
#3967=SURFACE_SIDE_STYLE('',(#4152));
#3968=SURFACE_SIDE_STYLE('',(#4153));
#3969=SURFACE_SIDE_STYLE('',(#4154));
#3970=SURFACE_SIDE_STYLE('',(#4155));
#3971=SURFACE_SIDE_STYLE('',(#4156));
#3972=SURFACE_SIDE_STYLE('',(#4157));
#3973=SURFACE_SIDE_STYLE('',(#4158));
#3974=SURFACE_SIDE_STYLE('',(#4159));
#3975=SURFACE_SIDE_STYLE('',(#4160));
#3976=SURFACE_SIDE_STYLE('',(#4161));
#3977=SURFACE_SIDE_STYLE('',(#4162));
#3978=SURFACE_SIDE_STYLE('',(#4163));
#3979=SURFACE_SIDE_STYLE('',(#4164));
#3980=SURFACE_SIDE_STYLE('',(#4165));
#3981=SURFACE_SIDE_STYLE('',(#4166));
#3982=SURFACE_SIDE_STYLE('',(#4167));
#3983=SURFACE_SIDE_STYLE('',(#4168));
#3984=SURFACE_SIDE_STYLE('',(#4169));
#3985=SURFACE_SIDE_STYLE('',(#4170));
#3986=SURFACE_SIDE_STYLE('',(#4171));
#3987=SURFACE_SIDE_STYLE('',(#4172));
#3988=SURFACE_SIDE_STYLE('',(#4173));
#3989=SURFACE_SIDE_STYLE('',(#4174));
#3990=SURFACE_SIDE_STYLE('',(#4175));
#3991=SURFACE_SIDE_STYLE('',(#4176));
#3992=SURFACE_SIDE_STYLE('',(#4177));
#3993=SURFACE_SIDE_STYLE('',(#4178));
#3994=SURFACE_SIDE_STYLE('',(#4179));
#3995=SURFACE_SIDE_STYLE('',(#4180));
#3996=SURFACE_SIDE_STYLE('',(#4181));
#3997=SURFACE_SIDE_STYLE('',(#4182));
#3998=SURFACE_SIDE_STYLE('',(#4183));
#3999=SURFACE_SIDE_STYLE('',(#4184));
#4000=SURFACE_SIDE_STYLE('',(#4185));
#4001=SURFACE_SIDE_STYLE('',(#4186));
#4002=SURFACE_SIDE_STYLE('',(#4187));
#4003=SURFACE_SIDE_STYLE('',(#4188));
#4004=SURFACE_SIDE_STYLE('',(#4189));
#4005=SURFACE_SIDE_STYLE('',(#4190));
#4006=SURFACE_SIDE_STYLE('',(#4191));
#4007=SURFACE_SIDE_STYLE('',(#4192));
#4008=SURFACE_SIDE_STYLE('',(#4193));
#4009=SURFACE_SIDE_STYLE('',(#4194));
#4010=SURFACE_SIDE_STYLE('',(#4195));
#4011=SURFACE_SIDE_STYLE('',(#4196));
#4012=SURFACE_SIDE_STYLE('',(#4197));
#4013=SURFACE_SIDE_STYLE('',(#4198));
#4014=SURFACE_SIDE_STYLE('',(#4199));
#4015=SURFACE_SIDE_STYLE('',(#4200));
#4016=SURFACE_SIDE_STYLE('',(#4201));
#4017=SURFACE_SIDE_STYLE('',(#4202));
#4018=SURFACE_SIDE_STYLE('',(#4203));
#4019=SURFACE_SIDE_STYLE('',(#4204));
#4020=SURFACE_SIDE_STYLE('',(#4205));
#4021=SURFACE_SIDE_STYLE('',(#4206));
#4022=SURFACE_SIDE_STYLE('',(#4207));
#4023=SURFACE_SIDE_STYLE('',(#4208));
#4024=SURFACE_SIDE_STYLE('',(#4209));
#4025=SURFACE_SIDE_STYLE('',(#4210));
#4026=SURFACE_SIDE_STYLE('',(#4211));
#4027=SURFACE_SIDE_STYLE('',(#4212));
#4028=SURFACE_SIDE_STYLE('',(#4213));
#4029=SURFACE_SIDE_STYLE('',(#4214));
#4030=SURFACE_SIDE_STYLE('',(#4215));
#4031=SURFACE_SIDE_STYLE('',(#4216));
#4032=SURFACE_SIDE_STYLE('',(#4217));
#4033=SURFACE_SIDE_STYLE('',(#4218));
#4034=SURFACE_SIDE_STYLE('',(#4219));
#4035=SURFACE_SIDE_STYLE('',(#4220));
#4036=SURFACE_SIDE_STYLE('',(#4221));
#4037=SURFACE_SIDE_STYLE('',(#4222));
#4038=SURFACE_SIDE_STYLE('',(#4223));
#4039=SURFACE_SIDE_STYLE('',(#4224));
#4040=SURFACE_SIDE_STYLE('',(#4225));
#4041=SURFACE_SIDE_STYLE('',(#4226));
#4042=SURFACE_SIDE_STYLE('',(#4227));
#4043=SURFACE_SIDE_STYLE('',(#4228));
#4044=SURFACE_SIDE_STYLE('',(#4229));
#4045=SURFACE_SIDE_STYLE('',(#4230));
#4046=SURFACE_SIDE_STYLE('',(#4231));
#4047=SURFACE_SIDE_STYLE('',(#4232));
#4048=SURFACE_SIDE_STYLE('',(#4233));
#4049=SURFACE_SIDE_STYLE('',(#4234));
#4050=SURFACE_SIDE_STYLE('',(#4235));
#4051=SURFACE_SIDE_STYLE('',(#4236));
#4052=SURFACE_SIDE_STYLE('',(#4237));
#4053=SURFACE_SIDE_STYLE('',(#4238));
#4054=SURFACE_SIDE_STYLE('',(#4239));
#4055=SURFACE_SIDE_STYLE('',(#4240));
#4056=SURFACE_SIDE_STYLE('',(#4241));
#4057=SURFACE_SIDE_STYLE('',(#4242));
#4058=SURFACE_SIDE_STYLE('',(#4243));
#4059=SURFACE_SIDE_STYLE('',(#4244));
#4060=SURFACE_SIDE_STYLE('',(#4245));
#4061=SURFACE_SIDE_STYLE('',(#4246));
#4062=SURFACE_SIDE_STYLE('',(#4247));
#4063=SURFACE_SIDE_STYLE('',(#4248));
#4064=SURFACE_SIDE_STYLE('',(#4249));
#4065=SURFACE_SIDE_STYLE('',(#4250));
#4066=SURFACE_SIDE_STYLE('',(#4251));
#4067=SURFACE_SIDE_STYLE('',(#4252));
#4068=SURFACE_SIDE_STYLE('',(#4253));
#4069=SURFACE_SIDE_STYLE('',(#4254));
#4070=SURFACE_SIDE_STYLE('',(#4255));
#4071=SURFACE_SIDE_STYLE('',(#4256));
#4072=SURFACE_SIDE_STYLE('',(#4257));
#4073=SURFACE_SIDE_STYLE('',(#4258));
#4074=SURFACE_SIDE_STYLE('',(#4259));
#4075=SURFACE_SIDE_STYLE('',(#4260));
#4076=SURFACE_SIDE_STYLE('',(#4261));
#4077=SURFACE_SIDE_STYLE('',(#4262));
#4078=SURFACE_SIDE_STYLE('',(#4263));
#4079=SURFACE_SIDE_STYLE('',(#4264));
#4080=SURFACE_SIDE_STYLE('',(#4265));
#4081=SURFACE_SIDE_STYLE('',(#4266));
#4082=SURFACE_SIDE_STYLE('',(#4267));
#4083=SURFACE_STYLE_FILL_AREA(#4268);
#4084=SURFACE_STYLE_FILL_AREA(#4269);
#4085=SURFACE_STYLE_FILL_AREA(#4270);
#4086=SURFACE_STYLE_FILL_AREA(#4271);
#4087=SURFACE_STYLE_FILL_AREA(#4272);
#4088=SURFACE_STYLE_FILL_AREA(#4273);
#4089=SURFACE_STYLE_FILL_AREA(#4274);
#4090=SURFACE_STYLE_FILL_AREA(#4275);
#4091=SURFACE_STYLE_FILL_AREA(#4276);
#4092=SURFACE_STYLE_FILL_AREA(#4277);
#4093=SURFACE_STYLE_FILL_AREA(#4278);
#4094=SURFACE_STYLE_FILL_AREA(#4279);
#4095=SURFACE_STYLE_FILL_AREA(#4280);
#4096=SURFACE_STYLE_FILL_AREA(#4281);
#4097=SURFACE_STYLE_FILL_AREA(#4282);
#4098=SURFACE_STYLE_FILL_AREA(#4283);
#4099=SURFACE_STYLE_FILL_AREA(#4284);
#4100=SURFACE_STYLE_FILL_AREA(#4285);
#4101=SURFACE_STYLE_FILL_AREA(#4286);
#4102=SURFACE_STYLE_FILL_AREA(#4287);
#4103=SURFACE_STYLE_FILL_AREA(#4288);
#4104=SURFACE_STYLE_FILL_AREA(#4289);
#4105=SURFACE_STYLE_FILL_AREA(#4290);
#4106=SURFACE_STYLE_FILL_AREA(#4291);
#4107=SURFACE_STYLE_FILL_AREA(#4292);
#4108=SURFACE_STYLE_FILL_AREA(#4293);
#4109=SURFACE_STYLE_FILL_AREA(#4294);
#4110=SURFACE_STYLE_FILL_AREA(#4295);
#4111=SURFACE_STYLE_FILL_AREA(#4296);
#4112=SURFACE_STYLE_FILL_AREA(#4297);
#4113=SURFACE_STYLE_FILL_AREA(#4298);
#4114=SURFACE_STYLE_FILL_AREA(#4299);
#4115=SURFACE_STYLE_FILL_AREA(#4300);
#4116=SURFACE_STYLE_FILL_AREA(#4301);
#4117=SURFACE_STYLE_FILL_AREA(#4302);
#4118=SURFACE_STYLE_FILL_AREA(#4303);
#4119=SURFACE_STYLE_FILL_AREA(#4304);
#4120=SURFACE_STYLE_FILL_AREA(#4305);
#4121=SURFACE_STYLE_FILL_AREA(#4306);
#4122=SURFACE_STYLE_FILL_AREA(#4307);
#4123=SURFACE_STYLE_FILL_AREA(#4308);
#4124=SURFACE_STYLE_FILL_AREA(#4309);
#4125=SURFACE_STYLE_FILL_AREA(#4310);
#4126=SURFACE_STYLE_FILL_AREA(#4311);
#4127=SURFACE_STYLE_FILL_AREA(#4312);
#4128=SURFACE_STYLE_FILL_AREA(#4313);
#4129=SURFACE_STYLE_FILL_AREA(#4314);
#4130=SURFACE_STYLE_FILL_AREA(#4315);
#4131=SURFACE_STYLE_FILL_AREA(#4316);
#4132=SURFACE_STYLE_FILL_AREA(#4317);
#4133=SURFACE_STYLE_FILL_AREA(#4318);
#4134=SURFACE_STYLE_FILL_AREA(#4319);
#4135=SURFACE_STYLE_FILL_AREA(#4320);
#4136=SURFACE_STYLE_FILL_AREA(#4321);
#4137=SURFACE_STYLE_FILL_AREA(#4322);
#4138=SURFACE_STYLE_FILL_AREA(#4323);
#4139=SURFACE_STYLE_FILL_AREA(#4324);
#4140=SURFACE_STYLE_FILL_AREA(#4325);
#4141=SURFACE_STYLE_FILL_AREA(#4326);
#4142=SURFACE_STYLE_FILL_AREA(#4327);
#4143=SURFACE_STYLE_FILL_AREA(#4328);
#4144=SURFACE_STYLE_FILL_AREA(#4329);
#4145=SURFACE_STYLE_FILL_AREA(#4330);
#4146=SURFACE_STYLE_FILL_AREA(#4331);
#4147=SURFACE_STYLE_FILL_AREA(#4332);
#4148=SURFACE_STYLE_FILL_AREA(#4333);
#4149=SURFACE_STYLE_FILL_AREA(#4334);
#4150=SURFACE_STYLE_FILL_AREA(#4335);
#4151=SURFACE_STYLE_FILL_AREA(#4336);
#4152=SURFACE_STYLE_FILL_AREA(#4337);
#4153=SURFACE_STYLE_FILL_AREA(#4338);
#4154=SURFACE_STYLE_FILL_AREA(#4339);
#4155=SURFACE_STYLE_FILL_AREA(#4340);
#4156=SURFACE_STYLE_FILL_AREA(#4341);
#4157=SURFACE_STYLE_FILL_AREA(#4342);
#4158=SURFACE_STYLE_FILL_AREA(#4343);
#4159=SURFACE_STYLE_FILL_AREA(#4344);
#4160=SURFACE_STYLE_FILL_AREA(#4345);
#4161=SURFACE_STYLE_FILL_AREA(#4346);
#4162=SURFACE_STYLE_FILL_AREA(#4347);
#4163=SURFACE_STYLE_FILL_AREA(#4348);
#4164=SURFACE_STYLE_FILL_AREA(#4349);
#4165=SURFACE_STYLE_FILL_AREA(#4350);
#4166=SURFACE_STYLE_FILL_AREA(#4351);
#4167=SURFACE_STYLE_FILL_AREA(#4352);
#4168=SURFACE_STYLE_FILL_AREA(#4353);
#4169=SURFACE_STYLE_FILL_AREA(#4354);
#4170=SURFACE_STYLE_FILL_AREA(#4355);
#4171=SURFACE_STYLE_FILL_AREA(#4356);
#4172=SURFACE_STYLE_FILL_AREA(#4357);
#4173=SURFACE_STYLE_FILL_AREA(#4358);
#4174=SURFACE_STYLE_FILL_AREA(#4359);
#4175=SURFACE_STYLE_FILL_AREA(#4360);
#4176=SURFACE_STYLE_FILL_AREA(#4361);
#4177=SURFACE_STYLE_FILL_AREA(#4362);
#4178=SURFACE_STYLE_FILL_AREA(#4363);
#4179=SURFACE_STYLE_FILL_AREA(#4364);
#4180=SURFACE_STYLE_FILL_AREA(#4365);
#4181=SURFACE_STYLE_FILL_AREA(#4366);
#4182=SURFACE_STYLE_FILL_AREA(#4367);
#4183=SURFACE_STYLE_FILL_AREA(#4368);
#4184=SURFACE_STYLE_FILL_AREA(#4369);
#4185=SURFACE_STYLE_FILL_AREA(#4370);
#4186=SURFACE_STYLE_FILL_AREA(#4371);
#4187=SURFACE_STYLE_FILL_AREA(#4372);
#4188=SURFACE_STYLE_FILL_AREA(#4373);
#4189=SURFACE_STYLE_FILL_AREA(#4374);
#4190=SURFACE_STYLE_FILL_AREA(#4375);
#4191=SURFACE_STYLE_FILL_AREA(#4376);
#4192=SURFACE_STYLE_FILL_AREA(#4377);
#4193=SURFACE_STYLE_FILL_AREA(#4378);
#4194=SURFACE_STYLE_FILL_AREA(#4379);
#4195=SURFACE_STYLE_FILL_AREA(#4380);
#4196=SURFACE_STYLE_FILL_AREA(#4381);
#4197=SURFACE_STYLE_FILL_AREA(#4382);
#4198=SURFACE_STYLE_FILL_AREA(#4383);
#4199=SURFACE_STYLE_FILL_AREA(#4384);
#4200=SURFACE_STYLE_FILL_AREA(#4385);
#4201=SURFACE_STYLE_FILL_AREA(#4386);
#4202=SURFACE_STYLE_FILL_AREA(#4387);
#4203=SURFACE_STYLE_FILL_AREA(#4388);
#4204=SURFACE_STYLE_FILL_AREA(#4389);
#4205=SURFACE_STYLE_FILL_AREA(#4390);
#4206=SURFACE_STYLE_FILL_AREA(#4391);
#4207=SURFACE_STYLE_FILL_AREA(#4392);
#4208=SURFACE_STYLE_FILL_AREA(#4393);
#4209=SURFACE_STYLE_FILL_AREA(#4394);
#4210=SURFACE_STYLE_FILL_AREA(#4395);
#4211=SURFACE_STYLE_FILL_AREA(#4396);
#4212=SURFACE_STYLE_FILL_AREA(#4397);
#4213=SURFACE_STYLE_FILL_AREA(#4398);
#4214=SURFACE_STYLE_FILL_AREA(#4399);
#4215=SURFACE_STYLE_FILL_AREA(#4400);
#4216=SURFACE_STYLE_FILL_AREA(#4401);
#4217=SURFACE_STYLE_FILL_AREA(#4402);
#4218=SURFACE_STYLE_FILL_AREA(#4403);
#4219=SURFACE_STYLE_FILL_AREA(#4404);
#4220=SURFACE_STYLE_FILL_AREA(#4405);
#4221=SURFACE_STYLE_FILL_AREA(#4406);
#4222=SURFACE_STYLE_FILL_AREA(#4407);
#4223=SURFACE_STYLE_FILL_AREA(#4408);
#4224=SURFACE_STYLE_FILL_AREA(#4409);
#4225=SURFACE_STYLE_FILL_AREA(#4410);
#4226=SURFACE_STYLE_FILL_AREA(#4411);
#4227=SURFACE_STYLE_FILL_AREA(#4412);
#4228=SURFACE_STYLE_FILL_AREA(#4413);
#4229=SURFACE_STYLE_FILL_AREA(#4414);
#4230=SURFACE_STYLE_FILL_AREA(#4415);
#4231=SURFACE_STYLE_FILL_AREA(#4416);
#4232=SURFACE_STYLE_FILL_AREA(#4417);
#4233=SURFACE_STYLE_FILL_AREA(#4418);
#4234=SURFACE_STYLE_FILL_AREA(#4419);
#4235=SURFACE_STYLE_FILL_AREA(#4420);
#4236=SURFACE_STYLE_FILL_AREA(#4421);
#4237=SURFACE_STYLE_FILL_AREA(#4422);
#4238=SURFACE_STYLE_FILL_AREA(#4423);
#4239=SURFACE_STYLE_FILL_AREA(#4424);
#4240=SURFACE_STYLE_FILL_AREA(#4425);
#4241=SURFACE_STYLE_FILL_AREA(#4426);
#4242=SURFACE_STYLE_FILL_AREA(#4427);
#4243=SURFACE_STYLE_FILL_AREA(#4428);
#4244=SURFACE_STYLE_FILL_AREA(#4429);
#4245=SURFACE_STYLE_FILL_AREA(#4430);
#4246=SURFACE_STYLE_FILL_AREA(#4431);
#4247=SURFACE_STYLE_FILL_AREA(#4432);
#4248=SURFACE_STYLE_FILL_AREA(#4433);
#4249=SURFACE_STYLE_FILL_AREA(#4434);
#4250=SURFACE_STYLE_FILL_AREA(#4435);
#4251=SURFACE_STYLE_FILL_AREA(#4436);
#4252=SURFACE_STYLE_FILL_AREA(#4437);
#4253=SURFACE_STYLE_FILL_AREA(#4438);
#4254=SURFACE_STYLE_FILL_AREA(#4439);
#4255=SURFACE_STYLE_FILL_AREA(#4440);
#4256=SURFACE_STYLE_FILL_AREA(#4441);
#4257=SURFACE_STYLE_FILL_AREA(#4442);
#4258=SURFACE_STYLE_FILL_AREA(#4443);
#4259=SURFACE_STYLE_FILL_AREA(#4444);
#4260=SURFACE_STYLE_FILL_AREA(#4445);
#4261=SURFACE_STYLE_FILL_AREA(#4446);
#4262=SURFACE_STYLE_FILL_AREA(#4447);
#4263=SURFACE_STYLE_FILL_AREA(#4448);
#4264=SURFACE_STYLE_FILL_AREA(#4449);
#4265=SURFACE_STYLE_FILL_AREA(#4450);
#4266=SURFACE_STYLE_FILL_AREA(#4451);
#4267=SURFACE_STYLE_FILL_AREA(#4452);
#4268=FILL_AREA_STYLE('',(#4453));
#4269=FILL_AREA_STYLE('',(#4454));
#4270=FILL_AREA_STYLE('',(#4455));
#4271=FILL_AREA_STYLE('',(#4456));
#4272=FILL_AREA_STYLE('',(#4457));
#4273=FILL_AREA_STYLE('',(#4458));
#4274=FILL_AREA_STYLE('',(#4459));
#4275=FILL_AREA_STYLE('',(#4460));
#4276=FILL_AREA_STYLE('',(#4461));
#4277=FILL_AREA_STYLE('',(#4462));
#4278=FILL_AREA_STYLE('',(#4463));
#4279=FILL_AREA_STYLE('',(#4464));
#4280=FILL_AREA_STYLE('',(#4465));
#4281=FILL_AREA_STYLE('',(#4466));
#4282=FILL_AREA_STYLE('',(#4467));
#4283=FILL_AREA_STYLE('',(#4468));
#4284=FILL_AREA_STYLE('',(#4469));
#4285=FILL_AREA_STYLE('',(#4470));
#4286=FILL_AREA_STYLE('',(#4471));
#4287=FILL_AREA_STYLE('',(#4472));
#4288=FILL_AREA_STYLE('',(#4473));
#4289=FILL_AREA_STYLE('',(#4474));
#4290=FILL_AREA_STYLE('',(#4475));
#4291=FILL_AREA_STYLE('',(#4476));
#4292=FILL_AREA_STYLE('',(#4477));
#4293=FILL_AREA_STYLE('',(#4478));
#4294=FILL_AREA_STYLE('',(#4479));
#4295=FILL_AREA_STYLE('',(#4480));
#4296=FILL_AREA_STYLE('',(#4481));
#4297=FILL_AREA_STYLE('',(#4482));
#4298=FILL_AREA_STYLE('',(#4483));
#4299=FILL_AREA_STYLE('',(#4484));
#4300=FILL_AREA_STYLE('',(#4485));
#4301=FILL_AREA_STYLE('',(#4486));
#4302=FILL_AREA_STYLE('',(#4487));
#4303=FILL_AREA_STYLE('',(#4488));
#4304=FILL_AREA_STYLE('',(#4489));
#4305=FILL_AREA_STYLE('',(#4490));
#4306=FILL_AREA_STYLE('',(#4491));
#4307=FILL_AREA_STYLE('',(#4492));
#4308=FILL_AREA_STYLE('',(#4493));
#4309=FILL_AREA_STYLE('',(#4494));
#4310=FILL_AREA_STYLE('',(#4495));
#4311=FILL_AREA_STYLE('',(#4496));
#4312=FILL_AREA_STYLE('',(#4497));
#4313=FILL_AREA_STYLE('',(#4498));
#4314=FILL_AREA_STYLE('',(#4499));
#4315=FILL_AREA_STYLE('',(#4500));
#4316=FILL_AREA_STYLE('',(#4501));
#4317=FILL_AREA_STYLE('',(#4502));
#4318=FILL_AREA_STYLE('',(#4503));
#4319=FILL_AREA_STYLE('',(#4504));
#4320=FILL_AREA_STYLE('',(#4505));
#4321=FILL_AREA_STYLE('',(#4506));
#4322=FILL_AREA_STYLE('',(#4507));
#4323=FILL_AREA_STYLE('',(#4508));
#4324=FILL_AREA_STYLE('',(#4509));
#4325=FILL_AREA_STYLE('',(#4510));
#4326=FILL_AREA_STYLE('',(#4511));
#4327=FILL_AREA_STYLE('',(#4512));
#4328=FILL_AREA_STYLE('',(#4513));
#4329=FILL_AREA_STYLE('',(#4514));
#4330=FILL_AREA_STYLE('',(#4515));
#4331=FILL_AREA_STYLE('',(#4516));
#4332=FILL_AREA_STYLE('',(#4517));
#4333=FILL_AREA_STYLE('',(#4518));
#4334=FILL_AREA_STYLE('',(#4519));
#4335=FILL_AREA_STYLE('',(#4520));
#4336=FILL_AREA_STYLE('',(#4521));
#4337=FILL_AREA_STYLE('',(#4522));
#4338=FILL_AREA_STYLE('',(#4523));
#4339=FILL_AREA_STYLE('',(#4524));
#4340=FILL_AREA_STYLE('',(#4525));
#4341=FILL_AREA_STYLE('',(#4526));
#4342=FILL_AREA_STYLE('',(#4527));
#4343=FILL_AREA_STYLE('',(#4528));
#4344=FILL_AREA_STYLE('',(#4529));
#4345=FILL_AREA_STYLE('',(#4530));
#4346=FILL_AREA_STYLE('',(#4531));
#4347=FILL_AREA_STYLE('',(#4532));
#4348=FILL_AREA_STYLE('',(#4533));
#4349=FILL_AREA_STYLE('',(#4534));
#4350=FILL_AREA_STYLE('',(#4535));
#4351=FILL_AREA_STYLE('',(#4536));
#4352=FILL_AREA_STYLE('',(#4537));
#4353=FILL_AREA_STYLE('',(#4538));
#4354=FILL_AREA_STYLE('',(#4539));
#4355=FILL_AREA_STYLE('',(#4540));
#4356=FILL_AREA_STYLE('',(#4541));
#4357=FILL_AREA_STYLE('',(#4542));
#4358=FILL_AREA_STYLE('',(#4543));
#4359=FILL_AREA_STYLE('',(#4544));
#4360=FILL_AREA_STYLE('',(#4545));
#4361=FILL_AREA_STYLE('',(#4546));
#4362=FILL_AREA_STYLE('',(#4547));
#4363=FILL_AREA_STYLE('',(#4548));
#4364=FILL_AREA_STYLE('',(#4549));
#4365=FILL_AREA_STYLE('',(#4550));
#4366=FILL_AREA_STYLE('',(#4551));
#4367=FILL_AREA_STYLE('',(#4552));
#4368=FILL_AREA_STYLE('',(#4553));
#4369=FILL_AREA_STYLE('',(#4554));
#4370=FILL_AREA_STYLE('',(#4555));
#4371=FILL_AREA_STYLE('',(#4556));
#4372=FILL_AREA_STYLE('',(#4557));
#4373=FILL_AREA_STYLE('',(#4558));
#4374=FILL_AREA_STYLE('',(#4559));
#4375=FILL_AREA_STYLE('',(#4560));
#4376=FILL_AREA_STYLE('',(#4561));
#4377=FILL_AREA_STYLE('',(#4562));
#4378=FILL_AREA_STYLE('',(#4563));
#4379=FILL_AREA_STYLE('',(#4564));
#4380=FILL_AREA_STYLE('',(#4565));
#4381=FILL_AREA_STYLE('',(#4566));
#4382=FILL_AREA_STYLE('',(#4567));
#4383=FILL_AREA_STYLE('',(#4568));
#4384=FILL_AREA_STYLE('',(#4569));
#4385=FILL_AREA_STYLE('',(#4570));
#4386=FILL_AREA_STYLE('',(#4571));
#4387=FILL_AREA_STYLE('',(#4572));
#4388=FILL_AREA_STYLE('',(#4573));
#4389=FILL_AREA_STYLE('',(#4574));
#4390=FILL_AREA_STYLE('',(#4575));
#4391=FILL_AREA_STYLE('',(#4576));
#4392=FILL_AREA_STYLE('',(#4577));
#4393=FILL_AREA_STYLE('',(#4578));
#4394=FILL_AREA_STYLE('',(#4579));
#4395=FILL_AREA_STYLE('',(#4580));
#4396=FILL_AREA_STYLE('',(#4581));
#4397=FILL_AREA_STYLE('',(#4582));
#4398=FILL_AREA_STYLE('',(#4583));
#4399=FILL_AREA_STYLE('',(#4584));
#4400=FILL_AREA_STYLE('',(#4585));
#4401=FILL_AREA_STYLE('',(#4586));
#4402=FILL_AREA_STYLE('',(#4587));
#4403=FILL_AREA_STYLE('',(#4588));
#4404=FILL_AREA_STYLE('',(#4589));
#4405=FILL_AREA_STYLE('',(#4590));
#4406=FILL_AREA_STYLE('',(#4591));
#4407=FILL_AREA_STYLE('',(#4592));
#4408=FILL_AREA_STYLE('',(#4593));
#4409=FILL_AREA_STYLE('',(#4594));
#4410=FILL_AREA_STYLE('',(#4595));
#4411=FILL_AREA_STYLE('',(#4596));
#4412=FILL_AREA_STYLE('',(#4597));
#4413=FILL_AREA_STYLE('',(#4598));
#4414=FILL_AREA_STYLE('',(#4599));
#4415=FILL_AREA_STYLE('',(#4600));
#4416=FILL_AREA_STYLE('',(#4601));
#4417=FILL_AREA_STYLE('',(#4602));
#4418=FILL_AREA_STYLE('',(#4603));
#4419=FILL_AREA_STYLE('',(#4604));
#4420=FILL_AREA_STYLE('',(#4605));
#4421=FILL_AREA_STYLE('',(#4606));
#4422=FILL_AREA_STYLE('',(#4607));
#4423=FILL_AREA_STYLE('',(#4608));
#4424=FILL_AREA_STYLE('',(#4609));
#4425=FILL_AREA_STYLE('',(#4610));
#4426=FILL_AREA_STYLE('',(#4611));
#4427=FILL_AREA_STYLE('',(#4612));
#4428=FILL_AREA_STYLE('',(#4613));
#4429=FILL_AREA_STYLE('',(#4614));
#4430=FILL_AREA_STYLE('',(#4615));
#4431=FILL_AREA_STYLE('',(#4616));
#4432=FILL_AREA_STYLE('',(#4617));
#4433=FILL_AREA_STYLE('',(#4618));
#4434=FILL_AREA_STYLE('',(#4619));
#4435=FILL_AREA_STYLE('',(#4620));
#4436=FILL_AREA_STYLE('',(#4621));
#4437=FILL_AREA_STYLE('',(#4622));
#4438=FILL_AREA_STYLE('',(#4623));
#4439=FILL_AREA_STYLE('',(#4624));
#4440=FILL_AREA_STYLE('',(#4625));
#4441=FILL_AREA_STYLE('',(#4626));
#4442=FILL_AREA_STYLE('',(#4627));
#4443=FILL_AREA_STYLE('',(#4628));
#4444=FILL_AREA_STYLE('',(#4629));
#4445=FILL_AREA_STYLE('',(#4630));
#4446=FILL_AREA_STYLE('',(#4631));
#4447=FILL_AREA_STYLE('',(#4632));
#4448=FILL_AREA_STYLE('',(#4633));
#4449=FILL_AREA_STYLE('',(#4634));
#4450=FILL_AREA_STYLE('',(#4635));
#4451=FILL_AREA_STYLE('',(#4636));
#4452=FILL_AREA_STYLE('',(#4637));
#4453=FILL_AREA_STYLE_COLOUR('',#4638);
#4454=FILL_AREA_STYLE_COLOUR('',#4639);
#4455=FILL_AREA_STYLE_COLOUR('',#4639);
#4456=FILL_AREA_STYLE_COLOUR('',#4639);
#4457=FILL_AREA_STYLE_COLOUR('',#4639);
#4458=FILL_AREA_STYLE_COLOUR('',#4639);
#4459=FILL_AREA_STYLE_COLOUR('',#4639);
#4460=FILL_AREA_STYLE_COLOUR('',#4638);
#4461=FILL_AREA_STYLE_COLOUR('',#4638);
#4462=FILL_AREA_STYLE_COLOUR('',#4638);
#4463=FILL_AREA_STYLE_COLOUR('',#4638);
#4464=FILL_AREA_STYLE_COLOUR('',#4638);
#4465=FILL_AREA_STYLE_COLOUR('',#4638);
#4466=FILL_AREA_STYLE_COLOUR('',#4638);
#4467=FILL_AREA_STYLE_COLOUR('',#4638);
#4468=FILL_AREA_STYLE_COLOUR('',#4638);
#4469=FILL_AREA_STYLE_COLOUR('',#4638);
#4470=FILL_AREA_STYLE_COLOUR('',#4638);
#4471=FILL_AREA_STYLE_COLOUR('',#4638);
#4472=FILL_AREA_STYLE_COLOUR('',#4638);
#4473=FILL_AREA_STYLE_COLOUR('',#4638);
#4474=FILL_AREA_STYLE_COLOUR('',#4638);
#4475=FILL_AREA_STYLE_COLOUR('',#4638);
#4476=FILL_AREA_STYLE_COLOUR('',#4638);
#4477=FILL_AREA_STYLE_COLOUR('',#4638);
#4478=FILL_AREA_STYLE_COLOUR('',#4638);
#4479=FILL_AREA_STYLE_COLOUR('',#4638);
#4480=FILL_AREA_STYLE_COLOUR('',#4638);
#4481=FILL_AREA_STYLE_COLOUR('',#4638);
#4482=FILL_AREA_STYLE_COLOUR('',#4638);
#4483=FILL_AREA_STYLE_COLOUR('',#4638);
#4484=FILL_AREA_STYLE_COLOUR('',#4638);
#4485=FILL_AREA_STYLE_COLOUR('',#4638);
#4486=FILL_AREA_STYLE_COLOUR('',#4638);
#4487=FILL_AREA_STYLE_COLOUR('',#4638);
#4488=FILL_AREA_STYLE_COLOUR('',#4638);
#4489=FILL_AREA_STYLE_COLOUR('',#4638);
#4490=FILL_AREA_STYLE_COLOUR('',#4638);
#4491=FILL_AREA_STYLE_COLOUR('',#4638);
#4492=FILL_AREA_STYLE_COLOUR('',#4638);
#4493=FILL_AREA_STYLE_COLOUR('',#4638);
#4494=FILL_AREA_STYLE_COLOUR('',#4638);
#4495=FILL_AREA_STYLE_COLOUR('',#4638);
#4496=FILL_AREA_STYLE_COLOUR('',#4638);
#4497=FILL_AREA_STYLE_COLOUR('',#4638);
#4498=FILL_AREA_STYLE_COLOUR('',#4638);
#4499=FILL_AREA_STYLE_COLOUR('',#4638);
#4500=FILL_AREA_STYLE_COLOUR('',#4638);
#4501=FILL_AREA_STYLE_COLOUR('',#4638);
#4502=FILL_AREA_STYLE_COLOUR('',#4638);
#4503=FILL_AREA_STYLE_COLOUR('',#4638);
#4504=FILL_AREA_STYLE_COLOUR('',#4638);
#4505=FILL_AREA_STYLE_COLOUR('',#4638);
#4506=FILL_AREA_STYLE_COLOUR('',#4638);
#4507=FILL_AREA_STYLE_COLOUR('',#4638);
#4508=FILL_AREA_STYLE_COLOUR('',#4638);
#4509=FILL_AREA_STYLE_COLOUR('',#4638);
#4510=FILL_AREA_STYLE_COLOUR('',#4638);
#4511=FILL_AREA_STYLE_COLOUR('',#4638);
#4512=FILL_AREA_STYLE_COLOUR('',#4638);
#4513=FILL_AREA_STYLE_COLOUR('',#4638);
#4514=FILL_AREA_STYLE_COLOUR('',#4638);
#4515=FILL_AREA_STYLE_COLOUR('',#4638);
#4516=FILL_AREA_STYLE_COLOUR('',#4638);
#4517=FILL_AREA_STYLE_COLOUR('',#4638);
#4518=FILL_AREA_STYLE_COLOUR('',#4638);
#4519=FILL_AREA_STYLE_COLOUR('',#4638);
#4520=FILL_AREA_STYLE_COLOUR('',#4638);
#4521=FILL_AREA_STYLE_COLOUR('',#4638);
#4522=FILL_AREA_STYLE_COLOUR('',#4638);
#4523=FILL_AREA_STYLE_COLOUR('',#4638);
#4524=FILL_AREA_STYLE_COLOUR('',#4638);
#4525=FILL_AREA_STYLE_COLOUR('',#4638);
#4526=FILL_AREA_STYLE_COLOUR('',#4638);
#4527=FILL_AREA_STYLE_COLOUR('',#4638);
#4528=FILL_AREA_STYLE_COLOUR('',#4638);
#4529=FILL_AREA_STYLE_COLOUR('',#4638);
#4530=FILL_AREA_STYLE_COLOUR('',#4638);
#4531=FILL_AREA_STYLE_COLOUR('',#4638);
#4532=FILL_AREA_STYLE_COLOUR('',#4638);
#4533=FILL_AREA_STYLE_COLOUR('',#4638);
#4534=FILL_AREA_STYLE_COLOUR('',#4638);
#4535=FILL_AREA_STYLE_COLOUR('',#4638);
#4536=FILL_AREA_STYLE_COLOUR('',#4638);
#4537=FILL_AREA_STYLE_COLOUR('',#4638);
#4538=FILL_AREA_STYLE_COLOUR('',#4638);
#4539=FILL_AREA_STYLE_COLOUR('',#4638);
#4540=FILL_AREA_STYLE_COLOUR('',#4638);
#4541=FILL_AREA_STYLE_COLOUR('',#4638);
#4542=FILL_AREA_STYLE_COLOUR('',#4638);
#4543=FILL_AREA_STYLE_COLOUR('',#4638);
#4544=FILL_AREA_STYLE_COLOUR('',#4638);
#4545=FILL_AREA_STYLE_COLOUR('',#4638);
#4546=FILL_AREA_STYLE_COLOUR('',#4638);
#4547=FILL_AREA_STYLE_COLOUR('',#4638);
#4548=FILL_AREA_STYLE_COLOUR('',#4638);
#4549=FILL_AREA_STYLE_COLOUR('',#4638);
#4550=FILL_AREA_STYLE_COLOUR('',#4638);
#4551=FILL_AREA_STYLE_COLOUR('',#4638);
#4552=FILL_AREA_STYLE_COLOUR('',#4638);
#4553=FILL_AREA_STYLE_COLOUR('',#4638);
#4554=FILL_AREA_STYLE_COLOUR('',#4638);
#4555=FILL_AREA_STYLE_COLOUR('',#4638);
#4556=FILL_AREA_STYLE_COLOUR('',#4638);
#4557=FILL_AREA_STYLE_COLOUR('',#4638);
#4558=FILL_AREA_STYLE_COLOUR('',#4638);
#4559=FILL_AREA_STYLE_COLOUR('',#4638);
#4560=FILL_AREA_STYLE_COLOUR('',#4638);
#4561=FILL_AREA_STYLE_COLOUR('',#4638);
#4562=FILL_AREA_STYLE_COLOUR('',#4638);
#4563=FILL_AREA_STYLE_COLOUR('',#4638);
#4564=FILL_AREA_STYLE_COLOUR('',#4638);
#4565=FILL_AREA_STYLE_COLOUR('',#4638);
#4566=FILL_AREA_STYLE_COLOUR('',#4638);
#4567=FILL_AREA_STYLE_COLOUR('',#4638);
#4568=FILL_AREA_STYLE_COLOUR('',#4638);
#4569=FILL_AREA_STYLE_COLOUR('',#4638);
#4570=FILL_AREA_STYLE_COLOUR('',#4638);
#4571=FILL_AREA_STYLE_COLOUR('',#4638);
#4572=FILL_AREA_STYLE_COLOUR('',#4638);
#4573=FILL_AREA_STYLE_COLOUR('',#4638);
#4574=FILL_AREA_STYLE_COLOUR('',#4638);
#4575=FILL_AREA_STYLE_COLOUR('',#4638);
#4576=FILL_AREA_STYLE_COLOUR('',#4638);
#4577=FILL_AREA_STYLE_COLOUR('',#4638);
#4578=FILL_AREA_STYLE_COLOUR('',#4638);
#4579=FILL_AREA_STYLE_COLOUR('',#4638);
#4580=FILL_AREA_STYLE_COLOUR('',#4638);
#4581=FILL_AREA_STYLE_COLOUR('',#4638);
#4582=FILL_AREA_STYLE_COLOUR('',#4638);
#4583=FILL_AREA_STYLE_COLOUR('',#4638);
#4584=FILL_AREA_STYLE_COLOUR('',#4638);
#4585=FILL_AREA_STYLE_COLOUR('',#4638);
#4586=FILL_AREA_STYLE_COLOUR('',#4638);
#4587=FILL_AREA_STYLE_COLOUR('',#4638);
#4588=FILL_AREA_STYLE_COLOUR('',#4638);
#4589=FILL_AREA_STYLE_COLOUR('',#4638);
#4590=FILL_AREA_STYLE_COLOUR('',#4638);
#4591=FILL_AREA_STYLE_COLOUR('',#4638);
#4592=FILL_AREA_STYLE_COLOUR('',#4638);
#4593=FILL_AREA_STYLE_COLOUR('',#4638);
#4594=FILL_AREA_STYLE_COLOUR('',#4638);
#4595=FILL_AREA_STYLE_COLOUR('',#4638);
#4596=FILL_AREA_STYLE_COLOUR('',#4638);
#4597=FILL_AREA_STYLE_COLOUR('',#4638);
#4598=FILL_AREA_STYLE_COLOUR('',#4640);
#4599=FILL_AREA_STYLE_COLOUR('',#4640);
#4600=FILL_AREA_STYLE_COLOUR('',#4640);
#4601=FILL_AREA_STYLE_COLOUR('',#4640);
#4602=FILL_AREA_STYLE_COLOUR('',#4640);
#4603=FILL_AREA_STYLE_COLOUR('',#4640);
#4604=FILL_AREA_STYLE_COLOUR('',#4640);
#4605=FILL_AREA_STYLE_COLOUR('',#4640);
#4606=FILL_AREA_STYLE_COLOUR('',#4640);
#4607=FILL_AREA_STYLE_COLOUR('',#4640);
#4608=FILL_AREA_STYLE_COLOUR('',#4639);
#4609=FILL_AREA_STYLE_COLOUR('',#4639);
#4610=FILL_AREA_STYLE_COLOUR('',#4639);
#4611=FILL_AREA_STYLE_COLOUR('',#4639);
#4612=FILL_AREA_STYLE_COLOUR('',#4639);
#4613=FILL_AREA_STYLE_COLOUR('',#4639);
#4614=FILL_AREA_STYLE_COLOUR('',#4639);
#4615=FILL_AREA_STYLE_COLOUR('',#4639);
#4616=FILL_AREA_STYLE_COLOUR('',#4639);
#4617=FILL_AREA_STYLE_COLOUR('',#4639);
#4618=FILL_AREA_STYLE_COLOUR('',#4639);
#4619=FILL_AREA_STYLE_COLOUR('',#4639);
#4620=FILL_AREA_STYLE_COLOUR('',#4639);
#4621=FILL_AREA_STYLE_COLOUR('',#4639);
#4622=FILL_AREA_STYLE_COLOUR('',#4638);
#4623=FILL_AREA_STYLE_COLOUR('',#4638);
#4624=FILL_AREA_STYLE_COLOUR('',#4638);
#4625=FILL_AREA_STYLE_COLOUR('',#4638);
#4626=FILL_AREA_STYLE_COLOUR('',#4638);
#4627=FILL_AREA_STYLE_COLOUR('',#4638);
#4628=FILL_AREA_STYLE_COLOUR('',#4638);
#4629=FILL_AREA_STYLE_COLOUR('',#4638);
#4630=FILL_AREA_STYLE_COLOUR('',#4638);
#4631=FILL_AREA_STYLE_COLOUR('',#4638);
#4632=FILL_AREA_STYLE_COLOUR('',#4638);
#4633=FILL_AREA_STYLE_COLOUR('',#4638);
#4634=FILL_AREA_STYLE_COLOUR('',#4638);
#4635=FILL_AREA_STYLE_COLOUR('',#4638);
#4636=FILL_AREA_STYLE_COLOUR('',#4638);
#4637=FILL_AREA_STYLE_COLOUR('',#4638);
#4638=COLOUR_RGB('',0.560000002384186,0.569999992847443,0.569999992847443);
#4639=COLOUR_RGB('',0.88999998569489,0.43000000715256,0.070000000298023);
#4640=COLOUR_RGB('',0.77999997138977,0.77999997138977,0.77999997138977);
#4641=ADVANCED_FACE('',(#3036,#3037,#3038,#3039),#3228,.T.);
#4642=ADVANCED_FACE('',(#3040),#3229,.F.);
#4643=ADVANCED_FACE('',(#3041),#22,.T.);
#4644=ADVANCED_FACE('',(#3042),#23,.T.);
#4645=ADVANCED_FACE('',(#3043),#3230,.F.);
#4646=ADVANCED_FACE('',(#3044),#3231,.T.);
#4647=ADVANCED_FACE('',(#3045),#3232,.F.);
#4648=ADVANCED_FACE('',(#3046),#3233,.T.);
#4649=ADVANCED_FACE('',(#3047),#3234,.F.);
#4650=ADVANCED_FACE('',(#3048),#3235,.F.);
#4651=ADVANCED_FACE('',(#3049),#3236,.F.);
#4652=ADVANCED_FACE('',(#3050),#3237,.F.);
#4653=ADVANCED_FACE('',(#3051),#3238,.F.);
#4654=ADVANCED_FACE('',(#3052),#3239,.F.);
#4655=ADVANCED_FACE('',(#3053),#3240,.F.);
#4656=ADVANCED_FACE('',(#3054),#3241,.F.);
#4657=ADVANCED_FACE('',(#3055),#3242,.F.);
#4658=ADVANCED_FACE('',(#3056),#3243,.T.);
#4659=ADVANCED_FACE('',(#3057),#3244,.F.);
#4660=ADVANCED_FACE('',(#3058),#3245,.F.);
#4661=ADVANCED_FACE('',(#3059),#24,.T.);
#4662=ADVANCED_FACE('',(#3060),#3246,.F.);
#4663=ADVANCED_FACE('',(#3061),#25,.T.);
#4664=ADVANCED_FACE('',(#3062),#26,.T.);
#4665=ADVANCED_FACE('',(#3063),#3247,.F.);
#4666=ADVANCED_FACE('',(#3064),#27,.T.);
#4667=ADVANCED_FACE('',(#3065),#28,.T.);
#4668=ADVANCED_FACE('',(#3066),#29,.F.);
#4669=ADVANCED_FACE('',(#3067,#3068),#3248,.T.);
#4670=ADVANCED_FACE('',(#3069),#30,.F.);
#4671=ADVANCED_FACE('',(#3070),#31,.T.);
#4672=ADVANCED_FACE('',(#3071),#3249,.T.);
#4673=ADVANCED_FACE('',(#3072),#32,.T.);
#4674=ADVANCED_FACE('',(#3073),#33,.F.);
#4675=ADVANCED_FACE('',(#3074,#3075),#3250,.T.);
#4676=ADVANCED_FACE('',(#3076),#34,.F.);
#4677=ADVANCED_FACE('',(#3077),#35,.T.);
#4678=ADVANCED_FACE('',(#3078),#3251,.F.);
#4679=ADVANCED_FACE('',(#3079),#3252,.F.);
#4680=ADVANCED_FACE('',(#3080),#3253,.T.);
#4681=ADVANCED_FACE('',(#3081),#36,.F.);
#4682=ADVANCED_FACE('',(#3082),#3254,.T.);
#4683=ADVANCED_FACE('',(#3083),#37,.F.);
#4684=ADVANCED_FACE('',(#3084),#38,.T.);
#4685=ADVANCED_FACE('',(#3085),#3255,.F.);
#4686=ADVANCED_FACE('',(#3086),#39,.T.);
#4687=ADVANCED_FACE('',(#3087),#3256,.T.);
#4688=ADVANCED_FACE('',(#3088),#40,.F.);
#4689=ADVANCED_FACE('',(#3089),#3257,.T.);
#4690=ADVANCED_FACE('',(#3090),#41,.F.);
#4691=ADVANCED_FACE('',(#3091),#42,.T.);
#4692=ADVANCED_FACE('',(#3092),#3258,.T.);
#4693=ADVANCED_FACE('',(#3093),#43,.T.);
#4694=ADVANCED_FACE('',(#3094),#3259,.T.);
#4695=ADVANCED_FACE('',(#3095),#3260,.T.);
#4696=ADVANCED_FACE('',(#3096),#44,.T.);
#4697=ADVANCED_FACE('',(#3097),#45,.F.);
#4698=ADVANCED_FACE('',(#3098),#3261,.F.);
#4699=ADVANCED_FACE('',(#3099),#46,.T.);
#4700=ADVANCED_FACE('',(#3100),#47,.F.);
#4701=ADVANCED_FACE('',(#3101),#3262,.T.);
#4702=ADVANCED_FACE('',(#3102),#48,.F.);
#4703=ADVANCED_FACE('',(#3103),#3263,.T.);
#4704=ADVANCED_FACE('',(#3104),#3264,.T.);
#4705=ADVANCED_FACE('',(#3105),#49,.T.);
#4706=ADVANCED_FACE('',(#3106),#3265,.F.);
#4707=ADVANCED_FACE('',(#3107),#50,.F.);
#4708=ADVANCED_FACE('',(#3108),#3266,.F.);
#4709=ADVANCED_FACE('',(#3109),#51,.F.);
#4710=ADVANCED_FACE('',(#3110),#3267,.F.);
#4711=ADVANCED_FACE('',(#3111),#52,.T.);
#4712=ADVANCED_FACE('',(#3112),#3268,.F.);
#4713=ADVANCED_FACE('',(#3113),#53,.T.);
#4714=ADVANCED_FACE('',(#3114),#3269,.F.);
#4715=ADVANCED_FACE('',(#3115),#54,.T.);
#4716=ADVANCED_FACE('',(#3116),#3270,.F.);
#4717=ADVANCED_FACE('',(#3117),#55,.T.);
#4718=ADVANCED_FACE('',(#3118),#3271,.F.);
#4719=ADVANCED_FACE('',(#3119),#56,.F.);
#4720=ADVANCED_FACE('',(#3120),#3272,.F.);
#4721=ADVANCED_FACE('',(#3121),#57,.F.);
#4722=ADVANCED_FACE('',(#3122),#3273,.F.);
#4723=ADVANCED_FACE('',(#3123),#3274,.F.);
#4724=ADVANCED_FACE('',(#3124),#58,.T.);
#4725=ADVANCED_FACE('',(#3125),#3275,.T.);
#4726=ADVANCED_FACE('',(#3126,#3127),#3276,.T.);
#4727=ADVANCED_FACE('',(#3128),#3277,.F.);
#4728=ADVANCED_FACE('',(#3129),#59,.F.);
#4729=ADVANCED_FACE('',(#3130),#3278,.F.);
#4730=ADVANCED_FACE('',(#3131),#3279,.F.);
#4731=ADVANCED_FACE('',(#3132),#3280,.F.);
#4732=ADVANCED_FACE('',(#3133),#3281,.F.);
#4733=ADVANCED_FACE('',(#3134),#3282,.F.);
#4734=ADVANCED_FACE('',(#3135),#12,.F.);
#4735=ADVANCED_FACE('',(#3136),#3283,.F.);
#4736=ADVANCED_FACE('',(#3137),#3284,.F.);
#4737=ADVANCED_FACE('',(#3138),#60,.F.);
#4738=ADVANCED_FACE('',(#3139),#3285,.F.);
#4739=ADVANCED_FACE('',(#3140),#61,.F.);
#4740=ADVANCED_FACE('',(#3141),#62,.F.);
#4741=ADVANCED_FACE('',(#3142),#3286,.F.);
#4742=ADVANCED_FACE('',(#3143),#63,.T.);
#4743=ADVANCED_FACE('',(#3144),#3287,.F.);
#4744=ADVANCED_FACE('',(#3145),#64,.F.);
#4745=ADVANCED_FACE('',(#3146),#3288,.F.);
#4746=ADVANCED_FACE('',(#3147),#65,.F.);
#4747=ADVANCED_FACE('',(#3148),#3289,.F.);
#4748=ADVANCED_FACE('',(#3149),#66,.T.);
#4749=ADVANCED_FACE('',(#3150),#3290,.F.);
#4750=ADVANCED_FACE('',(#3151),#67,.F.);
#4751=ADVANCED_FACE('',(#3152),#3291,.T.);
#4752=ADVANCED_FACE('',(#3153),#3292,.T.);
#4753=ADVANCED_FACE('',(#3154),#3293,.T.);
#4754=ADVANCED_FACE('',(#3155),#3294,.T.);
#4755=ADVANCED_FACE('',(#3156),#3295,.T.);
#4756=ADVANCED_FACE('',(#3157),#3296,.T.);
#4757=ADVANCED_FACE('',(#3158),#3297,.T.);
#4758=ADVANCED_FACE('',(#3159),#3298,.T.);
#4759=ADVANCED_FACE('',(#3160),#3299,.T.);
#4760=ADVANCED_FACE('',(#3161),#3300,.T.);
#4761=ADVANCED_FACE('',(#3162),#3301,.T.);
#4762=ADVANCED_FACE('',(#3163),#3302,.T.);
#4763=ADVANCED_FACE('',(#3164),#68,.T.);
#4764=ADVANCED_FACE('',(#3165),#69,.T.);
#4765=ADVANCED_FACE('',(#3166),#3303,.T.);
#4766=ADVANCED_FACE('',(#3167),#70,.T.);
#4767=ADVANCED_FACE('',(#3168),#3304,.T.);
#4768=ADVANCED_FACE('',(#3169),#71,.T.);
#4769=ADVANCED_FACE('',(#3170),#72,.T.);
#4770=ADVANCED_FACE('',(#3171),#3305,.T.);
#4771=ADVANCED_FACE('',(#3172),#73,.F.);
#4772=ADVANCED_FACE('',(#3173),#3306,.T.);
#4773=ADVANCED_FACE('',(#3174),#74,.F.);
#4774=ADVANCED_FACE('',(#3175),#3307,.F.);
#4775=ADVANCED_FACE('',(#3176),#3308,.T.);
#4776=ADVANCED_FACE('',(#3177),#3309,.T.);
#4777=ADVANCED_FACE('',(#3178),#75,.T.);
#4778=ADVANCED_FACE('',(#3179),#3310,.F.);
#4779=ADVANCED_FACE('',(#3180),#3311,.T.);
#4780=ADVANCED_FACE('',(#3181),#3312,.F.);
#4781=ADVANCED_FACE('',(#3182),#76,.F.);
#4782=ADVANCED_FACE('',(#3183),#3313,.F.);
#4783=ADVANCED_FACE('',(#3184),#77,.F.);
#4784=ADVANCED_FACE('',(#3185),#3314,.F.);
#4785=ADVANCED_FACE('',(#3186),#78,.T.);
#4786=ADVANCED_FACE('',(#3187),#3315,.F.);
#4787=ADVANCED_FACE('',(#3188),#3316,.F.);
#4788=ADVANCED_FACE('',(#3189),#3317,.F.);
#4789=ADVANCED_FACE('',(#3190),#3318,.T.);
#4790=ADVANCED_FACE('',(#3191),#3319,.F.);
#4791=ADVANCED_FACE('',(#3192),#3320,.F.);
#4792=ADVANCED_FACE('',(#3193),#3321,.F.);
#4793=ADVANCED_FACE('',(#3194),#3322,.F.);
#4794=ADVANCED_FACE('',(#3195),#3323,.T.);
#4795=ADVANCED_FACE('',(#3196),#3324,.F.);
#4796=ADVANCED_FACE('',(#3197),#79,.T.);
#4797=ADVANCED_FACE('',(#3198),#3325,.F.);
#4798=ADVANCED_FACE('',(#3199),#3326,.F.);
#4799=ADVANCED_FACE('',(#3200),#3327,.F.);
#4800=ADVANCED_FACE('',(#3201),#80,.T.);
#4801=ADVANCED_FACE('',(#3202),#81,.T.);
#4802=ADVANCED_FACE('',(#3203),#3328,.F.);
#4803=ADVANCED_FACE('',(#3204),#3329,.F.);
#4804=ADVANCED_FACE('',(#3205),#3330,.T.);
#4805=ADVANCED_FACE('',(#3206),#82,.T.);
#4806=ADVANCED_FACE('',(#3207),#83,.T.);
#4807=ADVANCED_FACE('',(#3208),#84,.T.);
#4808=ADVANCED_FACE('',(#3209),#85,.T.);
#4809=ADVANCED_FACE('',(#3210),#86,.T.);
#4810=ADVANCED_FACE('',(#3211,#3212),#87,.T.);
#4811=ADVANCED_FACE('',(#3213),#3331,.T.);
#4812=ADVANCED_FACE('',(#3214),#3332,.F.);
#4813=ADVANCED_FACE('',(#3215),#3333,.F.);
#4814=ADVANCED_FACE('',(#3216),#3334,.F.);
#4815=ADVANCED_FACE('',(#3217),#3335,.F.);
#4816=ADVANCED_FACE('',(#3218),#3336,.F.);
#4817=ADVANCED_FACE('',(#3219),#3337,.T.);
#4818=ADVANCED_FACE('',(#3220),#3338,.F.);
#4819=ADVANCED_FACE('',(#3221),#3339,.F.);
#4820=ADVANCED_FACE('',(#3222),#88,.T.);
#4821=ADVANCED_FACE('',(#3223),#3340,.F.);
#4822=ADVANCED_FACE('',(#3224),#89,.T.);
#4823=ADVANCED_FACE('',(#3225),#3341,.F.);
#4824=ADVANCED_FACE('',(#3226),#90,.T.);
#4825=ADVANCED_FACE('',(#3227),#3342,.T.);
#4826=CLOSED_SHELL('',(#4641,#4642,#4643,#4644,#4645,#4646,#4647,#4648,
#4649,#4650,#4651,#4652,#4653,#4654,#4655,#4656,#4657,#4658,#4659,#4660,
#4661,#4662,#4663,#4664,#4665,#4666,#4667,#4668,#4669,#4670,#4671,#4672,
#4673,#4674,#4675,#4676,#4677,#4678,#4679,#4680,#4681,#4682,#4683,#4684,
#4685,#4686,#4687,#4688,#4689,#4690,#4691,#4692,#4693,#4694,#4695,#4696,
#4697,#4698,#4699,#4700,#4701,#4702,#4703,#4704,#4705,#4706,#4707,#4708,
#4709,#4710,#4711,#4712,#4713,#4714,#4715,#4716,#4717,#4718,#4719,#4720,
#4721,#4722,#4723,#4724,#4725,#4726,#4727,#4728,#4729,#4730,#4731,#4732,
#4733,#4734,#4735,#4736,#4737,#4738,#4739,#4740,#4741,#4742,#4743,#4744,
#4745,#4746,#4747,#4748,#4749,#4750,#4751,#4752,#4753,#4754,#4755,#4756,
#4757,#4758,#4759,#4760,#4761,#4762,#4763,#4764,#4765,#4766,#4767,#4768,
#4769,#4770,#4771,#4772,#4773,#4774,#4775,#4776,#4777,#4778,#4779,#4780,
#4781,#4782,#4783,#4784,#4785,#4786,#4787,#4788,#4789,#4790,#4791,#4792,
#4793,#4794,#4795,#4796,#4797,#4798,#4799,#4800,#4801,#4802,#4803,#4804,
#4805,#4806,#4807,#4808,#4809,#4810,#4811,#4812,#4813,#4814,#4815,#4816,
#4817,#4818,#4819,#4820,#4821,#4822,#4823,#4824,#4825));
#4827=MANIFOLD_SOLID_BREP('2601-1101',#4826);
#4828=SHAPE_DEFINITION_REPRESENTATION(#7238,#4829);
#4829=SHAPE_REPRESENTATION('2601-1101',(#4830),#7233);
#4830=AXIS2_PLACEMENT_3D('',#6167,#5153,#5154);
#4831=AXIS2_PLACEMENT_3D('',#6168,#5155,#5156);
#4832=AXIS2_PLACEMENT_3D('',#6174,#5159,#5160);
#4833=AXIS2_PLACEMENT_3D('',#6178,#5162,#5163);
#4834=AXIS2_PLACEMENT_3D('',#6182,#5165,#5166);
#4835=AXIS2_PLACEMENT_3D('',#6183,#5167,#5168);
#4836=AXIS2_PLACEMENT_3D('',#6200,#5176,#5177);
#4837=AXIS2_PLACEMENT_3D('',#6204,#5179,#5180);
#4838=AXIS2_PLACEMENT_3D('',#6208,#5182,#5183);
#4839=AXIS2_PLACEMENT_3D('',#6212,#5185,#5186);
#4840=AXIS2_PLACEMENT_3D('',#6225,#5193,#5194);
#4841=AXIS2_PLACEMENT_3D('',#6226,#5195,#5196);
#4842=AXIS2_PLACEMENT_3D('',#6229,#5197,#5198);
#4843=AXIS2_PLACEMENT_3D('',#6233,#5200,#5201);
#4844=AXIS2_PLACEMENT_3D('',#6235,#5202,#5203);
#4845=AXIS2_PLACEMENT_3D('',#6242,#5207,#5208);
#4846=AXIS2_PLACEMENT_3D('',#6262,#5209,#5210);
#4847=AXIS2_PLACEMENT_3D('',#6285,#5212,#5213);
#4848=AXIS2_PLACEMENT_3D('',#6286,#5214,#5215);
#4849=AXIS2_PLACEMENT_3D('',#6303,#5223,#5224);
#4850=AXIS2_PLACEMENT_3D('',#6305,#5225,#5226);
#4851=AXIS2_PLACEMENT_3D('',#6306,#5227,#5228);
#4852=AXIS2_PLACEMENT_3D('',#6307,#5229,#5230);
#4853=AXIS2_PLACEMENT_3D('',#6312,#5233,#5234);
#4854=AXIS2_PLACEMENT_3D('',#6316,#5236,#5237);
#4855=AXIS2_PLACEMENT_3D('',#6321,#5240,#5241);
#4856=AXIS2_PLACEMENT_3D('',#6330,#5246,#5247);
#4857=AXIS2_PLACEMENT_3D('',#6334,#5249,#5250);
#4858=AXIS2_PLACEMENT_3D('',#6335,#5251,#5252);
#4859=AXIS2_PLACEMENT_3D('',#6350,#5260,#5261);
#4860=AXIS2_PLACEMENT_3D('',#6356,#5264,#5265);
#4861=AXIS2_PLACEMENT_3D('',#6360,#5267,#5268);
#4862=AXIS2_PLACEMENT_3D('',#6364,#5270,#5271);
#4863=AXIS2_PLACEMENT_3D('',#6367,#5273,#5274);
#4864=AXIS2_PLACEMENT_3D('',#6368,#5275,#5276);
#4865=AXIS2_PLACEMENT_3D('',#6373,#5278,#5279);
#4866=AXIS2_PLACEMENT_3D('',#6376,#5281,#5282);
#4867=AXIS2_PLACEMENT_3D('',#6382,#5285,#5286);
#4868=AXIS2_PLACEMENT_3D('',#6390,#5290,#5291);
#4869=AXIS2_PLACEMENT_3D('',#6393,#5293,#5294);
#4870=AXIS2_PLACEMENT_3D('',#6399,#5297,#5298);
#4871=AXIS2_PLACEMENT_3D('',#6407,#5302,#5303);
#4872=AXIS2_PLACEMENT_3D('',#6410,#5305,#5306);
#4873=AXIS2_PLACEMENT_3D('',#6413,#5308,#5309);
#4874=AXIS2_PLACEMENT_3D('',#6421,#5313,#5314);
#4875=AXIS2_PLACEMENT_3D('',#6424,#5316,#5317);
#4876=AXIS2_PLACEMENT_3D('',#6425,#5318,#5319);
#4877=AXIS2_PLACEMENT_3D('',#6430,#5321,#5322);
#4878=AXIS2_PLACEMENT_3D('',#6433,#5324,#5325);
#4879=AXIS2_PLACEMENT_3D('',#6436,#5327,#5328);
#4880=AXIS2_PLACEMENT_3D('',#6440,#5330,#5331);
#4881=AXIS2_PLACEMENT_3D('',#6444,#5333,#5334);
#4882=AXIS2_PLACEMENT_3D('',#6448,#5336,#5337);
#4883=AXIS2_PLACEMENT_3D('',#6452,#5339,#5340);
#4884=AXIS2_PLACEMENT_3D('',#6456,#5342,#5343);
#4885=AXIS2_PLACEMENT_3D('',#6460,#5345,#5346);
#4886=AXIS2_PLACEMENT_3D('',#6464,#5348,#5349);
#4887=AXIS2_PLACEMENT_3D('',#6469,#5353,#5354);
#4888=AXIS2_PLACEMENT_3D('',#6477,#5359,#5360);
#4889=AXIS2_PLACEMENT_3D('',#6485,#5365,#5366);
#4890=AXIS2_PLACEMENT_3D('',#6492,#5370,#5371);
#4891=AXIS2_PLACEMENT_3D('',#6496,#5373,#5374);
#4892=AXIS2_PLACEMENT_3D('',#6500,#5376,#5377);
#4893=AXIS2_PLACEMENT_3D('',#6504,#5379,#5380);
#4894=AXIS2_PLACEMENT_3D('',#6505,#5381,#5382);
#4895=AXIS2_PLACEMENT_3D('',#6512,#5386,#5387);
#4896=AXIS2_PLACEMENT_3D('',#6516,#5389,#5390);
#4897=AXIS2_PLACEMENT_3D('',#6520,#5392,#5393);
#4898=AXIS2_PLACEMENT_3D('',#6524,#5395,#5396);
#4899=AXIS2_PLACEMENT_3D('',#6528,#5398,#5399);
#4900=AXIS2_PLACEMENT_3D('',#6532,#5401,#5402);
#4901=AXIS2_PLACEMENT_3D('',#6536,#5404,#5405);
#4902=AXIS2_PLACEMENT_3D('',#6537,#5406,#5407);
#4903=AXIS2_PLACEMENT_3D('',#6541,#5409,#5410);
#4904=AXIS2_PLACEMENT_3D('',#6545,#5412,#5413);
#4905=AXIS2_PLACEMENT_3D('',#6549,#5416,#5417);
#4906=AXIS2_PLACEMENT_3D('',#6562,#5426,#5427);
#4907=AXIS2_PLACEMENT_3D('',#6564,#5429,#5430);
#4908=AXIS2_PLACEMENT_3D('',#6576,#5438,#5439);
#4909=AXIS2_PLACEMENT_3D('',#6577,#5440,#5441);
#4910=AXIS2_PLACEMENT_3D('',#6578,#5442,#5443);
#4911=AXIS2_PLACEMENT_3D('',#6579,#5444,#5445);
#4912=AXIS2_PLACEMENT_3D('',#6589,#5451,#5452);
#4913=AXIS2_PLACEMENT_3D('',#6590,#5453,#5454);
#4914=AXIS2_PLACEMENT_3D('',#6591,#5455,#5456);
#4915=AXIS2_PLACEMENT_3D('',#6595,#5458,#5459);
#4916=AXIS2_PLACEMENT_3D('',#6596,#5460,#5461);
#4917=AXIS2_PLACEMENT_3D('',#6597,#5462,#5463);
#4918=AXIS2_PLACEMENT_3D('',#6601,#5465,#5466);
#4919=AXIS2_PLACEMENT_3D('',#6602,#5467,#5468);
#4920=AXIS2_PLACEMENT_3D('',#6616,#5476,#5477);
#4921=AXIS2_PLACEMENT_3D('',#6617,#5478,#5479);
#4922=AXIS2_PLACEMENT_3D('',#6621,#5481,#5482);
#4923=AXIS2_PLACEMENT_3D('',#6622,#5483,#5484);
#4924=AXIS2_PLACEMENT_3D('',#6623,#5485,#5486);
#4925=AXIS2_PLACEMENT_3D('',#6627,#5488,#5489);
#4926=AXIS2_PLACEMENT_3D('',#6628,#5490,#5491);
#4927=AXIS2_PLACEMENT_3D('',#6641,#5500,#5501);
#4928=AXIS2_PLACEMENT_3D('',#6642,#5502,#5503);
#4929=AXIS2_PLACEMENT_3D('',#6646,#5505,#5506);
#4930=AXIS2_PLACEMENT_3D('',#6647,#5507,#5508);
#4931=AXIS2_PLACEMENT_3D('',#6648,#5509,#5510);
#4932=AXIS2_PLACEMENT_3D('',#6652,#5512,#5513);
#4933=AXIS2_PLACEMENT_3D('',#6653,#5514,#5515);
#4934=AXIS2_PLACEMENT_3D('',#6667,#5523,#5524);
#4935=AXIS2_PLACEMENT_3D('',#6668,#5525,#5526);
#4936=AXIS2_PLACEMENT_3D('',#6672,#5528,#5529);
#4937=AXIS2_PLACEMENT_3D('',#6673,#5530,#5531);
#4938=AXIS2_PLACEMENT_3D('',#6674,#5532,#5533);
#4939=AXIS2_PLACEMENT_3D('',#6675,#5534,#5535);
#4940=AXIS2_PLACEMENT_3D('',#6676,#5536,#5537);
#4941=AXIS2_PLACEMENT_3D('',#6677,#5538,#5539);
#4942=AXIS2_PLACEMENT_3D('',#6678,#5540,#5541);
#4943=AXIS2_PLACEMENT_3D('',#6680,#5542,#5543);
#4944=AXIS2_PLACEMENT_3D('',#6684,#5545,#5546);
#4945=AXIS2_PLACEMENT_3D('',#6687,#5548,#5549);
#4946=AXIS2_PLACEMENT_3D('',#6691,#5552,#5553);
#4947=AXIS2_PLACEMENT_3D('',#6692,#5554,#5555);
#4948=AXIS2_PLACEMENT_3D('',#6695,#5557,#5558);
#4949=AXIS2_PLACEMENT_3D('',#6699,#5561,#5562);
#4950=AXIS2_PLACEMENT_3D('',#6700,#5563,#5564);
#4951=AXIS2_PLACEMENT_3D('',#6703,#5566,#5567);
#4952=AXIS2_PLACEMENT_3D('',#6704,#5568,#5569);
#4953=AXIS2_PLACEMENT_3D('',#6705,#5570,#5571);
#4954=AXIS2_PLACEMENT_3D('',#6706,#5572,#5573);
#4955=AXIS2_PLACEMENT_3D('',#6708,#5574,#5575);
#4956=AXIS2_PLACEMENT_3D('',#6712,#5577,#5578);
#4957=AXIS2_PLACEMENT_3D('',#6714,#5579,#5580);
#4958=AXIS2_PLACEMENT_3D('',#6718,#5582,#5583);
#4959=AXIS2_PLACEMENT_3D('',#6724,#5586,#5587);
#4960=AXIS2_PLACEMENT_3D('',#6726,#5588,#5589);
#4961=AXIS2_PLACEMENT_3D('',#6729,#5591,#5592);
#4962=AXIS2_PLACEMENT_3D('',#6730,#5593,#5594);
#4963=AXIS2_PLACEMENT_3D('',#6733,#5596,#5597);
#4964=AXIS2_PLACEMENT_3D('',#6737,#5600,#5601);
#4965=AXIS2_PLACEMENT_3D('',#6738,#5602,#5603);
#4966=AXIS2_PLACEMENT_3D('',#6741,#5605,#5606);
#4967=AXIS2_PLACEMENT_3D('',#6745,#5609,#5610);
#4968=AXIS2_PLACEMENT_3D('',#6746,#5611,#5612);
#4969=AXIS2_PLACEMENT_3D('',#6749,#5614,#5615);
#4970=AXIS2_PLACEMENT_3D('',#6750,#5616,#5617);
#4971=AXIS2_PLACEMENT_3D('',#6753,#5619,#5620);
#4972=AXIS2_PLACEMENT_3D('',#6764,#5627,#5628);
#4973=AXIS2_PLACEMENT_3D('',#6765,#5629,#5630);
#4974=AXIS2_PLACEMENT_3D('',#6768,#5632,#5633);
#4975=AXIS2_PLACEMENT_3D('',#6772,#5636,#5637);
#4976=AXIS2_PLACEMENT_3D('',#6776,#5640,#5641);
#4977=AXIS2_PLACEMENT_3D('',#6777,#5642,#5643);
#4978=AXIS2_PLACEMENT_3D('',#6780,#5645,#5646);
#4979=AXIS2_PLACEMENT_3D('',#6781,#5647,#5648);
#4980=AXIS2_PLACEMENT_3D('',#6782,#5649,#5650);
#4981=AXIS2_PLACEMENT_3D('',#6785,#5652,#5653);
#4982=AXIS2_PLACEMENT_3D('',#6789,#5655,#5656);
#4983=AXIS2_PLACEMENT_3D('',#6791,#5657,#5658);
#4984=AXIS2_PLACEMENT_3D('',#6792,#5659,#5660);
#4985=AXIS2_PLACEMENT_3D('',#6793,#5661,#5662);
#4986=AXIS2_PLACEMENT_3D('',#6796,#5664,#5665);
#4987=AXIS2_PLACEMENT_3D('',#6797,#5666,#5667);
#4988=AXIS2_PLACEMENT_3D('',#6800,#5669,#5670);
#4989=AXIS2_PLACEMENT_3D('',#6804,#5673,#5674);
#4990=AXIS2_PLACEMENT_3D('',#6805,#5675,#5676);
#4991=AXIS2_PLACEMENT_3D('',#6808,#5678,#5679);
#4992=AXIS2_PLACEMENT_3D('',#6810,#5681,#5682);
#4993=AXIS2_PLACEMENT_3D('',#6814,#5684,#5685);
#4994=AXIS2_PLACEMENT_3D('',#6818,#5687,#5688);
#4995=AXIS2_PLACEMENT_3D('',#6822,#5690,#5691);
#4996=AXIS2_PLACEMENT_3D('',#6825,#5693,#5694);
#4997=AXIS2_PLACEMENT_3D('',#6827,#5696,#5697);
#4998=AXIS2_PLACEMENT_3D('',#6830,#5700,#5701);
#4999=AXIS2_PLACEMENT_3D('',#6832,#5703,#5704);
#5000=AXIS2_PLACEMENT_3D('',#6834,#5706,#5707);
#5001=AXIS2_PLACEMENT_3D('',#6836,#5709,#5710);
#5002=AXIS2_PLACEMENT_3D('',#6838,#5712,#5713);
#5003=AXIS2_PLACEMENT_3D('',#6840,#5715,#5716);
#5004=AXIS2_PLACEMENT_3D('',#6847,#5721,#5722);
#5005=AXIS2_PLACEMENT_3D('',#6849,#5724,#5725);
#5006=AXIS2_PLACEMENT_3D('',#6851,#5727,#5728);
#5007=AXIS2_PLACEMENT_3D('',#6853,#5730,#5731);
#5008=AXIS2_PLACEMENT_3D('',#6855,#5733,#5734);
#5009=AXIS2_PLACEMENT_3D('',#6857,#5736,#5737);
#5010=AXIS2_PLACEMENT_3D('',#6858,#5738,#5739);
#5011=AXIS2_PLACEMENT_3D('',#6861,#5741,#5742);
#5012=AXIS2_PLACEMENT_3D('',#6864,#5744,#5745);
#5013=AXIS2_PLACEMENT_3D('',#6868,#5748,#5749);
#5014=AXIS2_PLACEMENT_3D('',#6871,#5751,#5752);
#5015=AXIS2_PLACEMENT_3D('',#6872,#5753,#5754);
#5016=AXIS2_PLACEMENT_3D('',#6876,#5757,#5758);
#5017=AXIS2_PLACEMENT_3D('',#6878,#5760,#5761);
#5018=AXIS2_PLACEMENT_3D('',#6879,#5762,#5763);
#5019=AXIS2_PLACEMENT_3D('',#6880,#5764,#5765);
#5020=AXIS2_PLACEMENT_3D('',#6881,#5766,#5767);
#5021=AXIS2_PLACEMENT_3D('',#6888,#5772,#5773);
#5022=AXIS2_PLACEMENT_3D('',#6893,#5776,#5777);
#5023=AXIS2_PLACEMENT_3D('',#6899,#5781,#5782);
#5024=AXIS2_PLACEMENT_3D('',#6900,#5783,#5784);
#5025=AXIS2_PLACEMENT_3D('',#6903,#5786,#5787);
#5026=AXIS2_PLACEMENT_3D('',#6907,#5790,#5791);
#5027=AXIS2_PLACEMENT_3D('',#6909,#5793,#5794);
#5028=AXIS2_PLACEMENT_3D('',#6911,#5796,#5797);
#5029=AXIS2_PLACEMENT_3D('',#6913,#5799,#5800);
#5030=AXIS2_PLACEMENT_3D('',#6915,#5802,#5803);
#5031=AXIS2_PLACEMENT_3D('',#6917,#5805,#5806);
#5032=AXIS2_PLACEMENT_3D('',#6919,#5808,#5809);
#5033=AXIS2_PLACEMENT_3D('',#6925,#5813,#5814);
#5034=AXIS2_PLACEMENT_3D('',#6928,#5816,#5817);
#5035=AXIS2_PLACEMENT_3D('',#6929,#5818,#5819);
#5036=AXIS2_PLACEMENT_3D('',#6933,#5822,#5823);
#5037=AXIS2_PLACEMENT_3D('',#6934,#5824,#5825);
#5038=AXIS2_PLACEMENT_3D('',#6935,#5826,#5827);
#5039=AXIS2_PLACEMENT_3D('',#6938,#5829,#5830);
#5040=AXIS2_PLACEMENT_3D('',#6939,#5831,#5832);
#5041=AXIS2_PLACEMENT_3D('',#6943,#5835,#5836);
#5042=AXIS2_PLACEMENT_3D('',#6946,#5838,#5839);
#5043=AXIS2_PLACEMENT_3D('',#6947,#5840,#5841);
#5044=AXIS2_PLACEMENT_3D('',#6951,#5844,#5845);
#5045=AXIS2_PLACEMENT_3D('',#6954,#5847,#5848);
#5046=AXIS2_PLACEMENT_3D('',#6955,#5849,#5850);
#5047=AXIS2_PLACEMENT_3D('',#6959,#5853,#5854);
#5048=AXIS2_PLACEMENT_3D('',#6962,#5856,#5857);
#5049=AXIS2_PLACEMENT_3D('',#6963,#5858,#5859);
#5050=AXIS2_PLACEMENT_3D('',#6967,#5862,#5863);
#5051=AXIS2_PLACEMENT_3D('',#6970,#5865,#5866);
#5052=AXIS2_PLACEMENT_3D('',#6971,#5867,#5868);
#5053=AXIS2_PLACEMENT_3D('',#6975,#5871,#5872);
#5054=AXIS2_PLACEMENT_3D('',#6976,#5873,#5874);
#5055=AXIS2_PLACEMENT_3D('',#6977,#5875,#5876);
#5056=AXIS2_PLACEMENT_3D('',#6983,#5880,#5881);
#5057=AXIS2_PLACEMENT_3D('',#6987,#5884,#5885);
#5058=AXIS2_PLACEMENT_3D('',#6991,#5888,#5889);
#5059=AXIS2_PLACEMENT_3D('',#6993,#5891,#5892);
#5060=AXIS2_PLACEMENT_3D('',#6995,#5894,#5895);
#5061=AXIS2_PLACEMENT_3D('',#6996,#5896,#5897);
#5062=AXIS2_PLACEMENT_3D('',#6997,#5898,#5899);
#5063=AXIS2_PLACEMENT_3D('',#7000,#5901,#5902);
#5064=AXIS2_PLACEMENT_3D('',#7004,#5904,#5905);
#5065=AXIS2_PLACEMENT_3D('',#7005,#5906,#5907);
#5066=AXIS2_PLACEMENT_3D('',#7006,#5908,#5909);
#5067=AXIS2_PLACEMENT_3D('',#7008,#5911,#5912);
#5068=AXIS2_PLACEMENT_3D('',#7009,#5913,#5914);
#5069=AXIS2_PLACEMENT_3D('',#7023,#5922,#5923);
#5070=AXIS2_PLACEMENT_3D('',#7024,#5924,#5925);
#5071=AXIS2_PLACEMENT_3D('',#7025,#5926,#5927);
#5072=AXIS2_PLACEMENT_3D('',#7026,#5928,#5929);
#5073=AXIS2_PLACEMENT_3D('',#7029,#5931,#5932);
#5074=AXIS2_PLACEMENT_3D('',#7034,#5936,#5937);
#5075=AXIS2_PLACEMENT_3D('',#7035,#5938,#5939);
#5076=AXIS2_PLACEMENT_3D('',#7038,#5941,#5942);
#5077=AXIS2_PLACEMENT_3D('',#7046,#5947,#5948);
#5078=AXIS2_PLACEMENT_3D('',#7050,#5950,#5951);
#5079=AXIS2_PLACEMENT_3D('',#7054,#5953,#5954);
#5080=AXIS2_PLACEMENT_3D('',#7055,#5955,#5956);
#5081=AXIS2_PLACEMENT_3D('',#7056,#5957,#5958);
#5082=AXIS2_PLACEMENT_3D('',#7058,#5959,#5960);
#5083=AXIS2_PLACEMENT_3D('',#7063,#5961,#5962);
#5084=AXIS2_PLACEMENT_3D('',#7064,#5963,#5964);
#5085=AXIS2_PLACEMENT_3D('',#7067,#5966,#5967);
#5086=AXIS2_PLACEMENT_3D('',#7071,#5970,#5971);
#5087=AXIS2_PLACEMENT_3D('',#7072,#5972,#5973);
#5088=AXIS2_PLACEMENT_3D('',#7075,#5975,#5976);
#5089=AXIS2_PLACEMENT_3D('',#7079,#5979,#5980);
#5090=AXIS2_PLACEMENT_3D('',#7080,#5981,#5982);
#5091=AXIS2_PLACEMENT_3D('',#7081,#5983,#5984);
#5092=AXIS2_PLACEMENT_3D('',#7082,#5985,#5986);
#5093=AXIS2_PLACEMENT_3D('',#7083,#5987,#5988);
#5094=AXIS2_PLACEMENT_3D('',#7086,#5990,#5991);
#5095=AXIS2_PLACEMENT_3D('',#7087,#5992,#5993);
#5096=AXIS2_PLACEMENT_3D('',#7089,#5995,#5996);
#5097=AXIS2_PLACEMENT_3D('',#7090,#5997,#5998);
#5098=AXIS2_PLACEMENT_3D('',#7093,#6000,#6001);
#5099=AXIS2_PLACEMENT_3D('',#7097,#6003,#6004);
#5100=AXIS2_PLACEMENT_3D('',#7101,#6006,#6007);
#5101=AXIS2_PLACEMENT_3D('',#7102,#6008,#6009);
#5102=AXIS2_PLACEMENT_3D('',#7104,#6011,#6012);
#5103=AXIS2_PLACEMENT_3D('',#7106,#6014,#6015);
#5104=AXIS2_PLACEMENT_3D('',#7108,#6017,#6018);
#5105=AXIS2_PLACEMENT_3D('',#7110,#6020,#6021);
#5106=AXIS2_PLACEMENT_3D('',#7112,#6023,#6024);
#5107=AXIS2_PLACEMENT_3D('',#7113,#6025,#6026);
#5108=AXIS2_PLACEMENT_3D('',#7119,#6030,#6031);
#5109=AXIS2_PLACEMENT_3D('',#7125,#6035,#6036);
#5110=AXIS2_PLACEMENT_3D('',#7128,#6039,#6040);
#5111=AXIS2_PLACEMENT_3D('',#7129,#6041,#6042);
#5112=AXIS2_PLACEMENT_3D('',#7130,#6043,#6044);
#5113=AXIS2_PLACEMENT_3D('',#7136,#6048,#6049);
#5114=AXIS2_PLACEMENT_3D('',#7142,#6053,#6054);
#5115=AXIS2_PLACEMENT_3D('',#7145,#6057,#6058);
#5116=AXIS2_PLACEMENT_3D('',#7146,#6059,#6060);
#5117=AXIS2_PLACEMENT_3D('',#7147,#6061,#6062);
#5118=AXIS2_PLACEMENT_3D('',#7149,#6064,#6065);
#5119=AXIS2_PLACEMENT_3D('',#7151,#6067,#6068);
#5120=AXIS2_PLACEMENT_3D('',#7153,#6070,#6071);
#5121=AXIS2_PLACEMENT_3D('',#7159,#6075,#6076);
#5122=AXIS2_PLACEMENT_3D('',#7160,#6077,#6078);
#5123=AXIS2_PLACEMENT_3D('',#7161,#6079,#6080);
#5124=AXIS2_PLACEMENT_3D('',#7162,#6081,#6082);
#5125=AXIS2_PLACEMENT_3D('',#7164,#6084,#6085);
#5126=AXIS2_PLACEMENT_3D('',#7165,#6086,#6087);
#5127=AXIS2_PLACEMENT_3D('',#7167,#6089,#6090);
#5128=AXIS2_PLACEMENT_3D('',#7169,#6092,#6093);
#5129=AXIS2_PLACEMENT_3D('',#7172,#6096,#6097);
#5130=AXIS2_PLACEMENT_3D('',#7174,#6099,#6100);
#5131=AXIS2_PLACEMENT_3D('',#7176,#6102,#6103);
#5132=AXIS2_PLACEMENT_3D('',#7177,#6104,#6105);
#5133=AXIS2_PLACEMENT_3D('',#7178,#6106,#6107);
#5134=AXIS2_PLACEMENT_3D('',#7179,#6108,#6109);
#5135=AXIS2_PLACEMENT_3D('',#7181,#6110,#6111);
#5136=AXIS2_PLACEMENT_3D('',#7182,#6112,#6113);
#5137=AXIS2_PLACEMENT_3D('',#7188,#6117,#6118);
#5138=AXIS2_PLACEMENT_3D('',#7192,#6121,#6122);
#5139=AXIS2_PLACEMENT_3D('',#7196,#6125,#6126);
#5140=AXIS2_PLACEMENT_3D('',#7200,#6129,#6130);
#5141=AXIS2_PLACEMENT_3D('',#7202,#6132,#6133);
#5142=AXIS2_PLACEMENT_3D('',#7203,#6134,#6135);
#5143=AXIS2_PLACEMENT_3D('',#7209,#6139,#6140);
#5144=AXIS2_PLACEMENT_3D('',#7213,#6143,#6144);
#5145=AXIS2_PLACEMENT_3D('',#7216,#6146,#6147);
#5146=AXIS2_PLACEMENT_3D('',#7217,#6148,#6149);
#5147=AXIS2_PLACEMENT_3D('',#7221,#6152,#6153);
#5148=AXIS2_PLACEMENT_3D('',#7224,#6155,#6156);
#5149=AXIS2_PLACEMENT_3D('',#7225,#6157,#6158);
#5150=AXIS2_PLACEMENT_3D('',#7229,#6161,#6162);
#5151=AXIS2_PLACEMENT_3D('',#7230,#6163,#6164);
#5152=AXIS2_PLACEMENT_3D('',#7231,#6165,#6166);
#5153=DIRECTION('',(0.,0.,1.));
#5154=DIRECTION('',(1.,0.,0.));
#5155=DIRECTION('',(0.,0.,1.));
#5156=DIRECTION('',(1.,0.,0.));
#5157=DIRECTION('',(0.,-1.,0.));
#5158=DIRECTION('',(-1.,0.,0.));
#5159=DIRECTION('',(0.,0.,1.));
#5160=DIRECTION('',(1.,0.,0.));
#5161=DIRECTION('',(-0.707106781186547,0.707106781186547,0.));
#5162=DIRECTION('',(0.,0.,1.));
#5163=DIRECTION('',(1.,0.,0.));
#5164=DIRECTION('',(1.,0.,0.));
#5165=DIRECTION('',(0.,0.,1.));
#5166=DIRECTION('',(1.,0.,0.));
#5167=DIRECTION('',(0.,0.,1.));
#5168=DIRECTION('',(1.,0.,0.));
#5169=DIRECTION('',(1.,0.,0.));
#5170=DIRECTION('',(0.,1.,0.));
#5171=DIRECTION('',(1.,0.,0.));
#5172=DIRECTION('',(-0.766044443118978,0.642787609686539,0.));
#5173=DIRECTION('',(1.,0.,0.));
#5174=DIRECTION('',(0.,1.,0.));
#5175=DIRECTION('',(-1.,0.,0.));
#5176=DIRECTION('',(0.,0.,1.));
#5177=DIRECTION('',(1.,0.,0.));
#5178=DIRECTION('',(0.,-1.,0.));
#5179=DIRECTION('',(0.,0.,1.));
#5180=DIRECTION('',(1.,0.,0.));
#5181=DIRECTION('',(1.,0.,0.));
#5182=DIRECTION('',(0.,0.,1.));
#5183=DIRECTION('',(1.,0.,0.));
#5184=DIRECTION('',(0.,1.,0.));
#5185=DIRECTION('',(0.,0.,1.));
#5186=DIRECTION('',(1.,0.,0.));
#5187=DIRECTION('',(-0.766044443118978,0.642787609686539,0.));
#5188=DIRECTION('',(0.,-1.,0.));
#5189=DIRECTION('',(-1.,0.,0.));
#5190=DIRECTION('',(0.460525155199833,0.887646653476579,0.));
#5191=DIRECTION('',(-1.44560289664734E-16,1.,0.));
#5192=DIRECTION('',(1.,0.,0.));
#5193=DIRECTION('',(-0.373797330327324,0.927510407402615,0.));
#5194=DIRECTION('',(-0.927510407402615,-0.373797330327324,0.));
#5195=DIRECTION('',(-0.373797330327324,0.927510407402615,0.));
#5196=DIRECTION('',(0.927510407402615,0.373797330327324,0.));
#5197=DIRECTION('',(-0.373797330327324,0.927510407402615,0.));
#5198=DIRECTION('',(0.927510407402615,0.373797330327324,0.));
#5199=DIRECTION('',(0.,0.,-1.));
#5200=DIRECTION('',(-0.373797330327324,0.927510407402615,0.));
#5201=DIRECTION('',(0.927510407402615,0.373797330327324,0.));
#5202=DIRECTION('',(-0.373797330327324,0.927510407402615,0.));
#5203=DIRECTION('',(0.927510407402615,0.373797330327324,0.));
#5204=DIRECTION('',(0.927510407402615,0.373797330327324,0.));
#5205=DIRECTION('',(0.,0.,-1.));
#5206=DIRECTION('',(0.927510407402615,0.373797330327324,0.));
#5207=DIRECTION('',(0.,0.,-1.));
#5208=DIRECTION('',(-1.,0.,0.));
#5209=DIRECTION('',(0.,0.,-1.));
#5210=DIRECTION('',(-1.,0.,0.));
#5211=DIRECTION('',(0.,0.,-1.));
#5212=DIRECTION('',(0.,-1.,0.));
#5213=DIRECTION('',(0.,0.,-1.));
#5214=DIRECTION('',(0.,1.,0.));
#5215=DIRECTION('',(1.,0.,0.));
#5216=DIRECTION('',(-1.,0.,0.));
#5217=DIRECTION('',(0.,0.,-1.));
#5218=DIRECTION('',(-1.,0.,0.));
#5219=DIRECTION('',(0.,0.,-1.));
#5220=DIRECTION('',(-1.,0.,0.));
#5221=DIRECTION('',(0.,0.,-1.));
#5222=DIRECTION('',(-1.,0.,0.));
#5223=DIRECTION('',(0.,1.,0.));
#5224=DIRECTION('',(1.,0.,0.));
#5225=DIRECTION('',(0.,1.,0.));
#5226=DIRECTION('',(1.,0.,0.));
#5227=DIRECTION('',(0.,1.,0.));
#5228=DIRECTION('',(1.,0.,0.));
#5229=DIRECTION('',(0.,0.,1.));
#5230=DIRECTION('',(1.,0.,0.));
#5231=DIRECTION('',(1.,0.,0.));
#5232=DIRECTION('',(-0.766044443118978,0.642787609686539,0.));
#5233=DIRECTION('',(0.,0.,1.));
#5234=DIRECTION('',(1.,0.,0.));
#5235=DIRECTION('',(-0.882947592858927,-0.469471562785891,0.));
#5236=DIRECTION('',(0.,0.,1.));
#5237=DIRECTION('',(1.,0.,0.));
#5238=DIRECTION('',(1.,0.,0.));
#5239=DIRECTION('',(0.,1.,0.));
#5240=DIRECTION('',(0.,0.,1.));
#5241=DIRECTION('',(1.,0.,0.));
#5242=DIRECTION('',(-0.766044443118978,0.642787609686539,0.));
#5243=DIRECTION('',(1.,0.,0.));
#5244=DIRECTION('',(0.,1.,0.));
#5245=DIRECTION('',(1.,0.,0.));
#5246=DIRECTION('',(0.,0.,1.));
#5247=DIRECTION('',(1.,0.,0.));
#5248=DIRECTION('',(-0.882947592858927,-0.469471562785891,0.));
#5249=DIRECTION('',(0.,0.,1.));
#5250=DIRECTION('',(1.,0.,0.));
#5251=DIRECTION('',(0.,1.,0.));
#5252=DIRECTION('',(0.,0.,1.));
#5253=DIRECTION('',(0.,0.,1.));
#5254=DIRECTION('',(1.,0.,0.));
#5255=DIRECTION('',(0.,0.,1.));
#5256=DIRECTION('',(-1.,0.,0.));
#5257=DIRECTION('',(0.,0.,1.));
#5258=DIRECTION('',(-1.,0.,0.));
#5259=DIRECTION('',(-1.,0.,0.));
#5260=DIRECTION('',(0.,0.,1.));
#5261=DIRECTION('',(1.,0.,0.));
#5262=DIRECTION('',(1.,0.,0.));
#5263=DIRECTION('',(0.,-1.,0.));
#5264=DIRECTION('',(0.,0.,1.));
#5265=DIRECTION('',(1.,0.,0.));
#5266=DIRECTION('',(1.,0.,0.));
#5267=DIRECTION('',(0.,0.,1.));
#5268=DIRECTION('',(1.,0.,0.));
#5269=DIRECTION('',(1.,0.,0.));
#5270=DIRECTION('',(0.,0.,1.));
#5271=DIRECTION('',(1.,0.,0.));
#5272=DIRECTION('',(0.,-1.,0.));
#5273=DIRECTION('',(0.,0.,1.));
#5274=DIRECTION('',(1.,0.,0.));
#5275=DIRECTION('',(0.,0.,1.));
#5276=DIRECTION('',(1.,0.,0.));
#5277=DIRECTION('',(1.,0.,0.));
#5278=DIRECTION('',(0.,0.,1.));
#5279=DIRECTION('',(1.,0.,0.));
#5280=DIRECTION('',(1.,0.,0.));
#5281=DIRECTION('',(0.,0.,1.));
#5282=DIRECTION('',(1.,0.,0.));
#5283=DIRECTION('',(0.,1.,0.));
#5284=DIRECTION('',(1.,0.,0.));
#5285=DIRECTION('',(0.,0.,1.));
#5286=DIRECTION('',(1.,0.,0.));
#5287=DIRECTION('',(0.,1.,0.));
#5288=DIRECTION('',(0.928476690885259,-0.371390676354104,0.));
#5289=DIRECTION('',(0.,1.,0.));
#5290=DIRECTION('',(0.,0.,1.));
#5291=DIRECTION('',(1.,0.,0.));
#5292=DIRECTION('',(1.,0.,0.));
#5293=DIRECTION('',(0.,0.,1.));
#5294=DIRECTION('',(1.,0.,0.));
#5295=DIRECTION('',(-0.928476690885259,-0.371390676354105,0.));
#5296=DIRECTION('',(0.,1.,0.));
#5297=DIRECTION('',(0.,0.,1.));
#5298=DIRECTION('',(1.,0.,0.));
#5299=DIRECTION('',(-0.766044443118978,0.64278760968654,0.));
#5300=DIRECTION('',(-1.,0.,0.));
#5301=DIRECTION('',(-0.766044443118978,0.642787609686539,0.));
#5302=DIRECTION('',(0.,0.,1.));
#5303=DIRECTION('',(1.,0.,0.));
#5304=DIRECTION('',(0.,1.,0.));
#5305=DIRECTION('',(0.,0.,1.));
#5306=DIRECTION('',(1.,0.,0.));
#5307=DIRECTION('',(-0.707106781186548,0.707106781186548,0.));
#5308=DIRECTION('',(0.,0.,1.));
#5309=DIRECTION('',(1.,0.,0.));
#5310=DIRECTION('',(0.,-1.,0.));
#5311=DIRECTION('',(-1.,0.,0.));
#5312=DIRECTION('',(0.,-1.,0.));
#5313=DIRECTION('',(0.,0.,1.));
#5314=DIRECTION('',(1.,0.,0.));
#5315=DIRECTION('',(-1.,0.,0.));
#5316=DIRECTION('',(0.,0.,1.));
#5317=DIRECTION('',(1.,0.,0.));
#5318=DIRECTION('',(0.,0.,1.));
#5319=DIRECTION('',(1.,0.,0.));
#5320=DIRECTION('',(0.,-1.,0.));
#5321=DIRECTION('',(0.,0.,1.));
#5322=DIRECTION('',(1.,0.,0.));
#5323=DIRECTION('',(0.,-1.,0.));
#5324=DIRECTION('',(-1.,0.,0.));
#5325=DIRECTION('',(0.,0.,1.));
#5326=DIRECTION('',(0.,0.,-1.));
#5327=DIRECTION('',(1.,0.,0.));
#5328=DIRECTION('',(0.,0.,-1.));
#5329=DIRECTION('',(0.,0.,-1.));
#5330=DIRECTION('',(1.,0.,0.));
#5331=DIRECTION('',(0.,0.,-1.));
#5332=DIRECTION('',(0.,-1.,0.));
#5333=DIRECTION('',(1.,0.,0.));
#5334=DIRECTION('',(0.,0.,-1.));
#5335=DIRECTION('',(0.,0.,1.));
#5336=DIRECTION('',(1.,0.,0.));
#5337=DIRECTION('',(0.,0.,-1.));
#5338=DIRECTION('',(0.,-1.,0.));
#5339=DIRECTION('',(1.,0.,0.));
#5340=DIRECTION('',(0.,0.,-1.));
#5341=DIRECTION('',(0.,0.,1.));
#5342=DIRECTION('',(1.,0.,0.));
#5343=DIRECTION('',(0.,0.,-1.));
#5344=DIRECTION('',(0.,1.,0.));
#5345=DIRECTION('',(1.,0.,0.));
#5346=DIRECTION('',(0.,0.,-1.));
#5347=DIRECTION('',(0.,0.,1.));
#5348=DIRECTION('',(1.,0.,0.));
#5349=DIRECTION('',(0.,0.,-1.));
#5350=DIRECTION('',(0.,0.,-1.));
#5351=DIRECTION('',(0.,0.,-1.));
#5352=DIRECTION('',(0.,0.,-1.));
#5353=DIRECTION('',(0.,0.,-1.));
#5354=DIRECTION('',(-1.,0.,0.));
#5355=DIRECTION('',(1.,0.,0.));
#5356=DIRECTION('',(0.,1.,0.));
#5357=DIRECTION('',(1.,0.,0.));
#5358=DIRECTION('',(0.928476690885259,-0.371390676354104,0.));
#5359=DIRECTION('',(0.,0.,-1.));
#5360=DIRECTION('',(-1.,0.,0.));
#5361=DIRECTION('',(-1.,0.,0.));
#5362=DIRECTION('',(-0.928476690885259,-0.371390676354105,0.));
#5363=DIRECTION('',(1.,0.,0.));
#5364=DIRECTION('',(0.,1.,0.));
#5365=DIRECTION('',(1.,0.,0.));
#5366=DIRECTION('',(0.,0.,-1.));
#5367=DIRECTION('',(0.,-1.,0.));
#5368=DIRECTION('',(0.,-0.707106781186548,-0.707106781186547));
#5369=DIRECTION('',(0.,0.,1.));
#5370=DIRECTION('',(1.,0.,0.));
#5371=DIRECTION('',(0.,0.,-1.));
#5372=DIRECTION('',(0.,0.768221279597377,-0.640184399664479));
#5373=DIRECTION('',(1.,0.,0.));
#5374=DIRECTION('',(0.,0.,-1.));
#5375=DIRECTION('',(0.,0.,-1.));
#5376=DIRECTION('',(1.,0.,0.));
#5377=DIRECTION('',(0.,0.,-1.));
#5378=DIRECTION('',(0.,-0.768221279597377,-0.640184399664479));
#5379=DIRECTION('',(1.,0.,0.));
#5380=DIRECTION('',(0.,0.,-1.));
#5381=DIRECTION('',(-0.64278760968654,-0.766044443118978,0.));
#5382=DIRECTION('',(0.766044443118978,-0.64278760968654,0.));
#5383=DIRECTION('',(0.,0.,-1.));
#5384=DIRECTION('',(-0.766044443118978,0.64278760968654,0.));
#5385=DIRECTION('',(0.,0.,1.));
#5386=DIRECTION('',(-0.64278760968654,-0.766044443118978,0.));
#5387=DIRECTION('',(0.766044443118978,-0.64278760968654,0.));
#5388=DIRECTION('',(-0.766044443118978,0.64278760968654,0.));
#5389=DIRECTION('',(-0.64278760968654,-0.766044443118978,0.));
#5390=DIRECTION('',(0.766044443118978,-0.64278760968654,0.));
#5391=DIRECTION('',(-0.470337492520409,0.394660016502722,-0.789320033005425));
#5392=DIRECTION('',(-0.64278760968654,-0.766044443118978,0.));
#5393=DIRECTION('',(0.766044443118978,-0.64278760968654,0.));
#5394=DIRECTION('',(-0.766044443118978,0.64278760968654,0.));
#5395=DIRECTION('',(-0.64278760968654,-0.766044443118978,0.));
#5396=DIRECTION('',(0.766044443118978,-0.64278760968654,0.));
#5397=DIRECTION('',(-0.67526911925322,0.566618068910784,0.472181724092319));
#5398=DIRECTION('',(-0.64278760968654,-0.766044443118978,0.));
#5399=DIRECTION('',(0.766044443118978,-0.64278760968654,0.));
#5400=DIRECTION('',(0.,0.,1.));
#5401=DIRECTION('',(-0.64278760968654,-0.766044443118978,0.));
#5402=DIRECTION('',(0.766044443118978,-0.64278760968654,0.));
#5403=DIRECTION('',(0.67526911925322,-0.566618068910784,0.472181724092319));
#5404=DIRECTION('',(-0.64278760968654,-0.766044443118978,0.));
#5405=DIRECTION('',(0.766044443118978,-0.64278760968654,0.));
#5406=DIRECTION('',(-0.64278760968654,-0.766044443118978,0.));
#5407=DIRECTION('',(0.766044443118978,-0.64278760968654,0.));
#5408=DIRECTION('',(0.470337492520376,-0.394660016502694,-0.789320033005459));
#5409=DIRECTION('',(-0.64278760968654,-0.766044443118978,0.));
#5410=DIRECTION('',(0.766044443118978,-0.64278760968654,0.));
#5411=DIRECTION('',(0.766044443118978,-0.64278760968654,0.));
#5412=DIRECTION('',(-0.64278760968654,-0.766044443118978,0.));
#5413=DIRECTION('',(0.766044443118978,-0.64278760968654,0.));
#5414=DIRECTION('',(0.,0.,1.));
#5415=DIRECTION('',(0.,0.,-1.));
#5416=DIRECTION('',(1.,0.,0.));
#5417=DIRECTION('',(0.,0.,-1.));
#5418=DIRECTION('',(0.,0.,-1.));
#5419=DIRECTION('',(0.,0.,-1.));
#5420=DIRECTION('',(0.,-1.,0.));
#5421=DIRECTION('',(0.,0.,-1.));
#5422=DIRECTION('',(0.,0.,-1.));
#5423=DIRECTION('',(0.,-1.,0.));
#5424=DIRECTION('',(0.,0.,-1.));
#5425=DIRECTION('',(0.,0.,-1.));
#5426=DIRECTION('',(0.,0.,-1.));
#5427=DIRECTION('',(-1.,0.,0.));
#5428=DIRECTION('',(0.,0.,-1.));
#5429=DIRECTION('',(0.,1.,0.));
#5430=DIRECTION('',(0.,0.,1.));
#5431=DIRECTION('',(0.,0.,-1.));
#5432=DIRECTION('',(1.,0.,0.));
#5433=DIRECTION('',(0.,0.,-1.));
#5434=DIRECTION('',(0.,0.,-1.));
#5435=DIRECTION('',(1.,0.,0.));
#5436=DIRECTION('',(0.,0.,-1.));
#5437=DIRECTION('',(0.,0.,-1.));
#5438=DIRECTION('',(0.,0.,-1.));
#5439=DIRECTION('',(-1.,0.,0.));
#5440=DIRECTION('',(0.,0.,-1.));
#5441=DIRECTION('',(-1.,0.,0.));
#5442=DIRECTION('',(0.,-1.,0.));
#5443=DIRECTION('',(0.,0.,-1.));
#5444=DIRECTION('',(0.,-1.,0.));
#5445=DIRECTION('',(0.,0.,-1.));
#5446=DIRECTION('',(0.,0.,-1.));
#5447=DIRECTION('',(0.,0.,-1.));
#5448=DIRECTION('',(-1.,0.,0.));
#5449=DIRECTION('',(0.,0.,-1.));
#5450=DIRECTION('',(-1.,0.,0.));
#5451=DIRECTION('',(0.,0.,-1.));
#5452=DIRECTION('',(-1.,0.,0.));
#5453=DIRECTION('',(0.,0.,-1.));
#5454=DIRECTION('',(-1.,0.,0.));
#5455=DIRECTION('',(0.,0.,1.));
#5456=DIRECTION('',(1.,0.,0.));
#5457=DIRECTION('',(0.,0.,-1.));
#5458=DIRECTION('',(0.,0.,1.));
#5459=DIRECTION('',(1.,0.,0.));
#5460=DIRECTION('',(0.,0.,-1.));
#5461=DIRECTION('',(-1.,0.,0.));
#5462=DIRECTION('',(0.,0.,1.));
#5463=DIRECTION('',(1.,0.,0.));
#5464=DIRECTION('',(0.,0.,-1.));
#5465=DIRECTION('',(0.,0.,1.));
#5466=DIRECTION('',(1.,0.,0.));
#5467=DIRECTION('',(0.,-1.,0.));
#5468=DIRECTION('',(0.,0.,-1.));
#5469=DIRECTION('',(0.,-2.16840434497101E-16,1.));
#5470=DIRECTION('',(-1.,0.,0.));
#5471=DIRECTION('',(0.,-2.16840434497101E-16,1.));
#5472=DIRECTION('',(-1.,0.,0.));
#5473=DIRECTION('',(-1.,0.,0.));
#5474=DIRECTION('',(0.,0.,-1.));
#5475=DIRECTION('',(-1.,0.,0.));
#5476=DIRECTION('',(0.,0.,-1.));
#5477=DIRECTION('',(-1.,0.,0.));
#5478=DIRECTION('',(0.,0.,1.));
#5479=DIRECTION('',(1.,0.,0.));
#5480=DIRECTION('',(0.,0.,-1.));
#5481=DIRECTION('',(0.,0.,1.));
#5482=DIRECTION('',(1.,0.,0.));
#5483=DIRECTION('',(0.,0.,-1.));
#5484=DIRECTION('',(-1.,0.,0.));
#5485=DIRECTION('',(0.,0.,1.));
#5486=DIRECTION('',(1.,0.,0.));
#5487=DIRECTION('',(0.,0.,-1.));
#5488=DIRECTION('',(0.,0.,1.));
#5489=DIRECTION('',(1.,0.,0.));
#5490=DIRECTION('',(0.,-1.,0.));
#5491=DIRECTION('',(0.,0.,-1.));
#5492=DIRECTION('',(1.,0.,0.));
#5493=DIRECTION('',(0.,0.,1.));
#5494=DIRECTION('',(1.,0.,0.));
#5495=DIRECTION('',(0.,0.,1.));
#5496=DIRECTION('',(1.,0.,0.));
#5497=DIRECTION('',(1.,0.,0.));
#5498=DIRECTION('',(0.,0.,-1.));
#5499=DIRECTION('',(-1.,0.,0.));
#5500=DIRECTION('',(0.,0.,-1.));
#5501=DIRECTION('',(-1.,0.,0.));
#5502=DIRECTION('',(0.,0.,1.));
#5503=DIRECTION('',(1.,0.,0.));
#5504=DIRECTION('',(0.,0.,-1.));
#5505=DIRECTION('',(0.,0.,1.));
#5506=DIRECTION('',(1.,0.,0.));
#5507=DIRECTION('',(0.,0.,-1.));
#5508=DIRECTION('',(-1.,0.,0.));
#5509=DIRECTION('',(0.,0.,1.));
#5510=DIRECTION('',(1.,0.,0.));
#5511=DIRECTION('',(0.,0.,-1.));
#5512=DIRECTION('',(0.,0.,1.));
#5513=DIRECTION('',(1.,0.,0.));
#5514=DIRECTION('',(0.,-1.,0.));
#5515=DIRECTION('',(0.,0.,-1.));
#5516=DIRECTION('',(0.,-2.16840434497101E-16,1.));
#5517=DIRECTION('',(-1.,0.,0.));
#5518=DIRECTION('',(0.,-2.16840434497101E-16,1.));
#5519=DIRECTION('',(-1.,0.,0.));
#5520=DIRECTION('',(-1.,0.,0.));
#5521=DIRECTION('',(0.,0.,-1.));
#5522=DIRECTION('',(-1.,0.,0.));
#5523=DIRECTION('',(0.,0.,-1.));
#5524=DIRECTION('',(-1.,0.,0.));
#5525=DIRECTION('',(0.,0.,1.));
#5526=DIRECTION('',(1.,0.,0.));
#5527=DIRECTION('',(0.,0.,-1.));
#5528=DIRECTION('',(0.,0.,1.));
#5529=DIRECTION('',(1.,0.,0.));
#5530=DIRECTION('',(0.,0.,-1.));
#5531=DIRECTION('',(-1.,0.,0.));
#5532=DIRECTION('',(0.,0.,1.));
#5533=DIRECTION('',(1.,0.,0.));
#5534=DIRECTION('',(0.,0.,1.));
#5535=DIRECTION('',(1.,0.,0.));
#5536=DIRECTION('',(0.,0.,1.));
#5537=DIRECTION('',(1.,0.,0.));
#5538=DIRECTION('',(0.,0.,1.));
#5539=DIRECTION('',(1.,0.,0.));
#5540=DIRECTION('',(0.,0.,1.));
#5541=DIRECTION('',(1.,0.,0.));
#5542=DIRECTION('',(0.,0.,1.));
#5543=DIRECTION('',(1.,0.,0.));
#5544=DIRECTION('',(-1.,0.,0.));
#5545=DIRECTION('',(0.,0.,1.));
#5546=DIRECTION('',(1.,0.,0.));
#5547=DIRECTION('',(0.,1.,0.));
#5548=DIRECTION('',(-1.,0.,0.));
#5549=DIRECTION('',(0.,0.,1.));
#5550=DIRECTION('',(0.,0.,-1.));
#5551=DIRECTION('',(0.,1.,0.));
#5552=DIRECTION('',(0.,0.,-1.));
#5553=DIRECTION('',(-1.,0.,0.));
#5554=DIRECTION('',(0.,0.,1.));
#5555=DIRECTION('',(1.,0.,0.));
#5556=DIRECTION('',(0.,0.,-1.));
#5557=DIRECTION('',(0.,-1.,0.));
#5558=DIRECTION('',(0.,0.,-1.));
#5559=DIRECTION('',(-1.,0.,0.));
#5560=DIRECTION('',(0.,0.,-1.));
#5561=DIRECTION('',(0.,0.,-1.));
#5562=DIRECTION('',(-1.,0.,0.));
#5563=DIRECTION('',(0.,0.,1.));
#5564=DIRECTION('',(1.,0.,0.));
#5565=DIRECTION('',(0.,0.,-1.));
#5566=DIRECTION('',(0.,0.,-1.));
#5567=DIRECTION('',(-1.,0.,0.));
#5568=DIRECTION('',(0.,0.,1.));
#5569=DIRECTION('',(1.,0.,0.));
#5570=DIRECTION('',(0.,0.,1.));
#5571=DIRECTION('',(1.,0.,0.));
#5572=DIRECTION('',(0.,0.,1.));
#5573=DIRECTION('',(1.,0.,0.));
#5574=DIRECTION('',(0.,0.,1.));
#5575=DIRECTION('',(1.,0.,0.));
#5576=DIRECTION('',(0.,1.,0.));
#5577=DIRECTION('',(0.,0.,1.));
#5578=DIRECTION('',(1.,0.,0.));
#5579=DIRECTION('',(0.,0.,1.));
#5580=DIRECTION('',(1.,0.,0.));
#5581=DIRECTION('',(0.,1.,0.));
#5582=DIRECTION('',(0.,0.,1.));
#5583=DIRECTION('',(1.,0.,0.));
#5584=DIRECTION('',(-0.794388486098415,0.607410020623852,0.));
#5585=DIRECTION('',(0.,1.,0.));
#5586=DIRECTION('',(0.,0.,1.));
#5587=DIRECTION('',(1.,0.,0.));
#5588=DIRECTION('',(0.,0.,1.));
#5589=DIRECTION('',(1.,0.,0.));
#5590=DIRECTION('',(1.,0.,0.));
#5591=DIRECTION('',(0.,0.,-1.));
#5592=DIRECTION('',(-1.,0.,0.));
#5593=DIRECTION('',(0.,0.,1.));
#5594=DIRECTION('',(1.,0.,0.));
#5595=DIRECTION('',(0.,0.,-1.));
#5596=DIRECTION('',(0.,1.,0.));
#5597=DIRECTION('',(0.,0.,1.));
#5598=DIRECTION('',(0.,0.,-1.));
#5599=DIRECTION('',(1.,0.,0.));
#5600=DIRECTION('',(0.,0.,-1.));
#5601=DIRECTION('',(-1.,0.,0.));
#5602=DIRECTION('',(0.,0.,1.));
#5603=DIRECTION('',(1.,0.,0.));
#5604=DIRECTION('',(0.,0.,-1.));
#5605=DIRECTION('',(-1.,0.,0.));
#5606=DIRECTION('',(0.,0.,1.));
#5607=DIRECTION('',(0.,1.,0.));
#5608=DIRECTION('',(0.,0.,-1.));
#5609=DIRECTION('',(0.,0.,-1.));
#5610=DIRECTION('',(-1.,0.,0.));
#5611=DIRECTION('',(0.,0.,1.));
#5612=DIRECTION('',(1.,0.,0.));
#5613=DIRECTION('',(0.,0.,-1.));
#5614=DIRECTION('',(0.,0.,-1.));
#5615=DIRECTION('',(-1.,0.,0.));
#5616=DIRECTION('',(0.,0.,1.));
#5617=DIRECTION('',(1.,0.,0.));
#5618=DIRECTION('',(0.,0.,-1.));
#5619=DIRECTION('',(-1.,0.,0.));
#5620=DIRECTION('',(0.,0.,1.));
#5621=DIRECTION('',(0.,-1.,0.));
#5622=DIRECTION('',(0.,0.,1.));
#5623=DIRECTION('',(0.,-1.,0.));
#5624=DIRECTION('',(0.,0.,1.));
#5625=DIRECTION('',(0.,-1.,0.));
#5626=DIRECTION('',(0.,0.,-1.));
#5627=DIRECTION('',(0.,0.,-1.));
#5628=DIRECTION('',(-1.,0.,0.));
#5629=DIRECTION('',(0.,0.,1.));
#5630=DIRECTION('',(1.,0.,0.));
#5631=DIRECTION('',(0.,0.,-1.));
#5632=DIRECTION('',(-0.607410020623852,-0.794388486098415,0.));
#5633=DIRECTION('',(0.794388486098415,-0.607410020623852,0.));
#5634=DIRECTION('',(-0.794388486098415,0.607410020623852,0.));
#5635=DIRECTION('',(0.,0.,-1.));
#5636=DIRECTION('',(-1.,0.,0.));
#5637=DIRECTION('',(0.,0.,1.));
#5638=DIRECTION('',(0.,1.,0.));
#5639=DIRECTION('',(0.,0.,-1.));
#5640=DIRECTION('',(0.,0.,-1.));
#5641=DIRECTION('',(-1.,0.,0.));
#5642=DIRECTION('',(0.,0.,1.));
#5643=DIRECTION('',(1.,0.,0.));
#5644=DIRECTION('',(0.,0.,-1.));
#5645=DIRECTION('',(0.,0.,-1.));
#5646=DIRECTION('',(-1.,0.,0.));
#5647=DIRECTION('',(0.,0.,1.));
#5648=DIRECTION('',(1.,0.,0.));
#5649=DIRECTION('',(0.,0.,1.));
#5650=DIRECTION('',(1.,0.,0.));
#5651=DIRECTION('',(-1.,0.,0.));
#5652=DIRECTION('',(0.,0.,1.));
#5653=DIRECTION('',(1.,0.,0.));
#5654=DIRECTION('',(0.,1.,0.));
#5655=DIRECTION('',(0.,0.,1.));
#5656=DIRECTION('',(1.,0.,0.));
#5657=DIRECTION('',(0.,0.,1.));
#5658=DIRECTION('',(1.,0.,0.));
#5659=DIRECTION('',(0.,0.,-1.));
#5660=DIRECTION('',(-1.,0.,0.));
#5661=DIRECTION('',(0.,0.,1.));
#5662=DIRECTION('',(1.,0.,0.));
#5663=DIRECTION('',(0.,0.,-1.));
#5664=DIRECTION('',(0.,0.,-1.));
#5665=DIRECTION('',(-1.,0.,0.));
#5666=DIRECTION('',(0.,0.,1.));
#5667=DIRECTION('',(1.,0.,0.));
#5668=DIRECTION('',(0.,0.,-1.));
#5669=DIRECTION('',(-1.,0.,0.));
#5670=DIRECTION('',(0.,0.,1.));
#5671=DIRECTION('',(0.,1.,0.));
#5672=DIRECTION('',(0.,0.,-1.));
#5673=DIRECTION('',(0.,0.,-1.));
#5674=DIRECTION('',(-1.,0.,0.));
#5675=DIRECTION('',(0.,0.,1.));
#5676=DIRECTION('',(1.,0.,0.));
#5677=DIRECTION('',(0.,0.,-1.));
#5678=DIRECTION('',(0.,-1.,0.));
#5679=DIRECTION('',(0.,0.,-1.));
#5680=DIRECTION('',(-1.,0.,0.));
#5681=DIRECTION('',(1.,0.,0.));
#5682=DIRECTION('',(0.,0.,-1.));
#5683=DIRECTION('',(0.,-1.,0.));
#5684=DIRECTION('',(1.,0.,0.));
#5685=DIRECTION('',(0.,0.,-1.));
#5686=DIRECTION('',(0.,-0.447213595499967,0.894427190999911));
#5687=DIRECTION('',(1.,0.,0.));
#5688=DIRECTION('',(0.,0.,-1.));
#5689=DIRECTION('',(0.,-1.,0.));
#5690=DIRECTION('',(1.,0.,0.));
#5691=DIRECTION('',(0.,0.,-1.));
#5692=DIRECTION('',(0.,0.,-1.));
#5693=DIRECTION('',(1.,0.,0.));
#5694=DIRECTION('',(0.,0.,-1.));
#5695=DIRECTION('',(1.,0.,0.));
#5696=DIRECTION('',(0.,-1.,0.));
#5697=DIRECTION('',(0.,0.,-1.));
#5698=DIRECTION('',(-1.,0.,0.));
#5699=DIRECTION('',(1.,0.,0.));
#5700=DIRECTION('',(1.,0.,0.));
#5701=DIRECTION('',(0.,0.,-1.));
#5702=DIRECTION('',(1.,0.,0.));
#5703=DIRECTION('',(0.,0.,1.));
#5704=DIRECTION('',(1.,0.,0.));
#5705=DIRECTION('',(1.,0.,0.));
#5706=DIRECTION('',(1.,0.,0.));
#5707=DIRECTION('',(0.,0.,-1.));
#5708=DIRECTION('',(1.,0.,0.));
#5709=DIRECTION('',(0.,0.894427190999911,0.447213595499967));
#5710=DIRECTION('',(0.,-0.447213595499967,0.894427190999912));
#5711=DIRECTION('',(1.,0.,0.));
#5712=DIRECTION('',(1.,0.,0.));
#5713=DIRECTION('',(0.,0.,-1.));
#5714=DIRECTION('',(1.,0.,0.));
#5715=DIRECTION('',(0.,0.,1.));
#5716=DIRECTION('',(1.,0.,0.));
#5717=DIRECTION('',(0.,1.,0.));
#5718=DIRECTION('',(1.,0.,0.));
#5719=DIRECTION('',(1.,0.,0.));
#5720=DIRECTION('',(1.,0.,0.));
#5721=DIRECTION('',(1.,0.,0.));
#5722=DIRECTION('',(0.,0.,-1.));
#5723=DIRECTION('',(1.,0.,0.));
#5724=DIRECTION('',(0.,-0.640184399664479,0.768221279597377));
#5725=DIRECTION('',(0.,-0.768221279597377,-0.640184399664479));
#5726=DIRECTION('',(1.,0.,0.));
#5727=DIRECTION('',(1.,0.,0.));
#5728=DIRECTION('',(0.,0.,-1.));
#5729=DIRECTION('',(1.,0.,0.));
#5730=DIRECTION('',(0.,-1.,0.));
#5731=DIRECTION('',(0.,0.,-1.));
#5732=DIRECTION('',(1.,0.,0.));
#5733=DIRECTION('',(1.,0.,0.));
#5734=DIRECTION('',(0.,0.,-1.));
#5735=DIRECTION('',(1.,0.,0.));
#5736=DIRECTION('',(0.,-0.640184399664479,-0.768221279597377));
#5737=DIRECTION('',(0.,0.768221279597377,-0.640184399664479));
#5738=DIRECTION('',(1.,0.,0.));
#5739=DIRECTION('',(0.,0.,-1.));
#5740=DIRECTION('',(1.,0.,0.));
#5741=DIRECTION('',(1.,0.,0.));
#5742=DIRECTION('',(0.,0.,-1.));
#5743=DIRECTION('',(1.,0.,0.));
#5744=DIRECTION('',(0.,0.,-1.));
#5745=DIRECTION('',(-1.,0.,0.));
#5746=DIRECTION('',(1.,0.,0.));
#5747=DIRECTION('',(0.,1.,0.));
#5748=DIRECTION('',(1.,0.,0.));
#5749=DIRECTION('',(0.,0.,-1.));
#5750=DIRECTION('',(1.,0.,0.));
#5751=DIRECTION('',(1.,0.,0.));
#5752=DIRECTION('',(0.,0.,-1.));
#5753=DIRECTION('',(0.,0.894427190999932,-0.447213595499926));
#5754=DIRECTION('',(0.,0.447213595499926,0.894427190999932));
#5755=DIRECTION('',(1.,0.,0.));
#5756=DIRECTION('',(0.,0.447213595499926,0.894427190999932));
#5757=DIRECTION('',(0.,-1.,0.));
#5758=DIRECTION('',(0.,0.,-1.));
#5759=DIRECTION('',(0.,0.,-1.));
#5760=DIRECTION('',(1.,0.,0.));
#5761=DIRECTION('',(0.,0.,-1.));
#5762=DIRECTION('',(1.,0.,0.));
#5763=DIRECTION('',(0.,0.,-1.));
#5764=DIRECTION('',(1.,0.,0.));
#5765=DIRECTION('',(0.,0.,-1.));
#5766=DIRECTION('',(0.,1.,0.));
#5767=DIRECTION('',(0.,0.,1.));
#5768=DIRECTION('',(0.,0.,-1.));
#5769=DIRECTION('',(0.,0.,1.));
#5770=DIRECTION('',(1.,0.,0.));
#5771=DIRECTION('',(0.,0.,1.));
#5772=DIRECTION('',(0.,1.,0.));
#5773=DIRECTION('',(1.,0.,0.));
#5774=DIRECTION('',(1.,0.,0.));
#5775=DIRECTION('',(0.,0.,1.));
#5776=DIRECTION('',(-1.,0.,0.));
#5777=DIRECTION('',(0.,0.,1.));
#5778=DIRECTION('',(0.,1.,0.));
#5779=DIRECTION('',(0.,0.,1.));
#5780=DIRECTION('',(0.,1.,0.));
#5781=DIRECTION('',(0.,1.,0.));
#5782=DIRECTION('',(0.,0.,1.));
#5783=DIRECTION('',(0.,-1.,0.));
#5784=DIRECTION('',(0.,0.,-1.));
#5785=DIRECTION('',(0.,1.,0.));
#5786=DIRECTION('',(0.,0.,1.));
#5787=DIRECTION('',(1.,0.,0.));
#5788=DIRECTION('',(1.,0.,0.));
#5789=DIRECTION('',(0.,1.,0.));
#5790=DIRECTION('',(-1.,0.,0.));
#5791=DIRECTION('',(0.,0.,1.));
#5792=DIRECTION('',(0.,0.,1.));
#5793=DIRECTION('',(0.,-0.707106781186547,0.707106781186548));
#5794=DIRECTION('',(1.,0.,0.));
#5795=DIRECTION('',(-0.577350269189625,0.577350269189627,0.577350269189626));
#5796=DIRECTION('',(-0.707106781186549,-0.707106781186546,0.));
#5797=DIRECTION('',(0.,0.,1.));
#5798=DIRECTION('',(-0.577350269189624,0.577350269189627,0.577350269189626));
#5799=DIRECTION('',(0.,-0.707106781186547,0.707106781186548));
#5800=DIRECTION('',(1.,0.,0.));
#5801=DIRECTION('',(3.06658683336674E-15,-0.707106781186548,-0.707106781186547));
#5802=DIRECTION('',(0.,1.,0.));
#5803=DIRECTION('',(0.,0.,1.));
#5804=DIRECTION('',(0.707106781186547,-0.707106781186547,0.));
#5805=DIRECTION('',(-0.707106781186547,-0.707106781186547,0.));
#5806=DIRECTION('',(0.,0.,1.));
#5807=DIRECTION('',(-0.707106781186548,0.707106781186548,0.));
#5808=DIRECTION('',(0.,0.,1.));
#5809=DIRECTION('',(1.,0.,0.));
#5810=DIRECTION('',(1.,0.,0.));
#5811=DIRECTION('',(0.,-1.,0.));
#5812=DIRECTION('',(1.,0.,0.));
#5813=DIRECTION('',(1.,0.,0.));
#5814=DIRECTION('',(0.,0.,-1.));
#5815=DIRECTION('',(1.,0.,0.));
#5816=DIRECTION('',(1.,0.,0.));
#5817=DIRECTION('',(0.,0.,-1.));
#5818=DIRECTION('',(0.,-1.,0.));
#5819=DIRECTION('',(0.,0.,-1.));
#5820=DIRECTION('',(1.,0.,0.));
#5821=DIRECTION('',(0.,0.,-1.));
#5822=DIRECTION('',(1.,0.,0.));
#5823=DIRECTION('',(0.,0.,-1.));
#5824=DIRECTION('',(1.,0.,0.));
#5825=DIRECTION('',(0.,0.,-1.));
#5826=DIRECTION('',(1.,0.,0.));
#5827=DIRECTION('',(0.,0.,-1.));
#5828=DIRECTION('',(1.,0.,0.));
#5829=DIRECTION('',(1.,0.,0.));
#5830=DIRECTION('',(0.,0.,-1.));
#5831=DIRECTION('',(0.,1.,0.));
#5832=DIRECTION('',(0.,0.,1.));
#5833=DIRECTION('',(1.,0.,0.));
#5834=DIRECTION('',(0.,0.,1.));
#5835=DIRECTION('',(1.,0.,0.));
#5836=DIRECTION('',(0.,0.,-1.));
#5837=DIRECTION('',(1.,0.,0.));
#5838=DIRECTION('',(1.,0.,0.));
#5839=DIRECTION('',(0.,0.,-1.));
#5840=DIRECTION('',(0.,0.,-1.));
#5841=DIRECTION('',(-1.,0.,0.));
#5842=DIRECTION('',(1.,0.,0.));
#5843=DIRECTION('',(0.,1.,0.));
#5844=DIRECTION('',(1.,0.,0.));
#5845=DIRECTION('',(0.,0.,-1.));
#5846=DIRECTION('',(1.,0.,0.));
#5847=DIRECTION('',(1.,0.,0.));
#5848=DIRECTION('',(0.,0.,-1.));
#5849=DIRECTION('',(0.,1.,0.));
#5850=DIRECTION('',(0.,0.,1.));
#5851=DIRECTION('',(1.,0.,0.));
#5852=DIRECTION('',(0.,0.,1.));
#5853=DIRECTION('',(1.,0.,0.));
#5854=DIRECTION('',(0.,0.,-1.));
#5855=DIRECTION('',(1.,0.,0.));
#5856=DIRECTION('',(1.,0.,0.));
#5857=DIRECTION('',(0.,0.,-1.));
#5858=DIRECTION('',(0.,0.,1.));
#5859=DIRECTION('',(1.,0.,0.));
#5860=DIRECTION('',(1.,0.,0.));
#5861=DIRECTION('',(0.,-1.,0.));
#5862=DIRECTION('',(1.,0.,0.));
#5863=DIRECTION('',(0.,0.,-1.));
#5864=DIRECTION('',(1.,0.,0.));
#5865=DIRECTION('',(1.,0.,0.));
#5866=DIRECTION('',(0.,0.,-1.));
#5867=DIRECTION('',(0.,1.,0.));
#5868=DIRECTION('',(0.,0.,1.));
#5869=DIRECTION('',(1.,0.,0.));
#5870=DIRECTION('',(0.,0.,1.));
#5871=DIRECTION('',(1.,0.,0.));
#5872=DIRECTION('',(0.,0.,-1.));
#5873=DIRECTION('',(1.,0.,0.));
#5874=DIRECTION('',(0.,0.,-1.));
#5875=DIRECTION('',(1.,0.,0.));
#5876=DIRECTION('',(0.,0.,-1.));
#5877=DIRECTION('',(0.,0.,-1.));
#5878=DIRECTION('',(0.,-1.,0.));
#5879=DIRECTION('',(0.,0.,-1.));
#5880=DIRECTION('',(0.371390676354104,0.928476690885259,0.));
#5881=DIRECTION('',(-0.928476690885259,0.371390676354104,0.));
#5882=DIRECTION('',(0.928476690885259,-0.371390676354104,0.));
#5883=DIRECTION('',(0.,0.,-1.));
#5884=DIRECTION('',(0.371390676354105,-0.928476690885259,0.));
#5885=DIRECTION('',(0.928476690885259,0.371390676354105,0.));
#5886=DIRECTION('',(0.,0.,-1.));
#5887=DIRECTION('',(-0.928476690885259,-0.371390676354105,0.));
#5888=DIRECTION('',(0.,-1.,0.));
#5889=DIRECTION('',(0.,0.,-1.));
#5890=DIRECTION('',(-1.,0.,0.));
#5891=DIRECTION('',(0.,1.,0.));
#5892=DIRECTION('',(0.,0.,1.));
#5893=DIRECTION('',(1.,0.,0.));
#5894=DIRECTION('',(0.,0.,1.));
#5895=DIRECTION('',(1.,0.,0.));
#5896=DIRECTION('',(0.,0.,1.));
#5897=DIRECTION('',(1.,0.,0.));
#5898=DIRECTION('',(0.,0.,1.));
#5899=DIRECTION('',(1.,0.,0.));
#5900=DIRECTION('',(0.,-1.,0.));
#5901=DIRECTION('',(0.,0.,1.));
#5902=DIRECTION('',(1.,0.,0.));
#5903=DIRECTION('',(0.,-1.,0.));
#5904=DIRECTION('',(0.,0.,1.));
#5905=DIRECTION('',(1.,0.,0.));
#5906=DIRECTION('',(0.,0.,1.));
#5907=DIRECTION('',(1.,0.,0.));
#5908=DIRECTION('',(0.,0.,1.));
#5909=DIRECTION('',(1.,0.,0.));
#5910=DIRECTION('',(0.,-1.,0.));
#5911=DIRECTION('',(0.,0.,1.));
#5912=DIRECTION('',(1.,0.,0.));
#5913=DIRECTION('',(0.,0.,1.));
#5914=DIRECTION('',(1.,0.,0.));
#5915=DIRECTION('',(1.,0.,0.));
#5916=DIRECTION('',(0.,1.,0.));
#5917=DIRECTION('',(1.,0.,0.));
#5918=DIRECTION('',(-0.766044443118978,0.64278760968654,0.));
#5919=DIRECTION('',(1.,0.,0.));
#5920=DIRECTION('',(0.,1.,0.));
#5921=DIRECTION('',(-0.766044443118978,0.64278760968654,0.));
#5922=DIRECTION('',(0.,0.,1.));
#5923=DIRECTION('',(1.,0.,0.));
#5924=DIRECTION('',(0.,0.,1.));
#5925=DIRECTION('',(1.,0.,0.));
#5926=DIRECTION('',(0.,0.,1.));
#5927=DIRECTION('',(1.,0.,0.));
#5928=DIRECTION('',(0.,0.,1.));
#5929=DIRECTION('',(1.,0.,0.));
#5930=DIRECTION('',(0.,0.,1.));
#5931=DIRECTION('',(1.,0.,0.));
#5932=DIRECTION('',(0.,0.,-1.));
#5933=DIRECTION('',(0.,1.,0.));
#5934=DIRECTION('',(0.,0.,1.));
#5935=DIRECTION('',(0.,1.,0.));
#5936=DIRECTION('',(0.,0.,1.));
#5937=DIRECTION('',(1.,0.,0.));
#5938=DIRECTION('',(0.,0.,1.));
#5939=DIRECTION('',(1.,0.,0.));
#5940=DIRECTION('',(0.,0.,1.));
#5941=DIRECTION('',(0.642787609686539,0.766044443118978,0.));
#5942=DIRECTION('',(-0.766044443118978,0.64278760968654,0.));
#5943=DIRECTION('',(0.,0.,-1.));
#5944=DIRECTION('',(-0.766044443118978,0.64278760968654,0.));
#5945=DIRECTION('',(0.,0.,1.));
#5946=DIRECTION('',(-0.701377404754921,0.588525521645933,-0.402128644180733));
#5947=DIRECTION('',(0.642787609686539,0.766044443118978,0.));
#5948=DIRECTION('',(0.766044443118978,-0.64278760968654,0.));
#5949=DIRECTION('',(-0.581650945794099,0.488063094089745,0.650750792119667));
#5950=DIRECTION('',(0.642787609686539,0.766044443118978,0.));
#5951=DIRECTION('',(0.766044443118978,-0.64278760968654,0.));
#5952=DIRECTION('',(-0.766044443118978,0.64278760968654,0.));
#5953=DIRECTION('',(0.642787609686539,0.766044443118978,0.));
#5954=DIRECTION('',(0.766044443118978,-0.64278760968654,0.));
#5955=DIRECTION('',(0.,0.,1.));
#5956=DIRECTION('',(1.,0.,0.));
#5957=DIRECTION('',(0.,-0.564161371551654,-0.825664548620659));
#5958=DIRECTION('',(0.,-0.825664548620659,0.564161371551655));
#5959=DIRECTION('',(0.,0.,1.));
#5960=DIRECTION('',(1.,0.,0.));
#5961=DIRECTION('',(0.,0.,1.));
#5962=DIRECTION('',(1.,0.,0.));
#5963=DIRECTION('',(0.,0.,1.));
#5964=DIRECTION('',(1.,0.,0.));
#5965=DIRECTION('',(0.,0.,1.));
#5966=DIRECTION('',(-1.,0.,0.));
#5967=DIRECTION('',(0.,0.,1.));
#5968=DIRECTION('',(0.,-1.,0.));
#5969=DIRECTION('',(0.,0.,1.));
#5970=DIRECTION('',(0.,0.,1.));
#5971=DIRECTION('',(1.,0.,0.));
#5972=DIRECTION('',(0.,0.,1.));
#5973=DIRECTION('',(1.,0.,0.));
#5974=DIRECTION('',(0.,0.,1.));
#5975=DIRECTION('',(-1.,0.,0.));
#5976=DIRECTION('',(0.,0.,1.));
#5977=DIRECTION('',(0.,-1.,0.));
#5978=DIRECTION('',(0.,0.,1.));
#5979=DIRECTION('',(0.,0.,1.));
#5980=DIRECTION('',(1.,0.,0.));
#5981=DIRECTION('',(0.,0.,1.));
#5982=DIRECTION('',(1.,0.,0.));
#5983=DIRECTION('',(0.,0.,1.));
#5984=DIRECTION('',(1.,0.,0.));
#5985=DIRECTION('',(0.,0.,1.));
#5986=DIRECTION('',(1.,0.,0.));
#5987=DIRECTION('',(1.,0.,0.));
#5988=DIRECTION('',(0.,0.,-1.));
#5989=DIRECTION('',(0.,0.825664548620659,-0.564161371551655));
#5990=DIRECTION('',(1.,0.,0.));
#5991=DIRECTION('',(0.,0.,-1.));
#5992=DIRECTION('',(1.,0.,0.));
#5993=DIRECTION('',(0.,0.,-1.));
#5994=DIRECTION('',(1.,0.,0.));
#5995=DIRECTION('',(0.,-0.564161371551654,-0.825664548620659));
#5996=DIRECTION('',(0.,0.825664548620659,-0.564161371551655));
#5997=DIRECTION('',(1.,0.,0.));
#5998=DIRECTION('',(0.,0.,-1.));
#5999=DIRECTION('',(0.,0.,-1.));
#6000=DIRECTION('',(1.,0.,0.));
#6001=DIRECTION('',(0.,0.,-1.));
#6002=DIRECTION('',(0.,1.,0.));
#6003=DIRECTION('',(1.,0.,0.));
#6004=DIRECTION('',(0.,0.,-1.));
#6005=DIRECTION('',(0.,0.599999999999996,0.800000000000003));
#6006=DIRECTION('',(1.,0.,0.));
#6007=DIRECTION('',(0.,0.,-1.));
#6008=DIRECTION('',(0.,-1.,0.));
#6009=DIRECTION('',(0.,0.,-1.));
#6010=DIRECTION('',(1.,0.,0.));
#6011=DIRECTION('',(1.,0.,0.));
#6012=DIRECTION('',(0.,0.,-1.));
#6013=DIRECTION('',(1.,0.,0.));
#6014=DIRECTION('',(0.,0.,-1.));
#6015=DIRECTION('',(-1.,0.,0.));
#6016=DIRECTION('',(1.,0.,0.));
#6017=DIRECTION('',(1.,0.,0.));
#6018=DIRECTION('',(0.,0.,-1.));
#6019=DIRECTION('',(1.,0.,0.));
#6020=DIRECTION('',(0.,0.800000000000003,-0.599999999999996));
#6021=DIRECTION('',(0.,0.599999999999996,0.800000000000003));
#6022=DIRECTION('',(1.,0.,0.));
#6023=DIRECTION('',(1.,0.,0.));
#6024=DIRECTION('',(0.,0.,-1.));
#6025=DIRECTION('',(0.,0.,-1.));
#6026=DIRECTION('',(-1.,0.,0.));
#6027=DIRECTION('',(0.,-1.,0.));
#6028=DIRECTION('',(-1.,0.,0.));
#6029=DIRECTION('',(0.,-1.,0.));
#6030=DIRECTION('',(0.,1.,0.));
#6031=DIRECTION('',(0.,0.,1.));
#6032=DIRECTION('',(0.,0.,-1.));
#6033=DIRECTION('',(-1.,0.,0.));
#6034=DIRECTION('',(0.,0.,-1.));
#6035=DIRECTION('',(0.,0.,1.));
#6036=DIRECTION('',(1.,0.,0.));
#6037=DIRECTION('',(0.,1.,0.));
#6038=DIRECTION('',(0.,1.,0.));
#6039=DIRECTION('',(1.,0.,0.));
#6040=DIRECTION('',(0.,0.,-1.));
#6041=DIRECTION('',(1.,0.,0.));
#6042=DIRECTION('',(0.,0.,-1.));
#6043=DIRECTION('',(0.,0.,-1.));
#6044=DIRECTION('',(-1.,0.,0.));
#6045=DIRECTION('',(0.,-1.,0.));
#6046=DIRECTION('',(-1.,0.,0.));
#6047=DIRECTION('',(0.,-1.,0.));
#6048=DIRECTION('',(0.,1.,0.));
#6049=DIRECTION('',(0.,0.,1.));
#6050=DIRECTION('',(0.,0.,-1.));
#6051=DIRECTION('',(-1.,0.,0.));
#6052=DIRECTION('',(0.,0.,-1.));
#6053=DIRECTION('',(0.,0.,1.));
#6054=DIRECTION('',(1.,0.,0.));
#6055=DIRECTION('',(0.,1.,0.));
#6056=DIRECTION('',(0.,1.,0.));
#6057=DIRECTION('',(1.,0.,0.));
#6058=DIRECTION('',(0.,0.,-1.));
#6059=DIRECTION('',(1.,0.,0.));
#6060=DIRECTION('',(0.,0.,-1.));
#6061=DIRECTION('',(0.,0.,-1.));
#6062=DIRECTION('',(-1.,0.,0.));
#6063=DIRECTION('',(0.,0.,-1.));
#6064=DIRECTION('',(-1.,0.,0.));
#6065=DIRECTION('',(0.,0.,1.));
#6066=DIRECTION('',(0.,0.,-1.));
#6067=DIRECTION('',(0.,1.,0.));
#6068=DIRECTION('',(0.,0.,1.));
#6069=DIRECTION('',(0.,0.,-1.));
#6070=DIRECTION('',(0.642787609686538,0.766044443118979,0.));
#6071=DIRECTION('',(-0.766044443118979,0.642787609686538,0.));
#6072=DIRECTION('',(0.766044443118978,-0.642787609686539,0.));
#6073=DIRECTION('',(0.,0.,-1.));
#6074=DIRECTION('',(0.766044443118978,-0.642787609686539,0.));
#6075=DIRECTION('',(0.,0.,-1.));
#6076=DIRECTION('',(-1.,0.,0.));
#6077=DIRECTION('',(0.,0.,1.));
#6078=DIRECTION('',(1.,0.,0.));
#6079=DIRECTION('',(0.,0.,1.));
#6080=DIRECTION('',(1.,0.,0.));
#6081=DIRECTION('',(0.,0.,-1.));
#6082=DIRECTION('',(-1.,0.,0.));
#6083=DIRECTION('',(0.,0.,-1.));
#6084=DIRECTION('',(0.469471562785891,-0.882947592858927,0.));
#6085=DIRECTION('',(0.882947592858927,0.469471562785891,0.));
#6086=DIRECTION('',(0.,0.,1.));
#6087=DIRECTION('',(1.,0.,0.));
#6088=DIRECTION('',(0.,1.,0.));
#6089=DIRECTION('',(0.,0.,1.));
#6090=DIRECTION('',(1.,0.,0.));
#6091=DIRECTION('',(0.,1.,0.));
#6092=DIRECTION('',(0.,1.,0.));
#6093=DIRECTION('',(0.,0.,1.));
#6094=DIRECTION('',(0.,1.,0.));
#6095=DIRECTION('',(0.,1.,0.));
#6096=DIRECTION('',(0.,1.,0.));
#6097=DIRECTION('',(0.,0.,1.));
#6098=DIRECTION('',(0.,1.,0.));
#6099=DIRECTION('',(0.,1.,0.));
#6100=DIRECTION('',(0.,0.,1.));
#6101=DIRECTION('',(0.,1.,0.));
#6102=DIRECTION('',(0.,1.,0.));
#6103=DIRECTION('',(0.,0.,1.));
#6104=DIRECTION('',(0.,1.,0.));
#6105=DIRECTION('',(0.,0.,1.));
#6106=DIRECTION('',(0.,0.,-1.));
#6107=DIRECTION('',(-1.,0.,0.));
#6108=DIRECTION('',(0.,0.,1.));
#6109=DIRECTION('',(1.,0.,0.));
#6110=DIRECTION('',(0.,0.,1.));
#6111=DIRECTION('',(1.,0.,0.));
#6112=DIRECTION('',(0.,-1.,0.));
#6113=DIRECTION('',(0.,0.,-1.));
#6114=DIRECTION('',(0.,0.,-1.));
#6115=DIRECTION('',(-1.,0.,0.));
#6116=DIRECTION('',(0.,0.,-1.));
#6117=DIRECTION('',(1.,0.,0.));
#6118=DIRECTION('',(0.,0.,-1.));
#6119=DIRECTION('',(0.,0.,-1.));
#6120=DIRECTION('',(0.,-1.,0.));
#6121=DIRECTION('',(0.,1.,0.));
#6122=DIRECTION('',(0.,0.,1.));
#6123=DIRECTION('',(0.,0.,-1.));
#6124=DIRECTION('',(1.,0.,0.));
#6125=DIRECTION('',(-1.,-1.44560289664734E-16,0.));
#6126=DIRECTION('',(1.44560289664734E-16,-1.,0.));
#6127=DIRECTION('',(0.,0.,-1.));
#6128=DIRECTION('',(-1.44560289664734E-16,1.,0.));
#6129=DIRECTION('',(-0.887646653476579,0.460525155199833,0.));
#6130=DIRECTION('',(-0.460525155199833,-0.887646653476579,0.));
#6131=DIRECTION('',(0.460525155199833,0.887646653476579,0.));
#6132=DIRECTION('',(0.,0.,1.));
#6133=DIRECTION('',(1.,0.,0.));
#6134=DIRECTION('',(0.,-1.,0.));
#6135=DIRECTION('',(0.,0.,-1.));
#6136=DIRECTION('',(0.,0.,-1.));
#6137=DIRECTION('',(-1.,0.,0.));
#6138=DIRECTION('',(0.,0.,-1.));
#6139=DIRECTION('',(1.,0.,0.));
#6140=DIRECTION('',(0.,0.,-1.));
#6141=DIRECTION('',(0.,0.,-1.));
#6142=DIRECTION('',(0.,-1.,0.));
#6143=DIRECTION('',(0.,0.,-1.));
#6144=DIRECTION('',(-1.,0.,0.));
#6145=DIRECTION('',(0.,0.,-1.));
#6146=DIRECTION('',(0.,0.,1.));
#6147=DIRECTION('',(1.,0.,0.));
#6148=DIRECTION('',(0.,1.,0.));
#6149=DIRECTION('',(0.,0.,1.));
#6150=DIRECTION('',(0.,0.,-1.));
#6151=DIRECTION('',(1.,0.,0.));
#6152=DIRECTION('',(0.,0.,-1.));
#6153=DIRECTION('',(-1.,0.,0.));
#6154=DIRECTION('',(0.,0.,-1.));
#6155=DIRECTION('',(0.,0.,1.));
#6156=DIRECTION('',(1.,0.,0.));
#6157=DIRECTION('',(-0.707106781186548,-0.707106781186548,0.));
#6158=DIRECTION('',(0.707106781186548,-0.707106781186548,0.));
#6159=DIRECTION('',(0.,0.,-1.));
#6160=DIRECTION('',(-0.707106781186547,0.707106781186547,0.));
#6161=DIRECTION('',(0.,0.,-1.));
#6162=DIRECTION('',(-1.,0.,0.));
#6163=DIRECTION('',(0.,0.,1.));
#6164=DIRECTION('',(1.,0.,0.));
#6165=DIRECTION('',(0.,0.,1.));
#6166=DIRECTION('',(1.,0.,0.));
#6167=CARTESIAN_POINT('',(0.,0.,0.));
#6168=CARTESIAN_POINT('',(-8.85,0.300000000000002,3.5));
#6169=CARTESIAN_POINT('',(-5.7,8.15,3.5));
#6170=CARTESIAN_POINT('',(-5.7,8.15,3.5));
#6171=CARTESIAN_POINT('',(-5.7,7.65,3.5));
#6172=CARTESIAN_POINT('',(-4.89974169979695,8.15,3.5));
#6173=CARTESIAN_POINT('',(-4.89974169979695,8.15,3.5));
#6174=CARTESIAN_POINT('',(-4.89974169979695,6.55000000000001,3.5));
#6175=CARTESIAN_POINT('',(-3.76837084989848,7.68137084989848,3.5));
#6176=CARTESIAN_POINT('',(-3.49306601717798,7.40606601717798,3.5));
#6177=CARTESIAN_POINT('',(-3.49306601717798,7.40606601717798,3.5));
#6178=CARTESIAN_POINT('',(-3.59913203435597,7.3,3.5));
#6179=CARTESIAN_POINT('',(-3.59913203435597,7.15,3.5));
#6180=CARTESIAN_POINT('',(-5.2,7.15,3.5));
#6181=CARTESIAN_POINT('',(-5.2,7.15,3.5));
#6182=CARTESIAN_POINT('',(-5.2,7.65,3.5));
#6183=CARTESIAN_POINT('',(-3.75,9.7,3.5));
#6184=CARTESIAN_POINT('',(-3.3,9.7,3.5));
#6185=CARTESIAN_POINT('',(-8.85,11.75,3.5));
#6186=CARTESIAN_POINT('',(-0.25,11.75,3.5));
#6187=CARTESIAN_POINT('',(2.84731745555216,11.75,3.5));
#6188=CARTESIAN_POINT('',(-0.25,0.300000000000002,3.5));
#6189=CARTESIAN_POINT('',(-0.25,12.3427050983125,3.5));
#6190=CARTESIAN_POINT('',(-0.25,12.3427050983125,3.5));
#6191=CARTESIAN_POINT('',(2.14095902528935,12.3427050983125,3.5));
#6192=CARTESIAN_POINT('',(5.24283628290596,9.73992103548919,3.5));
#6193=CARTESIAN_POINT('',(2.13739876700856,12.3456925097228,3.5));
#6194=CARTESIAN_POINT('',(-0.25,12.3456925097228,3.5));
#6195=CARTESIAN_POINT('',(-0.25,12.3456925097228,3.5));
#6196=CARTESIAN_POINT('',(-0.25,0.300000000000002,3.5));
#6197=CARTESIAN_POINT('',(-0.25,12.75,3.5));
#6198=CARTESIAN_POINT('',(1.65556386295795,12.75,3.5));
#6199=CARTESIAN_POINT('',(-8.85,12.75,3.5));
#6200=CARTESIAN_POINT('',(-8.85,12.45,3.5));
#6201=CARTESIAN_POINT('',(-9.15,12.45,3.5));
#6202=CARTESIAN_POINT('',(-9.15,12.45,3.5));
#6203=CARTESIAN_POINT('',(-9.15,0.300000000000002,3.5));
#6204=CARTESIAN_POINT('',(-8.85,0.300000000000002,3.5));
#6205=CARTESIAN_POINT('',(-8.85,5.42101086242752E-17,3.5));
#6206=CARTESIAN_POINT('',(-8.85,0.,3.5));
#6207=CARTESIAN_POINT('',(5.05,0.,3.5));
#6208=CARTESIAN_POINT('',(5.05,0.3,3.5));
#6209=CARTESIAN_POINT('',(5.35,0.3,3.5));
#6210=CARTESIAN_POINT('',(5.35,0.3,3.5));
#6211=CARTESIAN_POINT('',(5.35,9.5101077025535,3.5));
#6212=CARTESIAN_POINT('',(5.04999999999999,9.5101077025535,3.5));
#6213=CARTESIAN_POINT('',(5.24283628290596,9.73992103548919,3.5));
#6214=CARTESIAN_POINT('',(5.24283628290596,9.73992103548919,3.5));
#6215=CARTESIAN_POINT('',(-1.7,4.65,3.5));
#6216=CARTESIAN_POINT('',(-1.7,4.65,3.5));
#6217=CARTESIAN_POINT('',(-1.7,2.1,3.5));
#6218=CARTESIAN_POINT('',(0.0338685344140399,4.65,3.5));
#6219=CARTESIAN_POINT('',(0.0338685344140399,4.65,3.5));
#6220=CARTESIAN_POINT('',(-0.9,2.85,3.5));
#6221=CARTESIAN_POINT('',(-0.899999999999999,2.85,3.5));
#6222=CARTESIAN_POINT('',(-0.9,2.1,3.5));
#6223=CARTESIAN_POINT('',(-0.9,2.1,3.5));
#6224=CARTESIAN_POINT('',(-1.7,2.1,3.5));
#6225=CARTESIAN_POINT('',(4.86689866516366,10.4862447962987,2.65));
#6226=CARTESIAN_POINT('',(5.99999999999999,10.9428976279777,2.80000000000005));
#6227=CARTESIAN_POINT('',(7.02738724796294,11.3569464703797,-0.0185945864425315));
#6228=CARTESIAN_POINT('',(6.,10.9428976279777,-0.2));
#6229=CARTESIAN_POINT('',(6.89040228156788,11.3017399580595,0.357218025083134));
#6230=CARTESIAN_POINT('',(7.2421391990982,11.4434939693364,0.166741935123608));
#6231=CARTESIAN_POINT('',(7.2421391990982,11.4434939693364,2.65));
#6232=CARTESIAN_POINT('',(7.2421391990982,11.4434939693364,2.53325806487639));
#6233=CARTESIAN_POINT('',(6.89040228156788,11.3017399580595,2.34278197491686));
#6234=CARTESIAN_POINT('',(7.02738725903099,11.3569464748403,2.71859458240819));
#6235=CARTESIAN_POINT('',(6.,10.9428976279777,-0.100000000000037));
#6236=CARTESIAN_POINT('',(6.,10.9428976279777,2.9));
#6237=CARTESIAN_POINT('',(4.86689866516366,10.4862447962987,2.9));
#6238=CARTESIAN_POINT('',(4.86689866516366,10.4862447962987,2.9));
#6239=CARTESIAN_POINT('',(4.86689866516366,10.4862447962987,2.65));
#6240=CARTESIAN_POINT('',(4.86689866516366,10.4862447962987,-0.2));
#6241=CARTESIAN_POINT('',(4.86689866516366,10.4862447962987,-0.2));
#6242=CARTESIAN_POINT('',(7.13,11.7217470915571,2.65));
#6243=CARTESIAN_POINT('',(7.27489143062219,11.4590562593375,0.246908939965501));
#6244=CARTESIAN_POINT('',(7.2668464005653,11.4546188912554,0.218867489368819));
#6245=CARTESIAN_POINT('',(7.25593434472431,11.4490535712183,0.19221632406367));
#6246=CARTESIAN_POINT('',(7.2421391990982,11.4434939693364,0.166741935123608));
#6247=CARTESIAN_POINT('',(7.27489143062219,11.4590562593375,0.246908939965501));
#6248=CARTESIAN_POINT('',(7.27489143062219,11.4590562593375,0.246908939965502));
#6249=CARTESIAN_POINT('',(7.37955014003908,11.5167824845215,0.611703279758624));
#6250=CARTESIAN_POINT('',(7.43,11.6207684643735,0.981272899232328));
#6251=CARTESIAN_POINT('',(7.43,11.7217470915571,1.35));
#6252=CARTESIAN_POINT('',(7.43,11.7217470915571,1.35));
#6253=CARTESIAN_POINT('',(7.27489142396431,11.4590562556652,2.45309108324096));
#6254=CARTESIAN_POINT('',(7.3795501379131,11.5167824798893,2.08829673595774));
#6255=CARTESIAN_POINT('',(7.43,11.620768462226,1.71872710860892));
#6256=CARTESIAN_POINT('',(7.43,11.7217470915571,1.35));
#6257=CARTESIAN_POINT('',(7.27489142396431,11.4590562556652,2.45309108324096));
#6258=CARTESIAN_POINT('',(7.2421391990982,11.4434939693364,2.53325806487639));
#6259=CARTESIAN_POINT('',(7.25593434087371,11.4490535696665,2.50778368304693));
#6260=CARTESIAN_POINT('',(7.26684639449084,11.4546188881709,2.48113252541923));
#6261=CARTESIAN_POINT('',(7.27489142396431,11.4590562556652,2.45309108324096));
#6262=CARTESIAN_POINT('',(7.13,12.45,2.65));
#6263=CARTESIAN_POINT('',(7.13,12.75,0.0369167086292039));
#6264=CARTESIAN_POINT('',(7.2008481725317,12.75,0.0899138698073458));
#6265=CARTESIAN_POINT('',(7.25083616118162,12.7259589100349,0.163062808274581));
#6266=CARTESIAN_POINT('',(7.2748914306222,12.7126908322197,0.246908939965506));
#6267=CARTESIAN_POINT('',(7.13,12.75,0.0369167086292046));
#6268=CARTESIAN_POINT('',(7.27489143062219,12.7126908322197,0.246908939965501));
#6269=CARTESIAN_POINT('',(7.13,12.75,2.65));
#6270=CARTESIAN_POINT('',(7.13,12.75,2.66308329137079));
#6271=CARTESIAN_POINT('',(7.27489142396431,12.7126908358919,2.45309108324096));
#6272=CARTESIAN_POINT('',(7.25077388977485,12.7259932560519,2.53715422343039));
#6273=CARTESIAN_POINT('',(7.20096645083328,12.75,2.60999765346857));
#6274=CARTESIAN_POINT('',(7.13,12.75,2.66308329137079));
#6275=CARTESIAN_POINT('',(7.27489142396431,12.7126908358919,2.45309108324096));
#6276=CARTESIAN_POINT('',(7.27489142396431,12.7126908358919,2.45309108324096));
#6277=CARTESIAN_POINT('',(7.37955013791309,12.6549646116678,2.08829673595774));
#6278=CARTESIAN_POINT('',(7.43,12.5509786293329,1.71872710860843));
#6279=CARTESIAN_POINT('',(7.43,12.45,1.35));
#6280=CARTESIAN_POINT('',(7.43,12.45,1.35));
#6281=CARTESIAN_POINT('',(7.27489143062219,12.7126908322197,0.246908939965502));
#6282=CARTESIAN_POINT('',(7.37955014003908,12.6549646070356,0.611703279758624));
#6283=CARTESIAN_POINT('',(7.43,12.5509786271853,0.981272899232786));
#6284=CARTESIAN_POINT('',(7.43,12.45,1.35));
#6285=CARTESIAN_POINT('',(7.13,12.75,2.65));
#6286=CARTESIAN_POINT('',(5.99999999999999,12.75,2.80000000000005));
#6287=CARTESIAN_POINT('',(7.02738724796294,12.75,-0.0185945864425315));
#6288=CARTESIAN_POINT('',(6.,12.75,-0.2));
#6289=CARTESIAN_POINT('',(7.13,12.75,-0.2));
#6290=CARTESIAN_POINT('',(1.75698161990021,12.75,-0.2));
#6291=CARTESIAN_POINT('',(1.75698161990021,12.75,2.9));
#6292=CARTESIAN_POINT('',(1.75698161990021,12.75,0.0500000000000001));
#6293=CARTESIAN_POINT('',(7.13,12.75,0.0499999999999999));
#6294=CARTESIAN_POINT('',(-1.9,12.75,0.0499999999999999));
#6295=CARTESIAN_POINT('',(-1.9,12.75,2.65));
#6296=CARTESIAN_POINT('',(-1.9,12.75,2.65));
#6297=CARTESIAN_POINT('',(7.13,12.75,2.65));
#6298=CARTESIAN_POINT('',(1.75698161990022,12.75,2.65));
#6299=CARTESIAN_POINT('',(1.75698161990021,12.75,2.9));
#6300=CARTESIAN_POINT('',(1.75698161990021,12.75,2.9));
#6301=CARTESIAN_POINT('',(7.13,12.75,2.9));
#6302=CARTESIAN_POINT('',(6.,12.75,2.9));
#6303=CARTESIAN_POINT('',(6.,12.75,-0.100000000000037));
#6304=CARTESIAN_POINT('',(7.02738725903099,12.75,2.71859458240819));
#6305=CARTESIAN_POINT('',(6.89040228156788,12.75,2.34278197491686));
#6306=CARTESIAN_POINT('',(6.89040228156788,12.75,0.357218025083134));
#6307=CARTESIAN_POINT('',(-4.895,10.3840442623117,2.65));
#6308=CARTESIAN_POINT('',(-0.695000000000002,11.,2.65));
#6309=CARTESIAN_POINT('',(-0.695000000000002,11.,2.65));
#6310=CARTESIAN_POINT('',(3.84255040694008,11.,2.65));
#6311=CARTESIAN_POINT('',(-0.981555656255095,15.0479056183872,2.65));
#6312=CARTESIAN_POINT('',(-1.89999999999998,11.7499999999999,2.65));
#6313=CARTESIAN_POINT('',(-2.36947156278589,12.6329475928589,2.65));
#6314=CARTESIAN_POINT('',(-2.36947156278589,12.6329475928589,2.65));
#6315=CARTESIAN_POINT('',(-5.27057725022872,11.0904023365988,2.65));
#6316=CARTESIAN_POINT('',(-4.895,10.3840442623117,2.65));
#6317=CARTESIAN_POINT('',(-5.50638341222714,10.9,2.65));
#6318=CARTESIAN_POINT('',(-6.7,10.9,2.65));
#6319=CARTESIAN_POINT('',(-0.695000000000002,10.9,2.65));
#6320=CARTESIAN_POINT('',(-0.695000000000002,4.68662635703336,2.65));
#6321=CARTESIAN_POINT('',(-4.895,10.3840442623117,0.0499999999999999));
#6322=CARTESIAN_POINT('',(-0.981555656255095,15.0479056183872,0.0499999999999999));
#6323=CARTESIAN_POINT('',(3.84255040694008,11.,0.0499999999999999));
#6324=CARTESIAN_POINT('',(-0.695000000000002,11.,0.0499999999999999));
#6325=CARTESIAN_POINT('',(-0.695000000000002,11.,0.0499999999999999));
#6326=CARTESIAN_POINT('',(-0.695000000000002,4.68662635703336,0.0499999999999999));
#6327=CARTESIAN_POINT('',(-0.695000000000002,10.9,0.0499999999999999));
#6328=CARTESIAN_POINT('',(-6.7,10.9,0.0499999999999999));
#6329=CARTESIAN_POINT('',(-5.50638341222714,10.9,0.0499999999999999));
#6330=CARTESIAN_POINT('',(-4.895,10.3840442623117,0.0499999999999999));
#6331=CARTESIAN_POINT('',(-5.27057725022872,11.0904023365988,0.0499999999999999));
#6332=CARTESIAN_POINT('',(-2.36947156278589,12.6329475928589,0.0499999999999999));
#6333=CARTESIAN_POINT('',(-2.36947156278589,12.6329475928589,0.0499999999999999));
#6334=CARTESIAN_POINT('',(-1.89999999999998,11.7499999999999,0.0499999999999999));
#6335=CARTESIAN_POINT('',(1.5059604723078,12.65,-1.5));
#6336=CARTESIAN_POINT('',(-0.25,12.65,-0.25));
#6337=CARTESIAN_POINT('',(-0.25,12.65,-0.25));
#6338=CARTESIAN_POINT('',(-0.25,12.65,0.));
#6339=CARTESIAN_POINT('',(-0.25,12.65,-0.25));
#6340=CARTESIAN_POINT('',(1.5059604723078,12.65,-0.25));
#6341=CARTESIAN_POINT('',(1.5059604723078,12.65,-1.5));
#6342=CARTESIAN_POINT('',(1.5059604723078,12.65,-1.5));
#6343=CARTESIAN_POINT('',(1.5059604723078,12.65,-1.5));
#6344=CARTESIAN_POINT('',(-8.75,12.65,-1.5));
#6345=CARTESIAN_POINT('',(-8.75,12.65,-1.5));
#6346=CARTESIAN_POINT('',(-8.75,12.65,0.));
#6347=CARTESIAN_POINT('',(1.5059604723078,12.65,0.));
#6348=CARTESIAN_POINT('',(-7.1,12.65,0.));
#6349=CARTESIAN_POINT('',(1.5059604723078,12.65,0.));
#6350=CARTESIAN_POINT('',(-8.85,0.300000000000002,0.));
#6351=CARTESIAN_POINT('',(-9.15,0.8,0.));
#6352=CARTESIAN_POINT('',(-9.15,0.8,0.));
#6353=CARTESIAN_POINT('',(-9.05,0.8,0.));
#6354=CARTESIAN_POINT('',(-9.05,6.8,0.));
#6355=CARTESIAN_POINT('',(-9.05,0.4,0.));
#6356=CARTESIAN_POINT('',(-8.75,0.400000000000001,0.));
#6357=CARTESIAN_POINT('',(-8.75,0.1,0.));
#6358=CARTESIAN_POINT('',(-8.75,0.1,0.));
#6359=CARTESIAN_POINT('',(-7.21411010564593,0.1,0.));
#6360=CARTESIAN_POINT('',(-7.65,1.,0.));
#6361=CARTESIAN_POINT('',(-7.65,0.,0.));
#6362=CARTESIAN_POINT('',(-8.85,0.,0.));
#6363=CARTESIAN_POINT('',(-8.85,5.42101086242752E-17,0.));
#6364=CARTESIAN_POINT('',(-8.85,0.300000000000002,0.));
#6365=CARTESIAN_POINT('',(-9.15,0.300000000000002,0.));
#6366=CARTESIAN_POINT('',(-9.15,12.45,0.));
#6367=CARTESIAN_POINT('',(-8.85,0.300000000000002,0.));
#6368=CARTESIAN_POINT('',(1.7,0.9,0.));
#6369=CARTESIAN_POINT('',(0.739531364385072,0.1,0.));
#6370=CARTESIAN_POINT('',(0.832532421355126,0.,0.));
#6371=CARTESIAN_POINT('',(-8.75,0.1,0.));
#6372=CARTESIAN_POINT('',(2.66046863561493,0.1,0.));
#6373=CARTESIAN_POINT('',(1.7,0.899999999999999,0.));
#6374=CARTESIAN_POINT('',(2.56746757864488,0.,0.));
#6375=CARTESIAN_POINT('',(-8.85,0.,0.));
#6376=CARTESIAN_POINT('',(-8.85,0.300000000000002,0.));
#6377=CARTESIAN_POINT('',(4.75,0.,0.));
#6378=CARTESIAN_POINT('',(4.75,0.,0.));
#6379=CARTESIAN_POINT('',(4.75,0.0999999999999993,0.));
#6380=CARTESIAN_POINT('',(-8.75,0.1,0.));
#6381=CARTESIAN_POINT('',(4.95,0.1,0.));
#6382=CARTESIAN_POINT('',(4.95,0.4,0.));
#6383=CARTESIAN_POINT('',(5.25,0.4,0.));
#6384=CARTESIAN_POINT('',(5.25,0.4,0.));
#6385=CARTESIAN_POINT('',(5.25,2.24,0.));
#6386=CARTESIAN_POINT('',(4.85,2.4,0.));
#6387=CARTESIAN_POINT('',(5.35,2.2,0.));
#6388=CARTESIAN_POINT('',(5.35,0.3,0.));
#6389=CARTESIAN_POINT('',(5.35,0.3,0.));
#6390=CARTESIAN_POINT('',(5.05,0.3,0.));
#6391=CARTESIAN_POINT('',(5.05,0.,0.));
#6392=CARTESIAN_POINT('',(-8.85,0.,0.));
#6393=CARTESIAN_POINT('',(-8.85,0.300000000000002,0.));
#6394=CARTESIAN_POINT('',(5.35,4.6,0.));
#6395=CARTESIAN_POINT('',(5.35,4.6,0.));
#6396=CARTESIAN_POINT('',(5.25,4.56,0.));
#6397=CARTESIAN_POINT('',(5.25,0.4,0.));
#6398=CARTESIAN_POINT('',(5.25,9.4601077025535,0.));
#6399=CARTESIAN_POINT('',(4.94999999999999,9.4601077025535,0.));
#6400=CARTESIAN_POINT('',(5.14283628290596,9.6899210354892,0.));
#6401=CARTESIAN_POINT('',(5.14283628290596,9.68992103548919,0.));
#6402=CARTESIAN_POINT('',(3.70072032962753,10.9,0.));
#6403=CARTESIAN_POINT('',(5.35,10.9,0.));
#6404=CARTESIAN_POINT('',(3.86030800925724,10.9,0.));
#6405=CARTESIAN_POINT('',(5.24283628290596,9.73992103548919,0.));
#6406=CARTESIAN_POINT('',(5.24283628290596,9.73992103548919,0.));
#6407=CARTESIAN_POINT('',(5.04999999999999,9.5101077025535,0.));
#6408=CARTESIAN_POINT('',(5.35,9.5101077025535,0.));
#6409=CARTESIAN_POINT('',(5.35,0.3,0.));
#6410=CARTESIAN_POINT('',(-8.85,0.300000000000002,0.));
#6411=CARTESIAN_POINT('',(-7.,12.55,0.));
#6412=CARTESIAN_POINT('',(-7.2,12.75,0.));
#6413=CARTESIAN_POINT('',(-8.75,12.35,0.));
#6414=CARTESIAN_POINT('',(-9.05,12.35,0.));
#6415=CARTESIAN_POINT('',(-9.05,12.35,0.));
#6416=CARTESIAN_POINT('',(-9.05,12.15,0.));
#6417=CARTESIAN_POINT('',(-8.1,12.15,0.));
#6418=CARTESIAN_POINT('',(-9.15,12.15,0.));
#6419=CARTESIAN_POINT('',(-9.15,12.45,0.));
#6420=CARTESIAN_POINT('',(-9.15,12.45,0.));
#6421=CARTESIAN_POINT('',(-8.85,12.45,0.));
#6422=CARTESIAN_POINT('',(-8.85,12.75,0.));
#6423=CARTESIAN_POINT('',(1.65556386295795,12.75,0.));
#6424=CARTESIAN_POINT('',(-8.85,0.300000000000002,0.));
#6425=CARTESIAN_POINT('',(-8.05,10.,0.));
#6426=CARTESIAN_POINT('',(-9.05,10.75,0.));
#6427=CARTESIAN_POINT('',(-9.15,10.5937171043519,0.));
#6428=CARTESIAN_POINT('',(-9.05,12.35,0.));
#6429=CARTESIAN_POINT('',(-9.05,9.25,0.));
#6430=CARTESIAN_POINT('',(-8.05,10.,0.));
#6431=CARTESIAN_POINT('',(-9.15,9.40628289564811,0.));
#6432=CARTESIAN_POINT('',(-9.15,12.45,0.));
#6433=CARTESIAN_POINT('',(5.35,0.3,3.5));
#6434=CARTESIAN_POINT('',(5.35,2.2,0.3));
#6435=CARTESIAN_POINT('',(5.35,2.2,0.2));
#6436=CARTESIAN_POINT('',(5.35,2.2,0.8));
#6437=CARTESIAN_POINT('',(5.35,1.6,0.8));
#6438=CARTESIAN_POINT('',(5.35,1.6,2.5));
#6439=CARTESIAN_POINT('',(5.35,1.6,2.5));
#6440=CARTESIAN_POINT('',(5.35,2.2,2.5));
#6441=CARTESIAN_POINT('',(5.35,2.2,3.1));
#6442=CARTESIAN_POINT('',(5.35,4.6,3.1));
#6443=CARTESIAN_POINT('',(5.35,4.6,3.1));
#6444=CARTESIAN_POINT('',(5.35,4.6,2.5));
#6445=CARTESIAN_POINT('',(5.35,5.2,2.5));
#6446=CARTESIAN_POINT('',(5.35,5.2,2.4));
#6447=CARTESIAN_POINT('',(5.35,5.2,2.4));
#6448=CARTESIAN_POINT('',(5.35,5.35,2.4));
#6449=CARTESIAN_POINT('',(5.35,5.35,2.25));
#6450=CARTESIAN_POINT('',(5.35,6.4,2.25));
#6451=CARTESIAN_POINT('',(5.35,6.4,2.25));
#6452=CARTESIAN_POINT('',(5.35,6.4,1.95));
#6453=CARTESIAN_POINT('',(5.35,6.7,1.95));
#6454=CARTESIAN_POINT('',(5.35,6.7,1.35));
#6455=CARTESIAN_POINT('',(5.35,6.7,1.35));
#6456=CARTESIAN_POINT('',(5.35,6.4,1.35));
#6457=CARTESIAN_POINT('',(5.35,6.4,1.05));
#6458=CARTESIAN_POINT('',(5.35,5.35,1.05));
#6459=CARTESIAN_POINT('',(5.35,5.35,1.05));
#6460=CARTESIAN_POINT('',(5.35,5.35,0.900000000000001));
#6461=CARTESIAN_POINT('',(5.35,5.2,0.9));
#6462=CARTESIAN_POINT('',(5.35,5.2,0.8));
#6463=CARTESIAN_POINT('',(5.35,5.2,0.8));
#6464=CARTESIAN_POINT('',(5.35,4.6,0.800000000000001));
#6465=CARTESIAN_POINT('',(5.35,4.6,0.2));
#6466=CARTESIAN_POINT('',(5.35,4.6,0.3));
#6467=CARTESIAN_POINT('',(5.35,9.5101077025535,3.5));
#6468=CARTESIAN_POINT('',(5.35,0.3,3.5));
#6469=CARTESIAN_POINT('',(3.35,2.2,0.2));
#6470=CARTESIAN_POINT('',(3.35,2.4,0.2));
#6471=CARTESIAN_POINT('',(3.35,2.4,0.2));
#6472=CARTESIAN_POINT('',(4.85,2.4,0.2));
#6473=CARTESIAN_POINT('',(3.35,2.2,0.2));
#6474=CARTESIAN_POINT('',(3.35,2.2,0.2));
#6475=CARTESIAN_POINT('',(3.35,2.2,0.2));
#6476=CARTESIAN_POINT('',(3.62586206896552,2.88965517241379,0.2));
#6477=CARTESIAN_POINT('',(3.35,2.2,0.2));
#6478=CARTESIAN_POINT('',(3.35,4.4,0.2));
#6479=CARTESIAN_POINT('',(4.85,4.4,0.2));
#6480=CARTESIAN_POINT('',(3.35,4.4,0.2));
#6481=CARTESIAN_POINT('',(2.79827586206896,3.57931034482758,0.2));
#6482=CARTESIAN_POINT('',(3.35,4.6,0.2));
#6483=CARTESIAN_POINT('',(3.35,4.6,0.2));
#6484=CARTESIAN_POINT('',(3.35,2.2,0.2));
#6485=CARTESIAN_POINT('',(-0.25,11.9,3.45));
#6486=CARTESIAN_POINT('',(-0.25,11.9,2.7));
#6487=CARTESIAN_POINT('',(-0.25,12.55,2.7));
#6488=CARTESIAN_POINT('',(-0.25,12.3456925097228,2.7));
#6489=CARTESIAN_POINT('',(-0.25,12.6,2.75));
#6490=CARTESIAN_POINT('',(-0.25,12.75,2.9));
#6491=CARTESIAN_POINT('',(-0.25,12.75,3.5));
#6492=CARTESIAN_POINT('',(-0.25,12.3456925097228,3.34999999999999));
#6493=CARTESIAN_POINT('',(-0.25,12.4417201696725,3.46523319193961));
#6494=CARTESIAN_POINT('',(-0.25,12.4417201696725,3.46523319193961));
#6495=CARTESIAN_POINT('',(-0.25,12.6460276599497,3.29497695004194));
#6496=CARTESIAN_POINT('',(-0.25,12.55,3.17974375810232));
#6497=CARTESIAN_POINT('',(-0.25,12.7,3.17974375810233));
#6498=CARTESIAN_POINT('',(-0.25,12.7,3.17974375810233));
#6499=CARTESIAN_POINT('',(-0.25,12.7,3.02025624189767));
#6500=CARTESIAN_POINT('',(-0.25,12.55,3.02025624189767));
#6501=CARTESIAN_POINT('',(-0.25,12.6460276599497,2.90502304995806));
#6502=CARTESIAN_POINT('',(-0.25,12.6460276599497,2.90502304995806));
#6503=CARTESIAN_POINT('',(-0.25,12.4417201696725,2.73476680806039));
#6504=CARTESIAN_POINT('',(-0.25,12.3456925097228,2.85000000000001));
#6505=CARTESIAN_POINT('',(5.24283628290596,9.73992103548919,3.5));
#6506=CARTESIAN_POINT('',(3.86030800925724,10.9,3.5));
#6507=CARTESIAN_POINT('',(3.86030800925724,10.9,2.7));
#6508=CARTESIAN_POINT('',(5.24283628290596,9.73992103548919,2.7));
#6509=CARTESIAN_POINT('',(2.84731745555216,11.75,2.7));
#6510=CARTESIAN_POINT('',(2.84731745555216,11.75,3.5));
#6511=CARTESIAN_POINT('',(2.84731745555216,11.75,2.75));
#6512=CARTESIAN_POINT('',(2.66855441666303,11.9,2.75));
#6513=CARTESIAN_POINT('',(2.66855441666303,11.9,2.9));
#6514=CARTESIAN_POINT('',(5.24283628290596,9.73992103548919,2.9));
#6515=CARTESIAN_POINT('',(2.48109765248018,12.0572949016875,2.9));
#6516=CARTESIAN_POINT('',(2.48109765248018,12.0572949016875,2.75));
#6517=CARTESIAN_POINT('',(2.32120712975197,12.1914589803375,2.817082039325));
#6518=CARTESIAN_POINT('',(3.67611613465533,11.0545553340443,5.09088933191131));
#6519=CARTESIAN_POINT('',(2.30084954801757,12.2085410196625,2.782917960675));
#6520=CARTESIAN_POINT('',(2.14095902528935,12.3427050983125,2.85000000000001));
#6521=CARTESIAN_POINT('',(2.14095902528935,12.3427050983125,2.7));
#6522=CARTESIAN_POINT('',(5.24283628290596,9.73992103548919,2.7));
#6523=CARTESIAN_POINT('',(2.13739876700855,12.3456925097228,2.7));
#6524=CARTESIAN_POINT('',(2.13739876700856,12.3456925097228,2.85000000000001));
#6525=CARTESIAN_POINT('',(2.02295745827512,12.4417201696725,2.73476680806039));
#6526=CARTESIAN_POINT('',(4.28095192824627,10.5470378427193,1.15586486893279));
#6527=CARTESIAN_POINT('',(1.77947327274336,12.6460276599497,2.90502304995806));
#6528=CARTESIAN_POINT('',(1.8939145814768,12.55,3.02025624189767));
#6529=CARTESIAN_POINT('',(1.71515154258766,12.7,3.02025624189767));
#6530=CARTESIAN_POINT('',(1.71515154258766,12.7,3.5));
#6531=CARTESIAN_POINT('',(1.71515154258766,12.7,3.17974375810233));
#6532=CARTESIAN_POINT('',(1.89391458147682,12.55,3.17974375810232));
#6533=CARTESIAN_POINT('',(1.77947327274336,12.6460276599497,3.29497695004194));
#6534=CARTESIAN_POINT('',(4.53603171781049,10.3330004853752,5.22249959552065));
#6535=CARTESIAN_POINT('',(2.02295745827512,12.4417201696725,3.46523319193961));
#6536=CARTESIAN_POINT('',(2.13739876700856,12.3456925097228,3.34999999999999));
#6537=CARTESIAN_POINT('',(2.14095902528935,12.3427050983125,3.34999999999999));
#6538=CARTESIAN_POINT('',(2.30084954801758,12.2085410196625,3.41708203932499));
#6539=CARTESIAN_POINT('',(3.37911869055926,11.3037657798459,1.6075315596917));
#6540=CARTESIAN_POINT('',(2.32120712975197,12.1914589803375,3.38291796067501));
#6541=CARTESIAN_POINT('',(2.48109765248019,12.0572949016875,3.45000000000001));
#6542=CARTESIAN_POINT('',(2.48109765248018,12.0572949016875,3.3));
#6543=CARTESIAN_POINT('',(5.24283628290596,9.73992103548919,3.3));
#6544=CARTESIAN_POINT('',(2.66855441666303,11.9,3.3));
#6545=CARTESIAN_POINT('',(2.66855441666303,11.9,3.45));
#6546=CARTESIAN_POINT('',(2.84731745555216,11.75,3.45));
#6547=CARTESIAN_POINT('',(2.84731745555216,11.75,3.5));
#6548=CARTESIAN_POINT('',(5.24283628290596,9.73992103548919,3.5));
#6549=CARTESIAN_POINT('',(-9.15,12.45,3.5));
#6550=CARTESIAN_POINT('',(-9.15,12.45,3.5));
#6551=CARTESIAN_POINT('',(-9.15,12.15,2.85));
#6552=CARTESIAN_POINT('',(-9.15,12.15,2.85));
#6553=CARTESIAN_POINT('',(-9.15,12.45,2.85));
#6554=CARTESIAN_POINT('',(-9.15,10.5937171043519,2.85));
#6555=CARTESIAN_POINT('',(-9.15,10.5937171043519,2.85));
#6556=CARTESIAN_POINT('',(-9.15,9.40628289564811,2.85));
#6557=CARTESIAN_POINT('',(-9.15,9.40628289564811,2.85));
#6558=CARTESIAN_POINT('',(-9.15,12.45,2.85));
#6559=CARTESIAN_POINT('',(-9.15,0.8,2.85));
#6560=CARTESIAN_POINT('',(-9.15,0.8,2.85));
#6561=CARTESIAN_POINT('',(-9.15,0.300000000000002,3.5));
#6562=CARTESIAN_POINT('',(-8.85,0.300000000000002,3.5));
#6563=CARTESIAN_POINT('',(-8.85,5.42101086242752E-17,3.5));
#6564=CARTESIAN_POINT('',(-8.85,0.,3.5));
#6565=CARTESIAN_POINT('',(-7.65,6.50521303491303E-16,2.85));
#6566=CARTESIAN_POINT('',(-7.65,6.50521303491303E-16,2.85));
#6567=CARTESIAN_POINT('',(-8.85,0.,2.85));
#6568=CARTESIAN_POINT('',(0.832532421355126,0.,2.85));
#6569=CARTESIAN_POINT('',(0.832532421355126,0.,2.85));
#6570=CARTESIAN_POINT('',(2.56746757864487,5.42101086242752E-16,2.85));
#6571=CARTESIAN_POINT('',(2.56746757864487,5.42101086242752E-16,2.85));
#6572=CARTESIAN_POINT('',(-8.85,0.,2.85));
#6573=CARTESIAN_POINT('',(4.75,0.,2.85));
#6574=CARTESIAN_POINT('',(4.75,0.,2.85));
#6575=CARTESIAN_POINT('',(5.05,0.,3.5));
#6576=CARTESIAN_POINT('',(5.05,0.3,3.5));
#6577=CARTESIAN_POINT('',(5.04999999999999,9.5101077025535,3.5));
#6578=CARTESIAN_POINT('',(1.65556386295795,12.75,3.5));
#6579=CARTESIAN_POINT('',(-6.7,12.75,0.8));
#6580=CARTESIAN_POINT('',(-6.7,12.75,1.3));
#6581=CARTESIAN_POINT('',(-7.2,12.75,0.8));
#6582=CARTESIAN_POINT('',(-7.2,12.75,3.5));
#6583=CARTESIAN_POINT('',(-8.85,12.75,3.5));
#6584=CARTESIAN_POINT('',(1.65556386295795,12.75,2.9));
#6585=CARTESIAN_POINT('',(-5.9,12.75,2.9));
#6586=CARTESIAN_POINT('',(-5.9,12.75,3.5));
#6587=CARTESIAN_POINT('',(-5.9,12.75,1.3));
#6588=CARTESIAN_POINT('',(1.65556386295795,12.75,1.3));
#6589=CARTESIAN_POINT('',(-8.85,12.45,3.5));
#6590=CARTESIAN_POINT('',(-7.65,1.,2.85));
#6591=CARTESIAN_POINT('',(-7.65,1.,0.));
#6592=CARTESIAN_POINT('',(-6.65094562668904,1.04347826086957,0.));
#6593=CARTESIAN_POINT('',(-6.65094562668904,1.04347826086957,2.85));
#6594=CARTESIAN_POINT('',(-6.65094562668904,1.04347826086957,2.85));
#6595=CARTESIAN_POINT('',(-7.65,1.,2.85));
#6596=CARTESIAN_POINT('',(-6.5010874706924,1.05,2.85));
#6597=CARTESIAN_POINT('',(-6.5010874706924,1.05,0.));
#6598=CARTESIAN_POINT('',(-6.50108747069239,1.2,0.));
#6599=CARTESIAN_POINT('',(-6.50108747069239,1.2,2.85));
#6600=CARTESIAN_POINT('',(-6.50108747069239,1.2,2.85));
#6601=CARTESIAN_POINT('',(-6.5010874706924,1.05,2.85));
#6602=CARTESIAN_POINT('',(-4.04910685796332,1.2,2.85));
#6603=CARTESIAN_POINT('',(-4.75,1.2,0.56));
#6604=CARTESIAN_POINT('',(-4.75,1.2,0.56));
#6605=CARTESIAN_POINT('',(-4.75,1.2,1.56));
#6606=CARTESIAN_POINT('',(-4.75,1.2,0.56));
#6607=CARTESIAN_POINT('',(-5.25,1.2,0.56));
#6608=CARTESIAN_POINT('',(-5.25,1.2,0.56));
#6609=CARTESIAN_POINT('',(-5.25,1.2,1.56));
#6610=CARTESIAN_POINT('',(-4.75,1.2,1.56));
#6611=CARTESIAN_POINT('',(-4.04910685796332,1.2,0.));
#6612=CARTESIAN_POINT('',(-4.04910685796332,1.2,0.));
#6613=CARTESIAN_POINT('',(-4.04910685796332,1.2,2.85));
#6614=CARTESIAN_POINT('',(-4.04910685796332,1.2,2.85));
#6615=CARTESIAN_POINT('',(-4.04910685796332,1.2,2.85));
#6616=CARTESIAN_POINT('',(-4.04910685796332,1.05,2.85));
#6617=CARTESIAN_POINT('',(-4.04910685796332,1.05,0.));
#6618=CARTESIAN_POINT('',(-3.89920255175297,1.04464285714286,0.));
#6619=CARTESIAN_POINT('',(-3.89920255175297,1.04464285714286,2.85));
#6620=CARTESIAN_POINT('',(-3.89920255175297,1.04464285714286,2.85));
#6621=CARTESIAN_POINT('',(-4.04910685796332,1.05,2.85));
#6622=CARTESIAN_POINT('',(-2.65,1.,2.85));
#6623=CARTESIAN_POINT('',(-2.65,1.,0.));
#6624=CARTESIAN_POINT('',(-3.51746757864487,0.1,0.));
#6625=CARTESIAN_POINT('',(-3.51746757864487,0.1,2.85));
#6626=CARTESIAN_POINT('',(-3.51746757864487,0.1,2.85));
#6627=CARTESIAN_POINT('',(-2.65,1.,2.85));
#6628=CARTESIAN_POINT('',(-1.78253242135513,0.1,2.85));
#6629=CARTESIAN_POINT('',(-8.75,0.1,0.));
#6630=CARTESIAN_POINT('',(-8.75,0.0999999999999993,-1.5));
#6631=CARTESIAN_POINT('',(-8.75,0.0999999999999993,-1.5));
#6632=CARTESIAN_POINT('',(-8.75,0.1,-1.5));
#6633=CARTESIAN_POINT('',(4.95,0.1,-1.5));
#6634=CARTESIAN_POINT('',(4.95,0.1,-1.5));
#6635=CARTESIAN_POINT('',(-8.75,0.1,0.));
#6636=CARTESIAN_POINT('',(-8.75,0.1,0.));
#6637=CARTESIAN_POINT('',(-1.78253242135513,0.1,0.));
#6638=CARTESIAN_POINT('',(-1.78253242135513,0.1,2.85));
#6639=CARTESIAN_POINT('',(-1.78253242135513,0.1,2.85));
#6640=CARTESIAN_POINT('',(-1.78253242135513,0.1,2.85));
#6641=CARTESIAN_POINT('',(-2.65,1.,2.85));
#6642=CARTESIAN_POINT('',(-2.65,1.,0.));
#6643=CARTESIAN_POINT('',(-1.40079744842304,1.04464286206781,0.));
#6644=CARTESIAN_POINT('',(-1.40079744842304,1.04464286206781,2.85));
#6645=CARTESIAN_POINT('',(-1.40079744842304,1.04464286206781,2.85));
#6646=CARTESIAN_POINT('',(-2.65,1.,2.85));
#6647=CARTESIAN_POINT('',(-1.25089314203668,1.05,2.85));
#6648=CARTESIAN_POINT('',(-1.25089314203668,1.05,0.));
#6649=CARTESIAN_POINT('',(-1.25089314203668,1.2,0.));
#6650=CARTESIAN_POINT('',(-1.25089314203668,1.2,2.85));
#6651=CARTESIAN_POINT('',(-1.25089314203668,1.2,2.85));
#6652=CARTESIAN_POINT('',(-1.25089314203668,1.05,2.85));
#6653=CARTESIAN_POINT('',(0.308058909292494,1.2,2.85));
#6654=CARTESIAN_POINT('',(0.25,1.2,0.56));
#6655=CARTESIAN_POINT('',(0.25,1.2,0.56));
#6656=CARTESIAN_POINT('',(0.25,1.2,1.56));
#6657=CARTESIAN_POINT('',(0.25,1.2,0.56));
#6658=CARTESIAN_POINT('',(-0.25,1.2,0.56));
#6659=CARTESIAN_POINT('',(-0.25,1.2,0.56));
#6660=CARTESIAN_POINT('',(-0.25,1.2,1.56));
#6661=CARTESIAN_POINT('',(0.25,1.2,1.56));
#6662=CARTESIAN_POINT('',(0.308058909292494,1.2,0.));
#6663=CARTESIAN_POINT('',(0.308058909292494,1.2,0.));
#6664=CARTESIAN_POINT('',(0.308058909292494,1.2,2.85));
#6665=CARTESIAN_POINT('',(0.308058909292494,1.2,2.85));
#6666=CARTESIAN_POINT('',(0.308058909292494,1.2,2.85));
#6667=CARTESIAN_POINT('',(0.308058909292495,1.05,2.85));
#6668=CARTESIAN_POINT('',(0.308058909292495,1.05,0.));
#6669=CARTESIAN_POINT('',(0.457195454725441,1.03392857142857,0.));
#6670=CARTESIAN_POINT('',(0.457195454725441,1.03392857142857,2.85));
#6671=CARTESIAN_POINT('',(0.457195454725441,1.03392857142857,2.85));
#6672=CARTESIAN_POINT('',(0.308058909292495,1.05,2.85));
#6673=CARTESIAN_POINT('',(1.7,0.9,2.85));
#6674=CARTESIAN_POINT('',(1.7,0.9,0.));
#6675=CARTESIAN_POINT('',(1.7,0.9,2.85));
#6676=CARTESIAN_POINT('',(4.6,1.05,2.85));
#6677=CARTESIAN_POINT('',(4.6,1.05,2.85));
#6678=CARTESIAN_POINT('',(1.7,0.899999999999999,2.85));
#6679=CARTESIAN_POINT('',(2.94280454423757,1.03392858105145,2.85));
#6680=CARTESIAN_POINT('',(3.0919410907075,1.05,2.85));
#6681=CARTESIAN_POINT('',(3.0919410907075,1.2,2.85));
#6682=CARTESIAN_POINT('',(4.6,1.2,2.85));
#6683=CARTESIAN_POINT('',(4.6,1.2,2.85));
#6684=CARTESIAN_POINT('',(4.6,1.05,2.85));
#6685=CARTESIAN_POINT('',(4.75,1.05,2.85));
#6686=CARTESIAN_POINT('',(4.75,0.,2.85));
#6687=CARTESIAN_POINT('',(4.75,0.,2.85));
#6688=CARTESIAN_POINT('',(4.75,1.05,2.85));
#6689=CARTESIAN_POINT('',(4.75,1.05,0.));
#6690=CARTESIAN_POINT('',(4.75,0.,0.));
#6691=CARTESIAN_POINT('',(4.6,1.05,2.85));
#6692=CARTESIAN_POINT('',(4.6,1.05,0.));
#6693=CARTESIAN_POINT('',(4.6,1.2,0.));
#6694=CARTESIAN_POINT('',(4.6,1.2,2.85));
#6695=CARTESIAN_POINT('',(4.6,1.2,2.85));
#6696=CARTESIAN_POINT('',(4.6,1.2,0.));
#6697=CARTESIAN_POINT('',(3.0919410907075,1.2,0.));
#6698=CARTESIAN_POINT('',(3.0919410907075,1.2,2.85));
#6699=CARTESIAN_POINT('',(3.0919410907075,1.05,2.85));
#6700=CARTESIAN_POINT('',(3.0919410907075,1.05,0.));
#6701=CARTESIAN_POINT('',(2.94280454423757,1.03392858105145,0.));
#6702=CARTESIAN_POINT('',(2.94280454423757,1.03392858105145,2.85));
#6703=CARTESIAN_POINT('',(1.7,0.899999999999999,2.85));
#6704=CARTESIAN_POINT('',(1.7,0.899999999999999,0.));
#6705=CARTESIAN_POINT('',(-8.79891252930761,0.950000000000003,2.85));
#6706=CARTESIAN_POINT('',(-8.05,10.,2.85));
#6707=CARTESIAN_POINT('',(-8.09464284296642,8.75079744774041,2.85));
#6708=CARTESIAN_POINT('',(-8.1,8.60089314203668,2.85));
#6709=CARTESIAN_POINT('',(-7.95,8.60089314203668,2.85));
#6710=CARTESIAN_POINT('',(-7.95,6.59910685796332,2.85));
#6711=CARTESIAN_POINT('',(-7.95,6.59910685796332,2.85));
#6712=CARTESIAN_POINT('',(-8.1,6.59910685796333,2.85));
#6713=CARTESIAN_POINT('',(-8.09464285714286,6.44920255175297,2.85));
#6714=CARTESIAN_POINT('',(-8.05,5.20000000000001,2.85));
#6715=CARTESIAN_POINT('',(-9.05,5.95,2.85));
#6716=CARTESIAN_POINT('',(-9.05,4.45,2.85));
#6717=CARTESIAN_POINT('',(-9.05,4.45,2.85));
#6718=CARTESIAN_POINT('',(-8.04999999999994,5.20000000000007,2.85));
#6719=CARTESIAN_POINT('',(-8.80926252577981,4.20701439237698,2.85));
#6720=CARTESIAN_POINT('',(-7.95,3.55,2.85));
#6721=CARTESIAN_POINT('',(-7.95,3.55,2.85));
#6722=CARTESIAN_POINT('',(-7.95,1.95393920141695,2.85));
#6723=CARTESIAN_POINT('',(-7.95,1.95393920141695,2.85));
#6724=CARTESIAN_POINT('',(-7.64999999999999,0.999999999999996,2.85));
#6725=CARTESIAN_POINT('',(-8.64905437392772,0.956521753302503,2.85));
#6726=CARTESIAN_POINT('',(-8.79891252930761,0.950000000000003,2.85));
#6727=CARTESIAN_POINT('',(-8.79891252930761,0.8,2.85));
#6728=CARTESIAN_POINT('',(-9.15,0.8,2.85));
#6729=CARTESIAN_POINT('',(-8.05,10.,2.85));
#6730=CARTESIAN_POINT('',(-8.05,10.,0.));
#6731=CARTESIAN_POINT('',(-8.09464284296642,8.75079744774041,0.));
#6732=CARTESIAN_POINT('',(-8.09464284296642,8.75079744774041,2.85));
#6733=CARTESIAN_POINT('',(-9.15,0.8,2.85));
#6734=CARTESIAN_POINT('',(-8.79891252930761,0.8,2.85));
#6735=CARTESIAN_POINT('',(-8.79891252930761,0.8,0.));
#6736=CARTESIAN_POINT('',(-9.15,0.8,0.));
#6737=CARTESIAN_POINT('',(-8.1,8.60089314203668,2.85));
#6738=CARTESIAN_POINT('',(-8.1,8.60089314203668,0.));
#6739=CARTESIAN_POINT('',(-7.95,8.60089314203668,0.));
#6740=CARTESIAN_POINT('',(-7.95,8.60089314203668,2.85));
#6741=CARTESIAN_POINT('',(-7.95,6.59910685796332,2.85));
#6742=CARTESIAN_POINT('',(-7.95,6.59910685796332,0.));
#6743=CARTESIAN_POINT('',(-7.95,6.59910685796332,0.));
#6744=CARTESIAN_POINT('',(-7.95,6.59910685796332,2.85));
#6745=CARTESIAN_POINT('',(-8.1,6.59910685796333,2.85));
#6746=CARTESIAN_POINT('',(-8.1,6.59910685796333,0.));
#6747=CARTESIAN_POINT('',(-8.09464285714286,6.44920255175297,0.));
#6748=CARTESIAN_POINT('',(-8.09464285714286,6.44920255175297,2.85));
#6749=CARTESIAN_POINT('',(-8.05,5.20000000000001,2.85));
#6750=CARTESIAN_POINT('',(-8.05,5.20000000000001,0.));
#6751=CARTESIAN_POINT('',(-9.05,5.95,0.));
#6752=CARTESIAN_POINT('',(-9.05,5.95,2.85));
#6753=CARTESIAN_POINT('',(-9.05,4.45,2.85));
#6754=CARTESIAN_POINT('',(-9.05,6.8,0.));
#6755=CARTESIAN_POINT('',(-9.05,6.8,0.));
#6756=CARTESIAN_POINT('',(-9.05,6.8,-1.5));
#6757=CARTESIAN_POINT('',(-9.05,6.8,-1.5));
#6758=CARTESIAN_POINT('',(-9.05,6.8,-1.5));
#6759=CARTESIAN_POINT('',(-9.05,0.4,-1.5));
#6760=CARTESIAN_POINT('',(-9.05,0.4,-1.5));
#6761=CARTESIAN_POINT('',(-9.05,6.8,0.));
#6762=CARTESIAN_POINT('',(-9.05,4.45,0.));
#6763=CARTESIAN_POINT('',(-9.05,4.45,2.85));
#6764=CARTESIAN_POINT('',(-8.04999999999994,5.20000000000007,2.85));
#6765=CARTESIAN_POINT('',(-8.04999999999994,5.20000000000007,0.));
#6766=CARTESIAN_POINT('',(-8.80926252577981,4.20701439237698,0.));
#6767=CARTESIAN_POINT('',(-8.80926252577981,4.20701439237698,2.85));
#6768=CARTESIAN_POINT('',(-7.95,3.55,2.85));
#6769=CARTESIAN_POINT('',(-7.95,3.55,0.));
#6770=CARTESIAN_POINT('',(-7.95,3.55,0.));
#6771=CARTESIAN_POINT('',(-7.95,3.55,2.85));
#6772=CARTESIAN_POINT('',(-7.95,1.95393920141695,2.85));
#6773=CARTESIAN_POINT('',(-7.95,1.95393920141695,0.));
#6774=CARTESIAN_POINT('',(-7.95,1.95393920141695,0.));
#6775=CARTESIAN_POINT('',(-7.95,1.95393920141695,2.85));
#6776=CARTESIAN_POINT('',(-7.64999999999999,0.999999999999996,2.85));
#6777=CARTESIAN_POINT('',(-7.64999999999999,0.999999999999996,0.));
#6778=CARTESIAN_POINT('',(-8.64905437392772,0.956521753302503,0.));
#6779=CARTESIAN_POINT('',(-8.64905437392772,0.956521753302503,2.85));
#6780=CARTESIAN_POINT('',(-8.79891252930761,0.950000000000003,2.85));
#6781=CARTESIAN_POINT('',(-8.79891252930761,0.950000000000003,0.));
#6782=CARTESIAN_POINT('',(-8.79891252930761,0.950000000000003,2.85));
#6783=CARTESIAN_POINT('',(-8.1,12.15,2.85));
#6784=CARTESIAN_POINT('',(-8.1,12.15,2.85));
#6785=CARTESIAN_POINT('',(-8.1,12.,2.85));
#6786=CARTESIAN_POINT('',(-7.95,12.,2.85));
#6787=CARTESIAN_POINT('',(-7.95,11.3991068579633,2.85));
#6788=CARTESIAN_POINT('',(-7.95,11.3991068579633,2.85));
#6789=CARTESIAN_POINT('',(-8.1,11.3991068579633,2.85));
#6790=CARTESIAN_POINT('',(-8.09464285714286,11.249202551753,2.85));
#6791=CARTESIAN_POINT('',(-8.05,10.,2.85));
#6792=CARTESIAN_POINT('',(-8.05,10.,2.85));
#6793=CARTESIAN_POINT('',(-8.05,10.,0.));
#6794=CARTESIAN_POINT('',(-8.09464285714286,11.249202551753,0.));
#6795=CARTESIAN_POINT('',(-8.09464285714286,11.249202551753,2.85));
#6796=CARTESIAN_POINT('',(-8.1,11.3991068579633,2.85));
#6797=CARTESIAN_POINT('',(-8.1,11.3991068579633,0.));
#6798=CARTESIAN_POINT('',(-7.95,11.3991068579633,0.));
#6799=CARTESIAN_POINT('',(-7.95,11.3991068579633,2.85));
#6800=CARTESIAN_POINT('',(-7.95,11.3991068579633,2.85));
#6801=CARTESIAN_POINT('',(-7.95,11.3991068579633,0.));
#6802=CARTESIAN_POINT('',(-7.95,12.,0.));
#6803=CARTESIAN_POINT('',(-7.95,12.,2.85));
#6804=CARTESIAN_POINT('',(-8.1,12.,2.85));
#6805=CARTESIAN_POINT('',(-8.1,12.,0.));
#6806=CARTESIAN_POINT('',(-8.1,12.15,0.));
#6807=CARTESIAN_POINT('',(-8.1,12.15,2.85));
#6808=CARTESIAN_POINT('',(-8.1,12.15,2.85));
#6809=CARTESIAN_POINT('',(-8.1,12.15,0.));
#6810=CARTESIAN_POINT('',(-0.25,11.9,3.45));
#6811=CARTESIAN_POINT('',(-0.25,11.9,2.7));
#6812=CARTESIAN_POINT('',(-0.25,12.3427050983125,2.7));
#6813=CARTESIAN_POINT('',(-0.25,11.75,2.7));
#6814=CARTESIAN_POINT('',(-0.25,12.3427050983125,2.85000000000001));
#6815=CARTESIAN_POINT('',(-0.25,12.2085410196625,2.782917960675));
#6816=CARTESIAN_POINT('',(-0.25,12.2085410196625,2.782917960675));
#6817=CARTESIAN_POINT('',(-0.25,12.1914589803375,2.817082039325));
#6818=CARTESIAN_POINT('',(-0.25,12.0572949016875,2.75));
#6819=CARTESIAN_POINT('',(-0.25,12.0572949016875,2.9));
#6820=CARTESIAN_POINT('',(-0.25,12.0572949016875,2.9));
#6821=CARTESIAN_POINT('',(-0.25,11.9,2.9));
#6822=CARTESIAN_POINT('',(-0.25,11.9,2.75));
#6823=CARTESIAN_POINT('',(-0.25,11.75,2.75));
#6824=CARTESIAN_POINT('',(-0.25,11.75,2.75));
#6825=CARTESIAN_POINT('',(-0.25,12.3456925097228,3.34999999999999));
#6826=CARTESIAN_POINT('',(-0.25,12.4417201696725,3.46523319193961));
#6827=CARTESIAN_POINT('',(-0.25,11.75,2.75));
#6828=CARTESIAN_POINT('',(-0.25,11.75,2.7));
#6829=CARTESIAN_POINT('',(-0.25,11.75,2.75));
#6830=CARTESIAN_POINT('',(-0.25,11.9,2.75));
#6831=CARTESIAN_POINT('',(-0.25,11.9,2.9));
#6832=CARTESIAN_POINT('',(-0.25,12.0572949016875,2.9));
#6833=CARTESIAN_POINT('',(-0.25,12.0572949016875,2.9));
#6834=CARTESIAN_POINT('',(-0.25,12.0572949016875,2.75));
#6835=CARTESIAN_POINT('',(-0.25,12.1914589803375,2.817082039325));
#6836=CARTESIAN_POINT('',(-0.25,12.2085410196625,2.782917960675));
#6837=CARTESIAN_POINT('',(-0.25,12.2085410196625,2.782917960675));
#6838=CARTESIAN_POINT('',(-0.25,12.3427050983125,2.85000000000001));
#6839=CARTESIAN_POINT('',(-0.25,12.3427050983125,2.7));
#6840=CARTESIAN_POINT('',(-0.25,12.3456925097228,2.7));
#6841=CARTESIAN_POINT('',(-5.7,10.9,2.7));
#6842=CARTESIAN_POINT('',(-5.7,10.9,2.7));
#6843=CARTESIAN_POINT('',(-5.7,12.55,2.7));
#6844=CARTESIAN_POINT('',(-0.25,12.55,2.7));
#6845=CARTESIAN_POINT('',(-0.25,12.3456925097228,2.7));
#6846=CARTESIAN_POINT('',(-5.7,10.9,2.7));
#6847=CARTESIAN_POINT('',(-0.25,12.3456925097228,2.85000000000001));
#6848=CARTESIAN_POINT('',(-0.25,12.4417201696725,2.73476680806039));
#6849=CARTESIAN_POINT('',(-0.25,12.6460276599497,2.90502304995806));
#6850=CARTESIAN_POINT('',(-0.25,12.6460276599497,2.90502304995806));
#6851=CARTESIAN_POINT('',(-0.25,12.55,3.02025624189767));
#6852=CARTESIAN_POINT('',(-0.25,12.7,3.02025624189767));
#6853=CARTESIAN_POINT('',(-0.25,12.7,3.17974375810233));
#6854=CARTESIAN_POINT('',(-0.25,12.7,3.17974375810233));
#6855=CARTESIAN_POINT('',(-0.25,12.55,3.17974375810232));
#6856=CARTESIAN_POINT('',(-0.25,12.6460276599497,3.29497695004194));
#6857=CARTESIAN_POINT('',(-0.25,12.4417201696725,3.46523319193961));
#6858=CARTESIAN_POINT('',(-0.25,11.9,3.45));
#6859=CARTESIAN_POINT('',(-0.25,11.9,3.3));
#6860=CARTESIAN_POINT('',(-0.25,11.9,3.3));
#6861=CARTESIAN_POINT('',(-0.25,11.9,3.45));
#6862=CARTESIAN_POINT('',(-0.25,11.75,3.45));
#6863=CARTESIAN_POINT('',(-0.25,11.75,3.45));
#6864=CARTESIAN_POINT('',(-0.25,11.9,3.3));
#6865=CARTESIAN_POINT('',(-0.25,12.0572949016875,3.3));
#6866=CARTESIAN_POINT('',(-0.25,12.0572949016875,3.3));
#6867=CARTESIAN_POINT('',(-0.25,11.9,3.3));
#6868=CARTESIAN_POINT('',(-0.25,12.0572949016875,3.45000000000001));
#6869=CARTESIAN_POINT('',(-0.25,12.1914589803375,3.38291796067501));
#6870=CARTESIAN_POINT('',(-0.25,12.1914589803375,3.38291796067501));
#6871=CARTESIAN_POINT('',(-0.25,12.0572949016875,3.45000000000001));
#6872=CARTESIAN_POINT('',(-0.25,12.1914589803375,3.38291796067501));
#6873=CARTESIAN_POINT('',(-0.25,12.2085410196625,3.41708203932499));
#6874=CARTESIAN_POINT('',(-0.25,12.2085410196625,3.41708203932499));
#6875=CARTESIAN_POINT('',(-0.25,12.1914589803375,3.38291796067501));
#6876=CARTESIAN_POINT('',(-0.25,11.75,4.));
#6877=CARTESIAN_POINT('',(-0.25,11.75,4.));
#6878=CARTESIAN_POINT('',(-0.25,12.3427050983125,3.34999999999999));
#6879=CARTESIAN_POINT('',(-0.25,12.3427050983125,3.34999999999999));
#6880=CARTESIAN_POINT('',(-0.25,11.9,3.45));
#6881=CARTESIAN_POINT('',(-6.7,10.9,0.8));
#6882=CARTESIAN_POINT('',(-5.50638341222714,10.9,2.65));
#6883=CARTESIAN_POINT('',(-0.695000000000002,10.9,0.8));
#6884=CARTESIAN_POINT('',(-6.7,10.9,0.));
#6885=CARTESIAN_POINT('',(-7.,10.9,0.));
#6886=CARTESIAN_POINT('',(-7.,10.9,0.));
#6887=CARTESIAN_POINT('',(-7.,10.9,0.8));
#6888=CARTESIAN_POINT('',(-6.7,10.9,0.8));
#6889=CARTESIAN_POINT('',(-6.7,10.9,1.1));
#6890=CARTESIAN_POINT('',(-6.7,10.9,1.1));
#6891=CARTESIAN_POINT('',(-5.7,10.9,1.1));
#6892=CARTESIAN_POINT('',(-5.7,10.9,1.1));
#6893=CARTESIAN_POINT('',(-7.,10.9,0.));
#6894=CARTESIAN_POINT('',(-7.,10.9,0.));
#6895=CARTESIAN_POINT('',(-7.,12.55,0.));
#6896=CARTESIAN_POINT('',(-7.,12.55,0.));
#6897=CARTESIAN_POINT('',(-7.,12.55,0.8));
#6898=CARTESIAN_POINT('',(-7.,10.9,0.8));
#6899=CARTESIAN_POINT('',(-6.7,10.9,0.8));
#6900=CARTESIAN_POINT('',(-6.7,12.55,0.8));
#6901=CARTESIAN_POINT('',(-6.7,12.55,1.1));
#6902=CARTESIAN_POINT('',(-6.7,10.9,1.1));
#6903=CARTESIAN_POINT('',(-6.7,10.9,1.1));
#6904=CARTESIAN_POINT('',(-6.7,12.55,1.1));
#6905=CARTESIAN_POINT('',(-5.7,12.55,1.1));
#6906=CARTESIAN_POINT('',(-5.7,10.9,1.1));
#6907=CARTESIAN_POINT('',(-5.7,10.9,1.1));
#6908=CARTESIAN_POINT('',(-5.7,12.55,1.1));
#6909=CARTESIAN_POINT('',(-0.25,12.55,2.7));
#6910=CARTESIAN_POINT('',(-5.16666666666667,12.0166666666667,2.16666666666667));
#6911=CARTESIAN_POINT('',(-5.7,12.55,1.1));
#6912=CARTESIAN_POINT('',(-5.7,12.55,1.1));
#6913=CARTESIAN_POINT('',(-6.7,12.55,1.1));
#6914=CARTESIAN_POINT('',(-6.7,12.75,1.3));
#6915=CARTESIAN_POINT('',(-6.7,12.55,0.8));
#6916=CARTESIAN_POINT('',(-7.2,12.75,0.8));
#6917=CARTESIAN_POINT('',(-7.,12.55,0.));
#6918=CARTESIAN_POINT('',(-7.,12.55,0.));
#6919=CARTESIAN_POINT('',(3.35,4.6,3.1));
#6920=CARTESIAN_POINT('',(3.35,2.2,3.1));
#6921=CARTESIAN_POINT('',(3.35,2.2,3.1));
#6922=CARTESIAN_POINT('',(3.35,4.6,3.1));
#6923=CARTESIAN_POINT('',(3.35,4.6,3.1));
#6924=CARTESIAN_POINT('',(3.35,4.6,3.1));
#6925=CARTESIAN_POINT('',(3.35,2.2,2.5));
#6926=CARTESIAN_POINT('',(3.35,1.6,2.5));
#6927=CARTESIAN_POINT('',(3.35,1.6,2.5));
#6928=CARTESIAN_POINT('',(3.35,2.2,2.5));
#6929=CARTESIAN_POINT('',(3.35,1.6,2.5));
#6930=CARTESIAN_POINT('',(3.35,1.6,0.8));
#6931=CARTESIAN_POINT('',(3.35,1.6,0.8));
#6932=CARTESIAN_POINT('',(3.35,1.6,2.5));
#6933=CARTESIAN_POINT('',(3.35,2.2,0.8));
#6934=CARTESIAN_POINT('',(3.35,2.2,0.8));
#6935=CARTESIAN_POINT('',(3.35,4.6,0.800000000000001));
#6936=CARTESIAN_POINT('',(3.35,5.2,0.8));
#6937=CARTESIAN_POINT('',(3.35,5.2,0.8));
#6938=CARTESIAN_POINT('',(3.35,4.6,0.800000000000001));
#6939=CARTESIAN_POINT('',(3.35,5.2,0.8));
#6940=CARTESIAN_POINT('',(3.35,5.2,0.9));
#6941=CARTESIAN_POINT('',(3.35,5.2,0.9));
#6942=CARTESIAN_POINT('',(3.35,5.2,0.8));
#6943=CARTESIAN_POINT('',(3.35,5.35,0.900000000000001));
#6944=CARTESIAN_POINT('',(3.35,5.35,1.05));
#6945=CARTESIAN_POINT('',(3.35,5.35,1.05));
#6946=CARTESIAN_POINT('',(3.35,5.35,0.900000000000001));
#6947=CARTESIAN_POINT('',(3.35,5.35,1.05));
#6948=CARTESIAN_POINT('',(3.35,6.4,1.05));
#6949=CARTESIAN_POINT('',(3.35,6.4,1.05));
#6950=CARTESIAN_POINT('',(3.35,5.35,1.05));
#6951=CARTESIAN_POINT('',(3.35,6.4,1.35));
#6952=CARTESIAN_POINT('',(3.35,6.7,1.35));
#6953=CARTESIAN_POINT('',(3.35,6.7,1.35));
#6954=CARTESIAN_POINT('',(3.35,6.4,1.35));
#6955=CARTESIAN_POINT('',(3.35,6.7,1.35));
#6956=CARTESIAN_POINT('',(3.35,6.7,1.95));
#6957=CARTESIAN_POINT('',(3.35,6.7,1.95));
#6958=CARTESIAN_POINT('',(3.35,6.7,1.35));
#6959=CARTESIAN_POINT('',(3.35,6.4,1.95));
#6960=CARTESIAN_POINT('',(3.35,6.4,2.25));
#6961=CARTESIAN_POINT('',(3.35,6.4,2.25));
#6962=CARTESIAN_POINT('',(3.35,6.4,1.95));
#6963=CARTESIAN_POINT('',(3.35,6.4,2.25));
#6964=CARTESIAN_POINT('',(3.35,5.35,2.25));
#6965=CARTESIAN_POINT('',(3.35,5.35,2.25));
#6966=CARTESIAN_POINT('',(3.35,6.4,2.25));
#6967=CARTESIAN_POINT('',(3.35,5.35,2.4));
#6968=CARTESIAN_POINT('',(3.35,5.2,2.4));
#6969=CARTESIAN_POINT('',(3.35,5.2,2.4));
#6970=CARTESIAN_POINT('',(3.35,5.35,2.4));
#6971=CARTESIAN_POINT('',(3.35,5.2,2.4));
#6972=CARTESIAN_POINT('',(3.35,5.2,2.5));
#6973=CARTESIAN_POINT('',(3.35,5.2,2.5));
#6974=CARTESIAN_POINT('',(3.35,5.2,2.4));
#6975=CARTESIAN_POINT('',(3.35,4.6,2.5));
#6976=CARTESIAN_POINT('',(3.35,4.6,2.5));
#6977=CARTESIAN_POINT('',(3.35,2.2,2.5));
#6978=CARTESIAN_POINT('',(3.35,2.4,0.3));
#6979=CARTESIAN_POINT('',(3.35,2.4,0.));
#6980=CARTESIAN_POINT('',(3.35,4.4,0.));
#6981=CARTESIAN_POINT('',(3.35,4.4,0.));
#6982=CARTESIAN_POINT('',(3.35,4.4,0.3));
#6983=CARTESIAN_POINT('',(4.85,2.4,0.3));
#6984=CARTESIAN_POINT('',(4.85,2.4,0.));
#6985=CARTESIAN_POINT('',(4.85,2.4,0.));
#6986=CARTESIAN_POINT('',(4.85,2.4,0.3));
#6987=CARTESIAN_POINT('',(5.35,4.6,0.3));
#6988=CARTESIAN_POINT('',(4.85,4.4,0.3));
#6989=CARTESIAN_POINT('',(4.85,4.4,0.));
#6990=CARTESIAN_POINT('',(5.35,4.6,0.));
#6991=CARTESIAN_POINT('',(4.85,4.4,0.3));
#6992=CARTESIAN_POINT('',(4.85,4.4,0.));
#6993=CARTESIAN_POINT('',(3.35,2.4,0.3));
#6994=CARTESIAN_POINT('',(3.35,2.4,0.));
#6995=CARTESIAN_POINT('',(-8.75,0.400000000000001,0.));
#6996=CARTESIAN_POINT('',(-8.75,0.400000000000001,0.));
#6997=CARTESIAN_POINT('',(-8.75,0.400000000000001,0.));
#6998=CARTESIAN_POINT('',(-9.05,12.35,0.));
#6999=CARTESIAN_POINT('',(-9.05,8.5,0.));
#7000=CARTESIAN_POINT('',(-9.05,8.3,0.));
#7001=CARTESIAN_POINT('',(-8.85,8.3,0.));
#7002=CARTESIAN_POINT('',(-8.85,8.3,0.));
#7003=CARTESIAN_POINT('',(-8.85,7.,0.));
#7004=CARTESIAN_POINT('',(-9.05,7.,0.));
#7005=CARTESIAN_POINT('',(-8.75,0.400000000000001,0.));
#7006=CARTESIAN_POINT('',(-8.75,0.400000000000001,0.));
#7007=CARTESIAN_POINT('',(-9.05,12.35,0.));
#7008=CARTESIAN_POINT('',(-8.75,0.400000000000001,0.));
#7009=CARTESIAN_POINT('',(-8.75,0.400000000000001,0.));
#7010=CARTESIAN_POINT('',(-8.75,11.75,0.));
#7011=CARTESIAN_POINT('',(-0.25,11.75,0.));
#7012=CARTESIAN_POINT('',(2.68772977592245,11.75,0.));
#7013=CARTESIAN_POINT('',(-0.25,0.400000000000001,0.));
#7014=CARTESIAN_POINT('',(-0.25,12.35,7.04731412115578E-16));
#7015=CARTESIAN_POINT('',(-0.25,12.35,7.04731412115578E-16));
#7016=CARTESIAN_POINT('',(1.97267762036592,12.35,3.52365706057789E-16));
#7017=CARTESIAN_POINT('',(5.14283628290596,9.68992103548919,0.));
#7018=CARTESIAN_POINT('',(1.91308994073621,12.4,0.));
#7019=CARTESIAN_POINT('',(-0.25,12.4,0.));
#7020=CARTESIAN_POINT('',(-0.25,12.4,0.));
#7021=CARTESIAN_POINT('',(-0.25,0.400000000000001,0.));
#7022=CARTESIAN_POINT('',(5.14283628290596,9.68992103548919,0.));
#7023=CARTESIAN_POINT('',(-8.75,0.400000000000001,-1.5));
#7024=CARTESIAN_POINT('',(-8.75,0.400000000000001,-1.5));
#7025=CARTESIAN_POINT('',(4.95,0.4,-1.5));
#7026=CARTESIAN_POINT('',(4.95,0.4,-1.5));
#7027=CARTESIAN_POINT('',(5.25,0.4,-1.5));
#7028=CARTESIAN_POINT('',(5.25,0.4,-1.5));
#7029=CARTESIAN_POINT('',(5.25,0.4,-1.5));
#7030=CARTESIAN_POINT('',(5.25,0.4,-1.5));
#7031=CARTESIAN_POINT('',(5.25,9.4601077025535,-1.5));
#7032=CARTESIAN_POINT('',(5.25,9.4601077025535,-1.5));
#7033=CARTESIAN_POINT('',(5.25,0.4,0.));
#7034=CARTESIAN_POINT('',(4.94999999999999,9.4601077025535,-1.5));
#7035=CARTESIAN_POINT('',(4.94999999999999,9.4601077025535,-1.5));
#7036=CARTESIAN_POINT('',(5.14283628290596,9.68992103548919,-1.5));
#7037=CARTESIAN_POINT('',(5.14283628290596,9.68992103548919,-1.5));
#7038=CARTESIAN_POINT('',(5.14283628290596,9.68992103548919,-1.5));
#7039=CARTESIAN_POINT('',(2.68772977592245,11.75,-1.5));
#7040=CARTESIAN_POINT('',(2.68772977592245,11.75,-0.05));
#7041=CARTESIAN_POINT('',(5.14283628290596,9.68992103548919,-1.5));
#7042=CARTESIAN_POINT('',(1.69879675521376,12.5798133329357,-1.5));
#7043=CARTESIAN_POINT('',(1.69879675521376,12.5798133329357,-1.5));
#7044=CARTESIAN_POINT('',(1.69879675521376,12.5798133329357,-0.122863136974628));
#7045=CARTESIAN_POINT('',(4.19749633191617,10.4831554397019,1.30974456635652));
#7046=CARTESIAN_POINT('',(1.97267762036593,12.35,-0.149999999999994));
#7047=CARTESIAN_POINT('',(2.11568805147723,12.23,-0.0600000000000011));
#7048=CARTESIAN_POINT('',(4.4059639937556,10.30823030154,-2.62235959794666));
#7049=CARTESIAN_POINT('',(2.18719326703288,12.17,-0.139999999999999));
#7050=CARTESIAN_POINT('',(2.33020369814419,12.05,-0.0499999999999968));
#7051=CARTESIAN_POINT('',(2.33020369814419,12.05,-0.2));
#7052=CARTESIAN_POINT('',(5.14283628290596,9.68992103548919,-0.2));
#7053=CARTESIAN_POINT('',(2.50896673703332,11.9,-0.2));
#7054=CARTESIAN_POINT('',(2.50896673703332,11.9,-0.05));
#7055=CARTESIAN_POINT('',(1.5059604723078,12.35,-1.5));
#7056=CARTESIAN_POINT('',(1.5059604723078,12.35,0.0341640786499936));
#7057=CARTESIAN_POINT('',(1.69291362709337,12.5846242057327,-0.126150317706901));
#7058=CARTESIAN_POINT('',(1.5059604723078,12.35,-1.5));
#7059=CARTESIAN_POINT('',(1.69291362709337,12.5846242057327,-0.126150317706901));
#7060=CARTESIAN_POINT('',(1.63540342053874,12.630449462825,-0.157461871455975));
#7061=CARTESIAN_POINT('',(1.57027806252897,12.65,-0.204521100150463));
#7062=CARTESIAN_POINT('',(1.5059604723078,12.65,-0.249999999999989));
#7063=CARTESIAN_POINT('',(-8.75,12.35,-1.5));
#7064=CARTESIAN_POINT('',(-8.75,12.35,-1.5));
#7065=CARTESIAN_POINT('',(-9.05,12.35,-1.5));
#7066=CARTESIAN_POINT('',(-9.05,12.35,-1.5));
#7067=CARTESIAN_POINT('',(-9.05,12.35,-1.5));
#7068=CARTESIAN_POINT('',(-9.05,12.35,-1.5));
#7069=CARTESIAN_POINT('',(-9.05,8.5,-1.5));
#7070=CARTESIAN_POINT('',(-9.05,8.5,-1.5));
#7071=CARTESIAN_POINT('',(-9.05,8.3,-1.5));
#7072=CARTESIAN_POINT('',(-9.05,8.3,-1.5));
#7073=CARTESIAN_POINT('',(-8.85,8.3,-1.5));
#7074=CARTESIAN_POINT('',(-8.85,8.3,-1.5));
#7075=CARTESIAN_POINT('',(-8.85,8.3,-1.5));
#7076=CARTESIAN_POINT('',(-8.85,8.3,-1.5));
#7077=CARTESIAN_POINT('',(-8.85,7.,-1.5));
#7078=CARTESIAN_POINT('',(-8.85,7.,-1.5));
#7079=CARTESIAN_POINT('',(-9.05,7.,-1.5));
#7080=CARTESIAN_POINT('',(-9.05,7.,-1.5));
#7081=CARTESIAN_POINT('',(-8.75,0.400000000000001,-1.5));
#7082=CARTESIAN_POINT('',(-8.75,0.400000000000001,0.));
#7083=CARTESIAN_POINT('',(-0.25,11.9,-0.05));
#7084=CARTESIAN_POINT('',(-0.25,12.4,0.));
#7085=CARTESIAN_POINT('',(-0.25,12.5846242057327,-0.126150317706901));
#7086=CARTESIAN_POINT('',(-0.25,12.5,-0.249999999999989));
#7087=CARTESIAN_POINT('',(-0.25,12.5,-0.249999999999989));
#7088=CARTESIAN_POINT('',(-0.25,12.5846242057327,-0.126150317706901));
#7089=CARTESIAN_POINT('',(-0.25,12.4,0.));
#7090=CARTESIAN_POINT('',(-0.25,11.9,-0.05));
#7091=CARTESIAN_POINT('',(-0.25,11.75,0.1));
#7092=CARTESIAN_POINT('',(-0.25,11.75,-0.05));
#7093=CARTESIAN_POINT('',(-0.25,11.9,-0.05));
#7094=CARTESIAN_POINT('',(-0.25,11.9,-0.199999999999999));
#7095=CARTESIAN_POINT('',(-0.25,11.9,-0.2));
#7096=CARTESIAN_POINT('',(-0.25,12.05,-0.2));
#7097=CARTESIAN_POINT('',(-0.25,12.05,-0.0499999999999968));
#7098=CARTESIAN_POINT('',(-0.25,12.17,-0.139999999999999));
#7099=CARTESIAN_POINT('',(-0.25,12.17,-0.139999999999999));
#7100=CARTESIAN_POINT('',(-0.25,12.23,-0.0600000000000011));
#7101=CARTESIAN_POINT('',(-0.25,12.35,-0.149999999999994));
#7102=CARTESIAN_POINT('',(-0.25,11.75,0.1));
#7103=CARTESIAN_POINT('',(-0.25,11.75,-0.05));
#7104=CARTESIAN_POINT('',(-0.25,11.9,-0.05));
#7105=CARTESIAN_POINT('',(-0.25,11.9,-0.199999999999999));
#7106=CARTESIAN_POINT('',(-0.25,11.9,-0.2));
#7107=CARTESIAN_POINT('',(-0.25,12.05,-0.2));
#7108=CARTESIAN_POINT('',(-0.25,12.05,-0.0499999999999968));
#7109=CARTESIAN_POINT('',(-0.25,12.17,-0.139999999999999));
#7110=CARTESIAN_POINT('',(-0.25,12.17,-0.139999999999999));
#7111=CARTESIAN_POINT('',(-0.25,12.23,-0.0600000000000011));
#7112=CARTESIAN_POINT('',(-0.25,12.35,-0.149999999999994));
#7113=CARTESIAN_POINT('',(0.25,1.2,1.56));
#7114=CARTESIAN_POINT('',(-0.25,1.2,1.56));
#7115=CARTESIAN_POINT('',(-0.25,-3.6,1.56));
#7116=CARTESIAN_POINT('',(0.25,-3.6,1.56));
#7117=CARTESIAN_POINT('',(0.25,-3.6,1.56));
#7118=CARTESIAN_POINT('',(0.25,1.2,1.56));
#7119=CARTESIAN_POINT('',(0.25,-3.6,1.56));
#7120=CARTESIAN_POINT('',(-0.25,-3.6,1.56));
#7121=CARTESIAN_POINT('',(-0.25,-3.6,0.56));
#7122=CARTESIAN_POINT('',(0.25,-3.6,0.56));
#7123=CARTESIAN_POINT('',(0.25,-3.6,0.56));
#7124=CARTESIAN_POINT('',(0.25,-3.6,1.56));
#7125=CARTESIAN_POINT('',(0.25,-3.6,0.56));
#7126=CARTESIAN_POINT('',(-0.25,-3.6,0.56));
#7127=CARTESIAN_POINT('',(0.25,-3.6,0.56));
#7128=CARTESIAN_POINT('',(0.25,0.,0.));
#7129=CARTESIAN_POINT('',(-0.25,0.,0.));
#7130=CARTESIAN_POINT('',(-4.75,1.2,1.56));
#7131=CARTESIAN_POINT('',(-5.25,1.2,1.56));
#7132=CARTESIAN_POINT('',(-5.25,-3.6,1.56));
#7133=CARTESIAN_POINT('',(-4.75,-3.6,1.56));
#7134=CARTESIAN_POINT('',(-4.75,-3.6,1.56));
#7135=CARTESIAN_POINT('',(-4.75,1.2,1.56));
#7136=CARTESIAN_POINT('',(-4.75,-3.6,1.56));
#7137=CARTESIAN_POINT('',(-5.25,-3.6,1.56));
#7138=CARTESIAN_POINT('',(-5.25,-3.6,0.56));
#7139=CARTESIAN_POINT('',(-4.75,-3.6,0.56));
#7140=CARTESIAN_POINT('',(-4.75,-3.6,0.56));
#7141=CARTESIAN_POINT('',(-4.75,-3.6,1.56));
#7142=CARTESIAN_POINT('',(-4.75,-3.6,0.56));
#7143=CARTESIAN_POINT('',(-5.25,-3.6,0.56));
#7144=CARTESIAN_POINT('',(-4.75,-3.6,0.56));
#7145=CARTESIAN_POINT('',(-4.75,0.,0.));
#7146=CARTESIAN_POINT('',(-5.25,0.,0.));
#7147=CARTESIAN_POINT('',(-4.895,10.3840442623117,2.65));
#7148=CARTESIAN_POINT('',(-5.27057725022872,11.0904023365988,2.65));
#7149=CARTESIAN_POINT('',(-0.695000000000002,4.68662635703336,2.65));
#7150=CARTESIAN_POINT('',(-0.695000000000002,11.,2.65));
#7151=CARTESIAN_POINT('',(-0.695000000000002,11.,2.65));
#7152=CARTESIAN_POINT('',(3.84255040694008,11.,2.65));
#7153=CARTESIAN_POINT('',(3.84255040694008,11.,2.65));
#7154=CARTESIAN_POINT('',(1.75698161990021,12.75,-0.2));
#7155=CARTESIAN_POINT('',(4.35860619515673,10.5669777784405,-0.2));
#7156=CARTESIAN_POINT('',(4.35860619515673,10.5669777784405,2.65));
#7157=CARTESIAN_POINT('',(4.35860619515673,10.5669777784405,2.9));
#7158=CARTESIAN_POINT('',(1.75698161990021,12.75,2.9));
#7159=CARTESIAN_POINT('',(4.68,10.95,2.65));
#7160=CARTESIAN_POINT('',(4.68,10.95,-0.2));
#7161=CARTESIAN_POINT('',(4.68,10.95,2.9));
#7162=CARTESIAN_POINT('',(-1.89999999999998,11.7499999999999,2.65));
#7163=CARTESIAN_POINT('',(-2.36947156278589,12.6329475928589,2.65));
#7164=CARTESIAN_POINT('',(-2.36947156278589,12.6329475928589,2.65));
#7165=CARTESIAN_POINT('',(4.68,10.95,-0.2));
#7166=CARTESIAN_POINT('',(5.99999999999999,10.75,-0.2));
#7167=CARTESIAN_POINT('',(4.68,10.95,2.9));
#7168=CARTESIAN_POINT('',(6.,10.75,2.9));
#7169=CARTESIAN_POINT('',(3.43,10.75,1.35));
#7170=CARTESIAN_POINT('',(7.27489143062219,10.75,0.246908939965501));
#7171=CARTESIAN_POINT('',(7.27489142396431,10.75,2.45309108324096));
#7172=CARTESIAN_POINT('',(6.89040228156788,10.75,0.357218025083134));
#7173=CARTESIAN_POINT('',(7.02738724796294,10.75,-0.0185945864425315));
#7174=CARTESIAN_POINT('',(6.89040228156788,10.75,2.34278197491686));
#7175=CARTESIAN_POINT('',(7.02738725903099,10.75,2.71859458240819));
#7176=CARTESIAN_POINT('',(5.99999999999999,10.75,2.80000000000005));
#7177=CARTESIAN_POINT('',(6.,10.75,-0.100000000000037));
#7178=CARTESIAN_POINT('',(-3.75,9.7,4.25));
#7179=CARTESIAN_POINT('',(-3.75,9.7,4.25));
#7180=CARTESIAN_POINT('',(-3.3,9.7,4.25));
#7181=CARTESIAN_POINT('',(-3.75,9.7,4.25));
#7182=CARTESIAN_POINT('',(0.0338685344140399,4.65,4.05));
#7183=CARTESIAN_POINT('',(-1.7,4.65,4.05));
#7184=CARTESIAN_POINT('',(-1.7,4.65,4.05));
#7185=CARTESIAN_POINT('',(0.0338685344140399,4.65,4.05));
#7186=CARTESIAN_POINT('',(0.0338685344140399,4.65,4.05));
#7187=CARTESIAN_POINT('',(0.0338685344140399,4.65,4.05));
#7188=CARTESIAN_POINT('',(-1.7,4.65,4.05));
#7189=CARTESIAN_POINT('',(-1.7,2.1,4.05));
#7190=CARTESIAN_POINT('',(-1.7,2.1,4.05));
#7191=CARTESIAN_POINT('',(-1.7,4.65,4.05));
#7192=CARTESIAN_POINT('',(-1.7,2.1,4.05));
#7193=CARTESIAN_POINT('',(-0.9,2.1,4.05));
#7194=CARTESIAN_POINT('',(-0.9,2.1,4.05));
#7195=CARTESIAN_POINT('',(-1.7,2.1,4.05));
#7196=CARTESIAN_POINT('',(-0.9,2.1,4.05));
#7197=CARTESIAN_POINT('',(-0.9,2.85,4.05));
#7198=CARTESIAN_POINT('',(-0.9,2.85,4.05));
#7199=CARTESIAN_POINT('',(-0.9,2.1,4.05));
#7200=CARTESIAN_POINT('',(-0.9,2.85,4.05));
#7201=CARTESIAN_POINT('',(-0.9,2.85,4.05));
#7202=CARTESIAN_POINT('',(0.,0.,4.05));
#7203=CARTESIAN_POINT('',(-4.89974169979695,8.15,4.05));
#7204=CARTESIAN_POINT('',(-5.7,8.15,4.05));
#7205=CARTESIAN_POINT('',(-5.7,8.15,4.05));
#7206=CARTESIAN_POINT('',(-4.89974169979695,8.15,4.05));
#7207=CARTESIAN_POINT('',(-4.89974169979695,8.15,4.05));
#7208=CARTESIAN_POINT('',(-4.89974169979695,8.15,4.05));
#7209=CARTESIAN_POINT('',(-5.7,8.15,4.05));
#7210=CARTESIAN_POINT('',(-5.7,7.65,4.05));
#7211=CARTESIAN_POINT('',(-5.7,7.65,4.05));
#7212=CARTESIAN_POINT('',(-5.7,8.15,4.05));
#7213=CARTESIAN_POINT('',(-5.2,7.65,4.05));
#7214=CARTESIAN_POINT('',(-5.2,7.15,4.05));
#7215=CARTESIAN_POINT('',(-5.2,7.15,4.05));
#7216=CARTESIAN_POINT('',(-5.2,7.65,4.05));
#7217=CARTESIAN_POINT('',(-5.2,7.15,4.05));
#7218=CARTESIAN_POINT('',(-3.59913203435597,7.15,4.05));
#7219=CARTESIAN_POINT('',(-3.59913203435597,7.15,4.05));
#7220=CARTESIAN_POINT('',(-5.2,7.15,4.05));
#7221=CARTESIAN_POINT('',(-3.59913203435597,7.3,4.05));
#7222=CARTESIAN_POINT('',(-3.49306601717798,7.40606601717798,4.05));
#7223=CARTESIAN_POINT('',(-3.49306601717798,7.40606601717798,4.05));
#7224=CARTESIAN_POINT('',(-3.59913203435597,7.3,4.05));
#7225=CARTESIAN_POINT('',(-3.49306601717798,7.40606601717798,4.05));
#7226=CARTESIAN_POINT('',(-3.76837084989848,7.68137084989848,4.05));
#7227=CARTESIAN_POINT('',(-3.76837084989848,7.68137084989848,4.05));
#7228=CARTESIAN_POINT('',(-3.49306601717798,7.40606601717798,4.05));
#7229=CARTESIAN_POINT('',(-4.89974169979695,6.55000000000001,4.05));
#7230=CARTESIAN_POINT('',(-4.89974169979695,6.55000000000001,4.05));
#7231=CARTESIAN_POINT('',(-5.2,7.65,4.05));
#7232=MECHANICAL_DESIGN_GEOMETRIC_PRESENTATION_REPRESENTATION('',(#3343,
#3344,#3345,#3346,#3347,#3348,#3349,#3350,#3351,#3352,#3353,#3354,#3355,
#3356,#3357,#3358,#3359,#3360,#3361,#3362,#3363,#3364,#3365,#3366,#3367,
#3368,#3369,#3370,#3371,#3372,#3373,#3374,#3375,#3376,#3377,#3378,#3379,
#3380,#3381,#3382,#3383,#3384,#3385,#3386,#3387,#3388,#3389,#3390,#3391,
#3392,#3393,#3394,#3395,#3396,#3397,#3398,#3399,#3400,#3401,#3402,#3403,
#3404,#3405,#3406,#3407,#3408,#3409,#3410,#3411,#3412,#3413,#3414,#3415,
#3416,#3417,#3418,#3419,#3420,#3421,#3422,#3423,#3424,#3425,#3426,#3427,
#3428,#3429,#3430,#3431,#3432,#3433,#3434,#3435,#3436,#3437,#3438,#3439,
#3440,#3441,#3442,#3443,#3444,#3445,#3446,#3447,#3448,#3449,#3450,#3451,
#3452,#3453,#3454,#3455,#3456,#3457,#3458,#3459,#3460,#3461,#3462,#3463,
#3464,#3465,#3466,#3467,#3468,#3469,#3470,#3471,#3472,#3473,#3474,#3475,
#3476,#3477,#3478,#3479,#3480,#3481,#3482,#3483,#3484,#3485,#3486,#3487,
#3488,#3489,#3490,#3491,#3492,#3493,#3494,#3495,#3496,#3497,#3498,#3499,
#3500,#3501,#3502,#3503,#3504,#3505,#3506,#3507,#3508,#3509,#3510,#3511,
#3512,#3513,#3514,#3515,#3516,#3517,#3518,#3519,#3520,#3521,#3522,#3523,
#3524,#3525,#3526,#3527),#7233);
#7233=(
GEOMETRIC_REPRESENTATION_CONTEXT(3)
GLOBAL_UNCERTAINTY_ASSIGNED_CONTEXT((#7234))
GLOBAL_UNIT_ASSIGNED_CONTEXT((#7237,#7236,#7235))
REPRESENTATION_CONTEXT('2601-1101','TOP_LEVEL_ASSEMBLY_PART')
);
#7234=UNCERTAINTY_MEASURE_WITH_UNIT(LENGTH_MEASURE(1.E-5),#7237,
'DISTANCE_ACCURACY_VALUE','Maximum Tolerance applied to model');
#7235=(
NAMED_UNIT(*)
SI_UNIT($,.STERADIAN.)
SOLID_ANGLE_UNIT()
);
#7236=(
NAMED_UNIT(*)
PLANE_ANGLE_UNIT()
SI_UNIT($,.RADIAN.)
);
#7237=(
LENGTH_UNIT()
NAMED_UNIT(*)
SI_UNIT(.MILLI.,.METRE.)
);
#7238=PRODUCT_DEFINITION_SHAPE('','',#7239);
#7239=PRODUCT_DEFINITION('','',#7241,#7240);
#7240=PRODUCT_DEFINITION_CONTEXT('',#7247,'design');
#7241=PRODUCT_DEFINITION_FORMATION_WITH_SPECIFIED_SOURCE('','',#7243,
 .NOT_KNOWN.);
#7242=PRODUCT_RELATED_PRODUCT_CATEGORY('','',(#7243));
#7243=PRODUCT('2601-1101','2601-1101','2601-1101',(#7245));
#7244=PRODUCT_CATEGORY('','');
#7245=PRODUCT_CONTEXT('',#7247,'mechanical');
#7246=APPLICATION_PROTOCOL_DEFINITION('international standard',
'ap242_managed_model_based_3d_engineering',2011,#7247);
#7247=APPLICATION_CONTEXT('managed model based 3d engineering');
ENDSEC;
END-ISO-10303-21;
