ISO-10303-21;
HEADER;
FILE_DESCRIPTION (( 'STEP AP214' ),
    '1' );
FILE_NAME ('SOD123HP-2_3D.STEP',
    '2024-04-29T01:54:24',
    ( '' ),
    ( '' ),
    'SwSTEP 2.0',
    'SolidWorks 2022',
    '' );
FILE_SCHEMA (( 'AUTOMOTIVE_DESIGN' ));
ENDSEC;

DATA;
#1 = CYLINDRICAL_SURFACE ( 'NONE', #695, 0.1150000000000019756 ) ;
#2 = ORIENTED_EDGE ( 'NONE', *, *, #2963, .F. ) ;
#3 = ORIENTED_EDGE ( 'NONE', *, *, #6033, .F. ) ;
#4 = AXIS2_PLACEMENT_3D ( 'NONE', #554, #5614, #1028 ) ;
#5 = DIRECTION ( 'NONE',  ( 1.000000000000000000, 0.000000000000000000, 0.000000000000000000 ) ) ;
#6 = PLANE ( 'NONE',  #3299 ) ;
#7 = PLANE ( 'NONE',  #1663 ) ;
#8 = ORIENTED_EDGE ( 'NONE', *, *, #788, .T. ) ;
#9 = CARTESIAN_POINT ( 'NONE',  ( 0.4800000000000180234, 0.8849999999999840217, 0.2100000000000000200 ) ) ;
#10 = ORIENTED_EDGE ( 'NONE', *, *, #3681, .F. ) ;
#11 = LINE ( 'NONE', #4600, #4918 ) ;
#12 = FACE_OUTER_BOUND ( 'NONE', #305, .T. ) ;
#13 = EDGE_CURVE ( 'NONE', #5891, #6224, #5351, .T. ) ;
#14 = DIRECTION ( 'NONE',  ( -0.1710878697460030129, -0.1710878697460345155, 0.9702875252478199153 ) ) ;
#15 = FACE_OUTER_BOUND ( 'NONE', #1331, .T. ) ;
#16 = CARTESIAN_POINT ( 'NONE',  ( 3.121802131519984869, -0.3700112022464978612, 0.02754666676607532561 ) ) ;
#17 = ORIENTED_EDGE ( 'NONE', *, *, #836, .T. ) ;
#18 = EDGE_CURVE ( 'NONE', #872, #179, #1302, .T. ) ;
#19 = CYLINDRICAL_SURFACE ( 'NONE', #2124, 0.1200000000000000511 ) ;
#20 = FACE_OUTER_BOUND ( 'NONE', #1848, .T. ) ;
#21 = LINE ( 'NONE', #3063, #4019 ) ;
#22 = EDGE_CURVE ( 'NONE', #4251, #705, #3907, .T. ) ;
#23 = VECTOR ( 'NONE', #4097, 1000.000000000000000 ) ;
#24 = VERTEX_POINT ( 'NONE', #5957 ) ;
#25 = DIRECTION ( 'NONE',  ( 2.120153865200730353E-14, 1.000000000000000000, -1.779020326330044932E-14 ) ) ;
#26 = LINE ( 'NONE', #3067, #6454 ) ;
#27 = DIRECTION ( 'NONE',  ( 0.000000000000000000, 0.000000000000000000, -1.000000000000000000 ) ) ;
#29 = DIRECTION ( 'NONE',  ( 0.000000000000000000, -1.000000000000000000, 0.000000000000000000 ) ) ;
#28 = PRODUCT_DEFINITION_CONTEXT ( 'detailed design', #6556, 'design' ) ;
#30 = ORIENTED_EDGE ( 'NONE', *, *, #4741, .F. ) ;
#31 = ORIENTED_EDGE ( 'NONE', *, *, #5185, .F. ) ;
#32 = ORIENTED_EDGE ( 'NONE', *, *, #4321, .F. ) ;
#33 = EDGE_CURVE ( 'NONE', #4120, #1105, #5925, .T. ) ;
#34 = DIRECTION ( 'NONE',  ( 5.681219383821133158E-13, -1.000000000000000000, 0.000000000000000000 ) ) ;
#35 = DIRECTION ( 'NONE',  ( -1.000000000000000000, -2.844946500603254085E-13, 0.000000000000000000 ) ) ;
#36 = CARTESIAN_POINT ( 'NONE',  ( 0.7800000000000859579, 0.7242121964622539876, 0.06000000000000140638 ) ) ;
#37 = ORIENTED_EDGE ( 'NONE', *, *, #2900, .F. ) ;
#38 = DIRECTION ( 'NONE',  ( -0.8073211720375079725, 1.976410210259925492E-16, 0.5901122987872601255 ) ) ;
#39 = ORIENTED_EDGE ( 'NONE', *, *, #999, .T. ) ;
#40 = CARTESIAN_POINT ( 'NONE',  ( 0.4800000000000180234, 1.319999999999985851, 0.2100000000000000200 ) ) ;
#41 = FACE_OUTER_BOUND ( 'NONE', #2973, .T. ) ;
#42 = DIRECTION ( 'NONE',  ( 0.000000000000000000, -1.000000000000000000, 0.000000000000000000 ) ) ;
#43 = ORIENTED_EDGE ( 'NONE', *, *, #779, .T. ) ;
#44 = DIRECTION ( 'NONE',  ( 1.000000000000000000, 5.224578939412010120E-14, 0.000000000000000000 ) ) ;
#45 = DIRECTION ( 'NONE',  ( 0.000000000000000000, -1.000000000000000000, 0.000000000000000000 ) ) ;
#46 = APPLICATION_PROTOCOL_DEFINITION ( 'draft international standard', 'automotive_design', 1998, #5061 ) ;
#47 = ORIENTED_EDGE ( 'NONE', *, *, #5352, .T. ) ;
#48 = CARTESIAN_POINT ( 'NONE',  ( 1.835915838023084889, 1.124999999999949818, 0.06000000000000140638 ) ) ;
#49 = CARTESIAN_POINT ( 'NONE',  ( 0.000000000000000000, 0.2849999999999965339, 0.000000000000000000 ) ) ;
#50 = DIRECTION ( 'NONE',  ( 5.681219383820326374E-13, -1.000000000000000000, 0.000000000000000000 ) ) ;
#51 = CARTESIAN_POINT ( 'NONE',  ( 3.675000000000179678, 0.5000000000000210942, 0.2100000000000000200 ) ) ;
#52 = ORIENTED_EDGE ( 'NONE', *, *, #6518, .F. ) ;
#53 = EDGE_CURVE ( 'NONE', #3783, #565, #760, .T. ) ;
#54 = CIRCLE ( 'NONE', #1548, 0.1199999999999999956 ) ;
#55 = FACE_OUTER_BOUND ( 'NONE', #3875, .T. ) ;
#56 = VERTEX_POINT ( 'NONE', #896 ) ;
#57 = ORIENTED_EDGE ( 'NONE', *, *, #6547, .F. ) ;
#58 = DIRECTION ( 'NONE',  ( 0.000000000000000000, 1.000000000000000000, 0.000000000000000000 ) ) ;
#59 = ADVANCED_FACE ( 'NONE', ( #2937 ), #331, .F. ) ;
#60 = AXIS2_PLACEMENT_3D ( 'NONE', #5227, #4689, #503 ) ;
#61 = CARTESIAN_POINT ( 'NONE',  ( 2.850000000000080025, 0.8399999999999819833, 0.01000000000000000021 ) ) ;
#62 = DIRECTION ( 'NONE',  ( 0.000000000000000000, 1.000000000000000000, 0.000000000000000000 ) ) ;
#63 = ORIENTED_EDGE ( 'NONE', *, *, #166, .F. ) ;
#64 = EDGE_CURVE ( 'NONE', #2339, #459, #6147, .T. ) ;
#65 = AXIS2_PLACEMENT_3D ( 'NONE', #1912, #3957, #3444 ) ;
#66 = DIRECTION ( 'NONE',  ( 0.000000000000000000, 0.000000000000000000, -1.000000000000000000 ) ) ;
#67 = VERTEX_POINT ( 'NONE', #4984 ) ;
#68 = DIRECTION ( 'NONE',  ( 0.000000000000000000, 1.000000000000000000, 0.000000000000000000 ) ) ;
#69 = VECTOR ( 'NONE', #3352, 1000.000000000000000 ) ;
#70 = DIRECTION ( 'NONE',  ( 0.000000000000000000, -1.000000000000000000, 0.000000000000000000 ) ) ;
#71 = AXIS2_PLACEMENT_3D ( 'NONE', #5920, #825, #2398 ) ;
#72 = CIRCLE ( 'NONE', #3493, 0.1199999999999488837 ) ;
#73 = LINE ( 'NONE', #5702, #2962 ) ;
#74 = CARTESIAN_POINT ( 'NONE',  ( 0.5781978684800610502, 1.221802131519994061, 0.08500000000000000611 ) ) ;
#75 = ORIENTED_EDGE ( 'NONE', *, *, #5376, .F. ) ;
#76 = SPHERICAL_SURFACE ( 'NONE', #4692, 0.07499999999999711064 ) ;
#77 = EDGE_CURVE ( 'NONE', #5151, #3828, #396, .T. ) ;
#78 = DIRECTION ( 'NONE',  ( -0.9848077530122077983, 0.000000000000000000, 0.1736481776669319410 ) ) ;
#79 = DIRECTION ( 'NONE',  ( 0.000000000000000000, 1.000000000000000000, 0.000000000000000000 ) ) ;
#80 =( NAMED_UNIT ( * ) PLANE_ANGLE_UNIT ( ) SI_UNIT ( $, .RADIAN. ) );
#81 = VECTOR ( 'NONE', #1775, 1000.000000000000114 ) ;
#82 = VERTEX_POINT ( 'NONE', #1367 ) ;
#83 = CIRCLE ( 'NONE', #943, 0.05000000000001141032 ) ;
#84 = PLANE ( 'NONE',  #6512 ) ;
#85 = CARTESIAN_POINT ( 'NONE',  ( 3.170011202246451276, 0.01499999999999346127, 0.02754666676605642059 ) ) ;
#86 = CYLINDRICAL_SURFACE ( 'NONE', #4, 0.07500000000000012212 ) ;
#87 = CARTESIAN_POINT ( 'NONE',  ( 0.5154653202897255815, 1.312465335353342866, 0.2099999999999999645 ) ) ;
#88 = CIRCLE ( 'NONE', #1377, 0.07499999999999998335 ) ;
#89 = EDGE_CURVE ( 'NONE', #6463, #4049, #1535, .T. ) ;
#90 = CARTESIAN_POINT ( 'NONE',  ( 0.6741208422372440001, 1.125879157762802008, 0.7900000000000000355 ) ) ;
#91 = AXIS2_PLACEMENT_3D ( 'NONE', #4738, #6339, #1116 ) ;
#92 = ORIENTED_EDGE ( 'NONE', *, *, #1821, .T. ) ;
#93 = ORIENTED_EDGE ( 'NONE', *, *, #2455, .F. ) ;
#94 = CARTESIAN_POINT ( 'NONE',  ( 0.5781978684800610502, -0.3218021315200090271, 0.01000000000000000021 ) ) ;
#95 = EDGE_CURVE ( 'NONE', #6258, #6012, #6386, .T. ) ;
#96 = AXIS2_PLACEMENT_3D ( 'NONE', #1341, #1412, #4018 ) ;
#97 = EDGE_LOOP ( 'NONE', ( #2027, #3819, #501, #1465 ) ) ;
#98 = DIRECTION ( 'NONE',  ( -1.000000000000000000, -4.263625043298273300E-13, 0.000000000000000000 ) ) ;
#99 = CARTESIAN_POINT ( 'NONE',  ( 0.7800000000000859579, -0.2249999999999590106, 2.220446049250315053E-16 ) ) ;
#100 = VECTOR ( 'NONE', #5213, 1000.000000000000000 ) ;
#101 = ORIENTED_EDGE ( 'NONE', *, *, #2795, .T. ) ;
#102 = EDGE_CURVE ( 'NONE', #4286, #1194, #292, .T. ) ;
#103 = VECTOR ( 'NONE', #5687, 1000.000000000000000 ) ;
#104 = CARTESIAN_POINT ( 'NONE',  ( 3.675000000000409717, 0.2849999999999965339, 0.2200000000000000011 ) ) ;
#105 = EDGE_CURVE ( 'NONE', #6317, #5431, #3878, .T. ) ;
#106 = VERTEX_POINT ( 'NONE', #552 ) ;
#107 = DIRECTION ( 'NONE',  ( -1.000000000000000000, 0.000000000000000000, 0.000000000000000000 ) ) ;
#108 = DIRECTION ( 'NONE',  ( 0.9848077530122081313, 5.917936858149709717E-14, 0.1736481776669298593 ) ) ;
#109 = CIRCLE ( 'NONE', #5889, 0.1249999999999432954 ) ;
#110 = DIRECTION ( 'NONE',  ( 0.000000000000000000, 0.000000000000000000, 1.000000000000000000 ) ) ;
#111 = VECTOR ( 'NONE', #3045, 1000.000000000000000 ) ;
#112 = AXIS2_PLACEMENT_3D ( 'NONE', #3916, #3412, #5464 ) ;
#113 = VERTEX_POINT ( 'NONE', #3099 ) ;
#114 = EDGE_CURVE ( 'NONE', #4686, #6107, #427, .T. ) ;
#115 = DIRECTION ( 'NONE',  ( 0.000000000000000000, 0.000000000000000000, 1.000000000000000000 ) ) ;
#116 = CARTESIAN_POINT ( 'NONE',  ( 2.900000000000090061, 0.8899999999999789191, 0.01000000000000020144 ) ) ;
#117 = CARTESIAN_POINT ( 'NONE',  ( 0.000000000000000000, 0.000000000000000000, 0.2200000000000000011 ) ) ;
#118 = PRODUCT_CONTEXT ( 'NONE', #5739, 'mechanical' ) ;
#119 = ORIENTED_EDGE ( 'NONE', *, *, #4863, .T. ) ;
#120 = DIRECTION ( 'NONE',  ( 4.968467895935800563E-14, -1.000000000000000000, 5.921189464667499445E-14 ) ) ;
#121 = DIRECTION ( 'NONE',  ( -0.1710878697459605469, 0.1710878697459900233, -0.9702875252478352364 ) ) ;
#122 = DIRECTION ( 'NONE',  ( 0.000000000000000000, 0.000000000000000000, 1.000000000000000000 ) ) ;
#123 = LINE ( 'NONE', #5246, #628 ) ;
#124 = VECTOR ( 'NONE', #3900, 1000.000000000000000 ) ;
#125 = CARTESIAN_POINT ( 'NONE',  ( 3.121802131520325041, -2.842170943040399481E-14, 0.01000000000000000021 ) ) ;
#126 = ORIENTED_EDGE ( 'NONE', *, *, #180, .T. ) ;
#127 = ORIENTED_EDGE ( 'NONE', *, *, #4134, .T. ) ;
#128 = CARTESIAN_POINT ( 'NONE',  ( 0.1500000000000339673, 0.4000000000000625278, 0.01000000000000000021 ) ) ;
#129 = ORIENTED_EDGE ( 'NONE', *, *, #249, .T. ) ;
#130 = ADVANCED_FACE ( 'NONE', ( #5583 ), #4641, .F. ) ;
#131 = DIRECTION ( 'NONE',  ( 0.000000000000000000, 0.000000000000000000, 1.000000000000000000 ) ) ;
#132 = DIRECTION ( 'NONE',  ( 0.000000000000000000, -1.000000000000000000, 0.000000000000000000 ) ) ;
#133 = VECTOR ( 'NONE', #6242, 1000.000000000000000 ) ;
#134 = EDGE_LOOP ( 'NONE', ( #1139, #6057, #5268, #2637 ) ) ;
#135 = CARTESIAN_POINT ( 'NONE',  ( 0.6741208422372440001, 1.244056088124259940, 0.8108377813200270401 ) ) ;
#136 = AXIS2_PLACEMENT_3D ( 'NONE', #5050, #5550, #1557 ) ;
#137 = CARTESIAN_POINT ( 'NONE',  ( 0.6800000000000000488, 0.9899999999999999911, 2.081668171172170239E-16 ) ) ;
#138 =( REPRESENTATION_RELATIONSHIP ('NONE','NONE', #5172, #2910 ) REPRESENTATION_RELATIONSHIP_WITH_TRANSFORMATION ( #1186 )SHAPE_REPRESENTATION_RELATIONSHIP( ) );
#139 = ORIENTED_EDGE ( 'NONE', *, *, #584, .T. ) ;
#140 = DIRECTION ( 'NONE',  ( 1.000000000000000000, -6.021548608136700101E-14, 0.000000000000000000 ) ) ;
#141 = DIRECTION ( 'NONE',  ( 1.000000000000000000, -5.224578939412010120E-14, 0.000000000000000000 ) ) ;
#142 = EDGE_CURVE ( 'NONE', #3861, #2923, #1026, .T. ) ;
#143 = DIRECTION ( 'NONE',  ( 0.000000000000000000, -1.000000000000000000, 0.000000000000000000 ) ) ;
#144 = ORIENTED_EDGE ( 'NONE', *, *, #1047, .T. ) ;
#145 = ORIENTED_EDGE ( 'NONE', *, *, #876, .F. ) ;
#146 = EDGE_CURVE ( 'NONE', #2008, #529, #3566, .T. ) ;
#147 = DIRECTION ( 'NONE',  ( -0.9848077530121993606, 0.000000000000000000, -0.1736481776669799304 ) ) ;
#148 = ADVANCED_FACE ( 'NONE', ( #2592 ), #4583, .T. ) ;
#149 = DIRECTION ( 'NONE',  ( -1.000000000000000000, 0.000000000000000000, 0.000000000000000000 ) ) ;
#150 = CARTESIAN_POINT ( 'NONE',  ( 0.6800000000001210632, 0.01000000000001221960, 0.06000000000000140638 ) ) ;
#151 = PRODUCT_CONTEXT ( 'NONE', #6206, 'mechanical' ) ;
#152 = VERTEX_POINT ( 'NONE', #5148 ) ;
#153 = FACE_OUTER_BOUND ( 'NONE', #686, .T. ) ;
#154 = CARTESIAN_POINT ( 'NONE',  ( 0.02499999999992040187, 0.6249999999999720224, 0.2100000000000000200 ) ) ;
#155 = CYLINDRICAL_SURFACE ( 'NONE', #4698, 0.1000000000000796224 ) ;
#156 = DIRECTION ( 'NONE',  ( 5.681219383821133158E-13, -1.000000000000000000, 0.000000000000000000 ) ) ;
#157 = ORIENTED_EDGE ( 'NONE', *, *, #4569, .T. ) ;
#158 = ORIENTED_EDGE ( 'NONE', *, *, #5733, .F. ) ;
#159 = DIRECTION ( 'NONE',  ( -1.000000000000000000, 0.000000000000000000, 0.000000000000000000 ) ) ;
#160 = ORIENTED_EDGE ( 'NONE', *, *, #6576, .T. ) ;
#161 = CARTESIAN_POINT ( 'NONE',  ( 3.025879157762799920, 1.125879157762810001, 0.7900000000000000355 ) ) ;
#162 = CARTESIAN_POINT ( 'NONE',  ( 2.900000000000090061, 0.8899999999999789191, 2.081668171172170239E-16 ) ) ;
#163 = VERTEX_POINT ( 'NONE', #993 ) ;
#164 = VECTOR ( 'NONE', #4960, 1000.000000000000000 ) ;
#165 = CYLINDRICAL_SURFACE ( 'NONE', #1343, 0.05000000000001141032 ) ;
#166 = EDGE_CURVE ( 'NONE', #6107, #3966, #5114, .T. ) ;
#167 = DIRECTION ( 'NONE',  ( -1.000000000000000000, 0.000000000000000000, 0.000000000000000000 ) ) ;
#168 = SHAPE_REPRESENTATION ( 'SOD123HP-2_mold-body', ( #3969 ), #1079 ) ;
#169 = AXIS2_PLACEMENT_3D ( 'NONE', #4945, #2859, #6413 ) ;
#170 = ORIENTED_EDGE ( 'NONE', *, *, #2787, .F. ) ;
#171 = AXIS2_PLACEMENT_3D ( 'NONE', #1501, #6090, #6184 ) ;
#172 = DIRECTION ( 'NONE',  ( 1.000000000000000000, -1.336403789449789968E-13, 7.579122514774400300E-13 ) ) ;
#173 = CARTESIAN_POINT ( 'NONE',  ( 0.4843999879491783789, 1.315600012050847090, 0.2100000000000000200 ) ) ;
#174 = ORIENTED_EDGE ( 'NONE', *, *, #6043, .F. ) ;
#175 = CIRCLE ( 'NONE', #1887, 0.07499999999999709677 ) ;
#176 = DIRECTION ( 'NONE',  ( 0.1710878697460720410, -0.1710878697460435360, 0.9702875252478062595 ) ) ;
#177 = ORIENTED_EDGE ( 'NONE', *, *, #3481, .T. ) ;
#178 = ORIENTED_EDGE ( 'NONE', *, *, #6235, .F. ) ;
#179 = VERTEX_POINT ( 'NONE', #49 ) ;
#180 = EDGE_CURVE ( 'NONE', #6602, #1873, #26, .T. ) ;
#181 = ORIENTED_EDGE ( 'NONE', *, *, #184, .F. ) ;
#182 = AXIS2_PLACEMENT_3D ( 'NONE', #3524, #476, #6069 ) ;
#183 = DIRECTION ( 'NONE',  ( 1.000000000000000000, -8.006115332508080925E-14, 0.000000000000000000 ) ) ;
#184 = EDGE_CURVE ( 'NONE', #1105, #5355, #3230, .T. ) ;
#185 = CARTESIAN_POINT ( 'NONE',  ( 0.02500000000003410258, 0.2750000000000409894, 0.01000000000000000021 ) ) ;
#186 = CARTESIAN_POINT ( 'NONE',  ( 0.4800000000000180234, 1.319999999999980078, 0.2100000000000000200 ) ) ;
#187 = APPLICATION_PROTOCOL_DEFINITION ( 'draft international standard', 'automotive_design', 1998, #5739 ) ;
#188 = ORIENTED_EDGE ( 'NONE', *, *, #5875, .F. ) ;
#189 = CARTESIAN_POINT ( 'NONE',  ( 3.675000000000409717, 0.2849999999999965339, 0.000000000000000000 ) ) ;
#190 = DIRECTION ( 'NONE',  ( 0.000000000000000000, 0.000000000000000000, 1.000000000000000000 ) ) ;
#191 = ADVANCED_FACE ( 'NONE', ( #5649 ), #525, .T. ) ;
#192 = DIRECTION ( 'NONE',  ( 0.000000000000000000, 0.6427876096865200450, 0.7660444431189943337 ) ) ;
#193 = DIRECTION ( 'NONE',  ( 0.000000000000000000, 1.000000000000000000, 0.000000000000000000 ) ) ;
#194 = AXIS2_PLACEMENT_3D ( 'NONE', #1761, #3437, #3979 ) ;
#195 = ORIENTED_EDGE ( 'NONE', *, *, #2440, .F. ) ;
#196 = VERTEX_POINT ( 'NONE', #1432 ) ;
#197 = LINE ( 'NONE', #5790, #3715 ) ;
#198 = VERTEX_POINT ( 'NONE', #961 ) ;
#199 = ADVANCED_FACE ( 'NONE', ( #4080 ), #487, .T. ) ;
#200 = DIRECTION ( 'NONE',  ( -7.894919286215560105E-14, 1.000000000000000000, 0.000000000000000000 ) ) ;
#201 = VECTOR ( 'NONE', #678, 1000.000000000000000 ) ;
#202 = ORIENTED_EDGE ( 'NONE', *, *, #2514, .T. ) ;
#203 = VECTOR ( 'NONE', #6615, 1000.000000000000227 ) ;
#204 = DIRECTION ( 'NONE',  ( 0.000000000000000000, 0.000000000000000000, -1.000000000000000000 ) ) ;
#205 = VECTOR ( 'NONE', #5770, 1000.000000000000000 ) ;
#206 = VERTEX_POINT ( 'NONE', #3980 ) ;
#207 = AXIS2_PLACEMENT_3D ( 'NONE', #5741, #2684, #3929 ) ;
#208 = CARTESIAN_POINT ( 'NONE',  ( 0.7800000000000859579, 1.124999999999913847, 0.1100000000000000006 ) ) ;
#209 = CARTESIAN_POINT ( 'NONE',  ( 3.700000000000275069, 0.2849999999999965339, 0.000000000000000000 ) ) ;
#210 = VERTEX_POINT ( 'NONE', #456 ) ;
#211 =( BOUNDED_CURVE ( )  B_SPLINE_CURVE ( 3, ( #6160, #4094, #5727, #5666 ),
 .UNSPECIFIED., .F., .F. ) 
 B_SPLINE_CURVE_WITH_KNOTS ( ( 4, 4 ),
 ( 5.512866274277642198, 6.283185307179399715 ),
 .UNSPECIFIED. ) 
 CURVE ( )  GEOMETRIC_REPRESENTATION_ITEM ( )  RATIONAL_B_SPLINE_CURVE ( ( 1.000000000000000000, 0.9511590086809272870, 0.9511590086809272870, 1.000000000000000000 ) ) 
 REPRESENTATION_ITEM ( '' )  );
#212 = DIRECTION ( 'NONE',  ( 0.000000000000000000, -1.000000000000000000, 0.000000000000000000 ) ) ;
#213 = ORIENTED_EDGE ( 'NONE', *, *, #215, .F. ) ;
#214 = EDGE_LOOP ( 'NONE', ( #513, #2630, #6002, #5288 ) ) ;
#215 = EDGE_CURVE ( 'NONE', #3748, #2339, #2433, .T. ) ;
#216 = ORIENTED_EDGE ( 'NONE', *, *, #1086, .F. ) ;
#217 = DIRECTION ( 'NONE',  ( 0.000000000000000000, 0.000000000000000000, 1.000000000000000000 ) ) ;
#218 = DIRECTION ( 'NONE',  ( 0.000000000000000000, 1.000000000000000000, 0.000000000000000000 ) ) ;
#219 = CARTESIAN_POINT ( 'NONE',  ( 0.000000000000000000, 0.8899999999999999023, 0.01000000000000000021 ) ) ;
#220 = VERTEX_POINT ( 'NONE', #4519 ) ;
#221 = CARTESIAN_POINT ( 'NONE',  ( 3.550000000000410161, 0.5000000000000639488, 0.01000000000000000021 ) ) ;
#222 = CARTESIAN_POINT ( 'NONE',  ( 2.850000000000000089, 0.6449999999999890266, 0.01000000000000000021 ) ) ;
#223 = CIRCLE ( 'NONE', #2784, 0.07499999999999998335 ) ;
#224 = EDGE_CURVE ( 'NONE', #3038, #1204, #2689, .T. ) ;
#225 = EDGE_CURVE ( 'NONE', #3828, #5496, #6444, .T. ) ;
#226 = CARTESIAN_POINT ( 'NONE',  ( 1.165000000000020020, -0.3218021315200090271, 0.01000000000000000021 ) ) ;
#227 = ORIENTED_EDGE ( 'NONE', *, *, #3486, .F. ) ;
#228 = ORIENTED_EDGE ( 'NONE', *, *, #5140, .F. ) ;
#229 = CARTESIAN_POINT ( 'NONE',  ( 3.108210784419165318, 1.208210784419221140, 0.8190345742902771509 ) ) ;
#230 = ORIENTED_EDGE ( 'NONE', *, *, #2514, .F. ) ;
#231 = DIRECTION ( 'NONE',  ( 0.5082206017327849379, -0.5082206017324502056, 0.6952867321825380031 ) ) ;
#232 = ADVANCED_FACE ( 'NONE', ( #4041 ), #6083, .T. ) ;
#233 = DIRECTION ( 'NONE',  ( -0.8073211720378830059, 8.326672684688677751E-17, 0.5901122987867470915 ) ) ;
#234 = VERTEX_POINT ( 'NONE', #5079 ) ;
#235 = CARTESIAN_POINT ( 'NONE',  ( 3.215600012050838785, 1.315600012050914591, 0.2100000000000000200 ) ) ;
#236 = EDGE_CURVE ( 'NONE', #2105, #5657, #2531, .T. ) ;
#237 =( NAMED_UNIT ( * ) PLANE_ANGLE_UNIT ( ) SI_UNIT ( $, .RADIAN. ) );
#238 = ORIENTED_EDGE ( 'NONE', *, *, #788, .F. ) ;
#239 = LINE ( 'NONE', #1271, #2877 ) ;
#240 = DIRECTION ( 'NONE',  ( -0.9848077530121933654, 0.000000000000000000, -0.1736481776670135979 ) ) ;
#241 = ORIENTED_EDGE ( 'NONE', *, *, #5832, .F. ) ;
#242 = CARTESIAN_POINT ( 'NONE',  ( 0.7800000000000300027, 0.9899999999999659073, 0.01000000000000000021 ) ) ;
#243 = ORIENTED_EDGE ( 'NONE', *, *, #4268, .T. ) ;
#244 = ORIENTED_EDGE ( 'NONE', *, *, #6534, .F. ) ;
#245 = ORIENTED_EDGE ( 'NONE', *, *, #1575, .T. ) ;
#246 = LINE ( 'NONE', #1858, #1923 ) ;
#247 = CARTESIAN_POINT ( 'NONE',  ( 3.250000000000229594, -2.131628207280299927E-14, 0.2100000000000000200 ) ) ;
#248 = FACE_OUTER_BOUND ( 'NONE', #1781, .T. ) ;
#249 = EDGE_CURVE ( 'NONE', #6551, #5313, #3552, .T. ) ;
#250 = ORIENTED_EDGE ( 'NONE', *, *, #5628, .F. ) ;
#251 = CARTESIAN_POINT ( 'NONE',  ( 0.5179393736177080321, 1.208200044906370119, -0.005164879845720840405 ) ) ;
#252 = DIRECTION ( 'NONE',  ( 0.5082206017325882064, 0.5082206017326189595, 0.6952867321825583202 ) ) ;
#253 = CYLINDRICAL_SURFACE ( 'NONE', #5656, 0.07500000000000001110 ) ;
#254 = CARTESIAN_POINT ( 'NONE',  ( 0.02499999999997724875, 0.5000000000000210942, 0.2100000000000000200 ) ) ;
#255 = EDGE_LOOP ( 'NONE', ( #160, #3767, #321, #274 ) ) ;
#256 = VERTEX_POINT ( 'NONE', #5275 ) ;
#257 = DIRECTION ( 'NONE',  ( 0.000000000000000000, 0.000000000000000000, 1.000000000000000000 ) ) ;
#258 = CARTESIAN_POINT ( 'NONE',  ( 3.025879157762799920, -0.2258791577628115055, 0.7899999999999890443 ) ) ;
#259 = EDGE_CURVE ( 'NONE', #923, #198, #1309, .T. ) ;
#260 = CYLINDRICAL_SURFACE ( 'NONE', #6202, 0.1200000000000001205 ) ;
#261 = VERTEX_POINT ( 'NONE', #2192 ) ;
#262 = DIRECTION ( 'NONE',  ( 0.000000000000000000, 0.000000000000000000, -1.000000000000000000 ) ) ;
#263 = EDGE_CURVE ( 'NONE', #2382, #2268, #3695, .T. ) ;
#264 = FACE_OUTER_BOUND ( 'NONE', #6240, .T. ) ;
#265 = ORIENTED_EDGE ( 'NONE', *, *, #6272, .F. ) ;
#266 = DIRECTION ( 'NONE',  ( 0.000000000000000000, -1.000000000000000000, 0.000000000000000000 ) ) ;
#267 = DIRECTION ( 'NONE',  ( 0.1710878697461259978, 0.1710878697461200026, 0.9702875252477830559 ) ) ;
#268 = ORIENTED_EDGE ( 'NONE', *, *, #4410, .T. ) ;
#269 = ADVANCED_FACE ( 'NONE', ( #5686 ), #3224, .F. ) ;
#270 = VECTOR ( 'NONE', #3977, 1000.000000000000000 ) ;
#271 = PLANE ( 'NONE',  #4341 ) ;
#272 = VECTOR ( 'NONE', #4067, 1000.000000000000000 ) ;
#273 = ORIENTED_EDGE ( 'NONE', *, *, #1771, .T. ) ;
#274 = ORIENTED_EDGE ( 'NONE', *, *, #1620, .T. ) ;
#275 = ORIENTED_EDGE ( 'NONE', *, *, #1382, .T. ) ;
#276 = AXIS2_PLACEMENT_3D ( 'NONE', #2280, #2745, #212 ) ;
#277 = ORIENTED_EDGE ( 'NONE', *, *, #5997, .F. ) ;
#278 = DIRECTION ( 'NONE',  ( 0.000000000000000000, 1.000000000000000000, 0.000000000000000000 ) ) ;
#279 = VECTOR ( 'NONE', #2532, 1000.000000000000000 ) ;
#280 = CARTESIAN_POINT ( 'NONE',  ( 3.675000000000124611, 0.6250000000000071054, 0.01000000000000000021 ) ) ;
#281 = CARTESIAN_POINT ( 'NONE',  ( 0.6800000000000639977, 0.009999999999962478139, 0.2100000000000000200 ) ) ;
#282 = ORIENTED_EDGE ( 'NONE', *, *, #6118, .T. ) ;
#283 = CARTESIAN_POINT ( 'NONE',  ( 2.867103517621274911, 0.01000000000001221960, 0.06000000000000130229 ) ) ;
#284 = CARTESIAN_POINT ( 'NONE',  ( 2.900000000000090061, 0.06000000000003070239, 0.01000000000000000021 ) ) ;
#285 = AXIS2_PLACEMENT_3D ( 'NONE', #3659, #4739, #149 ) ;
#286 = EDGE_CURVE ( 'NONE', #6228, #3347, #6214, .T. ) ;
#287 = AXIS2_PLACEMENT_3D ( 'NONE', #6079, #3096, #6585 ) ;
#288 = CARTESIAN_POINT ( 'NONE',  ( 3.700000000000275069, 0.6149999999999670175, 0.000000000000000000 ) ) ;
#289 = CARTESIAN_POINT ( 'NONE',  ( 0.000000000000000000, 0.009999999999998008746, 0.01000000000000000021 ) ) ;
#290 = ORIENTED_EDGE ( 'NONE', *, *, #5047, .F. ) ;
#291 = VERTEX_POINT ( 'NONE', #1595 ) ;
#292 = LINE ( 'NONE', #6426, #2391 ) ;
#293 = CARTESIAN_POINT ( 'NONE',  ( 2.250000000000169642, 1.074999999999999956, 0.01000000000000020144 ) ) ;
#294 = CARTESIAN_POINT ( 'NONE',  ( 3.198074402496559721, 0.01000000000001221960, 0.08565375749465650723 ) ) ;
#295 = ORIENTED_EDGE ( 'NONE', *, *, #1863, .F. ) ;
#296 = ADVANCED_FACE ( 'NONE', ( #580 ), #1092, .F. ) ;
#297 = DIRECTION ( 'NONE',  ( -0.1710878697460991305, -0.1710878697460311293, -0.9702875252478037060 ) ) ;
#298 = VECTOR ( 'NONE', #1206, 1000.000000000000000 ) ;
#299 = CARTESIAN_POINT ( 'NONE',  ( 0.5200000000002089617, 0.8899999999999649303, 0.06000000000000140638 ) ) ;
#300 = ORIENTED_EDGE ( 'NONE', *, *, #2368, .F. ) ;
#301 = AXIS2_PLACEMENT_3D ( 'NONE', #3981, #1968, #2335 ) ;
#302 = AXIS2_PLACEMENT_3D ( 'NONE', #464, #3011, #5 ) ;
#303 = CARTESIAN_POINT ( 'NONE',  ( 2.435000000000175469, 0.8899999999999299582, 0.2100000000000000200 ) ) ;
#304 = DIRECTION ( 'NONE',  ( -1.000000000000000000, 0.000000000000000000, 0.000000000000000000 ) ) ;
#305 = EDGE_LOOP ( 'NONE', ( #448, #4924, #6028, #5837 ) ) ;
#306 = EDGE_CURVE ( 'NONE', #1069, #757, #5588, .T. ) ;
#307 = VECTOR ( 'NONE', #2760, 1000.000000000000000 ) ;
#308 = ADVANCED_FACE ( 'NONE', ( #3195 ), #6312, .T. ) ;
#309 = DIRECTION ( 'NONE',  ( 1.000000000000000000, 0.000000000000000000, 0.000000000000000000 ) ) ;
#310 = VERTEX_POINT ( 'NONE', #1189 ) ;
#311 = ORIENTED_EDGE ( 'NONE', *, *, #3450, .T. ) ;
#312 = EDGE_LOOP ( 'NONE', ( #2305, #5775, #4402, #4613 ) ) ;
#313 = VECTOR ( 'NONE', #140, 1000.000000000000000 ) ;
#314 = ORIENTED_EDGE ( 'NONE', *, *, #3825, .T. ) ;
#315 = AXIS2_PLACEMENT_3D ( 'NONE', #1326, #859, #2864 ) ;
#316 = DIRECTION ( 'NONE',  ( 0.1710878697460404552, 0.1710878697460719577, -0.9702875252478067036 ) ) ;
#317 = CARTESIAN_POINT ( 'NONE',  ( 0.6800000000000639977, 0.8899999999999579359, 0.06000000000000140638 ) ) ;
#318 = LINE ( 'NONE', #3392, #6480 ) ;
#319 = AXIS2_PLACEMENT_3D ( 'NONE', #1433, #928, #5487 ) ;
#320 = EDGE_CURVE ( 'NONE', #1637, #5619, #1654, .T. ) ;
#321 = ORIENTED_EDGE ( 'NONE', *, *, #4716, .T. ) ;
#322 = CARTESIAN_POINT ( 'NONE',  ( 0.02499999999992040187, 0.2750000000000055178, 0.1100000000000000006 ) ) ;
#323 = PRODUCT_RELATED_PRODUCT_CATEGORY ( 'part', '', ( #4932 ) ) ;
#324 = DIRECTION ( 'NONE',  ( -0.8073211720376252121, 3.670476104768635624E-16, 0.5901122987870996983 ) ) ;
#325 = PLANE ( 'NONE',  #1488 ) ;
#326 = DIRECTION ( 'NONE',  ( 0.000000000000000000, 1.000000000000000000, 0.000000000000000000 ) ) ;
#327 = DIRECTION ( 'NONE',  ( 0.000000000000000000, 0.000000000000000000, 1.000000000000000000 ) ) ;
#328 = AXIS2_PLACEMENT_3D ( 'NONE', #4714, #6145, #3604 ) ;
#329 = ORIENTED_EDGE ( 'NONE', *, *, #3007, .F. ) ;
#330 = ORIENTED_EDGE ( 'NONE', *, *, #2221, .F. ) ;
#331 = PLANE ( 'NONE',  #5602 ) ;
#332 = DIRECTION ( 'NONE',  ( 0.000000000000000000, 0.000000000000000000, -1.000000000000000000 ) ) ;
#333 = CARTESIAN_POINT ( 'NONE',  ( 3.560000000000399734, 0.4000000000000200062, 0.000000000000000000 ) ) ;
#334 = ORIENTED_EDGE ( 'NONE', *, *, #2078, .T. ) ;
#335 = CARTESIAN_POINT ( 'NONE',  ( 0.02499999999992040187, 0.6149999999999450351, 0.000000000000000000 ) ) ;
#336 = SHAPE_REPRESENTATION_RELATIONSHIP ( 'NONE' , 'NONE' ,  #168, #2072 ) ;
#337 = DIRECTION ( 'NONE',  ( 0.000000000000000000, 0.000000000000000000, 1.000000000000000000 ) ) ;
#338 = ORIENTED_EDGE ( 'NONE', *, *, #4281, .T. ) ;
#339 = CARTESIAN_POINT ( 'NONE',  ( 0.02499999999992040187, 0.2750000000000130118, 0.2100000000000000200 ) ) ;
#340 = DIRECTION ( 'NONE',  ( -1.000000000000000000, 2.842170943042985178E-13, 0.000000000000000000 ) ) ;
#341 = ORIENTED_EDGE ( 'NONE', *, *, #582, .F. ) ;
#342 = VECTOR ( 'NONE', #1643, 1000.000000000000000 ) ;
#343 = LINE ( 'NONE', #6508, #3058 ) ;
#344 = ORIENTED_EDGE ( 'NONE', *, *, #4221, .T. ) ;
#345 = ADVANCED_FACE ( 'NONE', ( #1219 ), #2621, .F. ) ;
#346 = EDGE_LOOP ( 'NONE', ( #2976, #1867, #2710, #2130 ) ) ;
#347 = CARTESIAN_POINT ( 'NONE',  ( 3.025879157762799920, 1.125879157762810001, 0.7900000000000000355 ) ) ;
#348 = CARTESIAN_POINT ( 'NONE',  ( 0.02499999999997724875, 0.5000000000000570655, 0.01000000000000000021 ) ) ;
#349 = DIRECTION ( 'NONE',  ( -1.000000000000000000, 0.000000000000000000, 0.000000000000000000 ) ) ;
#350 = EDGE_CURVE ( 'NONE', #1145, #6463, #5245, .T. ) ;
#351 = ORIENTED_EDGE ( 'NONE', *, *, #1604, .F. ) ;
#352 = PLANE ( 'NONE',  #6400 ) ;
#353 = DIRECTION ( 'NONE',  ( -0.5082206017325925362, 0.5082206017325916481, 0.6952867321825751956 ) ) ;
#354 = CARTESIAN_POINT ( 'NONE',  ( 0.000000000000000000, 0.009999999999998008746, 0.05500000000000000028 ) ) ;
#355 = EDGE_CURVE ( 'NONE', #6423, #1866, #2691, .T. ) ;
#356 = CARTESIAN_POINT ( 'NONE',  ( 3.025879157762837224, -0.3030136709251887717, 0.8819253331742734625 ) ) ;
#357 = DIRECTION ( 'NONE',  ( 0.000000000000000000, -1.000000000000000000, 0.000000000000000000 ) ) ;
#358 = ORIENTED_EDGE ( 'NONE', *, *, #4203, .F. ) ;
#359 = FILL_AREA_STYLE_COLOUR ( '', #4794 ) ;
#360 = CARTESIAN_POINT ( 'NONE',  ( 3.550000000000410161, 0.4000000000000270006, 0.1100000000000000006 ) ) ;
#361 = DIRECTION ( 'NONE',  ( 0.1710878697461259978, 0.1710878697461200026, 0.9702875252477830559 ) ) ;
#362 = PLANE ( 'NONE',  #2144 ) ;
#363 = ORIENTED_EDGE ( 'NONE', *, *, #4976, .F. ) ;
#364 = LINE ( 'NONE', #6596, #5617 ) ;
#365 = SURFACE_STYLE_USAGE ( .BOTH. , #2841 ) ;
#366 = LINE ( 'NONE', #2407, #1565 ) ;
#367 = VERTEX_POINT ( 'NONE', #3127 ) ;
#368 = FACE_OUTER_BOUND ( 'NONE', #2836, .T. ) ;
#369 = LINE ( 'NONE', #1342, #3718 ) ;
#370 = ORIENTED_EDGE ( 'NONE', *, *, #5386, .T. ) ;
#371 = EDGE_CURVE ( 'NONE', #4213, #5908, #4277, .T. ) ;
#372 = CARTESIAN_POINT ( 'NONE',  ( 3.043100813283591055, -0.3422763747674992252, 0.8135606123580845228 ) ) ;
#373 = EDGE_LOOP ( 'NONE', ( #5480, #786, #5296, #2252, #5401, #4451, #5190, #3608 ) ) ;
#374 = ORIENTED_EDGE ( 'NONE', *, *, #5026, .F. ) ;
#375 = PRODUCT_DEFINITION_SHAPE ( 'NONE', 'NONE',  #6369 ) ;
#376 = EDGE_CURVE ( 'NONE', #2694, #6575, #2762, .T. ) ;
#377 = DIRECTION ( 'NONE',  ( 0.000000000000000000, 0.000000000000000000, -1.000000000000000000 ) ) ;
#378 = CARTESIAN_POINT ( 'NONE',  ( 3.121802131520325041, 0.8999999999999559464, 0.01000000000000000021 ) ) ;
#379 = LINE ( 'NONE', #1321, #3372 ) ;
#380 = EDGE_CURVE ( 'NONE', #291, #3710, #1845, .T. ) ;
#381 = ORIENTED_EDGE ( 'NONE', *, *, #380, .F. ) ;
#382 =( BOUNDED_CURVE ( )  B_SPLINE_CURVE ( 3, ( #4244, #3734, #87, #716 ),
 .UNSPECIFIED., .F., .F. ) 
 B_SPLINE_CURVE_WITH_KNOTS ( ( 4, 4 ),
 ( 5.512866274278339418, 6.283185307179396162 ),
 .UNSPECIFIED. ) 
 CURVE ( )  GEOMETRIC_REPRESENTATION_ITEM ( )  RATIONAL_B_SPLINE_CURVE ( ( 1.000000000000000000, 0.9511590086810144395, 0.9511590086810144395, 1.000000000000000000 ) ) 
 REPRESENTATION_ITEM ( '' )  );
#383 = VECTOR ( 'NONE', #1751, 1000.000000000000000 ) ;
#384 = CARTESIAN_POINT ( 'NONE',  ( 2.200000000000160050, 1.124999999999949818, 0.06000000000000140638 ) ) ;
#385 = VECTOR ( 'NONE', #4620, 1000.000000000000000 ) ;
#386 = LINE ( 'NONE', #1898, #2766 ) ;
#387 = ADVANCED_FACE ( 'NONE', ( #614 ), #2658, .T. ) ;
#388 = VECTOR ( 'NONE', #5097, 1000.000000000000000 ) ;
#389 = CARTESIAN_POINT ( 'NONE',  ( 3.267103517621249953, 0.8899999999999789191, 0.06000000000000130229 ) ) ;
#390 = LINE ( 'NONE', #2429, #704 ) ;
#391 = CARTESIAN_POINT ( 'NONE',  ( 0.5014999924681919907, 1.298500007531821376, 0.2100000000000000200 ) ) ;
#392 = EDGE_CURVE ( 'NONE', #915, #991, #5885, .T. ) ;
#393 = ORIENTED_EDGE ( 'NONE', *, *, #963, .T. ) ;
#394 = DIRECTION ( 'NONE',  ( 0.000000000000000000, 1.000000000000000000, 0.000000000000000000 ) ) ;
#395 = AXIS2_PLACEMENT_3D ( 'NONE', #3987, #1375, #1439 ) ;
#396 = LINE ( 'NONE', #2801, #5388 ) ;
#397 = DIRECTION ( 'NONE',  ( 1.000000000000000000, -6.315935428978830158E-14, 0.000000000000000000 ) ) ;
#398 = DIRECTION ( 'NONE',  ( 0.5082206017325191505, 0.5082206017325191505, -0.6952867321826817770 ) ) ;
#399 = AXIS2_PLACEMENT_3D ( 'NONE', #2090, #79, #453 ) ;
#400 = ORIENTED_EDGE ( 'NONE', *, *, #1239, .F. ) ;
#401 = AXIS2_PLACEMENT_3D ( 'NONE', #6270, #3728, #6138 ) ;
#402 = DIRECTION ( 'NONE',  ( 0.000000000000000000, 0.000000000000000000, 1.000000000000000000 ) ) ;
#403 =( NAMED_UNIT ( * ) SI_UNIT ( $, .STERADIAN. ) SOLID_ANGLE_UNIT ( ) );
#404 = EDGE_CURVE ( 'NONE', #5812, #2073, #2862, .T. ) ;
#405 = CARTESIAN_POINT ( 'NONE',  ( 3.675000000000124611, 0.4000000000000409894, 0.01000000000000000021 ) ) ;
#406 = ORIENTED_EDGE ( 'NONE', *, *, #2195, .T. ) ;
#407 = DIRECTION ( 'NONE',  ( -3.157967714489339979E-14, 1.000000000000000000, -1.095874068994334112E-30 ) ) ;
#408 = CARTESIAN_POINT ( 'NONE',  ( 2.200000000000160050, 1.074999999999973976, 0.01000000000000020144 ) ) ;
#409 = ORIENTED_EDGE ( 'NONE', *, *, #1655, .F. ) ;
#410 = DIRECTION ( 'NONE',  ( 0.9848077530121933654, 0.000000000000000000, -0.1736481776670135979 ) ) ;
#411 =( GEOMETRIC_REPRESENTATION_CONTEXT ( 3 ) GLOBAL_UNCERTAINTY_ASSIGNED_CONTEXT ( ( #5848 ) ) GLOBAL_UNIT_ASSIGNED_CONTEXT ( ( #5383, #1869, #1301 ) ) REPRESENTATION_CONTEXT ( 'NONE', 'WORKASPACE' ) );
#412 = ORIENTED_EDGE ( 'NONE', *, *, #1583, .F. ) ;
#413 = VECTOR ( 'NONE', #5378, 1000.000000000000000 ) ;
#414 = VECTOR ( 'NONE', #4481, 1000.000000000000000 ) ;
#415 = CARTESIAN_POINT ( 'NONE',  ( 3.220000000000000195, -0.4199999999999945444, 0.2100000000000000200 ) ) ;
#416 = LINE ( 'NONE', #6010, #4665 ) ;
#417 = CARTESIAN_POINT ( 'NONE',  ( 2.900000000000090061, 0.06000000000003070239, 0.06000000000000130229 ) ) ;
#418 = ORIENTED_EDGE ( 'NONE', *, *, #5738, .F. ) ;
#419 = ADVANCED_FACE ( 'NONE', ( #4876 ), #858, .T. ) ;
#420 = CIRCLE ( 'NONE', #301, 0.1200000000000067957 ) ;
#421 = CARTESIAN_POINT ( 'NONE',  ( 0.6800000000000639977, -0.09000000000006740108, 0.1100000000000000006 ) ) ;
#422 = DIRECTION ( 'NONE',  ( -1.000000000000000000, 6.269494727294420222E-14, 0.000000000000000000 ) ) ;
#423 = DIRECTION ( 'NONE',  ( -1.000000000000000000, 0.000000000000000000, 0.000000000000000000 ) ) ;
#424 = VERTEX_POINT ( 'NONE', #1897 ) ;
#425 = SURFACE_SIDE_STYLE ('',( #3332 ) ) ;
#426 = EDGE_CURVE ( 'NONE', #915, #4742, #5983, .T. ) ;
#427 = LINE ( 'NONE', #3003, #4058 ) ;
#428 = DIRECTION ( 'NONE',  ( -0.6427876096867575217, 0.000000000000000000, -0.7660444431187950487 ) ) ;
#429 = DIRECTION ( 'NONE',  ( 0.000000000000000000, 0.000000000000000000, 1.000000000000000000 ) ) ;
#430 = ORIENTED_EDGE ( 'NONE', *, *, #5334, .T. ) ;
#431 = ADVANCED_FACE ( 'NONE', ( #2262 ), #980, .T. ) ;
#432 = LINE ( 'NONE', #1874, #6364 ) ;
#433 = AXIS2_PLACEMENT_3D ( 'NONE', #688, #5858, #6285 ) ;
#434 = ORIENTED_EDGE ( 'NONE', *, *, #5068, .T. ) ;
#435 = ORIENTED_EDGE ( 'NONE', *, *, #2474, .F. ) ;
#436 = LINE ( 'NONE', #837, #3698 ) ;
#437 = ADVANCED_FACE ( 'NONE', ( #1754 ), #4414, .T. ) ;
#438 = VERTEX_POINT ( 'NONE', #1479 ) ;
#439 = CARTESIAN_POINT ( 'NONE',  ( 0.7800000000000859579, -0.08999999999996789735, 2.081668171172170239E-16 ) ) ;
#440 = DIRECTION ( 'NONE',  ( 0.000000000000000000, -1.000000000000000000, 0.000000000000000000 ) ) ;
#441 = EDGE_LOOP ( 'NONE', ( #5586, #195, #5590, #4111, #4679 ) ) ;
#442 = EDGE_CURVE ( 'NONE', #6280, #2208, #3290, .T. ) ;
#443 = DIRECTION ( 'NONE',  ( 3.679090530789004612E-14, 1.000000000000000000, -3.087123507454659549E-14 ) ) ;
#444 = ORIENTED_EDGE ( 'NONE', *, *, #3453, .F. ) ;
#445 = CARTESIAN_POINT ( 'NONE',  ( 0.6800000000000639977, 0.009999999999998008746, 0.01000000000000020144 ) ) ;
#446 = CARTESIAN_POINT ( 'NONE',  ( 0.1499999999999204192, 0.4000000000000270006, 0.1100000000000000006 ) ) ;
#447 = FACE_OUTER_BOUND ( 'NONE', #4848, .T. ) ;
#448 = ORIENTED_EDGE ( 'NONE', *, *, #3655, .T. ) ;
#449 = AXIS2_PLACEMENT_3D ( 'NONE', #4546, #6590, #2002 ) ;
#450 = DIRECTION ( 'NONE',  ( 0.000000000000000000, 1.000000000000000000, 0.000000000000000000 ) ) ;
#451 = EDGE_CURVE ( 'NONE', #3951, #4901, #750, .T. ) ;
#452 = CARTESIAN_POINT ( 'NONE',  ( 0.5771644255065099260, -0.3228355744935314520, 0.09086094634729899311 ) ) ;
#453 = DIRECTION ( 'NONE',  ( -1.000000000000000000, 0.000000000000000000, 0.000000000000000000 ) ) ;
#454 = ORIENTED_EDGE ( 'NONE', *, *, #2486, .T. ) ;
#455 = DIRECTION ( 'NONE',  ( 1.000000000000000000, -2.842170943049450051E-13, 0.000000000000000000 ) ) ;
#456 = CARTESIAN_POINT ( 'NONE',  ( 3.043100813283575068, 1.242276374767487424, 0.8135606123580837457 ) ) ;
#457 = DIRECTION ( 'NONE',  ( 1.000000000000000000, 4.973777466273291383E-13, 0.000000000000000000 ) ) ;
#458 = CARTESIAN_POINT ( 'NONE',  ( 3.025879157762799920, 1.125879157762810001, 0.9100000000000000311 ) ) ;
#459 = VERTEX_POINT ( 'NONE', #3022 ) ;
#460 = SPHERICAL_SURFACE ( 'NONE', #4990, 0.07499999999999820699 ) ;
#461 = ORIENTED_EDGE ( 'NONE', *, *, #3454, .F. ) ;
#462 = ORIENTED_EDGE ( 'NONE', *, *, #4150, .F. ) ;
#463 = EDGE_CURVE ( 'NONE', #2437, #3889, #5798, .T. ) ;
#464 = CARTESIAN_POINT ( 'NONE',  ( 3.098626083364139916, 0.4500000000000000111, 0.2100000000000000200 ) ) ;
#465 = CLOSED_SHELL ( 'NONE', ( #5258, #956, #1573, #437, #1978, #5671, #4765, #5123, #6333, #2865, #3244, #6109, #4121, #596, #2267, #3414, #3349, #1539, #3786, #3492, #2538, #3425 ) ) ;
#466 = ORIENTED_EDGE ( 'NONE', *, *, #2753, .F. ) ;
#467 = FACE_OUTER_BOUND ( 'NONE', #2314, .T. ) ;
#468 = DIRECTION ( 'NONE',  ( -0.1710878697460991305, -0.1710878697460311293, -0.9702875252478037060 ) ) ;
#469 = ORIENTED_EDGE ( 'NONE', *, *, #5011, .F. ) ;
#470 = ADVANCED_FACE ( 'NONE', ( #6344 ), #1794, .F. ) ;
#471 = DIRECTION ( 'NONE',  ( 0.000000000000000000, 0.000000000000000000, 1.000000000000000000 ) ) ;
#472 = VERTEX_POINT ( 'NONE', #6452 ) ;
#473 = EDGE_CURVE ( 'NONE', #851, #2348, #1325, .T. ) ;
#474 = DIRECTION ( 'NONE',  ( 0.000000000000000000, 0.000000000000000000, -1.000000000000000000 ) ) ;
#475 = CARTESIAN_POINT ( 'NONE',  ( 3.180000000000000160, 0.6450000000000098987, 0.2100000000000000200 ) ) ;
#476 = DIRECTION ( 'NONE',  ( 3.065908775657505526E-14, -1.000000000000000000, 2.572602922878880012E-14 ) ) ;
#477 = DIRECTION ( 'NONE',  ( 0.000000000000000000, 1.000000000000000000, 0.000000000000000000 ) ) ;
#478 = ORIENTED_EDGE ( 'NONE', *, *, #2948, .F. ) ;
#479 = VECTOR ( 'NONE', #1420, 1000.000000000000000 ) ;
#480 = FACE_OUTER_BOUND ( 'NONE', #1243, .T. ) ;
#481 = CARTESIAN_POINT ( 'NONE',  ( 3.220000000000000195, -0.3461394185240890264, 0.2100000000000000200 ) ) ;
#482 = CARTESIAN_POINT ( 'NONE',  ( 3.675000000000179678, 0.4999999999999290012, 0.2100000000000000200 ) ) ;
#483 = VECTOR ( 'NONE', #6308, 1000.000000000000000 ) ;
#484 = CIRCLE ( 'NONE', #2093, 0.07499999999999712452 ) ;
#485 = EDGE_LOOP ( 'NONE', ( #1348, #4052, #797, #5968 ) ) ;
#486 = PLANE ( 'NONE',  #3829 ) ;
#487 = PLANE ( 'NONE',  #4240 ) ;
#488 = AXIS2_PLACEMENT_3D ( 'NONE', #1509, #3548, #5624 ) ;
#489 = CARTESIAN_POINT ( 'NONE',  ( 0.5299887977535542305, 0.009999999999998008746, 0.02754666676609038994 ) ) ;
#490 = CARTESIAN_POINT ( 'NONE',  ( 3.025879157762799920, 1.125879157762802008, 0.7900000000000000355 ) ) ;
#491 = AXIS2_PLACEMENT_3D ( 'NONE', #137, #6290, #2777 ) ;
#492 = ORIENTED_EDGE ( 'NONE', *, *, #376, .T. ) ;
#493 = DIRECTION ( 'NONE',  ( -0.1710878697461324094, -0.1710878697460254116, 0.9702875252477985990 ) ) ;
#494 = ORIENTED_EDGE ( 'NONE', *, *, #2807, .F. ) ;
#495 = AXIS2_PLACEMENT_3D ( 'NONE', #1877, #2843, #2442 ) ;
#496 = ORIENTED_EDGE ( 'NONE', *, *, #5106, .F. ) ;
#497 = LINE ( 'NONE', #5156, #4154 ) ;
#498 = ADVANCED_FACE ( 'NONE', ( #5375 ), #781, .T. ) ;
#499 = PLANE ( 'NONE',  #3413 ) ;
#500 = LINE ( 'NONE', #36, #4563 ) ;
#501 = ORIENTED_EDGE ( 'NONE', *, *, #5882, .T. ) ;
#502 = AXIS2_PLACEMENT_3D ( 'NONE', #6237, #2186, #6209 ) ;
#503 = DIRECTION ( 'NONE',  ( 5.681219383821133158E-13, -1.000000000000000000, 0.000000000000000000 ) ) ;
#504 = ORIENTED_EDGE ( 'NONE', *, *, #2821, .F. ) ;
#505 = LINE ( 'NONE', #5731, #313 ) ;
#506 = EDGE_CURVE ( 'NONE', #1717, #3828, #1834, .T. ) ;
#507 = LINE ( 'NONE', #4195, #342 ) ;
#508 = EDGE_CURVE ( 'NONE', #1105, #5007, #4380, .T. ) ;
#510 = LINE ( 'NONE', #445, #1653 ) ;
#509 = CIRCLE ( 'NONE', #6612, 0.1249999999999858030 ) ;
#511 = CARTESIAN_POINT ( 'NONE',  ( 0.02499999999992040187, 0.2849999999999965339, 0.000000000000000000 ) ) ;
#512 = CARTESIAN_POINT ( 'NONE',  ( 2.200000000000160050, 1.074999999999973976, 0.01000000000000000021 ) ) ;
#513 = ORIENTED_EDGE ( 'NONE', *, *, #3277, .T. ) ;
#514 = VECTOR ( 'NONE', #4582, 1000.000000000000000 ) ;
#515 = DIRECTION ( 'NONE',  ( -4.547473508864640180E-14, -1.000000000000000000, 0.000000000000000000 ) ) ;
#516 = EDGE_CURVE ( 'NONE', #2020, #3362, #3870, .T. ) ;
#517 = CARTESIAN_POINT ( 'NONE',  ( 0.5781978684800610502, 0.009999999999998008746, 0.08500000000000000611 ) ) ;
#519 = DIRECTION ( 'NONE',  ( 0.000000000000000000, 0.000000000000000000, -1.000000000000000000 ) ) ;
#518 = AXIS2_PLACEMENT_3D ( 'NONE', #208, #2244, #4296 ) ;
#520 = PRESENTATION_STYLE_ASSIGNMENT (( #365 ) ) ;
#521 = EDGE_CURVE ( 'NONE', #2392, #1233, #3357, .T. ) ;
#522 = ORIENTED_EDGE ( 'NONE', *, *, #2931, .F. ) ;
#523 = AXIS2_PLACEMENT_3D ( 'NONE', #4608, #217, #6306 ) ;
#524 = CARTESIAN_POINT ( 'NONE',  ( 0.9250000000000110356, -4.263256414560599853E-14, 0.2100000000000000200 ) ) ;
#525 = PLANE ( 'NONE',  #136 ) ;
#526 = CARTESIAN_POINT ( 'NONE',  ( 3.700000000000045475, 0.8899999999999859135, 0.01000000000000000021 ) ) ;
#527 = CARTESIAN_POINT ( 'NONE',  ( 0.6056972492837648936, -0.2943027507162555012, 0.4019505212501719993 ) ) ;
#528 = VECTOR ( 'NONE', #3137, 1000.000000000000000 ) ;
#529 = VERTEX_POINT ( 'NONE', #3115 ) ;
#530 = CARTESIAN_POINT ( 'NONE',  ( 0.5781978684800039847, -0.3218021315200160215, 0.08500000000000000611 ) ) ;
#531 = ORIENTED_EDGE ( 'NONE', *, *, #1115, .F. ) ;
#532 = VERTEX_POINT ( 'NONE', #4568 ) ;
#533 = CIRCLE ( 'NONE', #6414, 0.07499999999999999722 ) ;
#534 = DIRECTION ( 'NONE',  ( -1.000000000000000000, 0.000000000000000000, 0.000000000000000000 ) ) ;
#535 = CARTESIAN_POINT ( 'NONE',  ( 0.5781978684800039847, 1.221802131519994061, 0.08499999999999791056 ) ) ;
#536 = ORIENTED_EDGE ( 'NONE', *, *, #5969, .T. ) ;
#537 = DIRECTION ( 'NONE',  ( -0.6860968888036618196, -0.6860968888032498159, 0.2419547857522905965 ) ) ;
#538 = ORIENTED_EDGE ( 'NONE', *, *, #89, .T. ) ;
#539 = DIRECTION ( 'NONE',  ( 0.000000000000000000, 1.000000000000000000, 0.000000000000000000 ) ) ;
#540 = ORIENTED_EDGE ( 'NONE', *, *, #3563, .F. ) ;
#541 = CARTESIAN_POINT ( 'NONE',  ( 3.131823069638529855, -0.4500000000000000111, 0.2100000000000000200 ) ) ;
#542 = PLANE ( 'NONE',  #1786 ) ;
#543 = CARTESIAN_POINT ( 'NONE',  ( 0.7800000000000859579, 1.124999999999949818, 2.081668171172170239E-16 ) ) ;
#544 = ORIENTED_EDGE ( 'NONE', *, *, #4446, .F. ) ;
#545 = EDGE_CURVE ( 'NONE', #1861, #5646, #2151, .T. ) ;
#546 = CARTESIAN_POINT ( 'NONE',  ( 0.4500000000000460298, -0.4500000000000000111, 0.2100000000000000200 ) ) ;
#547 = EDGE_CURVE ( 'NONE', #4269, #6336, #2021, .T. ) ;
#548 = DIRECTION ( 'NONE',  ( -0.5082206017324106817, -0.5082206017326560410, 0.6952867321826610159 ) ) ;
#549 = FACE_OUTER_BOUND ( 'NONE', #935, .T. ) ;
#550 = ORIENTED_EDGE ( 'NONE', *, *, #3960, .T. ) ;
#551 = CARTESIAN_POINT ( 'NONE',  ( 0.02499999999992040187, 0.4000000000000000222, 0.000000000000000000 ) ) ;
#552 = CARTESIAN_POINT ( 'NONE',  ( 3.180000000000000160, 0.01000000000001932156, 0.2100000000000000200 ) ) ;
#553 = EDGE_CURVE ( 'NONE', #2750, #1637, #507, .T. ) ;
#554 = CARTESIAN_POINT ( 'NONE',  ( 3.108200044906370252, -0.3082000449063924674, 0.007858733479298470395 ) ) ;
#555 = LINE ( 'NONE', #2594, #733 ) ;
#556 = ORIENTED_EDGE ( 'NONE', *, *, #3506, .F. ) ;
#557 = DIRECTION ( 'NONE',  ( 0.000000000000000000, 0.9848077530122089085, 0.1736481776669251686 ) ) ;
#558 = ORIENTED_EDGE ( 'NONE', *, *, #6388, .T. ) ;
#559 = EDGE_LOOP ( 'NONE', ( #748, #1470, #6588, #732 ) ) ;
#560 = SURFACE_STYLE_FILL_AREA ( #1603 ) ;
#561 = CARTESIAN_POINT ( 'NONE',  ( 3.184534679710223415, 1.312465335353342422, 0.2099999999999999922 ) ) ;
#562 = DIRECTION ( 'NONE',  ( -8.881784197002391439E-15, -1.000000000000000000, 0.000000000000000000 ) ) ;
#563 = EDGE_LOOP ( 'NONE', ( #3046, #1207, #4295, #3000, #4168, #1499 ) ) ;
#564 = CARTESIAN_POINT ( 'NONE',  ( 3.700000000000000178, 0.01000000000000512111, 0.01000000000000000021 ) ) ;
#565 = VERTEX_POINT ( 'NONE', #6164 ) ;
#566 = CARTESIAN_POINT ( 'NONE',  ( 0.5200000000002089617, 0.009999999999969588771, 0.06000000000000140638 ) ) ;
#567 = DIRECTION ( 'NONE',  ( 0.000000000000000000, 1.000000000000000000, 0.000000000000000000 ) ) ;
#568 = EDGE_CURVE ( 'NONE', #6415, #6059, #5133, .T. ) ;
#569 = CARTESIAN_POINT ( 'NONE',  ( 0.000000000000000000, 0.8899999999999999023, 0.1100000000000000006 ) ) ;
#570 = LINE ( 'NONE', #5638, #2224 ) ;
#571 = VERTEX_POINT ( 'NONE', #541 ) ;
#572 = ADVANCED_FACE ( 'NONE', ( #4064 ), #6102, .T. ) ;
#573 = CARTESIAN_POINT ( 'NONE',  ( 3.700000000000275069, 0.3674999999999999933, 0.01000000000000000021 ) ) ;
#574 = EDGE_CURVE ( 'NONE', #4228, #705, #1513, .T. ) ;
#575 = CARTESIAN_POINT ( 'NONE',  ( 3.170011202246831417, 0.8899999999999649303, 0.02754666676609032749 ) ) ;
#576 = DIRECTION ( 'NONE',  ( -1.000000000000000000, 0.000000000000000000, 0.000000000000000000 ) ) ;
#577 = APPLICATION_PROTOCOL_DEFINITION ( 'draft international standard', 'automotive_design', 1998, #597 ) ;
#578 = VERTEX_POINT ( 'NONE', #3554 ) ;
#579 = CARTESIAN_POINT ( 'NONE',  ( 3.675000000000409717, 0.2750000000000130118, 0.1100000000000000006 ) ) ;
#580 = FACE_OUTER_BOUND ( 'NONE', #4921, .T. ) ;
#581 = CARTESIAN_POINT ( 'NONE',  ( 3.700000000000000178, 0.8900000000000288791, 0.2100000000000000200 ) ) ;
#582 = EDGE_CURVE ( 'NONE', #3183, #438, #3968, .T. ) ;
#583 = DIRECTION ( 'NONE',  ( 1.000000000000000000, 4.565294819230090291E-15, 3.830737199031340451E-15 ) ) ;
#584 = EDGE_CURVE ( 'NONE', #5876, #3768, #4601, .T. ) ;
#585 = VECTOR ( 'NONE', #4827, 1000.000000000000000 ) ;
#586 = CYLINDRICAL_SURFACE ( 'NONE', #4770, 0.07500000000000002498 ) ;
#587 = ORIENTED_EDGE ( 'NONE', *, *, #4306, .F. ) ;
#588 = ORIENTED_EDGE ( 'NONE', *, *, #793, .T. ) ;
#589 = AXIS2_PLACEMENT_3D ( 'NONE', #3242, #3345, #2850 ) ;
#590 =( BOUNDED_CURVE ( )  B_SPLINE_CURVE ( 3, ( #2459, #3902, #2367, #4879 ),
 .UNSPECIFIED., .F., .F. ) 
 B_SPLINE_CURVE_WITH_KNOTS ( ( 4, 4 ),
 ( 5.512866274278897194, 6.283185307179582679 ),
 .UNSPECIFIED. ) 
 CURVE ( )  GEOMETRIC_REPRESENTATION_ITEM ( )  RATIONAL_B_SPLINE_CURVE ( ( 1.000000000000000000, 0.9511590086810843836, 0.9511590086810843836, 1.000000000000000000 ) ) 
 REPRESENTATION_ITEM ( '' )  );
#591 = ORIENTED_EDGE ( 'NONE', *, *, #3657, .T. ) ;
#592 = LINE ( 'NONE', #1605, #5776 ) ;
#593 = CARTESIAN_POINT ( 'NONE',  ( 0.4500000000000460298, 0.009999999999976688994, 0.2100000000000000200 ) ) ;
#594 = VERTEX_POINT ( 'NONE', #1142 ) ;
#595 = AXIS2_PLACEMENT_3D ( 'NONE', #2003, #6178, #5177 ) ;
#596 = ADVANCED_FACE ( 'NONE', ( #12 ), #2051, .T. ) ;
#597 = APPLICATION_CONTEXT ( 'automotive_design' ) ;
#598 = ORIENTED_EDGE ( 'NONE', *, *, #3160, .T. ) ;
#599 = CARTESIAN_POINT ( 'NONE',  ( 3.121802131519984869, -0.3218021315200160215, 0.08500000000000000611 ) ) ;
#600 = VECTOR ( 'NONE', #711, 1000.000000000000000 ) ;
#601 = CARTESIAN_POINT ( 'NONE',  ( 3.110000000000355147, 0.8999999999999559464, 0.000000000000000000 ) ) ;
#602 = CIRCLE ( 'NONE', #4357, 0.1249999999999431843 ) ;
#603 = VECTOR ( 'NONE', #110, 1000.000000000000000 ) ;
#604 = DIRECTION ( 'NONE',  ( 1.000000000000000000, -5.224578939412010120E-14, 0.000000000000000000 ) ) ;
#605 = FACE_OUTER_BOUND ( 'NONE', #1114, .T. ) ;
#606 = VERTEX_POINT ( 'NONE', #1615 ) ;
#607 = DIRECTION ( 'NONE',  ( 0.1736481776668974686, -6.273785655213478899E-15, 0.9848077530122137935 ) ) ;
#608 = LINE ( 'NONE', #3689, #4889 ) ;
#609 = DIRECTION ( 'NONE',  ( 0.000000000000000000, -1.000000000000000000, 0.000000000000000000 ) ) ;
#610 = EDGE_CURVE ( 'NONE', #959, #1246, #1010, .T. ) ;
#611 = EDGE_LOOP ( 'NONE', ( #3312, #4216, #2319, #2665 ) ) ;
#612 = AXIS2_PLACEMENT_3D ( 'NONE', #3260, #159, #6350 ) ;
#613 = CARTESIAN_POINT ( 'NONE',  ( 0.000000000000000000, 0.8999999999999839240, 0.000000000000000000 ) ) ;
#614 = FACE_OUTER_BOUND ( 'NONE', #2171, .T. ) ;
#615 = LINE ( 'NONE', #1656, #5634 ) ;
#617 = SURFACE_STYLE_USAGE ( .BOTH. , #4815 ) ;
#616 = UNCERTAINTY_MEASURE_WITH_UNIT (LENGTH_MEASURE( 1.000000000000000082E-05 ), #2441, 'distance_accuracy_value', 'NONE');
#618 = VECTOR ( 'NONE', #6521, 1000.000000000000000 ) ;
#619 = CARTESIAN_POINT ( 'NONE',  ( 3.267103517621249953, 0.8899999999999789191, 0.06000000000000130229 ) ) ;
#620 = ORIENTED_EDGE ( 'NONE', *, *, #2737, .F. ) ;
#621 = ORIENTED_EDGE ( 'NONE', *, *, #3996, .T. ) ;
#622 = DIRECTION ( 'NONE',  ( 0.000000000000000000, 0.000000000000000000, 1.000000000000000000 ) ) ;
#623 = AXIS2_PLACEMENT_3D ( 'NONE', #4693, #4124, #1642 ) ;
#624 = ORIENTED_EDGE ( 'NONE', *, *, #883, .F. ) ;
#625 = SPHERICAL_SURFACE ( 'NONE', #2360, 0.07499999999999711064 ) ;
#626 = EDGE_CURVE ( 'NONE', #2138, #1960, #3582, .T. ) ;
#627 = DIRECTION ( 'NONE',  ( 0.6427876096863996969, 0.000000000000000000, 0.7660444431190951420 ) ) ;
#628 = VECTOR ( 'NONE', #648, 1000.000000000000000 ) ;
#629 = ORIENTED_EDGE ( 'NONE', *, *, #4643, .F. ) ;
#630 = CARTESIAN_POINT ( 'NONE',  ( 0.5781978684800610502, 0.8849999999999840217, 0.08500000000000000611 ) ) ;
#631 = AXIS2_PLACEMENT_3D ( 'NONE', #4287, #4316, #2203 ) ;
#632 = EDGE_CURVE ( 'NONE', #2323, #2239, #6198, .T. ) ;
#633 = FACE_OUTER_BOUND ( 'NONE', #1282, .T. ) ;
#634 = ORIENTED_EDGE ( 'NONE', *, *, #1493, .F. ) ;
#635 = DIRECTION ( 'NONE',  ( 0.000000000000000000, 1.000000000000000000, 0.000000000000000000 ) ) ;
#636 = DIRECTION ( 'NONE',  ( 0.000000000000000000, 1.000000000000000000, 0.000000000000000000 ) ) ;
#637 = EDGE_CURVE ( 'NONE', #4556, #6551, #5635, .T. ) ;
#638 = AXIS2_PLACEMENT_3D ( 'NONE', #4424, #4491, #4987 ) ;
#639 = DIRECTION ( 'NONE',  ( 4.968467895935800563E-14, -1.000000000000000000, 5.921189464667499445E-14 ) ) ;
#640 = COLOUR_RGB ( '',1.000000000000000000, 0.9490196078431372140, 0.8980392156862745390 ) ;
#641 = ORIENTED_EDGE ( 'NONE', *, *, #3453, .T. ) ;
#642 = LINE ( 'NONE', #2752, #5769 ) ;
#643 = CARTESIAN_POINT ( 'NONE',  ( 2.900000000000090061, 0.8399999999999610001, 2.081668171172170239E-16 ) ) ;
#644 = DIRECTION ( 'NONE',  ( -1.000000000000000000, -2.842170943049450051E-13, 0.000000000000000000 ) ) ;
#645 = ORIENTED_EDGE ( 'NONE', *, *, #3724, .T. ) ;
#646 = CARTESIAN_POINT ( 'NONE',  ( 0.6568991867164204468, -0.3422763747674915091, 0.8135606123580834126 ) ) ;
#647 = CARTESIAN_POINT ( 'NONE',  ( 0.6741208422372440001, -0.2258791577628115055, 0.7900000000000000355 ) ) ;
#648 = DIRECTION ( 'NONE',  ( 0.000000000000000000, 0.000000000000000000, 1.000000000000000000 ) ) ;
#649 = ADVANCED_FACE ( 'NONE', ( #4629 ), #3620, .F. ) ;
#650 = VECTOR ( 'NONE', #3323, 1000.000000000000000 ) ;
#651 = DIRECTION ( 'NONE',  ( -1.000000000000000000, 0.000000000000000000, 0.000000000000000000 ) ) ;
#652 = ORIENTED_EDGE ( 'NONE', *, *, #2553, .F. ) ;
#653 = ORIENTED_EDGE ( 'NONE', *, *, #5961, .F. ) ;
#654 = DIRECTION ( 'NONE',  ( 0.000000000000000000, 0.000000000000000000, -1.000000000000000000 ) ) ;
#655 = EDGE_LOOP ( 'NONE', ( #6361, #2503, #1085, #522 ) ) ;
#656 = DIRECTION ( 'NONE',  ( 0.000000000000000000, 1.000000000000000000, 0.000000000000000000 ) ) ;
#657 = CARTESIAN_POINT ( 'NONE',  ( 2.834207035242399808, 0.1860011046519574884, 0.06000000000000130229 ) ) ;
#658 = AXIS2_PLACEMENT_3D ( 'NONE', #4177, #5783, #4242 ) ;
#659 = ORIENTED_EDGE ( 'NONE', *, *, #5923, .F. ) ;
#660 = DIRECTION ( 'NONE',  ( 0.000000000000000000, 1.000000000000000000, 0.000000000000000000 ) ) ;
#661 = ORIENTED_EDGE ( 'NONE', *, *, #1812, .T. ) ;
#662 = DIRECTION ( 'NONE',  ( -0.6427876096867575217, 0.000000000000000000, -0.7660444431187950487 ) ) ;
#663 = CARTESIAN_POINT ( 'NONE',  ( 0.5781978684800610502, 0.009999999999998008746, 0.08500000000000000611 ) ) ;
#664 = ADVANCED_FACE ( 'NONE', ( #2643 ), #3143, .T. ) ;
#665 = DIRECTION ( 'NONE',  ( -0.9848077530121933654, 0.000000000000000000, 0.1736481776670135979 ) ) ;
#666 = ORIENTED_EDGE ( 'NONE', *, *, #2821, .T. ) ;
#667 = VERTEX_POINT ( 'NONE', #4163 ) ;
#668 = EDGE_CURVE ( 'NONE', #2006, #4344, #5141, .T. ) ;
#669 = ORIENTED_EDGE ( 'NONE', *, *, #1454, .T. ) ;
#670 = CLOSED_SHELL ( 'NONE', ( #5256, #2626, #2052, #5479, #1212, #4532, #4851, #5575, #1481, #2304, #2117, #2480, #5593, #5534, #1506, #1733, #4187, #2317, #2673, #5640, #6582, #4926, #3613, #2840, #4478, #1743, #1678, #1909, #1374, #4683, #1051, #2958, #232, #1191, #1200, #6496, #1337, #3949, #1474, #1985, #419, #387, #498, #6460, #3163, #4856, #969, #6304, #2834, #5225, #572, #1621, #1779, #1868, #3495, #5749, #5152, #4416, #664, #1969, #3371, #6399, #2091, #2253, #6357, #5435, #4112, #4646, #1639, #3992, #3501, #3384, #4526, #4952, #6165, #773, #3626, #470, #130, #3088, #6276, #5247, #2108, #2228, #3250 ) ) ;
#671 = ORIENTED_EDGE ( 'NONE', *, *, #1562, .T. ) ;
#672 = PLANE ( 'NONE',  #207 ) ;
#673 = FACE_OUTER_BOUND ( 'NONE', #5754, .T. ) ;
#674 = LINE ( 'NONE', #3790, #1883 ) ;
#675 = EDGE_CURVE ( 'NONE', #5313, #2883, #223, .T. ) ;
#676 =( LENGTH_UNIT ( ) NAMED_UNIT ( * ) SI_UNIT ( .MILLI., .METRE. ) );
#677 = ORIENTED_EDGE ( 'NONE', *, *, #3236, .F. ) ;
#678 = DIRECTION ( 'NONE',  ( 0.000000000000000000, 0.000000000000000000, 1.000000000000000000 ) ) ;
#679 = CARTESIAN_POINT ( 'NONE',  ( 1.850000000000024958, 0.4500000000000000111, 0.2100000000000000200 ) ) ;
#681 = CYLINDRICAL_SURFACE ( 'NONE', #4165, 0.07500000000000001110 ) ;
#680 = UNCERTAINTY_MEASURE_WITH_UNIT (LENGTH_MEASURE( 1.000000000000000082E-05 ), #2242, 'distance_accuracy_value', 'NONE');
#682 = CARTESIAN_POINT ( 'NONE',  ( 0.5043372870040910838, 0.8849999999999840217, 0.07197638667496689124 ) ) ;
#683 = EDGE_LOOP ( 'NONE', ( #3928, #2386, #2471, #1349 ) ) ;
#684 = ORIENTED_EDGE ( 'NONE', *, *, #4616, .T. ) ;
#685 = CARTESIAN_POINT ( 'NONE',  ( 3.173259398180205970, 1.273259398180288215, 0.06685339106857608737 ) ) ;
#686 = EDGE_LOOP ( 'NONE', ( #3731, #598, #5419, #6151, #3367 ) ) ;
#687 = CARTESIAN_POINT ( 'NONE',  ( 2.850000000000080025, 0.8399999999999819833, 2.081668171172170239E-16 ) ) ;
#688 = CARTESIAN_POINT ( 'NONE',  ( 2.900000000000090061, 0.06000000000003070239, 2.081668171172170239E-16 ) ) ;
#689 = ORIENTED_EDGE ( 'NONE', *, *, #22, .T. ) ;
#690 = AXIS2_PLACEMENT_3D ( 'NONE', #6356, #1266, #1973 ) ;
#691 = DIRECTION ( 'NONE',  ( 0.5082206017326081904, -0.5082206017325597847, -0.6952867321825868530 ) ) ;
#692 = EDGE_CURVE ( 'NONE', #1820, #3504, #6397, .T. ) ;
#693 = CIRCLE ( 'NONE', #3912, 0.1250000000000426048 ) ;
#694 = EDGE_LOOP ( 'NONE', ( #2363, #3773, #4249, #344, #2385, #1699 ) ) ;
#695 = AXIS2_PLACEMENT_3D ( 'NONE', #1563, #3606, #1067 ) ;
#696 = FACE_OUTER_BOUND ( 'NONE', #2331, .T. ) ;
#697 = DIRECTION ( 'NONE',  ( -3.065908775657505526E-14, -1.000000000000000000, 2.572602922878880012E-14 ) ) ;
#698 = ORIENTED_EDGE ( 'NONE', *, *, #508, .T. ) ;
#699 = CIRCLE ( 'NONE', #3374, 0.1199999999999999400 ) ;
#700 = CIRCLE ( 'NONE', #811, 0.1000000000000796224 ) ;
#701 = FACE_OUTER_BOUND ( 'NONE', #5819, .T. ) ;
#702 = ORIENTED_EDGE ( 'NONE', *, *, #4846, .T. ) ;
#703 = EDGE_CURVE ( 'NONE', #5965, #2138, #4324, .T. ) ;
#704 = VECTOR ( 'NONE', #422, 1000.000000000000000 ) ;
#705 = VERTEX_POINT ( 'NONE', #4761 ) ;
#706 = CIRCLE ( 'NONE', #5311, 0.1200000000000066291 ) ;
#707 = EDGE_CURVE ( 'NONE', #3278, #3783, #4509, .T. ) ;
#708 = ORIENTED_EDGE ( 'NONE', *, *, #4863, .F. ) ;
#709 = VECTOR ( 'NONE', #5680, 1000.000000000000000 ) ;
#710 = DIRECTION ( 'NONE',  ( -8.006115332508080925E-14, -1.000000000000000000, 0.000000000000000000 ) ) ;
#711 = DIRECTION ( 'NONE',  ( -1.136868377215902005E-12, -1.000000000000000000, 0.000000000000000000 ) ) ;
#712 = DIRECTION ( 'NONE',  ( 0.8073211720376255451, -2.775557561562891351E-17, -0.5901122987870993652 ) ) ;
#713 = ORIENTED_EDGE ( 'NONE', *, *, #4134, .F. ) ;
#714 = DIRECTION ( 'NONE',  ( 0.000000000000000000, -1.000000000000000000, 0.000000000000000000 ) ) ;
#715 = DIRECTION ( 'NONE',  ( 0.1736481776670135424, -1.045630942536280167E-14, -0.9848077530121932543 ) ) ;
#716 = CARTESIAN_POINT ( 'NONE',  ( 0.5014999924681919907, 1.298500007531821376, 0.2100000000000000200 ) ) ;
#717 = EDGE_CURVE ( 'NONE', #6310, #1717, #5771, .T. ) ;
#718 = DIRECTION ( 'NONE',  ( -1.000000000000000000, -2.978311382069225365E-15, 2.499099982225255450E-15 ) ) ;
#719 = VERTEX_POINT ( 'NONE', #2277 ) ;
#720 = ORIENTED_EDGE ( 'NONE', *, *, #64, .T. ) ;
#721 = SURFACE_SIDE_STYLE ('',( #5820 ) ) ;
#722 = VERTEX_POINT ( 'NONE', #2679 ) ;
#723 = DIRECTION ( 'NONE',  ( 0.000000000000000000, 1.000000000000000000, 0.000000000000000000 ) ) ;
#724 = LINE ( 'NONE', #1764, #2672 ) ;
#725 = VECTOR ( 'NONE', #1524, 1000.000000000000000 ) ;
#726 = VERTEX_POINT ( 'NONE', #4225 ) ;
#727 = VECTOR ( 'NONE', #3460, 1000.000000000000000 ) ;
#728 = VECTOR ( 'NONE', #4445, 1000.000000000000000 ) ;
#729 = CYLINDRICAL_SURFACE ( 'NONE', #4763, 0.1250000000000426048 ) ;
#730 =( NAMED_UNIT ( * ) PLANE_ANGLE_UNIT ( ) SI_UNIT ( $, .RADIAN. ) );
#731 = VECTOR ( 'NONE', #2845, 1000.000000000000000 ) ;
#732 = ORIENTED_EDGE ( 'NONE', *, *, #2787, .T. ) ;
#733 = VECTOR ( 'NONE', #1498, 1000.000000000000000 ) ;
#734 = DIRECTION ( 'NONE',  ( 1.000000000000000000, -3.383536836954105029E-14, 0.000000000000000000 ) ) ;
#735 = DIRECTION ( 'NONE',  ( 0.000000000000000000, 1.000000000000000000, 0.000000000000000000 ) ) ;
#736 = ORIENTED_EDGE ( 'NONE', *, *, #5914, .T. ) ;
#737 = CIRCLE ( 'NONE', #1490, 0.1249999999999432954 ) ;
#738 = EDGE_CURVE ( 'NONE', #2883, #3710, #3779, .T. ) ;
#739 = CARTESIAN_POINT ( 'NONE',  ( 3.121802131520325041, 0.8899999999999649303, 0.08500000000000000611 ) ) ;
#740 = VERTEX_POINT ( 'NONE', #173 ) ;
#741 = EDGE_LOOP ( 'NONE', ( #3512, #886, #2575, #4833, #47 ) ) ;
#742 = ORIENTED_EDGE ( 'NONE', *, *, #5185, .T. ) ;
#743 = VERTEX_POINT ( 'NONE', #5865 ) ;
#744 = CARTESIAN_POINT ( 'NONE',  ( 2.850000000000080025, 0.06000000000000939998, 0.01000000000000000021 ) ) ;
#745 = DIRECTION ( 'NONE',  ( 1.000000000000000000, 0.000000000000000000, 0.000000000000000000 ) ) ;
#746 = CARTESIAN_POINT ( 'NONE',  ( 1.150000000000090061, 1.203013670925184186, 0.8819253331742792357 ) ) ;
#747 = EDGE_CURVE ( 'NONE', #6617, #4825, #2245, .T. ) ;
#748 = ORIENTED_EDGE ( 'NONE', *, *, #5945, .F. ) ;
#749 = PLANE ( 'NONE',  #6182 ) ;
#750 = LINE ( 'NONE', #4309, #6438 ) ;
#751 = VECTOR ( 'NONE', #5701, 1000.000000000000000 ) ;
#752 = AXIS2_PLACEMENT_3D ( 'NONE', #3191, #5682, #6211 ) ;
#753 = PRESENTATION_STYLE_ASSIGNMENT (( #5346 ) ) ;
#754 = EDGE_CURVE ( 'NONE', #1035, #2935, #6618, .T. ) ;
#755 = DIRECTION ( 'NONE',  ( 0.000000000000000000, 0.000000000000000000, -1.000000000000000000 ) ) ;
#756 = ORIENTED_EDGE ( 'NONE', *, *, #5239, .F. ) ;
#757 = VERTEX_POINT ( 'NONE', #1741 ) ;
#758 = ADVANCED_FACE ( 'NONE', ( #2742 ), #5830, .F. ) ;
#759 = LINE ( 'NONE', #1730, #4371 ) ;
#760 = LINE ( 'NONE', #4885, #4434 ) ;
#761 = FACE_OUTER_BOUND ( 'NONE', #3059, .T. ) ;
#762 = DIRECTION ( 'NONE',  ( -1.000000000000000000, 0.000000000000000000, 0.000000000000000000 ) ) ;
#763 = ORIENTED_EDGE ( 'NONE', *, *, #4087, .F. ) ;
#764 = CARTESIAN_POINT ( 'NONE',  ( 2.250000000000169642, 1.074999999999999956, 0.06000000000000140638 ) ) ;
#765 = ORIENTED_EDGE ( 'NONE', *, *, #4194, .F. ) ;
#766 = CARTESIAN_POINT ( 'NONE',  ( 0.5899999999999749889, 0.8999999999999559464, 0.01000000000000000021 ) ) ;
#767 = CARTESIAN_POINT ( 'NONE',  ( 3.121802131519984869, 1.221802131520014045, 0.08500000000000959566 ) ) ;
#768 = ORIENTED_EDGE ( 'NONE', *, *, #5598, .T. ) ;
#769 = CARTESIAN_POINT ( 'NONE',  ( 0.02499999999992040187, 0.4000000000000000222, 0.1100000000000000006 ) ) ;
#770 = ORIENTED_EDGE ( 'NONE', *, *, #1423, .T. ) ;
#771 = VERTEX_POINT ( 'NONE', #1236 ) ;
#772 = ORIENTED_EDGE ( 'NONE', *, *, #1616, .F. ) ;
#773 = ADVANCED_FACE ( 'NONE', ( #3813 ), #2180, .F. ) ;
#774 = VERTEX_POINT ( 'NONE', #3272 ) ;
#775 = CARTESIAN_POINT ( 'NONE',  ( 3.250000000000229594, 0.009999999999976688994, 0.2100000000000000200 ) ) ;
#776 = LINE ( 'NONE', #5405, #2210 ) ;
#777 = FACE_OUTER_BOUND ( 'NONE', #1352, .T. ) ;
#778 = ORIENTED_EDGE ( 'NONE', *, *, #6600, .T. ) ;
#779 = EDGE_CURVE ( 'NONE', #6370, #4144, #2016, .T. ) ;
#780 = CARTESIAN_POINT ( 'NONE',  ( 3.110000000000355147, -2.842170943040399481E-14, 0.2200000000000000011 ) ) ;
#781 = SPHERICAL_SURFACE ( 'NONE', #2376, 0.1200000000000066014 ) ;
#782 = DIRECTION ( 'NONE',  ( 0.000000000000000000, 0.000000000000000000, -1.000000000000000000 ) ) ;
#783 = FACE_OUTER_BOUND ( 'NONE', #2168, .T. ) ;
#784 = FACE_OUTER_BOUND ( 'NONE', #4819, .T. ) ;
#785 = ORIENTED_EDGE ( 'NONE', *, *, #6541, .F. ) ;
#786 = ORIENTED_EDGE ( 'NONE', *, *, #2967, .T. ) ;
#787 = FACE_OUTER_BOUND ( 'NONE', #4928, .T. ) ;
#788 = EDGE_CURVE ( 'NONE', #6336, #851, #4731, .T. ) ;
#789 = VERTEX_POINT ( 'NONE', #4361 ) ;
#790 = DIRECTION ( 'NONE',  ( 6.012533356440559812E-14, -1.000000000000000000, 0.000000000000000000 ) ) ;
#791 = CARTESIAN_POINT ( 'NONE',  ( 2.850000000000080025, 0.8399999999999819833, 2.081668171172170239E-16 ) ) ;
#792 = ORIENTED_EDGE ( 'NONE', *, *, #3002, .F. ) ;
#793 = EDGE_CURVE ( 'NONE', #2883, #923, #1815, .T. ) ;
#794 = DIRECTION ( 'NONE',  ( -1.000000000000000000, 0.000000000000000000, 0.000000000000000000 ) ) ;
#795 = DIRECTION ( 'NONE',  ( 0.000000000000000000, -1.000000000000000000, 0.000000000000000000 ) ) ;
#796 = CARTESIAN_POINT ( 'NONE',  ( 3.109999999999999876, 0.8899999999999789191, 2.081668171172170239E-16 ) ) ;
#797 = ORIENTED_EDGE ( 'NONE', *, *, #5793, .T. ) ;
#798 = CARTESIAN_POINT ( 'NONE',  ( 0.02499999999992040187, 0.2750000000000130118, 0.2100000000000000200 ) ) ;
#799 = CARTESIAN_POINT ( 'NONE',  ( 0.6800000000000000488, -0.09000000000003180456, 0.01000000000000020144 ) ) ;
#800 = VECTOR ( 'NONE', #3209, 1000.000000000000000 ) ;
#801 = VERTEX_POINT ( 'NONE', #3851 ) ;
#802 = EDGE_CURVE ( 'NONE', #4370, #3549, #5759, .T. ) ;
#803 = VECTOR ( 'NONE', #1185, 1000.000000000000000 ) ;
#804 = EDGE_CURVE ( 'NONE', #3083, #3009, #3213, .T. ) ;
#805 = CARTESIAN_POINT ( 'NONE',  ( 3.150000000000090061, 0.8900000000000148903, 0.2100000000000000200 ) ) ;
#806 = VECTOR ( 'NONE', #3797, 1000.000000000000000 ) ;
#807 = ORIENTED_EDGE ( 'NONE', *, *, #5827, .T. ) ;
#808 = ORIENTED_EDGE ( 'NONE', *, *, #3667, .F. ) ;
#809 = ORIENTED_EDGE ( 'NONE', *, *, #1438, .T. ) ;
#810 = VECTOR ( 'NONE', #440, 1000.000000000000000 ) ;
#811 = AXIS2_PLACEMENT_3D ( 'NONE', #2581, #4128, #1580 ) ;
#812 = ORIENTED_EDGE ( 'NONE', *, *, #4000, .F. ) ;
#813 = CARTESIAN_POINT ( 'NONE',  ( 1.850000000000365130, 0.4500000000000000111, 0.2100000000000000200 ) ) ;
#814 = AXIS2_PLACEMENT_3D ( 'NONE', #5492, #901, #5075 ) ;
#815 = CARTESIAN_POINT ( 'NONE',  ( 0.02499999999992040187, 0.2750000000000130118, 0.1100000000000000006 ) ) ;
#816 = DIRECTION ( 'NONE',  ( -1.000000000000000000, -4.263625043298273300E-13, 0.000000000000000000 ) ) ;
#817 = ORIENTED_EDGE ( 'NONE', *, *, #703, .T. ) ;
#818 = PRODUCT_DEFINITION_SHAPE ( 'NONE', 'NONE',  #6633 ) ;
#819 = APPLICATION_CONTEXT ( 'automotive_design' ) ;
#820 = CARTESIAN_POINT ( 'NONE',  ( 0.4500000000000460298, -0.4500000000000000111, 0.2100000000000000200 ) ) ;
#821 = CARTESIAN_POINT ( 'NONE',  ( 3.250000000000229594, -0.4500000000000000111, 0.2100000000000000200 ) ) ;
#822 = DIRECTION ( 'NONE',  ( 0.000000000000000000, 0.6427876096865217104, -0.7660444431189928904 ) ) ;
#823 = CIRCLE ( 'NONE', #6379, 0.05000000000001845329 ) ;
#824 = DIRECTION ( 'NONE',  ( -1.000000000000000000, 0.000000000000000000, 0.000000000000000000 ) ) ;
#825 = DIRECTION ( 'NONE',  ( 0.8073211720378832279, 1.807003620809217526E-16, -0.5901122987867467584 ) ) ;
#826 = ORIENTED_EDGE ( 'NONE', *, *, #2682, .F. ) ;
#827 = EDGE_LOOP ( 'NONE', ( #228, #2671, #6398, #4239, #6175, #338 ) ) ;
#828 = CARTESIAN_POINT ( 'NONE',  ( 0.6741208422371869347, -0.2258791577628045111, 0.7900000000000000355 ) ) ;
#829 = ORIENTED_EDGE ( 'NONE', *, *, #3692, .F. ) ;
#830 = CARTESIAN_POINT ( 'NONE',  ( 1.850000000000024958, 0.4499999999999885203, 0.01000000000000000021 ) ) ;
#831 = DIRECTION ( 'NONE',  ( 1.000000000000000000, 5.075305255429470170E-15, 0.000000000000000000 ) ) ;
#832 = ORIENTED_EDGE ( 'NONE', *, *, #3284, .T. ) ;
#833 = VECTOR ( 'NONE', #4345, 1000.000000000000000 ) ;
#834 = DIRECTION ( 'NONE',  ( -0.5082206017322946634, -0.5082206017325882064, -0.6952867321827953528 ) ) ;
#835 = SURFACE_STYLE_FILL_AREA ( #1338 ) ;
#836 = EDGE_CURVE ( 'NONE', #1035, #1194, #3239, .T. ) ;
#837 = CARTESIAN_POINT ( 'NONE',  ( 3.108200044906370252, -0.3820606263823049242, -0.005164879845721500468 ) ) ;
#838 = EDGE_LOOP ( 'NONE', ( #6024, #702, #300, #4275 ) ) ;
#839 = VECTOR ( 'NONE', #3001, 1000.000000000000114 ) ;
#840 = DIRECTION ( 'NONE',  ( 0.000000000000000000, -0.9848077530122080203, 0.1736481776669302757 ) ) ;
#841 = DIRECTION ( 'NONE',  ( 0.000000000000000000, 0.000000000000000000, 1.000000000000000000 ) ) ;
#842 = ORIENTED_EDGE ( 'NONE', *, *, #4493, .F. ) ;
#843 = EDGE_CURVE ( 'NONE', #3814, #5894, #369, .T. ) ;
#844 = VECTOR ( 'NONE', #2779, 1000.000000000000000 ) ;
#845 = LINE ( 'NONE', #3925, #2730 ) ;
#846 = VECTOR ( 'NONE', #4575, 1000.000000000000000 ) ;
#847 = ORIENTED_EDGE ( 'NONE', *, *, #3012, .T. ) ;
#848 = ORIENTED_EDGE ( 'NONE', *, *, #6033, .T. ) ;
#849 = EDGE_CURVE ( 'NONE', #424, #3316, #2918, .T. ) ;
#850 = AXIS2_PLACEMENT_3D ( 'NONE', #5722, #4054, #98 ) ;
#851 = VERTEX_POINT ( 'NONE', #1917 ) ;
#852 = DIRECTION ( 'NONE',  ( 0.000000000000000000, 0.000000000000000000, 1.000000000000000000 ) ) ;
#853 = CARTESIAN_POINT ( 'NONE',  ( 3.215600012050874312, -0.4156000120508583917, 0.2100000000000000200 ) ) ;
#854 = DIRECTION ( 'NONE',  ( 1.000000000000000000, -5.224578939412010120E-14, 0.000000000000000000 ) ) ;
#855 = CIRCLE ( 'NONE', #4169, 0.1199999999999999956 ) ;
#856 = ORIENTED_EDGE ( 'NONE', *, *, #2599, .F. ) ;
#857 = DIRECTION ( 'NONE',  ( 1.000000000000000000, 4.973777466273291383E-13, 0.000000000000000000 ) ) ;
#858 = SPHERICAL_SURFACE ( 'NONE', #3015, 0.1200000000000000094 ) ;
#859 = DIRECTION ( 'NONE',  ( -5.212044918624699983E-15, 1.000000000000000000, -4.373424968893675305E-15 ) ) ;
#860 = DIRECTION ( 'NONE',  ( 0.6860968888036623747, -0.6860968888032481505, 0.2419547857522936218 ) ) ;
#861 = LINE ( 'NONE', #1901, #1784 ) ;
#862 = ORIENTED_EDGE ( 'NONE', *, *, #6611, .T. ) ;
#863 = DIRECTION ( 'NONE',  ( 0.000000000000000000, 0.000000000000000000, -1.000000000000000000 ) ) ;
#864 = CARTESIAN_POINT ( 'NONE',  ( 1.315000000000053904, -0.2250000000000000056, 0.01000000000000000021 ) ) ;
#865 = CARTESIAN_POINT ( 'NONE',  ( 3.109999999999999876, 0.8899999999999789191, 2.081668171172170239E-16 ) ) ;
#866 = EDGE_CURVE ( 'NONE', #2928, #2141, #1851, .T. ) ;
#867 = CARTESIAN_POINT ( 'NONE',  ( 0.4500000000000460298, 0.8899999999999789191, 0.2100000000000000200 ) ) ;
#868 = ORIENTED_EDGE ( 'NONE', *, *, #3735, .T. ) ;
#869 = LINE ( 'NONE', #3471, #1347 ) ;
#870 =( NAMED_UNIT ( * ) SI_UNIT ( $, .STERADIAN. ) SOLID_ANGLE_UNIT ( ) );
#871 = DIRECTION ( 'NONE',  ( 0.000000000000000000, 1.000000000000000000, 0.000000000000000000 ) ) ;
#872 = VERTEX_POINT ( 'NONE', #6570 ) ;
#873 = DIRECTION ( 'NONE',  ( -1.000000000000000000, -8.881784197001761928E-15, 0.000000000000000000 ) ) ;
#874 = DIRECTION ( 'NONE',  ( -0.6427876096867575217, 0.000000000000000000, -0.7660444431187950487 ) ) ;
#875 = VERTEX_POINT ( 'NONE', #5469 ) ;
#876 = EDGE_CURVE ( 'NONE', #3701, #2767, #4996, .T. ) ;
#877 = DIRECTION ( 'NONE',  ( -1.000000000000000000, 0.000000000000000000, 0.000000000000000000 ) ) ;
#878 = ORIENTED_EDGE ( 'NONE', *, *, #102, .F. ) ;
#879 = EDGE_CURVE ( 'NONE', #4591, #4831, #2867, .T. ) ;
#880 = ORIENTED_EDGE ( 'NONE', *, *, #33, .F. ) ;
#881 = ADVANCED_FACE ( 'NONE', ( #3448 ), #3961, .F. ) ;
#882 = DIRECTION ( 'NONE',  ( 0.000000000000000000, 0.000000000000000000, 1.000000000000000000 ) ) ;
#883 = EDGE_CURVE ( 'NONE', #1145, #3106, #2347, .T. ) ;
#884 = CARTESIAN_POINT ( 'NONE',  ( 2.535000000000000142, 1.270011202246497328, 0.02754666676607553724 ) ) ;
#885 = LINE ( 'NONE', #6011, #6155 ) ;
#886 = ORIENTED_EDGE ( 'NONE', *, *, #6315, .T. ) ;
#887 = CARTESIAN_POINT ( 'NONE',  ( 0.5681769303615169520, -0.4500000000000000111, 0.2100000000000000200 ) ) ;
#888 = CARTESIAN_POINT ( 'NONE',  ( 2.200000000000160050, 1.124999999999949818, 0.01000000000000000021 ) ) ;
#889 = AXIS2_PLACEMENT_3D ( 'NONE', #1461, #5514, #6630 ) ;
#890 = DIRECTION ( 'NONE',  ( 6.012533356440559812E-14, -1.000000000000000000, 0.000000000000000000 ) ) ;
#891 = EDGE_CURVE ( 'NONE', #3009, #6310, #3179, .T. ) ;
#892 = DIRECTION ( 'NONE',  ( -0.1710878697461774289, 0.1710878697461059306, 0.9702875252477766166 ) ) ;
#893 = DIRECTION ( 'NONE',  ( 0.000000000000000000, -0.9848077530122063550, -0.1736481776669397126 ) ) ;
#894 =( BOUNDED_CURVE ( )  B_SPLINE_CURVE ( 3, ( #4355, #6256, #4293, #6328 ),
 .UNSPECIFIED., .F., .F. ) 
 B_SPLINE_CURVE_WITH_KNOTS ( ( 4, 4 ),
 ( 5.512866274279021539, 6.283185307179576462 ),
 .UNSPECIFIED. ) 
 CURVE ( )  GEOMETRIC_REPRESENTATION_ITEM ( )  RATIONAL_B_SPLINE_CURVE ( ( 1.000000000000000000, 0.9511590086810999267, 0.9511590086810999267, 1.000000000000000000 ) ) 
 REPRESENTATION_ITEM ( '' )  );
#895 = ORIENTED_EDGE ( 'NONE', *, *, #2662, .T. ) ;
#896 = CARTESIAN_POINT ( 'NONE',  ( 3.220000000000255103, 0.009999999999969588771, 0.2100000000000000200 ) ) ;
#897 = CARTESIAN_POINT ( 'NONE',  ( 3.249999999999944933, 1.231823069638543933, 0.2100000000000000200 ) ) ;
#898 = FACE_OUTER_BOUND ( 'NONE', #5845, .T. ) ;
#899 = ORIENTED_EDGE ( 'NONE', *, *, #2848, .T. ) ;
#900 = FACE_OUTER_BOUND ( 'NONE', #1180, .T. ) ;
#901 = DIRECTION ( 'NONE',  ( 0.000000000000000000, 0.000000000000000000, 1.000000000000000000 ) ) ;
#902 = ORIENTED_EDGE ( 'NONE', *, *, #2967, .F. ) ;
#903 = FACE_OUTER_BOUND ( 'NONE', #1718, .T. ) ;
#904 = LINE ( 'NONE', #1413, #3914 ) ;
#905 = ORIENTED_EDGE ( 'NONE', *, *, #2632, .T. ) ;
#906 = EDGE_CURVE ( 'NONE', #5048, #3964, #1150, .T. ) ;
#907 = CARTESIAN_POINT ( 'NONE',  ( 0.5200000000002089617, 1.873588321655424993, 0.06000000000000140638 ) ) ;
#908 = ORIENTED_EDGE ( 'NONE', *, *, #4252, .F. ) ;
#909 = AXIS2_PLACEMENT_3D ( 'NONE', #2989, #2452, #3676 ) ;
#910 = PLANE ( 'NONE',  #1768 ) ;
#911 = EDGE_CURVE ( 'NONE', #4251, #2392, #904, .T. ) ;
#912 = CARTESIAN_POINT ( 'NONE',  ( 2.200000000000160050, 1.074999999999973976, 0.01000000000000000021 ) ) ;
#913 = CARTESIAN_POINT ( 'NONE',  ( 1.277445140552516012, 0.4499999999998819944, 0.2100000000000000200 ) ) ;
#914 = AXIS2_PLACEMENT_3D ( 'NONE', #4061, #2017, #1540 ) ;
#915 = VERTEX_POINT ( 'NONE', #5032 ) ;
#916 = EDGE_CURVE ( 'NONE', #5342, #1016, #175, .T. ) ;
#917 = DIRECTION ( 'NONE',  ( 1.000000000000000000, 6.269494727294420222E-14, 0.000000000000000000 ) ) ;
#918 = CARTESIAN_POINT ( 'NONE',  ( -5.684341886080798963E-14, 0.6250000000000139888, 0.01000000000000000021 ) ) ;
#919 = CYLINDRICAL_SURFACE ( 'NONE', #3720, 0.07499999999999991396 ) ;
#920 = EDGE_CURVE ( 'NONE', #1731, #1670, #4896, .T. ) ;
#921 = PLANE ( 'NONE',  #5099 ) ;
#922 = CARTESIAN_POINT ( 'NONE',  ( 0.6800000000000639977, 0.009999999999998008746, 0.01000000000000000021 ) ) ;
#923 = VERTEX_POINT ( 'NONE', #4934 ) ;
#924 = DIRECTION ( 'NONE',  ( 0.6427876096867566336, 0.000000000000000000, -0.7660444431187957148 ) ) ;
#925 = AXIS2_PLACEMENT_3D ( 'NONE', #3630, #5240, #4637 ) ;
#926 = DIRECTION ( 'NONE',  ( -1.000000000000000000, 6.021548608136700101E-14, 0.000000000000000000 ) ) ;
#927 = EDGE_CURVE ( 'NONE', #1949, #3966, #4398, .T. ) ;
#928 = DIRECTION ( 'NONE',  ( 1.044065460507510165E-14, 1.000000000000000000, 5.921189464667499445E-14 ) ) ;
#929 = CARTESIAN_POINT ( 'NONE',  ( 2.900000000000090061, 0.01000000000001221960, 0.01000000000000000021 ) ) ;
#930 = VECTOR ( 'NONE', #3435, 1000.000000000000000 ) ;
#931 = ORIENTED_EDGE ( 'NONE', *, *, #4811, .F. ) ;
#932 = PRODUCT_DEFINITION ( 'UNKNOWN', '', #3854, #2623 ) ;
#933 = AXIS2_PLACEMENT_3D ( 'NONE', #2680, #5637, #143 ) ;
#934 = CARTESIAN_POINT ( 'NONE',  ( 3.110000000000355147, 0.8999999999999559464, 0.01000000000000000021 ) ) ;
#935 = EDGE_LOOP ( 'NONE', ( #6365, #3893, #6459, #5249 ) ) ;
#936 = CARTESIAN_POINT ( 'NONE',  ( 3.700000000000045475, 0.6249999999999569233, 0.2100000000000000200 ) ) ;
#937 = ORIENTED_EDGE ( 'NONE', *, *, #3204, .F. ) ;
#938 = LINE ( 'NONE', #2380, #2448 ) ;
#939 = CARTESIAN_POINT ( 'NONE',  ( 0.6800000000000639977, 0.8899999999999579359, 0.1100000000000000006 ) ) ;
#940 = ORIENTED_EDGE ( 'NONE', *, *, #4352, .F. ) ;
#941 = AXIS2_PLACEMENT_3D ( 'NONE', #4259, #240, #636 ) ;
#942 = DIRECTION ( 'NONE',  ( 0.000000000000000000, 0.000000000000000000, 1.000000000000000000 ) ) ;
#943 = AXIS2_PLACEMENT_3D ( 'NONE', #2140, #3042, #3074 ) ;
#944 = VERTEX_POINT ( 'NONE', #2446 ) ;
#945 = EDGE_CURVE ( 'NONE', #2423, #991, #2381, .T. ) ;
#946 = CIRCLE ( 'NONE', #5118, 0.1200000000000066291 ) ;
#947 = VECTOR ( 'NONE', #115, 1000.000000000000000 ) ;
#948 = FACE_OUTER_BOUND ( 'NONE', #6539, .T. ) ;
#949 = CARTESIAN_POINT ( 'NONE',  ( 0.5781978684800039847, -0.3956627129959214839, 0.07197638667498319764 ) ) ;
#950 = CARTESIAN_POINT ( 'NONE',  ( 2.850000000000080025, 0.5130005523259699718, 0.06000000000000130229 ) ) ;
#951 = ORIENTED_EDGE ( 'NONE', *, *, #1011, .T. ) ;
#952 = VECTOR ( 'NONE', #2288, 1000.000000000000000 ) ;
#953 = VECTOR ( 'NONE', #995, 1000.000000000000000 ) ;
#954 = AXIS2_PLACEMENT_3D ( 'NONE', #1596, #27, #6085 ) ;
#955 = DIRECTION ( 'NONE',  ( 0.000000000000000000, -1.000000000000000000, 0.000000000000000000 ) ) ;
#956 = ADVANCED_FACE ( 'NONE', ( #4431 ), #1880, .T. ) ;
#957 = DIRECTION ( 'NONE',  ( 0.000000000000000000, 0.000000000000000000, 1.000000000000000000 ) ) ;
#958 = DIRECTION ( 'NONE',  ( 0.000000000000000000, -1.000000000000000000, 0.000000000000000000 ) ) ;
#959 = VERTEX_POINT ( 'NONE', #5967 ) ;
#960 = CARTESIAN_POINT ( 'NONE',  ( 2.200000000000160050, 1.124999999999949818, 0.01000000000000020144 ) ) ;
#961 = CARTESIAN_POINT ( 'NONE',  ( 0.7800000000000859579, -0.09000000000000341061, 0.01000000000000000021 ) ) ;
#962 = FACE_OUTER_BOUND ( 'NONE', #3741, .T. ) ;
#963 = EDGE_CURVE ( 'NONE', #578, #1662, #1380, .T. ) ;
#964 = CARTESIAN_POINT ( 'NONE',  ( 1.165000000000020020, -0.3956627129959284783, 0.07197638667497879839 ) ) ;
#965 = ORIENTED_EDGE ( 'NONE', *, *, #4326, .F. ) ;
#966 = VECTOR ( 'NONE', #4958, 1000.000000000000000 ) ;
#967 = DIRECTION ( 'NONE',  ( 6.012533356440559812E-14, -1.000000000000000000, 0.000000000000000000 ) ) ;
#968 = CIRCLE ( 'NONE', #5567, 0.07499999999999744371 ) ;
#969 = ADVANCED_FACE ( 'NONE', ( #3419 ), #2410, .T. ) ;
#970 =( GEOMETRIC_REPRESENTATION_CONTEXT ( 3 ) GLOBAL_UNCERTAINTY_ASSIGNED_CONTEXT ( ( #680 ) ) GLOBAL_UNIT_ASSIGNED_CONTEXT ( ( #2242, #237, #1770 ) ) REPRESENTATION_CONTEXT ( 'NONE', 'WORKASPACE' ) );
#971 = ORIENTED_EDGE ( 'NONE', *, *, #5218, .F. ) ;
#972 = ORIENTED_EDGE ( 'NONE', *, *, #6129, .T. ) ;
#973 = DIRECTION ( 'NONE',  ( 0.000000000000000000, 0.000000000000000000, 1.000000000000000000 ) ) ;
#974 = ORIENTED_EDGE ( 'NONE', *, *, #4535, .F. ) ;
#975 = FACE_OUTER_BOUND ( 'NONE', #5600, .T. ) ;
#976 = CARTESIAN_POINT ( 'NONE',  ( 3.110000000000129994, -2.842170943040399481E-14, 0.000000000000000000 ) ) ;
#977 = ORIENTED_EDGE ( 'NONE', *, *, #89, .F. ) ;
#978 = CARTESIAN_POINT ( 'NONE',  ( 0.5781978684800610502, -2.842170943040399481E-14, 0.01000000000000000021 ) ) ;
#979 = ORIENTED_EDGE ( 'NONE', *, *, #2183, .T. ) ;
#980 = CYLINDRICAL_SURFACE ( 'NONE', #4728, 0.05000000000001141032 ) ;
#981 = LINE ( 'NONE', #3523, #2829 ) ;
#982 = CARTESIAN_POINT ( 'NONE',  ( 0.5674343337795302311, -0.3945503921479445730, 0.07027461727619899179 ) ) ;
#983 = CARTESIAN_POINT ( 'NONE',  ( 1.125915838023046067, -0.2249999999999870159, 0.06000000000000140638 ) ) ;
#984 = ADVANCED_FACE ( 'NONE', ( #3138 ), #6604, .T. ) ;
#985 = EDGE_LOOP ( 'NONE', ( #1532, #1318, #6581, #4639 ) ) ;
#986 = AXIS2_PLACEMENT_3D ( 'NONE', #647, #2163, #5748 ) ;
#987 = PLANE ( 'NONE',  #1586 ) ;
#988 = CARTESIAN_POINT ( 'NONE',  ( 0.6741208422371869347, -0.2258791577628045111, 0.7900000000000000355 ) ) ;
#989 = CARTESIAN_POINT ( 'NONE',  ( 3.166060553929014532, -0.3218021315200110255, 0.02445091209717795144 ) ) ;
#990 = ADVANCED_FACE ( 'NONE', ( #2541 ), #4560, .F. ) ;
#991 = VERTEX_POINT ( 'NONE', #2602 ) ;
#992 = CARTESIAN_POINT ( 'NONE',  ( 3.220000000000255103, 1.319999999999985851, 0.2100000000000000200 ) ) ;
#993 = CARTESIAN_POINT ( 'NONE',  ( 3.675000000000179678, 0.2750000000000409894, 0.01000000000000000021 ) ) ;
#994 = FACE_OUTER_BOUND ( 'NONE', #4300, .T. ) ;
#995 = DIRECTION ( 'NONE',  ( 0.000000000000000000, -1.000000000000000000, 0.000000000000000000 ) ) ;
#996 = ORIENTED_EDGE ( 'NONE', *, *, #1454, .F. ) ;
#997 = DIRECTION ( 'NONE',  ( 0.000000000000000000, 0.000000000000000000, 1.000000000000000000 ) ) ;
#998 = EDGE_LOOP ( 'NONE', ( #5498, #6429, #4586, #129 ) ) ;
#999 = EDGE_CURVE ( 'NONE', #4525, #1016, #6191, .T. ) ;
#1000 = ORIENTED_EDGE ( 'NONE', *, *, #4410, .F. ) ;
#1001 = CARTESIAN_POINT ( 'NONE',  ( 0.6800000000000000488, 0.9899999999999999911, 2.081668171172170239E-16 ) ) ;
#1002 = VECTOR ( 'NONE', #5457, 1000.000000000000227 ) ;
#1003 = ORIENTED_EDGE ( 'NONE', *, *, #3122, .T. ) ;
#1004 = DIRECTION ( 'NONE',  ( 0.000000000000000000, 0.000000000000000000, 1.000000000000000000 ) ) ;
#1005 = EDGE_CURVE ( 'NONE', #1314, #875, #699, .T. ) ;
#1006 = CARTESIAN_POINT ( 'NONE',  ( 3.110000000000355147, -2.842170943040399481E-14, 0.000000000000000000 ) ) ;
#1007 = ORIENTED_EDGE ( 'NONE', *, *, #5135, .F. ) ;
#1008 = CARTESIAN_POINT ( 'NONE',  ( 3.121802131519984869, -0.3218021315200090271, 0.08500000000000000611 ) ) ;
#1009 = EDGE_LOOP ( 'NONE', ( #5250, #5568, #4312, #3092 ) ) ;
#1010 = LINE ( 'NONE', #2607, #4290 ) ;
#1011 = EDGE_CURVE ( 'NONE', #1052, #1059, #5695, .T. ) ;
#1012 = EDGE_CURVE ( 'NONE', #1681, #1386, #2508, .T. ) ;
#1013 = LINE ( 'NONE', #3055, #272 ) ;
#1014 = DIRECTION ( 'NONE',  ( 1.000000000000000000, -8.006115332508080925E-14, 0.000000000000000000 ) ) ;
#1015 = DIRECTION ( 'NONE',  ( 0.000000000000000000, 0.000000000000000000, -1.000000000000000000 ) ) ;
#1016 = VERTEX_POINT ( 'NONE', #2109 ) ;
#1017 = AXIS2_PLACEMENT_3D ( 'NONE', #415, #1638, #3997 ) ;
#1018 = CARTESIAN_POINT ( 'NONE',  ( 0.000000000000000000, 0.2849999999999965339, 0.000000000000000000 ) ) ;
#1019 = CARTESIAN_POINT ( 'NONE',  ( 3.249999999999968026, -0.3638958881256870725, 0.2100000000000000200 ) ) ;
#1020 = DIRECTION ( 'NONE',  ( 0.000000000000000000, 0.000000000000000000, 1.000000000000000000 ) ) ;
#1021 =( LENGTH_UNIT ( ) NAMED_UNIT ( * ) SI_UNIT ( .MILLI., .METRE. ) );
#1022 = VECTOR ( 'NONE', #2421, 1000.000000000000000 ) ;
#1023 = AXIS2_PLACEMENT_3D ( 'NONE', #1032, #2663, #5717 ) ;
#1024 = VERTEX_POINT ( 'NONE', #4624 ) ;
#1025 = LINE ( 'NONE', #1594, #725 ) ;
#1026 = LINE ( 'NONE', #2064, #3410 ) ;
#1027 = VECTOR ( 'NONE', #3921, 1000.000000000000000 ) ;
#1028 = DIRECTION ( 'NONE',  ( 0.6860968888037118907, -0.6860968888031819812, -0.2419547857523410561 ) ) ;
#1029 = LINE ( 'NONE', #5150, #2986 ) ;
#1030 = AXIS2_PLACEMENT_3D ( 'NONE', #5000, #410, #2384 ) ;
#1031 = ORIENTED_EDGE ( 'NONE', *, *, #4364, .F. ) ;
#1032 = CARTESIAN_POINT ( 'NONE',  ( 2.200000000000104983, -0.1749999999999830025, 0.06000000000000140638 ) ) ;
#1033 = VERTEX_POINT ( 'NONE', #4595 ) ;
#1034 = AXIS2_PLACEMENT_3D ( 'NONE', #4577, #892, #6489 ) ;
#1035 = VERTEX_POINT ( 'NONE', #3577 ) ;
#1036 = CARTESIAN_POINT ( 'NONE',  ( 3.560000000000399734, 0.5000000000000210942, 0.000000000000000000 ) ) ;
#1037 = CIRCLE ( 'NONE', #5530, 0.07499999999999695799 ) ;
#1038 = DIRECTION ( 'NONE',  ( 1.000000000000000000, -1.235047692136174719E-13, 0.000000000000000000 ) ) ;
#1039 = CARTESIAN_POINT ( 'NONE',  ( 0.6800000000000000488, 0.9900000000000450662, 0.06000000000000140638 ) ) ;
#1040 = VERTEX_POINT ( 'NONE', #4055 ) ;
#1041 = AXIS2_PLACEMENT_3D ( 'NONE', #3117, #3145, #4166 ) ;
#1042 = EDGE_CURVE ( 'NONE', #4120, #6348, #2046, .T. ) ;
#1043 = CARTESIAN_POINT ( 'NONE',  ( 0.6741208422372440001, -0.2258791577628115055, 0.7900000000000000355 ) ) ;
#1044 = VERTEX_POINT ( 'NONE', #3610 ) ;
#1045 = DIRECTION ( 'NONE',  ( 1.670504736812680169E-14, 1.000000000000000000, 9.473903143468000375E-14 ) ) ;
#1046 = DIRECTION ( 'NONE',  ( 0.000000000000000000, 0.000000000000000000, 1.000000000000000000 ) ) ;
#1047 = EDGE_CURVE ( 'NONE', #2485, #4223, #500, .T. ) ;
#1048 = AXIS2_PLACEMENT_3D ( 'NONE', #2170, #5316, #6319 ) ;
#1049 = LINE ( 'NONE', #5604, #1899 ) ;
#1050 = CARTESIAN_POINT ( 'NONE',  ( 3.274740637686365030, -2.131628207280299927E-14, 0.06968887128460550529 ) ) ;
#1051 = ADVANCED_FACE ( 'NONE', ( #5189 ), #7, .T. ) ;
#1052 = VERTEX_POINT ( 'NONE', #2143 ) ;
#1053 = CIRCLE ( 'NONE', #5653, 0.1000000000000796224 ) ;
#1054 = AXIS2_PLACEMENT_3D ( 'NONE', #1112, #4167, #3654 ) ;
#1055 = LINE ( 'NONE', #1491, #4056 ) ;
#1056 = CARTESIAN_POINT ( 'NONE',  ( 3.700000000000275069, 0.6249999999999790168, 0.1100000000000000006 ) ) ;
#1058 = DIRECTION ( 'NONE',  ( -4.544975507057685643E-13, 1.000000000000000000, 0.000000000000000000 ) ) ;
#1057 = AXIS2_PLACEMENT_3D ( 'NONE', #2445, #4500, #3514 ) ;
#1059 = VERTEX_POINT ( 'NONE', #593 ) ;
#1060 = VECTOR ( 'NONE', #852, 1000.000000000000000 ) ;
#1061 = LINE ( 'NONE', #3033, #4913 ) ;
#1062 = DIRECTION ( 'NONE',  ( 0.000000000000000000, 0.000000000000000000, 1.000000000000000000 ) ) ;
#1063 = DIRECTION ( 'NONE',  ( 0.6427876096862179534, 0.000000000000000000, -0.7660444431192475756 ) ) ;
#1064 = FACE_OUTER_BOUND ( 'NONE', #4897, .T. ) ;
#1065 = ORIENTED_EDGE ( 'NONE', *, *, #2662, .F. ) ;
#1066 = AXIS2_PLACEMENT_3D ( 'NONE', #830, #2875, #4423 ) ;
#1067 = DIRECTION ( 'NONE',  ( 0.000000000000000000, -1.000000000000000000, 0.000000000000000000 ) ) ;
#1068 = ORIENTED_EDGE ( 'NONE', *, *, #3993, .T. ) ;
#1069 = VERTEX_POINT ( 'NONE', #5596 ) ;
#1070 = EDGE_CURVE ( 'NONE', #5082, #1528, #6097, .T. ) ;
#1071 = SURFACE_SIDE_STYLE ('',( #560 ) ) ;
#1072 = DIRECTION ( 'NONE',  ( 0.000000000000000000, 0.000000000000000000, -1.000000000000000000 ) ) ;
#1073 = ORIENTED_EDGE ( 'NONE', *, *, #2470, .F. ) ;
#1074 = LINE ( 'NONE', #9, #4660 ) ;
#1075 = EDGE_CURVE ( 'NONE', #367, #5007, #2520, .T. ) ;
#1076 = ORIENTED_EDGE ( 'NONE', *, *, #3752, .T. ) ;
#1077 = AXIS2_PLACEMENT_3D ( 'NONE', #601, #1080, #4694 ) ;
#1078 = CARTESIAN_POINT ( 'NONE',  ( 3.675000000000409717, 0.6149999999999670175, 0.2200000000000000011 ) ) ;
#1079 =( GEOMETRIC_REPRESENTATION_CONTEXT ( 3 ) GLOBAL_UNCERTAINTY_ASSIGNED_CONTEXT ( ( #5178 ) ) GLOBAL_UNIT_ASSIGNED_CONTEXT ( ( #4105, #6112, #870 ) ) REPRESENTATION_CONTEXT ( 'NONE', 'WORKASPACE' ) );
#1080 = DIRECTION ( 'NONE',  ( 6.021548608136700101E-14, -1.000000000000000000, 0.000000000000000000 ) ) ;
#1081 = EDGE_CURVE ( 'NONE', #3837, #4489, #2636, .T. ) ;
#1082 = DIRECTION ( 'NONE',  ( 0.000000000000000000, -1.000000000000000000, 0.000000000000000000 ) ) ;
#1083 = DIRECTION ( 'NONE',  ( 0.000000000000000000, -1.000000000000000000, 0.000000000000000000 ) ) ;
#1084 = EDGE_CURVE ( 'NONE', #6234, #2485, #4092, .T. ) ;
#1085 = ORIENTED_EDGE ( 'NONE', *, *, #4364, .T. ) ;
#1086 = EDGE_CURVE ( 'NONE', #5774, #2485, #1608, .T. ) ;
#1087 = LINE ( 'NONE', #573, #2231 ) ;
#1088 = DIRECTION ( 'NONE',  ( -1.000000000000000000, 0.000000000000000000, 0.000000000000000000 ) ) ;
#1089 = DIRECTION ( 'NONE',  ( 0.6427876096867566336, 0.000000000000000000, -0.7660444431187957148 ) ) ;
#1090 = ORIENTED_EDGE ( 'NONE', *, *, #2580, .F. ) ;
#1091 = LINE ( 'NONE', #4614, #839 ) ;
#1092 = PLANE ( 'NONE',  #5370 ) ;
#1093 = PLANE ( 'NONE',  #6266 ) ;
#1095 = DIRECTION ( 'NONE',  ( -0.1710878697459680964, -0.1710878697459981002, -0.9702875252478324608 ) ) ;
#1094 = UNCERTAINTY_MEASURE_WITH_UNIT (LENGTH_MEASURE( 1.000000000000000082E-05 ), #1021, 'distance_accuracy_value', 'NONE');
#1096 = ORIENTED_EDGE ( 'NONE', *, *, #3655, .F. ) ;
#1097 = EDGE_CURVE ( 'NONE', #532, #740, #3796, .T. ) ;
#1098 = CARTESIAN_POINT ( 'NONE',  ( 3.025879157762799920, -0.2258791577628115055, 0.7899999999999890443 ) ) ;
#1099 = ORIENTED_EDGE ( 'NONE', *, *, #6129, .F. ) ;
#1100 = ORIENTED_EDGE ( 'NONE', *, *, #2059, .F. ) ;
#1101 = LINE ( 'NONE', #6188, #1372 ) ;
#1102 = VERTEX_POINT ( 'NONE', #5158 ) ;
#1103 = DIRECTION ( 'NONE',  ( 0.000000000000000000, 0.000000000000000000, -1.000000000000000000 ) ) ;
#1104 = DIRECTION ( 'NONE',  ( -1.000000000000000000, 5.224578939412010120E-14, 0.000000000000000000 ) ) ;
#1105 = VERTEX_POINT ( 'NONE', #3205 ) ;
#1106 = CARTESIAN_POINT ( 'NONE',  ( 0.5899999999999749889, 0.01000000000000512111, 2.081668171172170239E-16 ) ) ;
#1107 = ORIENTED_EDGE ( 'NONE', *, *, #1920, .T. ) ;
#1108 = CARTESIAN_POINT ( 'NONE',  ( 2.550000000000000266, -0.2258791577628115055, 0.7900000000000000355 ) ) ;
#1109 = DIRECTION ( 'NONE',  ( 0.1736481776670135424, 9.072386119063543808E-15, 0.9848077530121932543 ) ) ;
#1110 = ADVANCED_FACE ( 'NONE', ( #6222 ), #4824, .T. ) ;
#1111 = CARTESIAN_POINT ( 'NONE',  ( 3.560000000000399734, 0.5000000000000210942, 0.000000000000000000 ) ) ;
#1112 = CARTESIAN_POINT ( 'NONE',  ( 3.122835574493479704, 1.222835574493521982, 0.09086094634728950070 ) ) ;
#1113 = ORIENTED_EDGE ( 'NONE', *, *, #3943, .F. ) ;
#1114 = EDGE_LOOP ( 'NONE', ( #6124, #832, #2709, #5999 ) ) ;
#1115 = EDGE_CURVE ( 'NONE', #3784, #5944, #6424, .T. ) ;
#1116 = DIRECTION ( 'NONE',  ( 0.000000000000000000, 0.000000000000000000, -1.000000000000000000 ) ) ;
#1117 = LINE ( 'NONE', #4172, #5841 ) ;
#1118 = CARTESIAN_POINT ( 'NONE',  ( 2.200000000000104983, -0.1749999999999830025, 2.081668171172170239E-16 ) ) ;
#1119 = EDGE_CURVE ( 'NONE', #4831, #3192, #4318, .T. ) ;
#1120 = ORIENTED_EDGE ( 'NONE', *, *, #4726, .T. ) ;
#1121 = CARTESIAN_POINT ( 'NONE',  ( 0.5781978684800610502, 0.8849999999999840217, 0.01000000000000000021 ) ) ;
#1122 = DIRECTION ( 'NONE',  ( -6.315935428978830158E-14, -1.000000000000000000, 0.000000000000000000 ) ) ;
#1123 = FILL_AREA_STYLE_COLOUR ( '', #4494 ) ;
#1124 = ADVANCED_FACE ( 'NONE', ( #2173 ), #6252, .F. ) ;
#1125 = VECTOR ( 'NONE', #1837, 1000.000000000000000 ) ;
#1126 = AXIS2_PLACEMENT_3D ( 'NONE', #4929, #967, #402 ) ;
#1127 = DIRECTION ( 'NONE',  ( 0.000000000000000000, 0.000000000000000000, -1.000000000000000000 ) ) ;
#1128 = ORIENTED_EDGE ( 'NONE', *, *, #1904, .F. ) ;
#1129 = ORIENTED_EDGE ( 'NONE', *, *, #1766, .T. ) ;
#1130 = EDGE_CURVE ( 'NONE', #3362, #5554, #3584, .T. ) ;
#1131 = DIRECTION ( 'NONE',  ( -1.000000000000000000, -4.263625043298273300E-13, 0.000000000000000000 ) ) ;
#1132 = VERTEX_POINT ( 'NONE', #1135 ) ;
#1133 = DIRECTION ( 'NONE',  ( -1.136868377215902005E-12, -1.000000000000000000, 0.000000000000000000 ) ) ;
#1134 = EDGE_CURVE ( 'NONE', #2282, #1181, #3301, .T. ) ;
#1135 = CARTESIAN_POINT ( 'NONE',  ( 0.5043372870040910838, 0.8899999999999789191, 0.07197638667496689124 ) ) ;
#1136 = ORIENTED_EDGE ( 'NONE', *, *, #3277, .F. ) ;
#1137 = LINE ( 'NONE', #1515, #3363 ) ;
#1138 = DIRECTION ( 'NONE',  ( 0.000000000000000000, -1.000000000000000000, 0.000000000000000000 ) ) ;
#1139 = ORIENTED_EDGE ( 'NONE', *, *, #6203, .F. ) ;
#1140 = DIRECTION ( 'NONE',  ( 0.1736481776670135424, 6.273785655217681950E-15, 0.9848077530121932543 ) ) ;
#1141 = AXIS2_PLACEMENT_3D ( 'NONE', #1056, #4610, #2060 ) ;
#1142 = CARTESIAN_POINT ( 'NONE',  ( 3.170011202246831417, 0.8999999999999559464, 0.02754666676609032749 ) ) ;
#1143 = AXIS2_PLACEMENT_3D ( 'NONE', #4920, #423, #1429 ) ;
#1144 = CARTESIAN_POINT ( 'NONE',  ( 3.250000000000229594, -0.4500000000000000111, 0.2100000000000000200 ) ) ;
#1145 = VERTEX_POINT ( 'NONE', #6353 ) ;
#1146 = ADVANCED_FACE ( 'NONE', ( #1198 ), #3709, .T. ) ;
#1147 = CARTESIAN_POINT ( 'NONE',  ( 3.025879157762859428, -0.2258791577628115055, 0.7900000000000000355 ) ) ;
#1148 = FACE_OUTER_BOUND ( 'NONE', #5280, .T. ) ;
#1149 = DIRECTION ( 'NONE',  ( -0.9848077530121933654, 0.000000000000000000, -0.1736481776670135979 ) ) ;
#1150 = CIRCLE ( 'NONE', #4771, 0.05000000000001141032 ) ;
#1151 = VERTEX_POINT ( 'NONE', #1228 ) ;
#1152 = VECTOR ( 'NONE', #3232, 1000.000000000000000 ) ;
#1153 = CIRCLE ( 'NONE', #4908, 0.1200000000000061851 ) ;
#1154 = DIRECTION ( 'NONE',  ( 0.000000000000000000, 0.000000000000000000, 1.000000000000000000 ) ) ;
#1155 = DIRECTION ( 'NONE',  ( 0.000000000000000000, 0.000000000000000000, 1.000000000000000000 ) ) ;
#1156 = CARTESIAN_POINT ( 'NONE',  ( 1.125915838023046067, -0.2249999999999870159, 0.06000000000000140638 ) ) ;
#1157 = ADVANCED_FACE ( 'NONE', ( #3263 ), #5319, .F. ) ;
#1158 = VECTOR ( 'NONE', #394, 1000.000000000000000 ) ;
#1159 = CARTESIAN_POINT ( 'NONE',  ( 3.550000000000125056, 0.4000000000000695222, 0.01000000000000000021 ) ) ;
#1160 = VECTOR ( 'NONE', #1353, 1000.000000000000000 ) ;
#1161 = EDGE_LOOP ( 'NONE', ( #5266, #2077, #3911, #5781 ) ) ;
#1162 = ORIENTED_EDGE ( 'NONE', *, *, #6008, .T. ) ;
#1163 = DIRECTION ( 'NONE',  ( 0.000000000000000000, 0.000000000000000000, -1.000000000000000000 ) ) ;
#1164 = EDGE_CURVE ( 'NONE', #5033, #5939, #724, .T. ) ;
#1165 = CIRCLE ( 'NONE', #4696, 0.07499999999999744371 ) ;
#1166 = EDGE_LOOP ( 'NONE', ( #3703, #1729, #4255, #2443 ) ) ;
#1167 = DIRECTION ( 'NONE',  ( 0.000000000000000000, 0.000000000000000000, 1.000000000000000000 ) ) ;
#1168 = DIRECTION ( 'NONE',  ( -1.853171526621275114E-14, 1.000000000000000000, 1.554995544495570229E-14 ) ) ;
#1169 = AXIS2_PLACEMENT_3D ( 'NONE', #2930, #782, #4877 ) ;
#1170 = ORIENTED_EDGE ( 'NONE', *, *, #6272, .T. ) ;
#1171 = ADVANCED_FACE ( 'NONE', ( #1705 ), #3805, .F. ) ;
#1172 = LINE ( 'NONE', #1231, #4227 ) ;
#1173 = AXIS2_PLACEMENT_3D ( 'NONE', #4853, #656, #4253 ) ;
#1174 = ORIENTED_EDGE ( 'NONE', *, *, #707, .F. ) ;
#1175 = CARTESIAN_POINT ( 'NONE',  ( 3.121802131520325041, 0.009999999999998008746, 0.08500000000000000611 ) ) ;
#1176 = DIRECTION ( 'NONE',  ( 0.000000000000000000, 0.000000000000000000, 1.000000000000000000 ) ) ;
#1177 = EDGE_CURVE ( 'NONE', #6146, #2437, #2669, .T. ) ;
#1178 = VECTOR ( 'NONE', #5552, 1000.000000000000000 ) ;
#1179 = FACE_OUTER_BOUND ( 'NONE', #1601, .T. ) ;
#1180 = EDGE_LOOP ( 'NONE', ( #785, #6101, #2798, #6597, #3251, #1003, #4791, #5824, #6114, #3806, #3070, #4894 ) ) ;
#1181 = VERTEX_POINT ( 'NONE', #4854 ) ;
#1182 = ORIENTED_EDGE ( 'NONE', *, *, #6502, .T. ) ;
#1183 = DIRECTION ( 'NONE',  ( 0.000000000000000000, 1.000000000000000000, 0.000000000000000000 ) ) ;
#1184 = CARTESIAN_POINT ( 'NONE',  ( 0.6741208422371869347, -0.2258791577628045111, 0.7900000000000000355 ) ) ;
#1185 = DIRECTION ( 'NONE',  ( -1.000000000000000000, -2.978311382069225365E-15, 2.499099982225255450E-15 ) ) ;
#1186 = ITEM_DEFINED_TRANSFORMATION ( 'NONE', 'NONE', #112,  #3969 ) ;
#1187 = ORIENTED_EDGE ( 'NONE', *, *, #1211, .F. ) ;
#1188 = CARTESIAN_POINT ( 'NONE',  ( 3.220000000000255103, 0.8899999999999789191, 0.2100000000000000200 ) ) ;
#1189 = CARTESIAN_POINT ( 'NONE',  ( 0.5781978684800239687, 1.270011202246488224, 0.02754666676607981160 ) ) ;
#1190 = DIRECTION ( 'NONE',  ( -0.8073211720376294309, 2.823443157514179362E-17, -0.5901122987870938141 ) ) ;
#1191 = ADVANCED_FACE ( 'NONE', ( #3171 ), #260, .T. ) ;
#1192 = FACE_OUTER_BOUND ( 'NONE', #2619, .T. ) ;
#1193 = VERTEX_POINT ( 'NONE', #162 ) ;
#1194 = VERTEX_POINT ( 'NONE', #4723 ) ;
#1195 = CARTESIAN_POINT ( 'NONE',  ( 2.850000000000080025, 0.8399999999999819833, 0.01000000000000000021 ) ) ;
#1196 = ORIENTED_EDGE ( 'NONE', *, *, #4150, .T. ) ;
#1197 = CARTESIAN_POINT ( 'NONE',  ( 0.5781978684800039847, -0.3218021315200160215, 0.08500000000000000611 ) ) ;
#1198 = FACE_OUTER_BOUND ( 'NONE', #5705, .T. ) ;
#1199 = ORIENTED_EDGE ( 'NONE', *, *, #4816, .T. ) ;
#1200 = ADVANCED_FACE ( 'NONE', ( #4754 ), #2204, .T. ) ;
#1201 = LINE ( 'NONE', #3266, #800 ) ;
#1202 = FILL_AREA_STYLE ('',( #2274 ) ) ;
#1203 = EDGE_CURVE ( 'NONE', #5117, #56, #2733, .T. ) ;
#1204 = VERTEX_POINT ( 'NONE', #6497 ) ;
#1205 = CARTESIAN_POINT ( 'NONE',  ( 2.200000000000160050, 1.124999999999949818, 0.01000000000000000021 ) ) ;
#1206 = DIRECTION ( 'NONE',  ( 0.000000000000000000, 0.000000000000000000, 1.000000000000000000 ) ) ;
#1207 = ORIENTED_EDGE ( 'NONE', *, *, #1416, .T. ) ;
#1208 = CARTESIAN_POINT ( 'NONE',  ( 0.000000000000000000, 0.6249999999999790168, 0.1100000000000000006 ) ) ;
#1209 = ORIENTED_EDGE ( 'NONE', *, *, #2037, .T. ) ;
#1210 = VERTEX_POINT ( 'NONE', #1907 ) ;
#1211 = EDGE_CURVE ( 'NONE', #2323, #1445, #3406, .T. ) ;
#1213 = ORIENTED_EDGE ( 'NONE', *, *, #1853, .F. ) ;
#1212 = ADVANCED_FACE ( 'NONE', ( #898 ), #1305, .T. ) ;
#1214 = PLANE ( 'NONE',  #3618 ) ;
#1215 = DIRECTION ( 'NONE',  ( 0.000000000000000000, -1.000000000000000000, 0.000000000000000000 ) ) ;
#1216 = CARTESIAN_POINT ( 'NONE',  ( 3.675000000000179678, 0.4999999999999640288, 0.01000000000000000021 ) ) ;
#1217 = ORIENTED_EDGE ( 'NONE', *, *, #1821, .F. ) ;
#1218 = DIRECTION ( 'NONE',  ( 0.9848077530122081313, 5.917936858149709717E-14, 0.1736481776669298593 ) ) ;
#1219 = FACE_OUTER_BOUND ( 'NONE', #4229, .T. ) ;
#1221 = LINE ( 'NONE', #2722, #100 ) ;
#1220 = UNCERTAINTY_MEASURE_WITH_UNIT (LENGTH_MEASURE( 1.000000000000000082E-05 ), #2800, 'distance_accuracy_value', 'NONE');
#1222 = DIRECTION ( 'NONE',  ( -0.1710878697460365416, 0.1710878697460505304, -0.9702875252478112555 ) ) ;
#1223 = ORIENTED_EDGE ( 'NONE', *, *, #2463, .T. ) ;
#1224 = VERTEX_POINT ( 'NONE', #867 ) ;
#1225 = DIRECTION ( 'NONE',  ( 0.000000000000000000, 0.000000000000000000, 1.000000000000000000 ) ) ;
#1226 = ORIENTED_EDGE ( 'NONE', *, *, #4015, .F. ) ;
#1227 = FACE_OUTER_BOUND ( 'NONE', #5023, .T. ) ;
#1228 = CARTESIAN_POINT ( 'NONE',  ( 0.6741208422372440001, -0.2258791577628115055, 0.9100000000000000311 ) ) ;
#1229 = ORIENTED_EDGE ( 'NONE', *, *, #3148, .T. ) ;
#1230 = AXIS2_PLACEMENT_3D ( 'NONE', #6430, #4256, #5390 ) ;
#1231 = CARTESIAN_POINT ( 'NONE',  ( 3.180000000000000160, 0.01000000000001221960, 0.1100000000000014022 ) ) ;
#1232 = AXIS2_PLACEMENT_3D ( 'NONE', #1574, #38, #4191 ) ;
#1233 = VERTEX_POINT ( 'NONE', #6462 ) ;
#1234 = AXIS2_PLACEMENT_3D ( 'NONE', #6246, #755, #3198 ) ;
#1235 = PLANE ( 'NONE',  #3087 ) ;
#1236 = CARTESIAN_POINT ( 'NONE',  ( 3.170011202246831417, 0.009999999999998008746, 0.02754666676609032749 ) ) ;
#1237 = ORIENTED_EDGE ( 'NONE', *, *, #6005, .T. ) ;
#1238 = VECTOR ( 'NONE', #957, 1000.000000000000000 ) ;
#1239 = EDGE_CURVE ( 'NONE', #1785, #3017, #968, .T. ) ;
#1240 = FACE_OUTER_BOUND ( 'NONE', #5557, .T. ) ;
#1241 = ORIENTED_EDGE ( 'NONE', *, *, #5816, .F. ) ;
#1242 = VECTOR ( 'NONE', #5544, 1000.000000000000000 ) ;
#1243 = EDGE_LOOP ( 'NONE', ( #3509, #4419, #3313, #708 ) ) ;
#1244 = ADVANCED_FACE ( 'NONE', ( #2337 ), #362, .T. ) ;
#1245 = AXIS2_PLACEMENT_3D ( 'NONE', #1660, #193, #4212 ) ;
#1246 = VERTEX_POINT ( 'NONE', #3910 ) ;
#1247 = VECTOR ( 'NONE', #1829, 1000.000000000000000 ) ;
#1248 = CARTESIAN_POINT ( 'NONE',  ( 0.5899999999999749889, 0.01000000000000512111, 0.01000000000000020144 ) ) ;
#1249 = EDGE_CURVE ( 'NONE', #3755, #2786, #3335, .T. ) ;
#1250 = CARTESIAN_POINT ( 'NONE',  ( 0.4800000000000180234, 0.8899999999999789191, 0.2100000000000000200 ) ) ;
#1251 = LINE ( 'NONE', #1687, #3149 ) ;
#1252 = ORIENTED_EDGE ( 'NONE', *, *, #64, .F. ) ;
#1253 = FACE_OUTER_BOUND ( 'NONE', #4472, .T. ) ;
#1254 = DIRECTION ( 'NONE',  ( 0.000000000000000000, 1.000000000000000000, 0.000000000000000000 ) ) ;
#1255 = DIRECTION ( 'NONE',  ( -0.5082206017325925362, 0.5082206017325916481, 0.6952867321825751956 ) ) ;
#1256 = DIRECTION ( 'NONE',  ( -1.000000000000000000, -4.263625043298273300E-13, 0.000000000000000000 ) ) ;
#1257 = CIRCLE ( 'NONE', #2118, 0.1249999999999858030 ) ;
#1258 = ORIENTED_EDGE ( 'NONE', *, *, #1947, .T. ) ;
#1259 = ORIENTED_EDGE ( 'NONE', *, *, #1211, .T. ) ;
#1260 = DIRECTION ( 'NONE',  ( 0.000000000000000000, 1.000000000000000000, 0.000000000000000000 ) ) ;
#1261 = DIRECTION ( 'NONE',  ( -0.9848077530122139045, 0.000000000000000000, 0.1736481776668974963 ) ) ;
#1262 = LINE ( 'NONE', #2698, #1152 ) ;
#1263 = EDGE_LOOP ( 'NONE', ( #277, #400, #4528, #1716, #1371 ) ) ;
#1264 = AXIS2_PLACEMENT_3D ( 'NONE', #6169, #5041, #4031 ) ;
#1265 = COLOUR_RGB ( '',1.000000000000000000, 0.9490196078431372140, 0.8980392156862745390 ) ;
#1266 = DIRECTION ( 'NONE',  ( 1.670504736812680169E-14, 1.000000000000000000, 9.473903143468000375E-14 ) ) ;
#1267 = ADVANCED_FACE ( 'NONE', ( #2939 ), #2436, .T. ) ;
#1268 = VECTOR ( 'NONE', #3778, 1000.000000000000000 ) ;
#1269 = VERTEX_POINT ( 'NONE', #4390 ) ;
#1270 = VECTOR ( 'NONE', #4715, 1000.000000000000000 ) ;
#1271 = CARTESIAN_POINT ( 'NONE',  ( 2.900000000000090061, 0.01000000000001221960, 0.01000000000000020144 ) ) ;
#1272 = DIRECTION ( 'NONE',  ( 0.000000000000000000, -1.000000000000000000, 0.000000000000000000 ) ) ;
#1273 = ORIENTED_EDGE ( 'NONE', *, *, #2879, .F. ) ;
#1274 = CIRCLE ( 'NONE', #3956, 0.05000000000001141032 ) ;
#1275 = EDGE_CURVE ( 'NONE', #1040, #1467, #3369, .T. ) ;
#1276 = CARTESIAN_POINT ( 'NONE',  ( 3.121802131520325041, 0.8849999999999840217, 0.08500000000000000611 ) ) ;
#1277 = VERTEX_POINT ( 'NONE', #333 ) ;
#1278 = ORIENTED_EDGE ( 'NONE', *, *, #1119, .F. ) ;
#1279 = VERTEX_POINT ( 'NONE', #2972 ) ;
#1280 = EDGE_CURVE ( 'NONE', #571, #5954, #4536, .T. ) ;
#1281 =( BOUNDED_CURVE ( )  B_SPLINE_CURVE ( 3, ( #391, #2430, #4485, #1936 ),
 .UNSPECIFIED., .F., .F. ) 
 B_SPLINE_CURVE_WITH_KNOTS ( ( 4, 4 ),
 ( -1.900701818158267997E-13, 0.7703190329013795967 ),
 .UNSPECIFIED. ) 
 CURVE ( )  GEOMETRIC_REPRESENTATION_ITEM ( )  RATIONAL_B_SPLINE_CURVE ( ( 1.000000000000000000, 0.9511590086809740274, 0.9511590086809740274, 1.000000000000000000 ) ) 
 REPRESENTATION_ITEM ( '' )  );
#1282 = EDGE_LOOP ( 'NONE', ( #3978, #5616, #5437, #4719 ) ) ;
#1283 = AXIS2_PLACEMENT_3D ( 'NONE', #791, #1943, #2835 ) ;
#1284 = CYLINDRICAL_SURFACE ( 'NONE', #2720, 0.07499999999999998335 ) ;
#1285 = VECTOR ( 'NONE', #1406, 1000.000000000000227 ) ;
#1286 = PRODUCT_DEFINITION_SHAPE ( 'NONE', 'NONE',  #6635 ) ;
#1287 =( GEOMETRIC_REPRESENTATION_CONTEXT ( 3 ) GLOBAL_UNCERTAINTY_ASSIGNED_CONTEXT ( ( #3697 ) ) GLOBAL_UNIT_ASSIGNED_CONTEXT ( ( #4757, #3304, #1738 ) ) REPRESENTATION_CONTEXT ( 'NONE', 'WORKASPACE' ) );
#1288 = EDGE_CURVE ( 'NONE', #4686, #1582, #6100, .T. ) ;
#1289 = CARTESIAN_POINT ( 'NONE',  ( 0.5043372870040910838, -2.842170943040399481E-14, 0.07197638667496689124 ) ) ;
#1290 = LINE ( 'NONE', #6448, #1986 ) ;
#1291 = ORIENTED_EDGE ( 'NONE', *, *, #3214, .F. ) ;
#1292 = EDGE_CURVE ( 'NONE', #743, #6494, #2994, .T. ) ;
#1293 = DIRECTION ( 'NONE',  ( -1.000000000000000000, 0.000000000000000000, 0.000000000000000000 ) ) ;
#1294 = DIRECTION ( 'NONE',  ( 1.000000000000000000, -5.224578939412010120E-14, 0.000000000000000000 ) ) ;
#1296 = UNCERTAINTY_MEASURE_WITH_UNIT (LENGTH_MEASURE( 1.000000000000000082E-05 ), #2660, 'distance_accuracy_value', 'NONE');
#1295 =( LENGTH_UNIT ( ) NAMED_UNIT ( * ) SI_UNIT ( .MILLI., .METRE. ) );
#1297 = CYLINDRICAL_SURFACE ( 'NONE', #2330, 0.1200000000000001343 ) ;
#1298 = DIRECTION ( 'NONE',  ( 0.000000000000000000, 1.000000000000000000, 0.000000000000000000 ) ) ;
#1299 = VERTEX_POINT ( 'NONE', #2404 ) ;
#1300 = ORIENTED_EDGE ( 'NONE', *, *, #1075, .T. ) ;
#1301 =( NAMED_UNIT ( * ) SI_UNIT ( $, .STERADIAN. ) SOLID_ANGLE_UNIT ( ) );
#1302 = LINE ( 'NONE', #1404, #4746 ) ;
#1303 = EDGE_CURVE ( 'NONE', #2891, #726, #2909, .T. ) ;
#1304 = DIRECTION ( 'NONE',  ( 6.315935428978830158E-14, 1.000000000000000000, 0.000000000000000000 ) ) ;
#1305 = SPHERICAL_SURFACE ( 'NONE', #2995, 0.07499999999999820699 ) ;
#1306 = ORIENTED_EDGE ( 'NONE', *, *, #5322, .F. ) ;
#1307 = DIRECTION ( 'NONE',  ( -1.000000000000000000, -4.263625043298273300E-13, 0.000000000000000000 ) ) ;
#1308 = ORIENTED_EDGE ( 'NONE', *, *, #2470, .T. ) ;
#1309 = CIRCLE ( 'NONE', #658, 0.1000000000000796224 ) ;
#1310 = DIRECTION ( 'NONE',  ( 0.1710878697461795661, 0.1710878697461105657, 0.9702875252477752843 ) ) ;
#1311 = CARTESIAN_POINT ( 'NONE',  ( 1.150000000000090061, 1.244056088124259940, 0.8108377813200300377 ) ) ;
#1312 = VERTEX_POINT ( 'NONE', #4456 ) ;
#1313 = DIRECTION ( 'NONE',  ( 0.6427876096867566336, 0.000000000000000000, -0.7660444431187957148 ) ) ;
#1314 = VERTEX_POINT ( 'NONE', #4349 ) ;
#1315 = ORIENTED_EDGE ( 'NONE', *, *, #4943, .F. ) ;
#1316 = ORIENTED_EDGE ( 'NONE', *, *, #4363, .F. ) ;
#1317 = EDGE_CURVE ( 'NONE', #1747, #4841, #5243, .T. ) ;
#1318 = ORIENTED_EDGE ( 'NONE', *, *, #4326, .T. ) ;
#1319 = CARTESIAN_POINT ( 'NONE',  ( 0.02499999999992040187, 0.2849999999999965339, 0.000000000000000000 ) ) ;
#1320 = DIRECTION ( 'NONE',  ( -9.620053370298410127E-14, 1.000000000000000000, 0.000000000000000000 ) ) ;
#1321 = CARTESIAN_POINT ( 'NONE',  ( 3.675000000000409717, 0.2849999999999965339, 0.000000000000000000 ) ) ;
#1322 = AXIS2_PLACEMENT_3D ( 'NONE', #2295, #4347, #3404 ) ;
#1323 = EDGE_LOOP ( 'NONE', ( #3442, #666, #1688, #634, #5718 ) ) ;
#1324 = LINE ( 'NONE', #4413, #2544 ) ;
#1325 = LINE ( 'NONE', #5451, #650 ) ;
#1326 = CARTESIAN_POINT ( 'NONE',  ( 3.121802131519984869, 0.8899999999999859135, 0.08500000000000000611 ) ) ;
#1327 = CARTESIAN_POINT ( 'NONE',  ( 3.700000000000275069, 0.6149999999999670175, 0.000000000000000000 ) ) ;
#1328 = EDGE_CURVE ( 'NONE', #5439, #2451, #3469, .T. ) ;
#1329 = DIRECTION ( 'NONE',  ( 0.000000000000000000, 0.9848077530122060219, -0.1736481776669415722 ) ) ;
#1330 = ORIENTED_EDGE ( 'NONE', *, *, #3279, .F. ) ;
#1331 = EDGE_LOOP ( 'NONE', ( #5729, #4625, #5591, #1505 ) ) ;
#1332 = CARTESIAN_POINT ( 'NONE',  ( 0.5200000000002089617, 1.873588321655424993, 0.06000000000000140638 ) ) ;
#1333 = CYLINDRICAL_SURFACE ( 'NONE', #4602, 0.05000000000001845329 ) ;
#1334 = EDGE_CURVE ( 'NONE', #4487, #4386, #1805, .T. ) ;
#1335 = ORIENTED_EDGE ( 'NONE', *, *, #6076, .F. ) ;
#1336 = CARTESIAN_POINT ( 'NONE',  ( 0.5781978684800039847, -0.3218021315200160215, 0.08500000000000000611 ) ) ;
#1337 = ADVANCED_FACE ( 'NONE', ( #1559 ), #3503, .T. ) ;
#1338 = FILL_AREA_STYLE ('',( #5645 ) ) ;
#1339 = CARTESIAN_POINT ( 'NONE',  ( 0.02499999999992040187, 0.2849999999999965339, 0.2200000000000000011 ) ) ;
#1340 = ORIENTED_EDGE ( 'NONE', *, *, #2152, .T. ) ;
#1341 = CARTESIAN_POINT ( 'NONE',  ( 0.6800000000000639977, 0.8899999999999649303, 0.1100000000000000006 ) ) ;
#1342 = CARTESIAN_POINT ( 'NONE',  ( 0.4500000000000460298, -0.4500000000000000111, 0.2100000000000000200 ) ) ;
#1343 = AXIS2_PLACEMENT_3D ( 'NONE', #5898, #262, #1307 ) ;
#1344 = ORIENTED_EDGE ( 'NONE', *, *, #215, .T. ) ;
#1345 = AXIS2_PLACEMENT_3D ( 'NONE', #913, #1959, #5880 ) ;
#1346 = DIRECTION ( 'NONE',  ( 0.000000000000000000, 0.000000000000000000, 1.000000000000000000 ) ) ;
#1347 = VECTOR ( 'NONE', #2880, 1000.000000000000000 ) ;
#1348 = ORIENTED_EDGE ( 'NONE', *, *, #3060, .T. ) ;
#1349 = ORIENTED_EDGE ( 'NONE', *, *, #2350, .T. ) ;
#1350 = VECTOR ( 'NONE', #6127, 1000.000000000000000 ) ;
#1351 = AXIS2_PLACEMENT_3D ( 'NONE', #1810, #167, #795 ) ;
#1352 = EDGE_LOOP ( 'NONE', ( #5973, #5934, #5724, #4954, #6467, #5129, #6599, #3445, #6436, #1518, #4627, #3165, #4492, #245, #4868, #5131, #1259, #1555 ) ) ;
#1353 = DIRECTION ( 'NONE',  ( 0.000000000000000000, 1.000000000000000000, 0.000000000000000000 ) ) ;
#1354 = CIRCLE ( 'NONE', #65, 0.07499999999999991396 ) ;
#1355 = CARTESIAN_POINT ( 'NONE',  ( 3.237944536565291465, 1.293255487536456139, 0.2099999999999999922 ) ) ;
#1356 = DIRECTION ( 'NONE',  ( 1.000000000000000000, -2.842170943049450051E-13, 0.000000000000000000 ) ) ;
#1357 = EDGE_CURVE ( 'NONE', #2348, #4702, #109, .T. ) ;
#1358 = VERTEX_POINT ( 'NONE', #3037 ) ;
#1359 = CARTESIAN_POINT ( 'NONE',  ( 2.900000000000090061, 0.8899999999999789191, 0.01000000000000000021 ) ) ;
#1360 = DIRECTION ( 'NONE',  ( 0.000000000000000000, -1.000000000000000000, 0.000000000000000000 ) ) ;
#1361 = DIRECTION ( 'NONE',  ( 0.000000000000000000, 0.000000000000000000, 1.000000000000000000 ) ) ;
#1362 = CIRCLE ( 'NONE', #1782, 0.1200000000000066291 ) ;
#1363 = DIRECTION ( 'NONE',  ( 0.6427876096867566336, 0.000000000000000000, -0.7660444431187957148 ) ) ;
#1364 = LINE ( 'NONE', #6490, #930 ) ;
#1365 = VERTEX_POINT ( 'NONE', #5688 ) ;
#1366 = CARTESIAN_POINT ( 'NONE',  ( 3.170011202246451276, 0.01000000000001221960, 0.02754666676605644141 ) ) ;
#1367 = CARTESIAN_POINT ( 'NONE',  ( 3.132565666220469947, -0.3945503921479411868, 0.07027461727619381537 ) ) ;
#1368 = CARTESIAN_POINT ( 'NONE',  ( 0.5781978684800610502, 0.8849999999999840217, 0.08500000000000000611 ) ) ;
#1369 = CARTESIAN_POINT ( 'NONE',  ( 3.131823069638529855, -0.4500000000000000111, 0.2100000000000000200 ) ) ;
#1370 = ADVANCED_FACE ( 'NONE', ( #1064 ), #5615, .T. ) ;
#1371 = ORIENTED_EDGE ( 'NONE', *, *, #6315, .F. ) ;
#1372 = VECTOR ( 'NONE', #973, 1000.000000000000000 ) ;
#1373 = CARTESIAN_POINT ( 'NONE',  ( 0.5781978684800610502, 0.8999999999999559464, 0.08500000000000000611 ) ) ;
#1374 = ADVANCED_FACE ( 'NONE', ( #6119 ), #1463, .T. ) ;
#1375 = DIRECTION ( 'NONE',  ( 0.000000000000000000, 0.000000000000000000, -1.000000000000000000 ) ) ;
#1376 = ORIENTED_EDGE ( 'NONE', *, *, #4566, .T. ) ;
#1377 = AXIS2_PLACEMENT_3D ( 'NONE', #2496, #25, #4545 ) ;
#1378 = CIRCLE ( 'NONE', #3082, 0.07500000000005528633 ) ;
#1379 = PLANE ( 'NONE',  #5553 ) ;
#1380 = LINE ( 'NONE', #4965, #810 ) ;
#1381 = ORIENTED_EDGE ( 'NONE', *, *, #2848, .F. ) ;
#1382 = EDGE_CURVE ( 'NONE', #3784, #5757, #4071, .T. ) ;
#1383 = AXIS2_PLACEMENT_3D ( 'NONE', #2945, #6030, #407 ) ;
#1384 = CARTESIAN_POINT ( 'NONE',  ( 2.900000000000090061, 0.01000000000001932156, 0.01000000000000000021 ) ) ;
#1385 = VECTOR ( 'NONE', #3758, 1000.000000000000000 ) ;
#1386 = VERTEX_POINT ( 'NONE', #2004 ) ;
#1387 = AXIS2_PLACEMENT_3D ( 'NONE', #4118, #2540, #4594 ) ;
#1388 = EDGE_CURVE ( 'NONE', #3646, #4148, #5651, .T. ) ;
#1389 = ORIENTED_EDGE ( 'NONE', *, *, #6502, .F. ) ;
#1390 = LINE ( 'NONE', #2893, #6254 ) ;
#1391 = LINE ( 'NONE', #884, #5001 ) ;
#1392 = LINE ( 'NONE', #5913, #5946 ) ;
#1393 = VECTOR ( 'NONE', #5895, 1000.000000000000000 ) ;
#1394 = ORIENTED_EDGE ( 'NONE', *, *, #3915, .T. ) ;
#1395 = DIRECTION ( 'NONE',  ( 1.000000000000000000, 0.000000000000000000, 0.000000000000000000 ) ) ;
#1396 = DIRECTION ( 'NONE',  ( -1.000000000000000000, 0.000000000000000000, 0.000000000000000000 ) ) ;
#1397 = CARTESIAN_POINT ( 'NONE',  ( 0.5781978684800610502, 0.8849999999999840217, 0.01000000000000000021 ) ) ;
#1398 = DIRECTION ( 'NONE',  ( -0.6860968888037120017, -0.6860968888031844237, -0.2419547857523340895 ) ) ;
#1399 = CARTESIAN_POINT ( 'NONE',  ( 3.195662712995900101, 0.01499999999999346127, 0.07197638667497660570 ) ) ;
#1400 = ORIENTED_EDGE ( 'NONE', *, *, #6103, .F. ) ;
#1401 = AXIS2_PLACEMENT_3D ( 'NONE', #5163, #567, #2116 ) ;
#1402 = PRODUCT_DEFINITION_FORMATION_WITH_SPECIFIED_SOURCE ( 'ANY', '', #4449, .NOT_KNOWN. ) ;
#1403 =( NAMED_UNIT ( * ) SI_UNIT ( $, .STERADIAN. ) SOLID_ANGLE_UNIT ( ) );
#1404 = CARTESIAN_POINT ( 'NONE',  ( 0.02499999999992040187, 0.2849999999999965339, 0.000000000000000000 ) ) ;
#1405 = CARTESIAN_POINT ( 'NONE',  ( 3.195662712996179877, 0.009999999999969588771, 0.07197638667496689124 ) ) ;
#1406 = DIRECTION ( 'NONE',  ( 0.1736481776670135424, -1.542305640241145121E-15, 0.9848077530121932543 ) ) ;
#1407 = ORIENTED_EDGE ( 'NONE', *, *, #4732, .T. ) ;
#1408 = EDGE_CURVE ( 'NONE', #4328, #5995, #4143, .T. ) ;
#1409 = DIRECTION ( 'NONE',  ( 0.000000000000000000, 0.000000000000000000, 1.000000000000000000 ) ) ;
#1410 = CARTESIAN_POINT ( 'NONE',  ( 2.250000000000114575, -0.1750000000000044853, 0.01000000000000020144 ) ) ;
#1411 = VERTEX_POINT ( 'NONE', #5081 ) ;
#1412 = DIRECTION ( 'NONE',  ( 6.269494727294420222E-14, 1.000000000000000000, 0.000000000000000000 ) ) ;
#1413 = CARTESIAN_POINT ( 'NONE',  ( 3.180000000000000160, 1.598741745110169754, 0.06000000000000290518 ) ) ;
#1414 = VERTEX_POINT ( 'NONE', #3636 ) ;
#1415 = EDGE_CURVE ( 'NONE', #210, #3748, #3849, .T. ) ;
#1416 = EDGE_CURVE ( 'NONE', #6317, #3420, #6561, .T. ) ;
#1417 = CARTESIAN_POINT ( 'NONE',  ( 0.02499999999992040187, 0.6249999999999790168, 0.2100000000000000200 ) ) ;
#1418 = ORIENTED_EDGE ( 'NONE', *, *, #1709, .F. ) ;
#1419 = EDGE_CURVE ( 'NONE', #726, #1430, #1029, .T. ) ;
#1420 = DIRECTION ( 'NONE',  ( 0.000000000000000000, 0.000000000000000000, -1.000000000000000000 ) ) ;
#1421 = DIRECTION ( 'NONE',  ( 0.000000000000000000, 0.000000000000000000, 1.000000000000000000 ) ) ;
#1422 = CARTESIAN_POINT ( 'NONE',  ( 3.675000000000124611, 0.6249999999999720224, 0.2100000000000000200 ) ) ;
#1423 = EDGE_CURVE ( 'NONE', #4590, #3183, #2469, .T. ) ;
#1424 = ORIENTED_EDGE ( 'NONE', *, *, #442, .F. ) ;
#1425 = CARTESIAN_POINT ( 'NONE',  ( 3.121802131519984869, -0.3956627129959284783, 0.07197638667497879839 ) ) ;
#1426 = LINE ( 'NONE', #3494, #846 ) ;
#1427 = CARTESIAN_POINT ( 'NONE',  ( 3.108938280303334967, -0.3089382803033660085, 0.3189483083823185239 ) ) ;
#1428 = DIRECTION ( 'NONE',  ( 0.000000000000000000, 0.000000000000000000, 1.000000000000000000 ) ) ;
#1429 = DIRECTION ( 'NONE',  ( 0.000000000000000000, -1.000000000000000000, 0.000000000000000000 ) ) ;
#1430 = VERTEX_POINT ( 'NONE', #5585 ) ;
#1431 = DIRECTION ( 'NONE',  ( 1.000000000000000000, -2.844946500603256609E-13, 0.000000000000000000 ) ) ;
#1432 = CARTESIAN_POINT ( 'NONE',  ( 3.560000000000399734, 0.5000000000000210942, 0.000000000000000000 ) ) ;
#1433 = CARTESIAN_POINT ( 'NONE',  ( 0.6741208422372440001, -0.2258791577628045111, 0.7900000000000000355 ) ) ;
#1434 = DIRECTION ( 'NONE',  ( 0.000000000000000000, -1.000000000000000000, 0.000000000000000000 ) ) ;
#1435 = ORIENTED_EDGE ( 'NONE', *, *, #553, .T. ) ;
#1436 = DIRECTION ( 'NONE',  ( -4.547473508864640180E-14, -1.000000000000000000, 0.000000000000000000 ) ) ;
#1437 = EDGE_LOOP ( 'NONE', ( #1700, #127, #5711, #4994 ) ) ;
#1438 = EDGE_CURVE ( 'NONE', #6348, #1443, #555, .T. ) ;
#1439 = DIRECTION ( 'NONE',  ( 5.681219383820326374E-13, -1.000000000000000000, 0.000000000000000000 ) ) ;
#1440 = ORIENTED_EDGE ( 'NONE', *, *, #3667, .T. ) ;
#1441 = DIRECTION ( 'NONE',  ( -1.000000000000000000, 8.352523684060719980E-14, 4.736951571733999556E-13 ) ) ;
#1442 = CARTESIAN_POINT ( 'NONE',  ( 3.675000000000124611, 0.4000000000000409894, 0.01000000000000000021 ) ) ;
#1443 = VERTEX_POINT ( 'NONE', #4549 ) ;
#1444 = DIRECTION ( 'NONE',  ( 0.000000000000000000, 1.000000000000000000, 0.000000000000000000 ) ) ;
#1445 = VERTEX_POINT ( 'NONE', #3069 ) ;
#1446 = EDGE_CURVE ( 'NONE', #24, #875, #5116, .T. ) ;
#1447 = CIRCLE ( 'NONE', #5725, 0.1249999999999431843 ) ;
#1448 = DIRECTION ( 'NONE',  ( 0.000000000000000000, -1.000000000000000000, 0.000000000000000000 ) ) ;
#1449 = DIRECTION ( 'NONE',  ( -0.8073211720376258782, 0.000000000000000000, -0.5901122987870990322 ) ) ;
#1450 = DIRECTION ( 'NONE',  ( 1.044065460507510165E-14, 1.000000000000000000, 5.921189464667499445E-14 ) ) ;
#1451 = ADVANCED_FACE ( 'NONE', ( #4010, #2533 ), #4618, .F. ) ;
#1452 = AXIS2_PLACEMENT_3D ( 'NONE', #4626, #6226, #1640 ) ;
#1453 = ORIENTED_EDGE ( 'NONE', *, *, #3481, .F. ) ;
#1454 = EDGE_CURVE ( 'NONE', #5434, #959, #5052, .T. ) ;
#1455 = VECTOR ( 'NONE', #4527, 1000.000000000000000 ) ;
#1456 = DIRECTION ( 'NONE',  ( -0.1710878697459605469, 0.1710878697459900233, -0.9702875252478352364 ) ) ;
#1457 = DIRECTION ( 'NONE',  ( 1.000000000000000000, 0.000000000000000000, 0.000000000000000000 ) ) ;
#1458 = ORIENTED_EDGE ( 'NONE', *, *, #1419, .T. ) ;
#1459 = DIRECTION ( 'NONE',  ( 0.000000000000000000, 0.000000000000000000, 1.000000000000000000 ) ) ;
#1460 = VECTOR ( 'NONE', #2895, 1000.000000000000000 ) ;
#1461 = CARTESIAN_POINT ( 'NONE',  ( 0.5900000000000320544, -2.842170943040399481E-14, 0.000000000000000000 ) ) ;
#1462 = LINE ( 'NONE', #2468, #4065 ) ;
#1463 = PLANE ( 'NONE',  #4709 ) ;
#1464 = VECTOR ( 'NONE', #3873, 1000.000000000000000 ) ;
#1465 = ORIENTED_EDGE ( 'NONE', *, *, #1583, .T. ) ;
#1466 = LINE ( 'NONE', #2913, #164 ) ;
#1467 = VERTEX_POINT ( 'NONE', #458 ) ;
#1468 = ORIENTED_EDGE ( 'NONE', *, *, #5269, .F. ) ;
#1469 = CARTESIAN_POINT ( 'NONE',  ( 3.700000000000275069, 0.2750000000000409894, 0.01000000000000000021 ) ) ;
#1470 = ORIENTED_EDGE ( 'NONE', *, *, #3002, .T. ) ;
#1471 = CYLINDRICAL_SURFACE ( 'NONE', #4597, 0.1249999999999858030 ) ;
#1472 = CARTESIAN_POINT ( 'NONE',  ( 3.109999999999999876, 0.01000000000000512111, 2.081668171172170239E-16 ) ) ;
#1473 = ORIENTED_EDGE ( 'NONE', *, *, #568, .F. ) ;
#1474 = ADVANCED_FACE ( 'NONE', ( #2499 ), #2134, .T. ) ;
#1475 = VECTOR ( 'NONE', #304, 1000.000000000000000 ) ;
#1476 = CARTESIAN_POINT ( 'NONE',  ( 3.220000000000255103, 0.8899999999999789191, 0.2100000000000000200 ) ) ;
#1477 = CIRCLE ( 'NONE', #3936, 0.05000000000001845329 ) ;
#1478 = ORIENTED_EDGE ( 'NONE', *, *, #3621, .T. ) ;
#1479 = CARTESIAN_POINT ( 'NONE',  ( 3.108210784419242589, -0.3082107844192151780, 0.8190345742902832571 ) ) ;
#1480 = CIRCLE ( 'NONE', #2022, 0.1250000000000001110 ) ;
#1481 = ADVANCED_FACE ( 'NONE', ( #5179 ), #681, .T. ) ;
#1482 = VECTOR ( 'NONE', #6075, 1000.000000000000000 ) ;
#1483 = CYLINDRICAL_SURFACE ( 'NONE', #2191, 0.07499999999999998335 ) ;
#1484 = CARTESIAN_POINT ( 'NONE',  ( 3.110000000000355147, 0.8999999999999559464, 0.000000000000000000 ) ) ;
#1485 = FACE_BOUND ( 'NONE', #6301, .T. ) ;
#1486 = ORIENTED_EDGE ( 'NONE', *, *, #2015, .F. ) ;
#1487 = VECTOR ( 'NONE', #4964, 1000.000000000000000 ) ;
#1488 = AXIS2_PLACEMENT_3D ( 'NONE', #3432, #1396, #3871 ) ;
#1489 = EDGE_CURVE ( 'NONE', #1210, #4078, #1221, .T. ) ;
#1490 = AXIS2_PLACEMENT_3D ( 'NONE', #6190, #4623, #35 ) ;
#1491 = CARTESIAN_POINT ( 'NONE',  ( 3.250000000000000000, -0.4500000000000000111, 0.2100000000000000200 ) ) ;
#1492 = DIRECTION ( 'NONE',  ( 0.1736481776670135424, -1.088686334287624500E-14, -0.9848077530121932543 ) ) ;
#1493 = EDGE_CURVE ( 'NONE', #5373, #6404, #382, .T. ) ;
#1494 = EDGE_LOOP ( 'NONE', ( #2775, #3237, #1129, #3302 ) ) ;
#1495 = CARTESIAN_POINT ( 'NONE',  ( 0.5900000000000320544, -2.842170943040399481E-14, 0.01000000000000000021 ) ) ;
#1496 = CARTESIAN_POINT ( 'NONE',  ( 2.550000000000000266, -0.2258791577628115055, 0.7900000000000000355 ) ) ;
#1497 = LINE ( 'NONE', #4547, #2030 ) ;
#1498 = DIRECTION ( 'NONE',  ( 0.000000000000000000, 1.000000000000000000, 0.000000000000000000 ) ) ;
#1499 = ORIENTED_EDGE ( 'NONE', *, *, #2435, .T. ) ;
#1500 = VECTOR ( 'NONE', #3843, 1000.000000000000000 ) ;
#1501 = CARTESIAN_POINT ( 'NONE',  ( 0.5899999999999749889, 0.01000000000000512111, 2.081668171172170239E-16 ) ) ;
#1502 = AXIS2_PLACEMENT_3D ( 'NONE', #3743, #4254, #3233 ) ;
#1503 =( GEOMETRIC_REPRESENTATION_CONTEXT ( 3 ) GLOBAL_UNCERTAINTY_ASSIGNED_CONTEXT ( ( #3036 ) ) GLOBAL_UNIT_ASSIGNED_CONTEXT ( ( #6392, #730, #3339 ) ) REPRESENTATION_CONTEXT ( 'NONE', 'WORKASPACE' ) );
#1504 = ORIENTED_EDGE ( 'NONE', *, *, #404, .T. ) ;
#1505 = ORIENTED_EDGE ( 'NONE', *, *, #5542, .T. ) ;
#1506 = ADVANCED_FACE ( 'NONE', ( #5849 ), #1630, .T. ) ;
#1507 = LINE ( 'NONE', #4555, #1684 ) ;
#1508 = ORIENTED_EDGE ( 'NONE', *, *, #2501, .F. ) ;
#1509 = CARTESIAN_POINT ( 'NONE',  ( 2.200000000000104983, -0.1749999999999830025, 0.06000000000000140638 ) ) ;
#1510 = ORIENTED_EDGE ( 'NONE', *, *, #5608, .T. ) ;
#1511 = DIRECTION ( 'NONE',  ( 0.000000000000000000, 0.000000000000000000, 1.000000000000000000 ) ) ;
#1512 = ORIENTED_EDGE ( 'NONE', *, *, #5069, .T. ) ;
#1513 = LINE ( 'NONE', #5732, #4826 ) ;
#1514 = VECTOR ( 'NONE', #6483, 1000.000000000000000 ) ;
#1515 = CARTESIAN_POINT ( 'NONE',  ( 0.6741208422372440001, -7.105427357600998703E-15, 0.9100000000000000311 ) ) ;
#1516 = CARTESIAN_POINT ( 'NONE',  ( 3.110000000000129994, -2.842170943040399481E-14, 0.01000000000000000021 ) ) ;
#1517 = DIRECTION ( 'NONE',  ( 0.000000000000000000, 0.000000000000000000, 1.000000000000000000 ) ) ;
#1518 = ORIENTED_EDGE ( 'NONE', *, *, #920, .T. ) ;
#1519 = AXIS2_PLACEMENT_3D ( 'NONE', #1496, #3535, #3034 ) ;
#1520 = FACE_OUTER_BOUND ( 'NONE', #1930, .T. ) ;
#1521 = FACE_OUTER_BOUND ( 'NONE', #4882, .T. ) ;
#1522 = DIRECTION ( 'NONE',  ( 1.000000000000000000, 7.696042696244660336E-13, 0.000000000000000000 ) ) ;
#1523 = VERTEX_POINT ( 'NONE', #1756 ) ;
#1524 = DIRECTION ( 'NONE',  ( 0.000000000000000000, -1.000000000000000000, 0.000000000000000000 ) ) ;
#1525 = DIRECTION ( 'NONE',  ( 0.000000000000000000, 0.000000000000000000, 1.000000000000000000 ) ) ;
#1526 = CARTESIAN_POINT ( 'NONE',  ( 3.675000000000409717, 0.6149999999999450351, 0.000000000000000000 ) ) ;
#1527 = DIRECTION ( 'NONE',  ( 1.000000000000000000, 0.000000000000000000, 0.000000000000000000 ) ) ;
#1528 = VERTEX_POINT ( 'NONE', #6314 ) ;
#1529 = EDGE_CURVE ( 'NONE', #5007, #6348, #3666, .T. ) ;
#1530 = DIRECTION ( 'NONE',  ( 0.6427876096862179534, 0.000000000000000000, -0.7660444431192475756 ) ) ;
#1531 = ORIENTED_EDGE ( 'NONE', *, *, #3541, .F. ) ;
#1532 = ORIENTED_EDGE ( 'NONE', *, *, #6437, .T. ) ;
#1533 =( LENGTH_UNIT ( ) NAMED_UNIT ( * ) SI_UNIT ( .MILLI., .METRE. ) );
#1534 = EDGE_CURVE ( 'NONE', #4175, #4702, #4780, .T. ) ;
#1535 = CIRCLE ( 'NONE', #1322, 0.07499999999999998335 ) ;
#1536 = DIRECTION ( 'NONE',  ( 0.8073211720378734579, 1.807003620809243411E-16, -0.5901122987867601921 ) ) ;
#1537 = DIRECTION ( 'NONE',  ( 0.000000000000000000, 0.000000000000000000, 1.000000000000000000 ) ) ;
#1538 = ORIENTED_EDGE ( 'NONE', *, *, #1408, .F. ) ;
#1539 = ADVANCED_FACE ( 'NONE', ( #5716 ), #155, .F. ) ;
#1540 = DIRECTION ( 'NONE',  ( 1.000000000000000000, -2.842170943049450051E-13, 0.000000000000000000 ) ) ;
#1541 = ORIENTED_EDGE ( 'NONE', *, *, #2037, .F. ) ;
#1542 = CARTESIAN_POINT ( 'NONE',  ( 0.000000000000000000, 0.6249999999999790168, 0.05500000000000000028 ) ) ;
#1543 = CARTESIAN_POINT ( 'NONE',  ( 0.1499999999999204192, 0.5000000000000639488, 0.01000000000000000021 ) ) ;
#1544 = MANIFOLD_SOLID_BREP ( 'SOD123HP-2_3D_PD_20240429.dwg<1>[5]', #670 ) ;
#1545 = DIRECTION ( 'NONE',  ( -0.9848077530122139045, -0.000000000000000000, -0.1736481776668974963 ) ) ;
#1546 = CARTESIAN_POINT ( 'NONE',  ( 1.277445140552516012, 0.4499999999998750000, 0.2100000000000000200 ) ) ;
#1547 = ORIENTED_EDGE ( 'NONE', *, *, #3085, .F. ) ;
#1548 = AXIS2_PLACEMENT_3D ( 'NONE', #347, #4438, #6476 ) ;
#1549 = DIRECTION ( 'NONE',  ( -0.6860968888031516721, 0.6860968888036806934, -0.2419547857525153056 ) ) ;
#1550 = EDGE_CURVE ( 'NONE', #2935, #6337, #123, .T. ) ;
#1551 = PLANE ( 'NONE',  #285 ) ;
#1552 = CARTESIAN_POINT ( 'NONE',  ( 3.675000000000409717, 0.4000000000000000222, 0.2100000000000000200 ) ) ;
#1553 = AXIS2_PLACEMENT_3D ( 'NONE', #1118, #5207, #609 ) ;
#1554 = CIRCLE ( 'NONE', #3256, 0.1199999999999919464 ) ;
#1555 = ORIENTED_EDGE ( 'NONE', *, *, #5339, .F. ) ;
#1556 = DIRECTION ( 'NONE',  ( -0.8073211720377136968, 0.000000000000000000, -0.5901122987869785730 ) ) ;
#1557 = DIRECTION ( 'NONE',  ( 1.000000000000000000, 0.000000000000000000, 0.000000000000000000 ) ) ;
#1558 = LINE ( 'NONE', #2622, #103 ) ;
#1559 = FACE_OUTER_BOUND ( 'NONE', #2805, .T. ) ;
#1560 = AXIS2_PLACEMENT_3D ( 'NONE', #1982, #4564, #877 ) ;
#1561 = VERTEX_POINT ( 'NONE', #1694 ) ;
#1562 = EDGE_CURVE ( 'NONE', #594, #6055, #5555, .T. ) ;
#1563 = CARTESIAN_POINT ( 'NONE',  ( 3.675000000000409717, 0.4000000000000000222, 0.000000000000000000 ) ) ;
#1564 = ORIENTED_EDGE ( 'NONE', *, *, #4515, .T. ) ;
#1565 = VECTOR ( 'NONE', #337, 1000.000000000000000 ) ;
#1566 = ORIENTED_EDGE ( 'NONE', *, *, #5608, .F. ) ;
#1567 = ADVANCED_FACE ( 'NONE', ( #3794 ), #5276, .T. ) ;
#1568 = VECTOR ( 'NONE', #5610, 1000.000000000000000 ) ;
#1569 = DIRECTION ( 'NONE',  ( 0.000000000000000000, -1.000000000000000000, 0.000000000000000000 ) ) ;
#1570 = DIRECTION ( 'NONE',  ( 6.315935428978830158E-14, 1.000000000000000000, 0.000000000000000000 ) ) ;
#1571 = EDGE_LOOP ( 'NONE', ( #311, #2809, #6187, #6300 ) ) ;
#1572 = AXIS2_PLACEMENT_3D ( 'NONE', #2990, #1449, #3488 ) ;
#1573 = ADVANCED_FACE ( 'NONE', ( #4917 ), #325, .T. ) ;
#1574 = CARTESIAN_POINT ( 'NONE',  ( 3.025879157762799920, -0.2258791577628115055, 0.7899999999999890443 ) ) ;
#1575 = EDGE_CURVE ( 'NONE', #6234, #424, #2425, .T. ) ;
#1576 = ORIENTED_EDGE ( 'NONE', *, *, #2922, .T. ) ;
#1577 = CYLINDRICAL_SURFACE ( 'NONE', #623, 0.07499999999999998335 ) ;
#1578 = DIRECTION ( 'NONE',  ( 1.000000000000000000, 4.250072516142207524E-13, 0.000000000000000000 ) ) ;
#1579 = COLOUR_RGB ( '',0.5372549019607842924, 0.3490196078431372362, 0.3372549019607843368 ) ;
#1580 = DIRECTION ( 'NONE',  ( 1.000000000000000000, 4.973777466273291383E-13, 0.000000000000000000 ) ) ;
#1581 = CARTESIAN_POINT ( 'NONE',  ( 0.5299887977535542305, 0.8899999999999579359, 0.02754666676609038994 ) ) ;
#1582 = VERTEX_POINT ( 'NONE', #4845 ) ;
#1583 = EDGE_CURVE ( 'NONE', #6529, #5657, #3193, .T. ) ;
#1584 = VECTOR ( 'NONE', #2063, 1000.000000000000000 ) ;
#1585 = VECTOR ( 'NONE', #1836, 1000.000000000000227 ) ;
#1586 = AXIS2_PLACEMENT_3D ( 'NONE', #4541, #5074, #3027 ) ;
#1587 = FACE_OUTER_BOUND ( 'NONE', #2770, .T. ) ;
#1588 = CARTESIAN_POINT ( 'NONE',  ( 0.1499999999999204192, 0.5000000000000279776, 0.1100000000000000006 ) ) ;
#1590 = DIRECTION ( 'NONE',  ( 0.000000000000000000, 0.000000000000000000, 1.000000000000000000 ) ) ;
#1589 = CIRCLE ( 'NONE', #5448, 0.07499999999999998335 ) ;
#1591 = CONTEXT_DEPENDENT_SHAPE_REPRESENTATION ( #3337, #1286 ) ;
#1592 = ORIENTED_EDGE ( 'NONE', *, *, #4234, .F. ) ;
#1593 = AXIS2_PLACEMENT_3D ( 'NONE', #490, #6086, #3130 ) ;
#1594 = CARTESIAN_POINT ( 'NONE',  ( 0.4800000000000180234, 0.8849999999999840217, 0.2100000000000000200 ) ) ;
#1595 = CARTESIAN_POINT ( 'NONE',  ( 0.5781978684800410662, -0.3700112022465006367, 0.02754666676607203310 ) ) ;
#1596 = CARTESIAN_POINT ( 'NONE',  ( 0.02499999999992040187, 0.4000000000000000222, 0.2100000000000000200 ) ) ;
#1597 = CARTESIAN_POINT ( 'NONE',  ( 3.195662712996179877, 0.8849999999999840217, 0.07197638667496689124 ) ) ;
#1598 = ORIENTED_EDGE ( 'NONE', *, *, #6154, .T. ) ;
#1599 = VECTOR ( 'NONE', #1704, 1000.000000000000000 ) ;
#1600 = CARTESIAN_POINT ( 'NONE',  ( 0.02499999999992040187, 0.3999999999999915290, 0.2100000000000000200 ) ) ;
#1601 = EDGE_LOOP ( 'NONE', ( #2278, #3933, #4522, #742 ) ) ;
#1602 = ORIENTED_EDGE ( 'NONE', *, *, #6118, .F. ) ;
#1603 = FILL_AREA_STYLE ('',( #6125 ) ) ;
#1604 = EDGE_CURVE ( 'NONE', #4301, #4664, #4062, .T. ) ;
#1605 = CARTESIAN_POINT ( 'NONE',  ( 3.700000000000045475, 0.8899999999999859135, 0.01000000000000000021 ) ) ;
#1606 = CARTESIAN_POINT ( 'NONE',  ( 0.6800000000000000488, -0.09000000000003180456, 2.081668171172170239E-16 ) ) ;
#1607 = VERTEX_POINT ( 'NONE', #3937 ) ;
#1608 = CIRCLE ( 'NONE', #5569, 0.1000000000000654254 ) ;
#1609 = MECHANICAL_DESIGN_GEOMETRIC_PRESENTATION_REPRESENTATION (  '', ( #4180 ), #5784 ) ;
#1610 = CYLINDRICAL_SURFACE ( 'NONE', #1772, 0.1200000000000000649 ) ;
#1611 = EDGE_LOOP ( 'NONE', ( #5606, #5466, #5674, #847, #550, #1838, #5219, #5201, #3246, #1170 ) ) ;
#1612 = VECTOR ( 'NONE', #6360, 1000.000000000000000 ) ;
#1613 = FACE_OUTER_BOUND ( 'NONE', #5626, .T. ) ;
#1614 = EDGE_CURVE ( 'NONE', #163, #5369, #386, .T. ) ;
#1615 = CARTESIAN_POINT ( 'NONE',  ( 0.1499999999999204192, 0.4000000000000270006, 0.2100000000000000200 ) ) ;
#1616 = EDGE_CURVE ( 'NONE', #4386, #3106, #3832, .T. ) ;
#1617 = DIRECTION ( 'NONE',  ( 1.000000000000000000, 0.000000000000000000, 0.000000000000000000 ) ) ;
#1618 = CYLINDRICAL_SURFACE ( 'NONE', #1054, 0.07499999999999998335 ) ;
#1619 = ORIENTED_EDGE ( 'NONE', *, *, #1489, .T. ) ;
#1620 = EDGE_CURVE ( 'NONE', #4404, #1151, #3358, .T. ) ;
#1621 = ADVANCED_FACE ( 'NONE', ( #5377 ), #253, .T. ) ;
#1622 = DIRECTION ( 'NONE',  ( 0.000000000000000000, 1.000000000000000000, 0.000000000000000000 ) ) ;
#1623 = CARTESIAN_POINT ( 'NONE',  ( 3.675000000000409717, 0.4000000000000000222, 0.1100000000000000006 ) ) ;
#1624 = APPLICATION_PROTOCOL_DEFINITION ( 'draft international standard', 'automotive_design', 1998, #5525 ) ;
#1625 = ORIENTED_EDGE ( 'NONE', *, *, #5904, .T. ) ;
#1626 = AXIS2_PLACEMENT_3D ( 'NONE', #1692, #4744, #4814 ) ;
#1627 = CARTESIAN_POINT ( 'NONE',  ( 0.6741208422372440001, 1.125879157762796012, 0.7900000000000000355 ) ) ;
#1628 = DIRECTION ( 'NONE',  ( 1.000000000000000000, 0.000000000000000000, 0.000000000000000000 ) ) ;
#1629 = LINE ( 'NONE', #2097, #2661 ) ;
#1630 = SPHERICAL_SURFACE ( 'NONE', #5337, 0.1200000000000066014 ) ;
#1631 = CARTESIAN_POINT ( 'NONE',  ( 0.5154653202897319098, -0.4124653353533347389, 0.2099999999999999922 ) ) ;
#1632 = VERTEX_POINT ( 'NONE', #5950 ) ;
#1633 = ORIENTED_EDGE ( 'NONE', *, *, #1790, .F. ) ;
#1634 = ORIENTED_EDGE ( 'NONE', *, *, #3745, .F. ) ;
#1635 = CARTESIAN_POINT ( 'NONE',  ( 0.5917999550936200448, 1.282060626382282020, -0.005164879845719699825 ) ) ;
#1636 = DIRECTION ( 'NONE',  ( -1.000000000000000000, 0.000000000000000000, 0.000000000000000000 ) ) ;
#1637 = VERTEX_POINT ( 'NONE', #6453 ) ;
#1638 = DIRECTION ( 'NONE',  ( 0.9848077530121933654, 0.000000000000000000, -0.1736481776670135979 ) ) ;
#1639 = ADVANCED_FACE ( 'NONE', ( #1862 ), #2290, .F. ) ;
#1640 = DIRECTION ( 'NONE',  ( 0.9848077530121912559, 0.000000000000000000, -0.1736481776670249499 ) ) ;
#1641 = ORIENTED_EDGE ( 'NONE', *, *, #2795, .F. ) ;
#1642 = DIRECTION ( 'NONE',  ( -0.6427876096867575217, 0.000000000000000000, -0.7660444431187950487 ) ) ;
#1643 = DIRECTION ( 'NONE',  ( 0.000000000000000000, -1.000000000000000000, 0.000000000000000000 ) ) ;
#1644 = CARTESIAN_POINT ( 'NONE',  ( 3.025879157762799920, 1.125879157762802008, 0.7900000000000000355 ) ) ;
#1645 = ORIENTED_EDGE ( 'NONE', *, *, #6437, .F. ) ;
#1646 = EDGE_CURVE ( 'NONE', #196, #1680, #4339, .T. ) ;
#1647 = DIRECTION ( 'NONE',  ( 0.1710878697461170606, 0.1710878697460480602, 0.9702875252477973778 ) ) ;
#1648 = EDGE_CURVE ( 'NONE', #5859, #1299, #3901, .T. ) ;
#1649 = CARTESIAN_POINT ( 'NONE',  ( 0.6741208422372440001, 1.125879157762796012, 0.7900000000000000355 ) ) ;
#1650 = LINE ( 'NONE', #4775, #6586 ) ;
#1651 = ORIENTED_EDGE ( 'NONE', *, *, #547, .T. ) ;
#1652 = CARTESIAN_POINT ( 'NONE',  ( 0.7800000000000859579, 1.124999999999949818, 0.06000000000000140638 ) ) ;
#1653 = VECTOR ( 'NONE', #3023, 1000.000000000000000 ) ;
#1654 = LINE ( 'NONE', #154, #3020 ) ;
#1655 = EDGE_CURVE ( 'NONE', #1731, #5619, #6484, .T. ) ;
#1656 = CARTESIAN_POINT ( 'NONE',  ( 3.110000000000129994, 0.2249999999999445222, 0.01000000000000000021 ) ) ;
#1657 =( NAMED_UNIT ( * ) PLANE_ANGLE_UNIT ( ) SI_UNIT ( $, .RADIAN. ) );
#1658 = AXIS2_PLACEMENT_3D ( 'NONE', #3690, #712, #6341 ) ;
#1659 = CIRCLE ( 'NONE', #2724, 0.07499999999999998335 ) ;
#1660 = CARTESIAN_POINT ( 'NONE',  ( 0.5781978684800610502, 0.8849999999999840217, 0.08500000000000000611 ) ) ;
#1661 = EDGE_LOOP ( 'NONE', ( #3571, #1801, #1592, #736 ) ) ;
#1662 = VERTEX_POINT ( 'NONE', #6523 ) ;
#1663 = AXIS2_PLACEMENT_3D ( 'NONE', #3645, #4119, #2076 ) ;
#1664 = CARTESIAN_POINT ( 'NONE',  ( 0.4500000000000460298, -0.3318230696385385259, 0.2100000000000000200 ) ) ;
#1665 = VECTOR ( 'NONE', #5497, 1000.000000000000000 ) ;
#1666 = MANIFOLD_SOLID_BREP ( 'SOD123HP_3D_PD_20231113.dwg<1>[9]', #3890 ) ;
#1667 = ORIENTED_EDGE ( 'NONE', *, *, #4750, .F. ) ;
#1668 = CYLINDRICAL_SURFACE ( 'NONE', #631, 0.05000000000001850881 ) ;
#1669 = CARTESIAN_POINT ( 'NONE',  ( 3.220000000000024620, -0.3661849300785658401, 0.2100000000000000200 ) ) ;
#1670 = VERTEX_POINT ( 'NONE', #918 ) ;
#1671 = AXIS2_PLACEMENT_3D ( 'NONE', #517, #2526, #6110 ) ;
#1672 = CYLINDRICAL_SURFACE ( 'NONE', #3792, 0.07500000000000012212 ) ;
#1673 = SURFACE_STYLE_FILL_AREA ( #1202 ) ;
#1674 = ORIENTED_EDGE ( 'NONE', *, *, #793, .F. ) ;
#1675 = CARTESIAN_POINT ( 'NONE',  ( 3.025879157762799920, -0.3440560881242689661, 0.8108377813200280393 ) ) ;
#1676 = VECTOR ( 'NONE', #2858, 1000.000000000000000 ) ;
#1677 = DIRECTION ( 'NONE',  ( -1.000000000000000000, 8.352523684060719980E-14, 4.736951571733999556E-13 ) ) ;
#1678 = ADVANCED_FACE ( 'NONE', ( #5009 ), #1932, .T. ) ;
#1679 = FACE_OUTER_BOUND ( 'NONE', #838, .T. ) ;
#1680 = VERTEX_POINT ( 'NONE', #6552 ) ;
#1681 = VERTEX_POINT ( 'NONE', #4002 ) ;
#1682 = ORIENTED_EDGE ( 'NONE', *, *, #4750, .T. ) ;
#1683 = EDGE_CURVE ( 'NONE', #944, #4257, #1426, .T. ) ;
#1684 = VECTOR ( 'NONE', #2505, 1000.000000000000000 ) ;
#1685 = PLANE ( 'NONE',  #4806 ) ;
#1686 = FACE_OUTER_BOUND ( 'NONE', #2577, .T. ) ;
#1687 = CARTESIAN_POINT ( 'NONE',  ( 3.212479681077694771, 1.194302750716260020, 0.4227883025701909547 ) ) ;
#1688 = ORIENTED_EDGE ( 'NONE', *, *, #3572, .T. ) ;
#1689 = VECTOR ( 'NONE', #1793, 1000.000000000000000 ) ;
#1690 = VECTOR ( 'NONE', #3589, 1000.000000000000000 ) ;
#1691 = DIRECTION ( 'NONE',  ( 0.1710878697460135323, -0.1710878697460325448, -0.9702875252478182500 ) ) ;
#1692 = CARTESIAN_POINT ( 'NONE',  ( 3.700000000000275069, -7.105427357600998703E-15, 0.000000000000000000 ) ) ;
#1693 = ADVANCED_FACE ( 'NONE', ( #6171 ), #987, .T. ) ;
#1694 = CARTESIAN_POINT ( 'NONE',  ( 0.000000000000000000, 0.000000000000000000, 0.2200000000000000011 ) ) ;
#1695 = AXIS2_PLACEMENT_3D ( 'NONE', #1175, #2306, #4359 ) ;
#1696 = EDGE_CURVE ( 'NONE', #1411, #1059, #6622, .T. ) ;
#1697 = DIRECTION ( 'NONE',  ( -1.000000000000000000, -5.224578939412010120E-14, 0.000000000000000000 ) ) ;
#1698 = VECTOR ( 'NONE', #5543, 1000.000000000000000 ) ;
#1699 = ORIENTED_EDGE ( 'NONE', *, *, #4636, .T. ) ;
#1700 = ORIENTED_EDGE ( 'NONE', *, *, #4816, .F. ) ;
#1701 = CARTESIAN_POINT ( 'NONE',  ( 2.200000000000104983, -0.2250000000000000056, 0.01000000000000020144 ) ) ;
#1702 = VECTOR ( 'NONE', #5089, 1000.000000000000000 ) ;
#1703 = ORIENTED_EDGE ( 'NONE', *, *, #879, .T. ) ;
#1704 = DIRECTION ( 'NONE',  ( 1.000000000000000000, 0.000000000000000000, 0.000000000000000000 ) ) ;
#1705 = FACE_OUTER_BOUND ( 'NONE', #3662, .T. ) ;
#1706 = EDGE_LOOP ( 'NONE', ( #531, #2871, #381, #629, #3539 ) ) ;
#1707 = DIRECTION ( 'NONE',  ( 0.000000000000000000, 0.000000000000000000, -1.000000000000000000 ) ) ;
#1708 = CIRCLE ( 'NONE', #319, 0.1200000000000061851 ) ;
#1709 = EDGE_CURVE ( 'NONE', #1246, #2073, #4635, .T. ) ;
#1710 = DIRECTION ( 'NONE',  ( 0.000000000000000000, 0.000000000000000000, 1.000000000000000000 ) ) ;
#1711 = ORIENTED_EDGE ( 'NONE', *, *, #4836, .T. ) ;
#1712 = LINE ( 'NONE', #3238, #3518 ) ;
#1713 = CARTESIAN_POINT ( 'NONE',  ( 0.6741208422371869347, -0.2258791577628045111, 0.7900000000000000355 ) ) ;
#1714 = EDGE_LOOP ( 'NONE', ( #1908, #4114, #3894, #6384, #1641, #2892, #6186 ) ) ;
#1715 = FACE_BOUND ( 'NONE', #2727, .T. ) ;
#1716 = ORIENTED_EDGE ( 'NONE', *, *, #2922, .F. ) ;
#1717 = VERTEX_POINT ( 'NONE', #2087 ) ;
#1718 = EDGE_LOOP ( 'NONE', ( #6232, #1977, #2294, #4425 ) ) ;
#1719 = VERTEX_POINT ( 'NONE', #4133 ) ;
#1720 = CARTESIAN_POINT ( 'NONE',  ( 0.5781978684800039847, 1.221802131519994061, 0.08499999999999791056 ) ) ;
#1721 = CARTESIAN_POINT ( 'NONE',  ( 3.249999999999944933, 1.231823069638543933, 0.2100000000000000200 ) ) ;
#1722 = PLANE ( 'NONE',  #3685 ) ;
#1723 = ORIENTED_EDGE ( 'NONE', *, *, #866, .F. ) ;
#1724 = LINE ( 'NONE', #189, #1806 ) ;
#1725 = DIRECTION ( 'NONE',  ( 0.000000000000000000, 0.000000000000000000, 1.000000000000000000 ) ) ;
#1726 = DIRECTION ( 'NONE',  ( 0.000000000000000000, 0.6427876096865217104, -0.7660444431189928904 ) ) ;
#1727 = DIRECTION ( 'NONE',  ( 0.000000000000000000, 0.000000000000000000, 1.000000000000000000 ) ) ;
#1728 = ORIENTED_EDGE ( 'NONE', *, *, #1620, .F. ) ;
#1729 = ORIENTED_EDGE ( 'NONE', *, *, #1012, .T. ) ;
#1730 = CARTESIAN_POINT ( 'NONE',  ( 0.6800000000000639977, 0.8899999999999579359, 0.1100000000000000006 ) ) ;
#1731 = VERTEX_POINT ( 'NONE', #4074 ) ;
#1732 = SPHERICAL_SURFACE ( 'NONE', #3521, 0.1200000000000066014 ) ;
#1733 = ADVANCED_FACE ( 'NONE', ( #1587 ), #19, .T. ) ;
#1734 = DIRECTION ( 'NONE',  ( 0.000000000000000000, 0.000000000000000000, -1.000000000000000000 ) ) ;
#1735 = ORIENTED_EDGE ( 'NONE', *, *, #2567, .F. ) ;
#1736 = DIRECTION ( 'NONE',  ( 0.6860968888032730195, 0.6860968888036018676, 0.2419547857523947076 ) ) ;
#1737 = EDGE_CURVE ( 'NONE', #2451, #5369, #1087, .T. ) ;
#1738 =( NAMED_UNIT ( * ) SI_UNIT ( $, .STERADIAN. ) SOLID_ANGLE_UNIT ( ) );
#1739 = ORIENTED_EDGE ( 'NONE', *, *, #5173, .F. ) ;
#1740 = FACE_OUTER_BOUND ( 'NONE', #2916, .T. ) ;
#1741 = CARTESIAN_POINT ( 'NONE',  ( 0.6741208422371869347, -0.3440560881242689661, 0.8108377813200300377 ) ) ;
#1742 = ORIENTED_EDGE ( 'NONE', *, *, #2078, .F. ) ;
#1743 = ADVANCED_FACE ( 'NONE', ( #3121 ), #4036, .T. ) ;
#1744 = DIRECTION ( 'NONE',  ( -3.679090530789004612E-14, 1.000000000000000000, -3.087123507454659549E-14 ) ) ;
#1745 = ORIENTED_EDGE ( 'NONE', *, *, #6611, .F. ) ;
#1746 = ORIENTED_EDGE ( 'NONE', *, *, #3541, .T. ) ;
#1747 = VERTEX_POINT ( 'NONE', #3093 ) ;
#1748 = ORIENTED_EDGE ( 'NONE', *, *, #545, .F. ) ;
#1749 = CARTESIAN_POINT ( 'NONE',  ( 0.4500000000000787259, 1.263895888125678324, 0.2100000000000000200 ) ) ;
#1750 = LINE ( 'NONE', #4910, #3487 ) ;
#1751 = DIRECTION ( 'NONE',  ( 0.000000000000000000, 1.000000000000000000, 0.000000000000000000 ) ) ;
#1752 = ORIENTED_EDGE ( 'NONE', *, *, #3776, .T. ) ;
#1753 = CARTESIAN_POINT ( 'NONE',  ( 0.7800000000000859579, -0.2249999999999590106, 0.01000000000000000021 ) ) ;
#1754 = FACE_OUTER_BOUND ( 'NONE', #4454, .T. ) ;
#1756 = CARTESIAN_POINT ( 'NONE',  ( 3.180000000000000160, 0.8900000000000148903, 0.2100000000000000200 ) ) ;
#1755 = PRODUCT_DEFINITION_CONTEXT ( 'detailed design', #597, 'design' ) ;
#1757 = EDGE_CURVE ( 'NONE', #198, #4120, #2525, .T. ) ;
#1758 = CARTESIAN_POINT ( 'NONE',  ( 0.000000000000000000, 0.2750000000000055178, 0.2100000000000000200 ) ) ;
#1759 = ORIENTED_EDGE ( 'NONE', *, *, #2368, .T. ) ;
#1760 = ORIENTED_EDGE ( 'NONE', *, *, #3160, .F. ) ;
#1761 = CARTESIAN_POINT ( 'NONE',  ( 2.200000000000160050, 1.074999999999973976, 2.081668171172170239E-16 ) ) ;
#1762 = ORIENTED_EDGE ( 'NONE', *, *, #4433, .F. ) ;
#1763 = DIRECTION ( 'NONE',  ( 0.000000000000000000, 0.000000000000000000, -1.000000000000000000 ) ) ;
#1764 = CARTESIAN_POINT ( 'NONE',  ( 0.000000000000000000, 0.6149999999999670175, 0.2200000000000000011 ) ) ;
#1765 = ORIENTED_EDGE ( 'NONE', *, *, #5803, .F. ) ;
#1766 = EDGE_CURVE ( 'NONE', #3183, #3553, #3560, .T. ) ;
#1767 = CIRCLE ( 'NONE', #3924, 0.07499999999999709677 ) ;
#1768 = AXIS2_PLACEMENT_3D ( 'NONE', #2175, #1988, #4220 ) ;
#1769 = DIRECTION ( 'NONE',  ( -0.1736481776670135424, -1.088686334287624500E-14, -0.9848077530121932543 ) ) ;
#1770 =( NAMED_UNIT ( * ) SI_UNIT ( $, .STERADIAN. ) SOLID_ANGLE_UNIT ( ) );
#1771 = EDGE_CURVE ( 'NONE', #1299, #5422, #2031, .T. ) ;
#1772 = AXIS2_PLACEMENT_3D ( 'NONE', #6130, #5130, #537 ) ;
#1773 = EDGE_LOOP ( 'NONE', ( #4855, #1229, #3465, #3754 ) ) ;
#1774 = CARTESIAN_POINT ( 'NONE',  ( 0.7800000000000859579, 1.124999999999949818, 2.081668171172170239E-16 ) ) ;
#1775 = DIRECTION ( 'NONE',  ( -0.1710878697460479492, -0.1710878697459789488, 0.9702875252478216916 ) ) ;
#1776 = ORIENTED_EDGE ( 'NONE', *, *, #5872, .T. ) ;
#1777 = ADVANCED_FACE ( 'NONE', ( #1520, #1962 ), #6137, .T. ) ;
#1778 = AXIS2_PLACEMENT_3D ( 'NONE', #3154, #5709, #4705 ) ;
#1779 = ADVANCED_FACE ( 'NONE', ( #3061 ), #5576, .T. ) ;
#1780 = DIRECTION ( 'NONE',  ( 0.000000000000000000, -1.000000000000000000, 0.000000000000000000 ) ) ;
#1781 = EDGE_LOOP ( 'NONE', ( #905, #2688, #6048, #1711, #3131, #1924 ) ) ;
#1782 = AXIS2_PLACEMENT_3D ( 'NONE', #1649, #4236, #78 ) ;
#1783 = ORIENTED_EDGE ( 'NONE', *, *, #553, .F. ) ;
#1784 = VECTOR ( 'NONE', #4517, 1000.000000000000000 ) ;
#1785 = VERTEX_POINT ( 'NONE', #6042 ) ;
#1786 = AXIS2_PLACEMENT_3D ( 'NONE', #4226, #4661, #604 ) ;
#1787 = CARTESIAN_POINT ( 'NONE',  ( 2.200000000000104983, -0.2250000000000000056, 0.01000000000000000021 ) ) ;
#1788 = DIRECTION ( 'NONE',  ( -2.842170943049450051E-13, 1.000000000000000000, 0.000000000000000000 ) ) ;
#1789 = PLANE ( 'NONE',  #5409 ) ;
#1790 = EDGE_CURVE ( 'NONE', #5894, #24, #5641, .T. ) ;
#1791 = ORIENTED_EDGE ( 'NONE', *, *, #3642, .F. ) ;
#1792 =( BOUNDED_CURVE ( )  B_SPLINE_CURVE ( 3, ( #3108, #561, #4650, #5694 ),
 .UNSPECIFIED., .F., .F. ) 
 B_SPLINE_CURVE_WITH_KNOTS ( ( 4, 4 ),
 ( -1.421085471520200372E-14, 0.7703190329004977466 ),
 .UNSPECIFIED. ) 
 CURVE ( )  GEOMETRIC_REPRESENTATION_ITEM ( )  RATIONAL_B_SPLINE_CURVE ( ( 1.000000000000000000, 0.9511590086811065881, 0.9511590086811065881, 1.000000000000000000 ) ) 
 REPRESENTATION_ITEM ( '' )  );
#1793 = DIRECTION ( 'NONE',  ( -1.000000000000000000, -3.612929164882019808E-14, 0.000000000000000000 ) ) ;
#1794 = PLANE ( 'NONE',  #5259 ) ;
#1795 = SURFACE_STYLE_FILL_AREA ( #2396 ) ;
#1796 = DIRECTION ( 'NONE',  ( 0.000000000000000000, 0.000000000000000000, 1.000000000000000000 ) ) ;
#1797 = AXIS2_PLACEMENT_3D ( 'NONE', #1713, #4861, #3750 ) ;
#1798 = LINE ( 'NONE', #3327, #4667 ) ;
#1799 = CIRCLE ( 'NONE', #5541, 0.1000000000000512146 ) ;
#1800 = ORIENTED_EDGE ( 'NONE', *, *, #2632, .F. ) ;
#1801 = ORIENTED_EDGE ( 'NONE', *, *, #1249, .F. ) ;
#1802 = CARTESIAN_POINT ( 'NONE',  ( 3.550000000000125056, 0.4000000000000409894, 0.01000000000000000021 ) ) ;
#1803 = ORIENTED_EDGE ( 'NONE', *, *, #2071, .F. ) ;
#1804 = CARTESIAN_POINT ( 'NONE',  ( 0.5781978684800039847, 1.295662712995905963, 0.07197638667497979759 ) ) ;
#1805 = LINE ( 'NONE', #5896, #1500 ) ;
#1806 = VECTOR ( 'NONE', #3288, 1000.000000000000000 ) ;
#1807 = ORIENTED_EDGE ( 'NONE', *, *, #675, .F. ) ;
#1808 = AXIS2_PLACEMENT_3D ( 'NONE', #888, #2326, #5985 ) ;
#1809 = FACE_OUTER_BOUND ( 'NONE', #5470, .T. ) ;
#1810 = CARTESIAN_POINT ( 'NONE',  ( 0.1499999999999204192, 0.5000000000000359712, 0.1100000000000000006 ) ) ;
#1811 = AXIS2_PLACEMENT_3D ( 'NONE', #1950, #3989, #1979 ) ;
#1812 = EDGE_CURVE ( 'NONE', #4590, #5055, #1055, .T. ) ;
#1813 = ORIENTED_EDGE ( 'NONE', *, *, #1648, .T. ) ;
#1814 = CARTESIAN_POINT ( 'NONE',  ( 0.7800000000000859579, 0.7242121964622539876, 0.06000000000000140638 ) ) ;
#1815 = LINE ( 'NONE', #5801, #6073 ) ;
#1816 = ORIENTED_EDGE ( 'NONE', *, *, #3774, .F. ) ;
#1817 = AXIS2_PLACEMENT_3D ( 'NONE', #161, #3708, #5792 ) ;
#1818 = DIRECTION ( 'NONE',  ( 0.000000000000000000, -1.000000000000000000, 0.000000000000000000 ) ) ;
#1819 = ORIENTED_EDGE ( 'NONE', *, *, #2510, .F. ) ;
#1820 = VERTEX_POINT ( 'NONE', #3529 ) ;
#1821 = EDGE_CURVE ( 'NONE', #2239, #2199, #5108, .T. ) ;
#1822 = ORIENTED_EDGE ( 'NONE', *, *, #2803, .T. ) ;
#1823 = ADVANCED_FACE ( 'NONE', ( #480 ), #2558, .T. ) ;
#1824 = ORIENTED_EDGE ( 'NONE', *, *, #1115, .T. ) ;
#1825 = AXIS2_PLACEMENT_3D ( 'NONE', #4521, #1970, #2039 ) ;
#1826 = DIRECTION ( 'NONE',  ( 1.000000000000000000, -2.844946500603256609E-13, 0.000000000000000000 ) ) ;
#1827 = AXIS2_PLACEMENT_3D ( 'NONE', #5723, #1734, #762 ) ;
#1828 = AXIS2_PLACEMENT_3D ( 'NONE', #4776, #3661, #2687 ) ;
#1829 = DIRECTION ( 'NONE',  ( -1.000000000000000000, 6.269494727294420222E-14, 0.000000000000000000 ) ) ;
#1830 = LINE ( 'NONE', #4511, #2515 ) ;
#1831 = ADVANCED_FACE ( 'NONE', ( #3219 ), #1214, .T. ) ;
#1832 = ORIENTED_EDGE ( 'NONE', *, *, #1280, .T. ) ;
#1833 = DIRECTION ( 'NONE',  ( 0.000000000000000000, 1.000000000000000000, 0.000000000000000000 ) ) ;
#1834 = LINE ( 'NONE', #2901, #2683 ) ;
#1835 = EDGE_CURVE ( 'NONE', #740, #5894, #3116, .T. ) ;
#1836 = DIRECTION ( 'NONE',  ( -0.1710878697461774012, 0.1710878697461058751, 0.9702875252477765056 ) ) ;
#1837 = DIRECTION ( 'NONE',  ( 0.000000000000000000, -1.000000000000000000, 0.000000000000000000 ) ) ;
#1838 = ORIENTED_EDGE ( 'NONE', *, *, #451, .T. ) ;
#1839 = ORIENTED_EDGE ( 'NONE', *, *, #1084, .T. ) ;
#1840 = CARTESIAN_POINT ( 'NONE',  ( 0.02499999999997724875, 0.5000000000000210942, 0.1100000000000000006 ) ) ;
#1841 = DIRECTION ( 'NONE',  ( 0.000000000000000000, -1.000000000000000000, 0.000000000000000000 ) ) ;
#1842 = CYLINDRICAL_SURFACE ( 'NONE', #6303, 0.07499999999999998335 ) ;
#1843 = DIRECTION ( 'NONE',  ( 1.000000000000000000, -3.383536836954105029E-14, 0.000000000000000000 ) ) ;
#1844 = ORIENTED_EDGE ( 'NONE', *, *, #1005, .F. ) ;
#1845 = CIRCLE ( 'NONE', #3547, 0.07500000000000427158 ) ;
#1846 = LINE ( 'NONE', #2240, #2838 ) ;
#1847 = CARTESIAN_POINT ( 'NONE',  ( 3.700000000000275069, 0.6749999999999900524, 0.01000000000000000021 ) ) ;
#1848 = EDGE_LOOP ( 'NONE', ( #848, #358, #5107, #139 ) ) ;
#1849 = AXIS2_PLACEMENT_3D ( 'NONE', #6177, #2132, #3254 ) ;
#1850 = FACE_OUTER_BOUND ( 'NONE', #5862, .T. ) ;
#1851 = LINE ( 'NONE', #1311, #4369 ) ;
#1852 = ORIENTED_EDGE ( 'NONE', *, *, #2808, .T. ) ;
#1853 = EDGE_CURVE ( 'NONE', #2847, #3183, #4270, .T. ) ;
#1854 = DIRECTION ( 'NONE',  ( -1.000000000000000000, 0.000000000000000000, 0.000000000000000000 ) ) ;
#1855 = ORIENTED_EDGE ( 'NONE', *, *, #4972, .T. ) ;
#1856 = ORIENTED_EDGE ( 'NONE', *, *, #2402, .F. ) ;
#1857 = ORIENTED_EDGE ( 'NONE', *, *, #224, .T. ) ;
#1858 = CARTESIAN_POINT ( 'NONE',  ( 3.250000000000229594, -0.4500000000000000111, 0.2100000000000000200 ) ) ;
#1859 = LINE ( 'NONE', #3896, #1247 ) ;
#1860 = DIRECTION ( 'NONE',  ( 0.000000000000000000, 0.000000000000000000, 1.000000000000000000 ) ) ;
#1861 = VERTEX_POINT ( 'NONE', #4303 ) ;
#1862 = FACE_OUTER_BOUND ( 'NONE', #2415, .T. ) ;
#1863 = EDGE_CURVE ( 'NONE', #2105, #3278, #2340, .T. ) ;
#1864 = FACE_OUTER_BOUND ( 'NONE', #3672, .T. ) ;
#1865 = CARTESIAN_POINT ( 'NONE',  ( 3.020000000000210072, 0.8899999999999999023, 0.01000000000000000021 ) ) ;
#1866 = VERTEX_POINT ( 'NONE', #3788 ) ;
#1867 = ORIENTED_EDGE ( 'NONE', *, *, #3152, .F. ) ;
#1868 = ADVANCED_FACE ( 'NONE', ( #5270 ), #76, .T. ) ;
#1869 =( NAMED_UNIT ( * ) PLANE_ANGLE_UNIT ( ) SI_UNIT ( $, .RADIAN. ) );
#1870 = ORIENTED_EDGE ( 'NONE', *, *, #945, .F. ) ;
#1871 = CARTESIAN_POINT ( 'NONE',  ( 3.121802131520325041, 0.8999999999999559464, 0.08500000000000000611 ) ) ;
#1872 = DIRECTION ( 'NONE',  ( 0.000000000000000000, -1.000000000000000000, 0.000000000000000000 ) ) ;
#1873 = VERTEX_POINT ( 'NONE', #1248 ) ;
#1874 = CARTESIAN_POINT ( 'NONE',  ( 0.7359158380230039764, 0.009999999999962478139, 0.06000000000000140638 ) ) ;
#1875 = DIRECTION ( 'NONE',  ( 1.000000000000000000, 0.000000000000000000, 0.000000000000000000 ) ) ;
#1876 = EDGE_CURVE ( 'NONE', #1414, #3073, #4233, .T. ) ;
#1877 = CARTESIAN_POINT ( 'NONE',  ( 0.5781978684800039847, 1.221802131519994061, 0.08499999999999791056 ) ) ;
#1878 = ORIENTED_EDGE ( 'NONE', *, *, #876, .T. ) ;
#1879 = LINE ( 'NONE', #5468, #6189 ) ;
#1880 = PLANE ( 'NONE',  #6262 ) ;
#1881 = AXIS2_PLACEMENT_3D ( 'NONE', #3808, #5796, #691 ) ;
#1882 = ORIENTED_EDGE ( 'NONE', *, *, #5386, .F. ) ;
#1883 = VECTOR ( 'NONE', #4274, 1000.000000000000000 ) ;
#1884 = CARTESIAN_POINT ( 'NONE',  ( 0.5969863290748783635, 1.125879157762797345, 0.8819253331742934465 ) ) ;
#1885 = VECTOR ( 'NONE', #6501, 1000.000000000000000 ) ;
#1886 = ORIENTED_EDGE ( 'NONE', *, *, #1177, .T. ) ;
#1887 = AXIS2_PLACEMENT_3D ( 'NONE', #2946, #3380, #2846 ) ;
#1888 = VECTOR ( 'NONE', #1617, 1000.000000000000000 ) ;
#1889 = ORIENTED_EDGE ( 'NONE', *, *, #2103, .F. ) ;
#1890 = FACE_OUTER_BOUND ( 'NONE', #2822, .T. ) ;
#1891 = DIRECTION ( 'NONE',  ( 0.000000000000000000, -1.000000000000000000, 0.000000000000000000 ) ) ;
#1892 = DIRECTION ( 'NONE',  ( -0.1710878697461170606, -0.1710878697460480602, 0.9702875252477973778 ) ) ;
#1893 = AXIS2_PLACEMENT_3D ( 'NONE', #2166, #3736, #156 ) ;
#1894 = ORIENTED_EDGE ( 'NONE', *, *, #355, .T. ) ;
#1895 = EDGE_CURVE ( 'NONE', #6405, #743, #1918, .T. ) ;
#1896 = DIRECTION ( 'NONE',  ( 0.000000000000000000, -1.000000000000000000, 0.000000000000000000 ) ) ;
#1897 = CARTESIAN_POINT ( 'NONE',  ( 0.7800000000000859579, 1.124999999999949818, 0.01000000000000000021 ) ) ;
#1898 = CARTESIAN_POINT ( 'NONE',  ( 3.675000000000179678, 0.2750000000000409894, 0.01000000000000000021 ) ) ;
#1899 = VECTOR ( 'NONE', #6231, 1000.000000000000000 ) ;
#1900 = DIRECTION ( 'NONE',  ( 0.000000000000000000, 0.000000000000000000, 1.000000000000000000 ) ) ;
#1901 = CARTESIAN_POINT ( 'NONE',  ( 3.560000000000399734, 0.5000000000000210942, 0.2200000000000000011 ) ) ;
#1902 = ORIENTED_EDGE ( 'NONE', *, *, #4452, .F. ) ;
#1903 = FACE_OUTER_BOUND ( 'NONE', #6324, .T. ) ;
#1904 = EDGE_CURVE ( 'NONE', #1193, #5667, #2217, .T. ) ;
#1905 = EDGE_LOOP ( 'NONE', ( #4437, #1894, #10, #3510 ) ) ;
#1906 = FACE_OUTER_BOUND ( 'NONE', #5521, .T. ) ;
#1907 = CARTESIAN_POINT ( 'NONE',  ( 0.5900000000000320544, -2.842170943040399481E-14, 0.000000000000000000 ) ) ;
#1908 = ORIENTED_EDGE ( 'NONE', *, *, #5923, .T. ) ;
#1909 = ADVANCED_FACE ( 'NONE', ( #3658 ), #1685, .T. ) ;
#1910 = STYLED_ITEM ( 'NONE', ( #2432 ), #3860 ) ;
#1911 = LINE ( 'NONE', #335, #1987 ) ;
#1912 = CARTESIAN_POINT ( 'NONE',  ( 3.121802131520325041, 0.8899999999999649303, 0.08500000000000000611 ) ) ;
#1913 = VERTEX_POINT ( 'NONE', #744 ) ;
#1914 = VECTOR ( 'NONE', #5505, 1000.000000000000000 ) ;
#1915 = AXIS2_PLACEMENT_3D ( 'NONE', #543, #6135, #42 ) ;
#1916 = CARTESIAN_POINT ( 'NONE',  ( 0.7800000000000859579, -0.09000000000000341061, 0.06000000000000140638 ) ) ;
#1917 = CARTESIAN_POINT ( 'NONE',  ( 3.700000000000275069, 0.6249999999999790168, 0.2100000000000000200 ) ) ;
#1918 = CIRCLE ( 'NONE', #6081, 0.07500000000005528633 ) ;
#1919 = ORIENTED_EDGE ( 'NONE', *, *, #5587, .T. ) ;
#1920 = EDGE_CURVE ( 'NONE', #1411, #6609, #5707, .T. ) ;
#1921 = AXIS2_PLACEMENT_3D ( 'NONE', #6060, #1441, #840 ) ;
#1922 = DIRECTION ( 'NONE',  ( 0.000000000000000000, 1.000000000000000000, 0.000000000000000000 ) ) ;
#1923 = VECTOR ( 'NONE', #278, 1000.000000000000000 ) ;
#1924 = ORIENTED_EDGE ( 'NONE', *, *, #4903, .T. ) ;
#1925 = AXIS2_PLACEMENT_3D ( 'NONE', #4986, #397, #2434 ) ;
#1926 = ORIENTED_EDGE ( 'NONE', *, *, #5202, .F. ) ;
#1927 = PLANE ( 'NONE',  #3150 ) ;
#1928 = DIRECTION ( 'NONE',  ( -0.1736481776670135424, -1.542305640241035272E-15, -0.9848077530121932543 ) ) ;
#1929 = DIRECTION ( 'NONE',  ( 0.000000000000000000, -1.000000000000000000, 0.000000000000000000 ) ) ;
#1930 = EDGE_LOOP ( 'NONE', ( #3886, #768, #6192, #3607 ) ) ;
#1931 = DIRECTION ( 'NONE',  ( 0.000000000000000000, 1.000000000000000000, 0.000000000000000000 ) ) ;
#1932 = PLANE ( 'NONE',  #5982 ) ;
#1933 = LINE ( 'NONE', #389, #4799 ) ;
#1934 = EDGE_CURVE ( 'NONE', #106, #56, #2650, .T. ) ;
#1935 = CARTESIAN_POINT ( 'NONE',  ( 0.6800000000000000488, 0.9900000000000450662, 0.01000000000000000021 ) ) ;
#1936 = CARTESIAN_POINT ( 'NONE',  ( 0.4800000000000180234, 1.246139418524065956, 0.2100000000000000200 ) ) ;
#1937 = ORIENTED_EDGE ( 'NONE', *, *, #6065, .F. ) ;
#1938 = VECTOR ( 'NONE', #735, 1000.000000000000000 ) ;
#1939 =( GEOMETRIC_REPRESENTATION_CONTEXT ( 3 ) GLOBAL_UNCERTAINTY_ASSIGNED_CONTEXT ( ( #1094 ) ) GLOBAL_UNIT_ASSIGNED_CONTEXT ( ( #1021, #4992, #403 ) ) REPRESENTATION_CONTEXT ( 'NONE', 'WORKASPACE' ) );
#1940 = CARTESIAN_POINT ( 'NONE',  ( 0.7800000000000859579, -0.2249999999999590106, 0.01000000000000000021 ) ) ;
#1941 = DIRECTION ( 'NONE',  ( 0.000000000000000000, 0.000000000000000000, 1.000000000000000000 ) ) ;
#1942 = CARTESIAN_POINT ( 'NONE',  ( 0.7800000000000859579, -0.2249999999999590106, 0.06000000000000140638 ) ) ;
#1943 = DIRECTION ( 'NONE',  ( -1.000000000000000000, 0.000000000000000000, 0.000000000000000000 ) ) ;
#1944 = ORIENTED_EDGE ( 'NONE', *, *, #3120, .T. ) ;
#1945 = DIRECTION ( 'NONE',  ( 0.000000000000000000, 0.000000000000000000, 1.000000000000000000 ) ) ;
#1946 = ORIENTED_EDGE ( 'NONE', *, *, #3735, .F. ) ;
#1947 = EDGE_CURVE ( 'NONE', #5085, #4748, #2156, .T. ) ;
#1948 = DIRECTION ( 'NONE',  ( 0.000000000000000000, 1.000000000000000000, 0.000000000000000000 ) ) ;
#1949 = VERTEX_POINT ( 'NONE', #4202 ) ;
#1950 = CARTESIAN_POINT ( 'NONE',  ( 3.700000000000275069, 0.8999999999999839240, 0.000000000000000000 ) ) ;
#1951 = CARTESIAN_POINT ( 'NONE',  ( 0.7800000000000859579, 1.124999999999949818, 0.01000000000000000021 ) ) ;
#1952 = VERTEX_POINT ( 'NONE', #5809 ) ;
#1953 = EDGE_CURVE ( 'NONE', #1052, #6224, #642, .T. ) ;
#1954 = CARTESIAN_POINT ( 'NONE',  ( 0.5299887977535185923, 1.221802131519994061, 0.02754666676604803841 ) ) ;
#1955 = ORIENTED_EDGE ( 'NONE', *, *, #1288, .F. ) ;
#1956 = EDGE_CURVE ( 'NONE', #5122, #1952, #4772, .T. ) ;
#1957 = CARTESIAN_POINT ( 'NONE',  ( 3.700000000000275069, 0.2849999999999965339, 0.2200000000000000011 ) ) ;
#1958 = DIRECTION ( 'NONE',  ( 1.000000000000000000, 4.250072516142207524E-13, 0.000000000000000000 ) ) ;
#1959 = DIRECTION ( 'NONE',  ( 0.000000000000000000, 0.000000000000000000, 1.000000000000000000 ) ) ;
#1960 = VERTEX_POINT ( 'NONE', #4807 ) ;
#1961 =( NAMED_UNIT ( * ) SI_UNIT ( $, .STERADIAN. ) SOLID_ANGLE_UNIT ( ) );
#1962 = FACE_BOUND ( 'NONE', #985, .T. ) ;
#1963 = CARTESIAN_POINT ( 'NONE',  ( 3.700000000000275069, 0.2750000000000130118, 0.05500000000000000028 ) ) ;
#1964 = CARTESIAN_POINT ( 'NONE',  ( 3.103013670925200973, -0.2258791577628068703, 0.8819253331743139857 ) ) ;
#1965 = ORIENTED_EDGE ( 'NONE', *, *, #3825, .F. ) ;
#1966 = LINE ( 'NONE', #524, #1584 ) ;
#1967 = DIRECTION ( 'NONE',  ( 0.000000000000000000, 0.000000000000000000, 1.000000000000000000 ) ) ;
#1968 = DIRECTION ( 'NONE',  ( 0.1710878697460434250, -0.1710878697461029330, -0.9702875252478005974 ) ) ;
#1969 = ADVANCED_FACE ( 'NONE', ( #3687 ), #672, .T. ) ;
#1970 = DIRECTION ( 'NONE',  ( -9.620053370298410127E-14, 1.000000000000000000, 0.000000000000000000 ) ) ;
#1971 =( BOUNDED_CURVE ( )  B_SPLINE_CURVE ( 3, ( #6481, #3431, #6416, #887 ),
 .UNSPECIFIED., .F., .F. ) 
 B_SPLINE_CURVE_WITH_KNOTS ( ( 4, 4 ),
 ( -3.552713678800500929E-15, 0.7703190329014841797 ),
 .UNSPECIFIED. ) 
 CURVE ( )  GEOMETRIC_REPRESENTATION_ITEM ( )  RATIONAL_B_SPLINE_CURVE ( ( 1.000000000000000000, 0.9511590086809844635, 0.9511590086809844635, 1.000000000000000000 ) ) 
 REPRESENTATION_ITEM ( '' )  );
#1972 = ORIENTED_EDGE ( 'NONE', *, *, #747, .F. ) ;
#1973 = DIRECTION ( 'NONE',  ( 0.9848077530121985834, 0.000000000000000000, -0.1736481776669844823 ) ) ;
#1974 = ORIENTED_EDGE ( 'NONE', *, *, #1646, .T. ) ;
#1975 = ORIENTED_EDGE ( 'NONE', *, *, #5708, .T. ) ;
#1976 = DIRECTION ( 'NONE',  ( -1.000000000000000000, 2.272487753529615274E-13, 0.000000000000000000 ) ) ;
#1977 = ORIENTED_EDGE ( 'NONE', *, *, #3446, .T. ) ;
#1978 = ADVANCED_FACE ( 'NONE', ( #4372 ), #4407, .F. ) ;
#1979 = DIRECTION ( 'NONE',  ( 0.000000000000000000, -1.000000000000000000, 0.000000000000000000 ) ) ;
#1980 = DIRECTION ( 'NONE',  ( 1.000000000000000000, 0.000000000000000000, 0.000000000000000000 ) ) ;
#1981 = ORIENTED_EDGE ( 'NONE', *, *, #4741, .T. ) ;
#1982 = CARTESIAN_POINT ( 'NONE',  ( 0.4800000000000180234, -0.4200000000000000400, 0.2100000000000000200 ) ) ;
#1983 = VERTEX_POINT ( 'NONE', #2387 ) ;
#1984 = EDGE_CURVE ( 'NONE', #801, #1523, #6371, .T. ) ;
#1985 = ADVANCED_FACE ( 'NONE', ( #3455 ), #3824, .T. ) ;
#1986 = VECTOR ( 'NONE', #1860, 1000.000000000000000 ) ;
#1987 = VECTOR ( 'NONE', #5025, 1000.000000000000000 ) ;
#1988 = DIRECTION ( 'NONE',  ( 1.000000000000000000, 0.000000000000000000, 0.000000000000000000 ) ) ;
#1989 = CARTESIAN_POINT ( 'NONE',  ( 3.700000000000275069, 0.2849999999999965339, 0.000000000000000000 ) ) ;
#1990 = DIRECTION ( 'NONE',  ( 1.000000000000000000, 0.000000000000000000, 0.000000000000000000 ) ) ;
#1991 = CIRCLE ( 'NONE', #4988, 0.07499999999999999722 ) ;
#1992 = ORIENTED_EDGE ( 'NONE', *, *, #2183, .F. ) ;
#1993 = VECTOR ( 'NONE', #2164, 1000.000000000000000 ) ;
#1994 = DIRECTION ( 'NONE',  ( -1.000000000000000000, 0.000000000000000000, 0.000000000000000000 ) ) ;
#1995 = EDGE_CURVE ( 'NONE', #1430, #2243, #5500, .T. ) ;
#1996 = DIRECTION ( 'NONE',  ( 0.000000000000000000, 0.000000000000000000, 1.000000000000000000 ) ) ;
#1997 = LINE ( 'NONE', #6625, #6380 ) ;
#1998 = EDGE_CURVE ( 'NONE', #2935, #1681, #3427, .T. ) ;
#1999 = ORIENTED_EDGE ( 'NONE', *, *, #5675, .T. ) ;
#2000 = CARTESIAN_POINT ( 'NONE',  ( 1.471831676046009951, 0.3234243929245865234, 0.06000000000000140638 ) ) ;
#2001 = VECTOR ( 'NONE', #4973, 1000.000000000000000 ) ;
#2002 = DIRECTION ( 'NONE',  ( 0.000000000000000000, -1.000000000000000000, 0.000000000000000000 ) ) ;
#2003 = CARTESIAN_POINT ( 'NONE',  ( 2.200000000000104983, -0.1749999999999830025, 2.081668171172170239E-16 ) ) ;
#2004 = CARTESIAN_POINT ( 'NONE',  ( 3.109999999999999876, 0.01000000000000512111, 0.01000000000000020144 ) ) ;
#2005 = AXIS2_PLACEMENT_3D ( 'NONE', #4611, #3124, #1089 ) ;
#2006 = VERTEX_POINT ( 'NONE', #5476 ) ;
#2007 = DIRECTION ( 'NONE',  ( 0.000000000000000000, 1.000000000000000000, 0.000000000000000000 ) ) ;
#2008 = VERTEX_POINT ( 'NONE', #1787 ) ;
#2009 = ORIENTED_EDGE ( 'NONE', *, *, #1292, .T. ) ;
#2010 = FACE_OUTER_BOUND ( 'NONE', #4755, .T. ) ;
#2011 = ORIENTED_EDGE ( 'NONE', *, *, #4678, .F. ) ;
#2012 = FACE_OUTER_BOUND ( 'NONE', #3669, .T. ) ;
#2013 = CARTESIAN_POINT ( 'NONE',  ( 2.900000000000090061, 0.01000000000001221960, 0.01000000000000000021 ) ) ;
#2014 = ORIENTED_EDGE ( 'NONE', *, *, #1895, .T. ) ;
#2015 = EDGE_CURVE ( 'NONE', #4269, #2923, #246, .T. ) ;
#2016 = CIRCLE ( 'NONE', #1797, 0.1199999999999999956 ) ;
#2017 = DIRECTION ( 'NONE',  ( -2.842170943049450051E-13, -1.000000000000000000, 0.000000000000000000 ) ) ;
#2018 = CIRCLE ( 'NONE', #4157, 0.1199999999999488837 ) ;
#2019 = AXIS2_PLACEMENT_3D ( 'NONE', #5856, #6282, #1131 ) ;
#2020 = VERTEX_POINT ( 'NONE', #5878 ) ;
#2021 = LINE ( 'NONE', #5195, #3218 ) ;
#2022 = AXIS2_PLACEMENT_3D ( 'NONE', #3499, #4079, #5549 ) ;
#2023 = AXIS2_PLACEMENT_3D ( 'NONE', #1147, #5301, #2713 ) ;
#2024 = CARTESIAN_POINT ( 'NONE',  ( 2.250000000000114575, -0.1750000000000044853, 0.06000000000000140638 ) ) ;
#2025 = CARTESIAN_POINT ( 'NONE',  ( 3.121802131520325041, 0.8849999999999840217, 0.01000000000000000021 ) ) ;
#2026 = LINE ( 'NONE', #3091, #3616 ) ;
#2027 = ORIENTED_EDGE ( 'NONE', *, *, #236, .F. ) ;
#2028 = VECTOR ( 'NONE', #4224, 1000.000000000000000 ) ;
#2029 = EDGE_CURVE ( 'NONE', #1016, #6494, #6445, .T. ) ;
#2030 = VECTOR ( 'NONE', #2065, 1000.000000000000000 ) ;
#2031 = LINE ( 'NONE', #6553, #1482 ) ;
#2032 = EDGE_CURVE ( 'NONE', #872, #5367, #2818, .T. ) ;
#2033 = CARTESIAN_POINT ( 'NONE',  ( 2.900000000000090061, 0.01000000000001932156, 0.01000000000000000021 ) ) ;
#2034 = EDGE_LOOP ( 'NONE', ( #1735, #4865, #792, #178, #2068 ) ) ;
#2035 = DIRECTION ( 'NONE',  ( 2.145034673992979974E-13, 1.000000000000000000, 0.000000000000000000 ) ) ;
#2036 = DIRECTION ( 'NONE',  ( 0.000000000000000000, -1.000000000000000000, 0.000000000000000000 ) ) ;
#2037 = EDGE_CURVE ( 'NONE', #4006, #113, #5976, .T. ) ;
#2038 = CARTESIAN_POINT ( 'NONE',  ( 0.5781978684800610502, 0.8849999999999840217, 0.01000000000000000021 ) ) ;
#2039 = DIRECTION ( 'NONE',  ( 0.000000000000000000, 0.000000000000000000, -1.000000000000000000 ) ) ;
#2040 = ORIENTED_EDGE ( 'NONE', *, *, #2015, .T. ) ;
#2041 = CARTESIAN_POINT ( 'NONE',  ( 0.6033073663827908106, 1.125879157762797567, 0.8868785406445183206 ) ) ;
#2042 = ORIENTED_EDGE ( 'NONE', *, *, #2900, .T. ) ;
#2043 = ORIENTED_EDGE ( 'NONE', *, *, #4405, .T. ) ;
#2044 = CARTESIAN_POINT ( 'NONE',  ( 2.900000000000090061, 0.8399999999999610001, 0.01000000000000020144 ) ) ;
#2045 = CARTESIAN_POINT ( 'NONE',  ( 0.02499999999997724875, 0.4999999999999929501, 0.000000000000000000 ) ) ;
#2046 = LINE ( 'NONE', #99, #5951 ) ;
#2047 = ORIENTED_EDGE ( 'NONE', *, *, #5507, .F. ) ;
#2048 = CARTESIAN_POINT ( 'NONE',  ( 2.250000000000169642, 1.074999999999999956, 0.01000000000000000021 ) ) ;
#2049 = ORIENTED_EDGE ( 'NONE', *, *, #2263, .T. ) ;
#2050 = PLANE ( 'NONE',  #5874 ) ;
#2051 = CYLINDRICAL_SURFACE ( 'NONE', #6207, 0.05000000000001141032 ) ;
#2052 = ADVANCED_FACE ( 'NONE', ( #2789 ), #1284, .T. ) ;
#2053 = AXIS2_PLACEMENT_3D ( 'NONE', #3793, #3935, #2289 ) ;
#2054 = DIRECTION ( 'NONE',  ( 0.000000000000000000, 0.000000000000000000, 1.000000000000000000 ) ) ;
#2055 = CARTESIAN_POINT ( 'NONE',  ( 0.7800000000000859579, -0.2249999999999590106, 0.01000000000000000021 ) ) ;
#2056 = LINE ( 'NONE', #6070, #1690 ) ;
#2057 = ORIENTED_EDGE ( 'NONE', *, *, #6036, .F. ) ;
#2058 = CARTESIAN_POINT ( 'NONE',  ( 2.775000000000320100, 0.009999999999948269019, 0.2100000000000000200 ) ) ;
#2059 = EDGE_CURVE ( 'NONE', #923, #3113, #2284, .T. ) ;
#2060 = DIRECTION ( 'NONE',  ( -1.000000000000000000, 0.000000000000000000, 0.000000000000000000 ) ) ;
#2061 = PLANE ( 'NONE',  #399 ) ;
#2062 = ORIENTED_EDGE ( 'NONE', *, *, #426, .T. ) ;
#2063 = DIRECTION ( 'NONE',  ( -1.000000000000000000, 3.612929164882019808E-14, 0.000000000000000000 ) ) ;
#2064 = CARTESIAN_POINT ( 'NONE',  ( 3.265845299252305267, 0.8999999999999630518, 0.1201368424251358091 ) ) ;
#2065 = DIRECTION ( 'NONE',  ( 0.000000000000000000, 0.000000000000000000, 1.000000000000000000 ) ) ;
#2066 = ADVANCED_FACE ( 'NONE', ( #5941 ), #4971, .F. ) ;
#2067 = DIRECTION ( 'NONE',  ( 0.000000000000000000, 0.000000000000000000, 1.000000000000000000 ) ) ;
#2068 = ORIENTED_EDGE ( 'NONE', *, *, #1292, .F. ) ;
#2069 = ADVANCED_FACE ( 'NONE', ( #4331 ), #1927, .F. ) ;
#2070 = CARTESIAN_POINT ( 'NONE',  ( 0.5014999924682098653, -0.3985000075317821078, 0.2100000000000000200 ) ) ;
#2071 = EDGE_CURVE ( 'NONE', #2208, #1204, #1390, .T. ) ;
#2072 = ADVANCED_BREP_SHAPE_REPRESENTATION ( '', ( #1544, #3969 ), #1079 ) ;
#2073 = VERTEX_POINT ( 'NONE', #775 ) ;
#2074 = VERTEX_POINT ( 'NONE', #4942 ) ;
#2075 = LINE ( 'NONE', #1635, #4496 ) ;
#2076 = DIRECTION ( 'NONE',  ( -1.000000000000000000, -5.075305255429470170E-15, 0.000000000000000000 ) ) ;
#2077 = ORIENTED_EDGE ( 'NONE', *, *, #5669, .F. ) ;
#2078 = EDGE_CURVE ( 'NONE', #1467, #2677, #54, .T. ) ;
#2079 = CARTESIAN_POINT ( 'NONE',  ( 3.195662712996179877, 0.8899999999999789191, 0.07197638667496689124 ) ) ;
#2080 = ORIENTED_EDGE ( 'NONE', *, *, #4767, .F. ) ;
#2081 = DIRECTION ( 'NONE',  ( 0.9848077530121985834, 0.000000000000000000, -0.1736481776669844823 ) ) ;
#2082 = DIRECTION ( 'NONE',  ( 0.000000000000000000, 0.000000000000000000, 1.000000000000000000 ) ) ;
#2083 = FACE_OUTER_BOUND ( 'NONE', #3227, .T. ) ;
#2084 = DIRECTION ( 'NONE',  ( 0.000000000000000000, 0.000000000000000000, 1.000000000000000000 ) ) ;
#2085 = ORIENTED_EDGE ( 'NONE', *, *, #3366, .T. ) ;
#2086 = VECTOR ( 'NONE', #3883, 1000.000000000000000 ) ;
#2087 = CARTESIAN_POINT ( 'NONE',  ( 0.7800000000000859579, -0.2249999999999590106, 0.01000000000000020144 ) ) ;
#2088 = VECTOR ( 'NONE', #1444, 1000.000000000000000 ) ;
#2089 = CARTESIAN_POINT ( 'NONE',  ( 0.5043372870040910838, 0.009999999999969588771, 0.07197638667496689124 ) ) ;
#2090 = CARTESIAN_POINT ( 'NONE',  ( 2.200000000000160050, 1.124999999999949818, 2.081668171172170239E-16 ) ) ;
#2091 = ADVANCED_FACE ( 'NONE', ( #1890 ), #2924, .T. ) ;
#2092 = ITEM_DEFINED_TRANSFORMATION ( 'NONE', 'NONE', #752,  #3969 ) ;
#2093 = AXIS2_PLACEMENT_3D ( 'NONE', #5182, #3540, #4113 ) ;
#2094 = ORIENTED_EDGE ( 'NONE', *, *, #3094, .F. ) ;
#2095 = FACE_OUTER_BOUND ( 'NONE', #3592, .T. ) ;
#2096 = DIRECTION ( 'NONE',  ( -6.315935428978830158E-14, -1.000000000000000000, 0.000000000000000000 ) ) ;
#2097 = CARTESIAN_POINT ( 'NONE',  ( 0.5299887977535542305, 0.8849999999999840217, 0.02754666676609038994 ) ) ;
#2098 = DIRECTION ( 'NONE',  ( -0.6860968888036618196, -0.6860968888032498159, 0.2419547857522905965 ) ) ;
#2099 = AXIS2_PLACEMENT_3D ( 'NONE', #988, #5144, #548 ) ;
#2100 = EDGE_LOOP ( 'NONE', ( #1674, #1807, #2447, #2399, #3533, #1273, #3452, #1100 ) ) ;
#2101 = CARTESIAN_POINT ( 'NONE',  ( 0.1399999999999294031, 0.5000000000000210942, 0.000000000000000000 ) ) ;
#2102 = ORIENTED_EDGE ( 'NONE', *, *, #1575, .F. ) ;
#2103 = EDGE_CURVE ( 'NONE', #1873, #3009, #510, .T. ) ;
#2104 = CIRCLE ( 'NONE', #5962, 0.07499999999999999722 ) ;
#2105 = VERTEX_POINT ( 'NONE', #4603 ) ;
#2106 = DIRECTION ( 'NONE',  ( -0.9848077530122104628, 0.000000000000000000, 0.1736481776669162869 ) ) ;
#2107 = DIRECTION ( 'NONE',  ( 1.000000000000000000, 7.779664990074231587E-15, 0.000000000000000000 ) ) ;
#2108 = ADVANCED_FACE ( 'NONE', ( #4508 ), #4098, .F. ) ;
#2109 = CARTESIAN_POINT ( 'NONE',  ( 3.121802131519984869, 1.221802131520014045, 0.01000000000000000021 ) ) ;
#2110 = EDGE_LOOP ( 'NONE', ( #536, #538, #6041, #5574, #4147, #1107, #174, #5199, #6220, #3958 ) ) ;
#2111 = CIRCLE ( 'NONE', #182, 0.07499999999999991396 ) ;
#2112 = ADVANCED_FACE ( 'NONE', ( #948 ), #6225, .T. ) ;
#2113 = CARTESIAN_POINT ( 'NONE',  ( 2.850000000000080025, 0.8399999999999819833, 0.01000000000000000021 ) ) ;
#2114 = ORIENTED_EDGE ( 'NONE', *, *, #5904, .F. ) ;
#2115 = CARTESIAN_POINT ( 'NONE',  ( 0.6741208422372440001, 1.125879157762796012, 0.7900000000000000355 ) ) ;
#2116 = DIRECTION ( 'NONE',  ( -0.6427876096867575217, 0.000000000000000000, -0.7660444431187950487 ) ) ;
#2117 = ADVANCED_FACE ( 'NONE', ( #5726 ), #1672, .T. ) ;
#2118 = AXIS2_PLACEMENT_3D ( 'NONE', #3906, #6425, #2936 ) ;
#2119 = CARTESIAN_POINT ( 'NONE',  ( 0.4500000000001019851, -0.4500000000000000111, 0.2100000000000000200 ) ) ;
#2120 = DIRECTION ( 'NONE',  ( -8.006115332508080925E-14, -1.000000000000000000, 0.000000000000000000 ) ) ;
#2121 = ORIENTED_EDGE ( 'NONE', *, *, #4936, .T. ) ;
#2122 = AXIS2_PLACEMENT_3D ( 'NONE', #1840, #863, #1431 ) ;
#2123 = VECTOR ( 'NONE', #6525, 1000.000000000000000 ) ;
#2124 = AXIS2_PLACEMENT_3D ( 'NONE', #3629, #1456, #5678 ) ;
#2125 = CARTESIAN_POINT ( 'NONE',  ( 0.7800000000000859579, -0.2249999999999590106, 2.081668171172170239E-16 ) ) ;
#2126 = DIRECTION ( 'NONE',  ( 0.000000000000000000, 0.000000000000000000, 1.000000000000000000 ) ) ;
#2128 = LINE ( 'NONE', #4173, #1568 ) ;
#2127 = AXIS2_PLACEMENT_3D ( 'NONE', #3581, #5633, #3114 ) ;
#2129 =( NAMED_UNIT ( * ) SI_UNIT ( $, .STERADIAN. ) SOLID_ANGLE_UNIT ( ) );
#2130 = ORIENTED_EDGE ( 'NONE', *, *, #1614, .T. ) ;
#2131 = LINE ( 'NONE', #2690, #3940 ) ;
#2132 = DIRECTION ( 'NONE',  ( -3.065908775657505526E-14, -1.000000000000000000, 2.572602922878880012E-14 ) ) ;
#2133 = DIRECTION ( 'NONE',  ( 0.000000000000000000, 0.000000000000000000, 1.000000000000000000 ) ) ;
#2134 = CYLINDRICAL_SURFACE ( 'NONE', #2450, 0.1199999999999999123 ) ;
#2135 = AXIS2_PLACEMENT_3D ( 'NONE', #5051, #4584, #1063 ) ;
#2136 = ADVANCED_FACE ( 'NONE', ( #4570 ), #1483, .F. ) ;
#2137 = LINE ( 'NONE', #3638, #3054 ) ;
#2138 = VERTEX_POINT ( 'NONE', #1957 ) ;
#2139 = ORIENTED_EDGE ( 'NONE', *, *, #6563, .F. ) ;
#2140 = CARTESIAN_POINT ( 'NONE',  ( 2.200000000000160050, 1.074999999999973976, 0.06000000000000140638 ) ) ;
#2141 = VERTEX_POINT ( 'NONE', #135 ) ;
#2142 = CARTESIAN_POINT ( 'NONE',  ( 3.675000000000409717, 0.2849999999999965339, 0.2200000000000000011 ) ) ;
#2143 = CARTESIAN_POINT ( 'NONE',  ( 0.4800000000000180234, 0.009999999999969588771, 0.2100000000000000200 ) ) ;
#2144 = AXIS2_PLACEMENT_3D ( 'NONE', #3948, #5994, #1843 ) ;
#2145 = ORIENTED_EDGE ( 'NONE', *, *, #3320, .T. ) ;
#2146 = VECTOR ( 'NONE', #1537, 1000.000000000000000 ) ;
#2147 = ADVANCED_FACE ( 'NONE', ( #3555 ), #910, .F. ) ;
#2148 = DIRECTION ( 'NONE',  ( 0.000000000000000000, -1.000000000000000000, 0.000000000000000000 ) ) ;
#2149 = ORIENTED_EDGE ( 'NONE', *, *, #376, .F. ) ;
#2150 = CARTESIAN_POINT ( 'NONE',  ( 0.000000000000000000, 0.2750000000000130118, 0.2100000000000000200 ) ) ;
#2151 = LINE ( 'NONE', #6610, #6113 ) ;
#2152 = EDGE_CURVE ( 'NONE', #2812, #1035, #3485, .T. ) ;
#2153 = FACE_OUTER_BOUND ( 'NONE', #6092, .T. ) ;
#2154 = EDGE_CURVE ( 'NONE', #459, #2928, #6038, .T. ) ;
#2155 = ORIENTED_EDGE ( 'NONE', *, *, #707, .T. ) ;
#2156 = LINE ( 'NONE', #3247, #6514 ) ;
#2157 = DIRECTION ( 'NONE',  ( -0.1736481776670135424, 9.072386119063543808E-15, 0.9848077530121932543 ) ) ;
#2158 = CARTESIAN_POINT ( 'NONE',  ( 0.4517632698071449848, 0.8999999999999630518, 0.2200000000000000011 ) ) ;
#2159 = DIRECTION ( 'NONE',  ( 0.000000000000000000, 0.000000000000000000, 1.000000000000000000 ) ) ;
#2160 = EDGE_LOOP ( 'NONE', ( #144, #6123, #2102, #1839 ) ) ;
#2161 = VECTOR ( 'NONE', #4674, 1000.000000000000000 ) ;
#2162 = CARTESIAN_POINT ( 'NONE',  ( 3.219999999999965556, 1.266184930078576354, 0.2100000000000000477 ) ) ;
#2163 = DIRECTION ( 'NONE',  ( 1.000000000000000000, -4.810026685153020374E-13, 0.000000000000000000 ) ) ;
#2164 = DIRECTION ( 'NONE',  ( 0.000000000000000000, 0.000000000000000000, 1.000000000000000000 ) ) ;
#2165 = UNCERTAINTY_MEASURE_WITH_UNIT (LENGTH_MEASURE( 1.000000000000000082E-05 ), #1533, 'distance_accuracy_value', 'NONE');
#2166 = CARTESIAN_POINT ( 'NONE',  ( 0.6800000000000000488, 0.9899999999999999911, 0.01000000000000000021 ) ) ;
#2167 = ORIENTED_EDGE ( 'NONE', *, *, #2291, .T. ) ;
#2168 = EDGE_LOOP ( 'NONE', ( #6566, #3757, #5721, #1739 ) ) ;
#2169 = EDGE_CURVE ( 'NONE', #1523, #4006, #2550, .T. ) ;
#2170 = CARTESIAN_POINT ( 'NONE',  ( 3.025879157762799920, 1.125879157762802008, 0.7900000000000000355 ) ) ;
#2171 = EDGE_LOOP ( 'NONE', ( #2603, #6080, #2655, #4403, #3315 ) ) ;
#2172 = CARTESIAN_POINT ( 'NONE',  ( 1.075915838023036031, 0.8899999999999369527, 0.06000000000000140638 ) ) ;
#2173 = FACE_OUTER_BOUND ( 'NONE', #2856, .T. ) ;
#2174 = ORIENTED_EDGE ( 'NONE', *, *, #6084, .T. ) ;
#2175 = CARTESIAN_POINT ( 'NONE',  ( 3.180000000000000160, 1.598741745110169754, 0.2100000000000030176 ) ) ;
#2176 = CYLINDRICAL_SURFACE ( 'NONE', #491, 0.1000000000000512146 ) ;
#2177 = EDGE_CURVE ( 'NONE', #1151, #1040, #1137, .T. ) ;
#2178 = EDGE_LOOP ( 'NONE', ( #6351, #5043, #3919, #6273 ) ) ;
#2179 = DIRECTION ( 'NONE',  ( -1.000000000000000000, 0.000000000000000000, 0.000000000000000000 ) ) ;
#2180 = PLANE ( 'NONE',  #4684 ) ;
#2181 = PLANE ( 'NONE',  #5532 ) ;
#2182 = ORIENTED_EDGE ( 'NONE', *, *, #2169, .F. ) ;
#2183 = EDGE_CURVE ( 'NONE', #3156, #5217, #3173, .T. ) ;
#2184 = ORIENTED_EDGE ( 'NONE', *, *, #2931, .T. ) ;
#2185 = EDGE_CURVE ( 'NONE', #1983, #2786, #5039, .T. ) ;
#2186 = DIRECTION ( 'NONE',  ( -5.212044918624699983E-15, 1.000000000000000000, -4.373424968893675305E-15 ) ) ;
#2187 = CARTESIAN_POINT ( 'NONE',  ( 0.02499999999997724875, 0.4999999999999929501, 0.2200000000000000011 ) ) ;
#2188 = APPLICATION_PROTOCOL_DEFINITION ( 'draft international standard', 'automotive_design', 1998, #6556 ) ;
#2189 = ORIENTED_EDGE ( 'NONE', *, *, #1529, .T. ) ;
#2190 = CARTESIAN_POINT ( 'NONE',  ( 0.1399999999999294031, 0.5000000000000210942, 0.000000000000000000 ) ) ;
#2191 = AXIS2_PLACEMENT_3D ( 'NONE', #630, #5102, #3711 ) ;
#2192 = CARTESIAN_POINT ( 'NONE',  ( 2.250000000000114575, -0.1750000000000044853, 2.081668171172170239E-16 ) ) ;
#2193 = EDGE_CURVE ( 'NONE', #774, #3744, #4537, .T. ) ;
#2194 = VECTOR ( 'NONE', #5943, 1000.000000000000000 ) ;
#2195 = EDGE_CURVE ( 'NONE', #3072, #3420, #981, .T. ) ;
#2196 = CIRCLE ( 'NONE', #6259, 0.07499999999999824862 ) ;
#2197 = DIRECTION ( 'NONE',  ( 1.000000000000000000, -9.043271182402019319E-14, 0.000000000000000000 ) ) ;
#2198 = ORIENTED_EDGE ( 'NONE', *, *, #754, .T. ) ;
#2199 = VERTEX_POINT ( 'NONE', #2024 ) ;
#2200 = DIRECTION ( 'NONE',  ( 0.000000000000000000, -1.000000000000000000, 0.000000000000000000 ) ) ;
#2201 = AXIS2_PLACEMENT_3D ( 'NONE', #4832, #665, #4327 ) ;
#2202 = VERTEX_POINT ( 'NONE', #5571 ) ;
#2203 = DIRECTION ( 'NONE',  ( 0.000000000000000000, -1.000000000000000000, 0.000000000000000000 ) ) ;
#2204 = CYLINDRICAL_SURFACE ( 'NONE', #1502, 0.1200000000000001343 ) ;
#2205 = ORIENTED_EDGE ( 'NONE', *, *, #3450, .F. ) ;
#2206 = AXIS2_PLACEMENT_3D ( 'NONE', #405, #5029, #1976 ) ;
#2207 = LINE ( 'NONE', #2806, #2300 ) ;
#2208 = VERTEX_POINT ( 'NONE', #5070 ) ;
#2209 = DIRECTION ( 'NONE',  ( 1.000000000000000000, -4.547473508864640180E-14, 0.000000000000000000 ) ) ;
#2210 = VECTOR ( 'NONE', #745, 1000.000000000000000 ) ;
#2211 = CARTESIAN_POINT ( 'NONE',  ( 0.5257071588462315370, -0.3742928411537702615, 0.07271433741587395028 ) ) ;
#2212 = ORIENTED_EDGE ( 'NONE', *, *, #3320, .F. ) ;
#2213 = CARTESIAN_POINT ( 'NONE',  ( 3.700000000000275069, 0.8899999999999999023, 0.2100000000000000200 ) ) ;
#2214 = ORIENTED_EDGE ( 'NONE', *, *, #568, .T. ) ;
#2215 = ORIENTED_EDGE ( 'NONE', *, *, #754, .F. ) ;
#2216 = ORIENTED_EDGE ( 'NONE', *, *, #350, .T. ) ;
#2217 = LINE ( 'NONE', #4171, #947 ) ;
#2218 = DIRECTION ( 'NONE',  ( -1.000000000000000000, 0.000000000000000000, 0.000000000000000000 ) ) ;
#2219 = DIRECTION ( 'NONE',  ( 0.000000000000000000, 0.000000000000000000, -1.000000000000000000 ) ) ;
#2220 = CONTEXT_DEPENDENT_SHAPE_REPRESENTATION ( #5397, #3464 ) ;
#2221 = EDGE_CURVE ( 'NONE', #3083, #6602, #1013, .T. ) ;
#2222 = ORIENTED_EDGE ( 'NONE', *, *, #692, .F. ) ;
#2223 = AXIS2_PLACEMENT_3D ( 'NONE', #5210, #5813, #5344 ) ;
#2224 = VECTOR ( 'NONE', #2084, 1000.000000000000000 ) ;
#2225 = DIRECTION ( 'NONE',  ( -0.1710878697460365416, 0.1710878697460505304, -0.9702875252478112555 ) ) ;
#2226 = DIRECTION ( 'NONE',  ( 1.000000000000000000, 0.000000000000000000, 0.000000000000000000 ) ) ;
#2227 = CARTESIAN_POINT ( 'NONE',  ( 0.6741208422372440001, 1.125879157762796012, 0.7900000000000000355 ) ) ;
#2228 = ADVANCED_FACE ( 'NONE', ( #3845 ), #165, .F. ) ;
#2229 = VECTOR ( 'NONE', #1395, 1000.000000000000000 ) ;
#2230 = CARTESIAN_POINT ( 'NONE',  ( 3.550000000000410161, 0.5000000000000359712, 0.2100000000000000200 ) ) ;
#2231 = VECTOR ( 'NONE', #450, 1000.000000000000000 ) ;
#2232 = ORIENTED_EDGE ( 'NONE', *, *, #1097, .F. ) ;
#2233 = ORIENTED_EDGE ( 'NONE', *, *, #4940, .T. ) ;
#2234 = EDGE_CURVE ( 'NONE', #2605, #2451, #3338, .T. ) ;
#2235 = DIRECTION ( 'NONE',  ( 1.000000000000000000, -6.269494727294420222E-14, 0.000000000000000000 ) ) ;
#2236 = ORIENTED_EDGE ( 'NONE', *, *, #2803, .F. ) ;
#2237 = CARTESIAN_POINT ( 'NONE',  ( 3.110000000000129994, -2.842170943040399481E-14, 0.000000000000000000 ) ) ;
#2238 = CARTESIAN_POINT ( 'NONE',  ( 0.6800000000000639977, 0.8899999999999999023, 2.081668171172170239E-16 ) ) ;
#2239 = VERTEX_POINT ( 'NONE', #764 ) ;
#2240 = CARTESIAN_POINT ( 'NONE',  ( 0.000000000000000000, 0.000000000000000000, 0.000000000000000000 ) ) ;
#2241 = AXIS2_PLACEMENT_3D ( 'NONE', #2237, #2802, #1304 ) ;
#2242 =( LENGTH_UNIT ( ) NAMED_UNIT ( * ) SI_UNIT ( .MILLI., .METRE. ) );
#2243 = VERTEX_POINT ( 'NONE', #4890 ) ;
#2244 = DIRECTION ( 'NONE',  ( -1.000000000000000000, 0.000000000000000000, 0.000000000000000000 ) ) ;
#2245 = LINE ( 'NONE', #2211, #81 ) ;
#2246 = ORIENTED_EDGE ( 'NONE', *, *, #668, .F. ) ;
#2247 = CARTESIAN_POINT ( 'NONE',  ( 0.5771644255065099260, -0.3228355744935314520, 0.09086094634729899311 ) ) ;
#2248 = ORIENTED_EDGE ( 'NONE', *, *, #263, .F. ) ;
#2249 = ORIENTED_EDGE ( 'NONE', *, *, #4446, .T. ) ;
#2250 = VECTOR ( 'NONE', #3086, 1000.000000000000000 ) ;
#2251 = MECHANICAL_DESIGN_GEOMETRIC_PRESENTATION_REPRESENTATION (  '', ( #5677 ), #1939 ) ;
#2252 = ORIENTED_EDGE ( 'NONE', *, *, #2272, .F. ) ;
#2253 = ADVANCED_FACE ( 'NONE', ( #2701 ), #3303, .T. ) ;
#2254 = ORIENTED_EDGE ( 'NONE', *, *, #6537, .T. ) ;
#2255 = CARTESIAN_POINT ( 'NONE',  ( 0.4620554634347344147, 1.293255487536401738, 0.2100000000000000200 ) ) ;
#2256 = PLANE ( 'NONE',  #5850 ) ;
#2257 = DIRECTION ( 'NONE',  ( 0.000000000000000000, 0.000000000000000000, 1.000000000000000000 ) ) ;
#2258 = ORIENTED_EDGE ( 'NONE', *, *, #1047, .F. ) ;
#2259 =( BOUNDED_CURVE ( )  B_SPLINE_CURVE ( 3, ( #1721, #2715, #1355, #6412 ),
 .UNSPECIFIED., .F., .F. ) 
 B_SPLINE_CURVE_WITH_KNOTS ( ( 4, 4 ),
 ( 5.512866274278439782, 6.283185307179566692 ),
 .UNSPECIFIED. ) 
 CURVE ( )  GEOMETRIC_REPRESENTATION_ITEM ( )  RATIONAL_B_SPLINE_CURVE ( ( 1.000000000000000000, 0.9511590086810270961, 0.9511590086810270961, 1.000000000000000000 ) ) 
 REPRESENTATION_ITEM ( '' )  );
#2260 = EDGE_CURVE ( 'NONE', #4078, #179, #1846, .T. ) ;
#2261 = FACE_OUTER_BOUND ( 'NONE', #3838, .T. ) ;
#2262 = FACE_OUTER_BOUND ( 'NONE', #214, .T. ) ;
#2263 = EDGE_CURVE ( 'NONE', #6403, #1820, #2207, .T. ) ;
#2264 = DIRECTION ( 'NONE',  ( -0.9848077530122077983, 0.000000000000000000, 0.1736481776669319410 ) ) ;
#2265 = ORIENTED_EDGE ( 'NONE', *, *, #3446, .F. ) ;
#2266 = ORIENTED_EDGE ( 'NONE', *, *, #5069, .F. ) ;
#2267 = ADVANCED_FACE ( 'NONE', ( #5286 ), #5860, .T. ) ;
#2268 = VERTEX_POINT ( 'NONE', #5763 ) ;
#2269 = DIRECTION ( 'NONE',  ( -0.9848077530121907008, 0.000000000000000000, -0.1736481776670283361 ) ) ;
#2270 = DIRECTION ( 'NONE',  ( 0.000000000000000000, 0.000000000000000000, 1.000000000000000000 ) ) ;
#2271 = EDGE_LOOP ( 'NONE', ( #5597, #1723, #2464, #4681 ) ) ;
#2272 = EDGE_CURVE ( 'NONE', #106, #2392, #1172, .T. ) ;
#2273 = CARTESIAN_POINT ( 'NONE',  ( 3.675000000000409717, 0.6249999999999650280, 0.2100000000000000200 ) ) ;
#2274 = FILL_AREA_STYLE_COLOUR ( '', #4400 ) ;
#2275 = ORIENTED_EDGE ( 'NONE', *, *, #6580, .T. ) ;
#2276 = CARTESIAN_POINT ( 'NONE',  ( 3.220000000000255103, 0.8849999999999840217, 0.2100000000000000200 ) ) ;
#2277 = CARTESIAN_POINT ( 'NONE',  ( 3.220000000000255103, -2.131628207280299927E-14, 0.2100000000000000200 ) ) ;
#2278 = ORIENTED_EDGE ( 'NONE', *, *, #3268, .F. ) ;
#2279 = EDGE_CURVE ( 'NONE', #757, #4144, #4337, .T. ) ;
#2280 = CARTESIAN_POINT ( 'NONE',  ( 0.000000000000000000, 0.8999999999999839240, 0.000000000000000000 ) ) ;
#2281 = ORIENTED_EDGE ( 'NONE', *, *, #4452, .T. ) ;
#2282 = VERTEX_POINT ( 'NONE', #4756 ) ;
#2283 = ORIENTED_EDGE ( 'NONE', *, *, #1249, .T. ) ;
#2284 = LINE ( 'NONE', #4909, #4450 ) ;
#2285 = CARTESIAN_POINT ( 'NONE',  ( 3.700000000000275069, 0.000000000000000000, 0.000000000000000000 ) ) ;
#2286 = CARTESIAN_POINT ( 'NONE',  ( 3.700000000000045475, 0.2750000000000485390, 0.01000000000000000021 ) ) ;
#2287 = ORIENTED_EDGE ( 'NONE', *, *, #1812, .F. ) ;
#2288 = DIRECTION ( 'NONE',  ( -0.1710878697461169773, 0.1710878697460454789, 0.9702875252477978218 ) ) ;
#2289 = DIRECTION ( 'NONE',  ( 1.000000000000000000, 0.000000000000000000, 0.000000000000000000 ) ) ;
#2290 = PLANE ( 'NONE',  #1808 ) ;
#2291 = EDGE_CURVE ( 'NONE', #1279, #3330, #1201, .T. ) ;
#2292 = CARTESIAN_POINT ( 'NONE',  ( 0.1499999999999204192, 0.5000000000000639488, 0.01000000000000000021 ) ) ;
#2293 = ORIENTED_EDGE ( 'NONE', *, *, #1956, .F. ) ;
#2294 = ORIENTED_EDGE ( 'NONE', *, *, #717, .F. ) ;
#2295 = CARTESIAN_POINT ( 'NONE',  ( 0.5781978684800610502, -7.105427357600998703E-15, 0.08500000000000000611 ) ) ;
#2296 = CARTESIAN_POINT ( 'NONE',  ( 2.900000000000090061, 0.8899999999999789191, 2.081668171172170239E-16 ) ) ;
#2297 = CARTESIAN_POINT ( 'NONE',  ( 0.02499999999992040187, 0.2750000000000055178, 0.2100000000000000200 ) ) ;
#2298 = ORIENTED_EDGE ( 'NONE', *, *, #5462, .T. ) ;
#2299 = AXIS2_PLACEMENT_3D ( 'NONE', #4137, #5681, #3631 ) ;
#2300 = VECTOR ( 'NONE', #1769, 1000.000000000000227 ) ;
#2301 = ADVANCED_FACE ( 'NONE', ( #6289 ), #729, .F. ) ;
#2302 = DIRECTION ( 'NONE',  ( 0.000000000000000000, 1.000000000000000000, 0.000000000000000000 ) ) ;
#2303 = VECTOR ( 'NONE', #1138, 1000.000000000000000 ) ;
#2304 = ADVANCED_FACE ( 'NONE', ( #4392 ), #4857, .T. ) ;
#2305 = ORIENTED_EDGE ( 'NONE', *, *, #6446, .F. ) ;
#2306 = DIRECTION ( 'NONE',  ( 3.065908775657505526E-14, -1.000000000000000000, 2.572602922878880012E-14 ) ) ;
#2307 = DIRECTION ( 'NONE',  ( 0.000000000000000000, -1.000000000000000000, 0.000000000000000000 ) ) ;
#2308 = ORIENTED_EDGE ( 'NONE', *, *, #3018, .T. ) ;
#2309 = VECTOR ( 'NONE', #6058, 1000.000000000000000 ) ;
#2310 = EDGE_CURVE ( 'NONE', #5619, #4432, #1447, .T. ) ;
#2311 = APPLICATION_CONTEXT ( 'automotive_design' ) ;
#2312 = DIRECTION ( 'NONE',  ( -1.000000000000000000, 0.000000000000000000, 0.000000000000000000 ) ) ;
#2313 = EDGE_LOOP ( 'NONE', ( #899, #3876, #3348, #39, #1852 ) ) ;
#2314 = EDGE_LOOP ( 'NONE', ( #4467, #4562, #4477, #4214 ) ) ;
#2315 = VECTOR ( 'NONE', #2389, 1000.000000000000000 ) ;
#2316 = EDGE_LOOP ( 'NONE', ( #126, #3579, #3852, #5093 ) ) ;
#2317 = ADVANCED_FACE ( 'NONE', ( #1809 ), #4291, .T. ) ;
#2318 = CIRCLE ( 'NONE', #4033, 0.07499999999999999722 ) ;
#2319 = ORIENTED_EDGE ( 'NONE', *, *, #4905, .F. ) ;
#2320 = CARTESIAN_POINT ( 'NONE',  ( 0.02499999999997724875, 0.5000000000000210942, 0.1100000000000000006 ) ) ;
#2321 = CARTESIAN_POINT ( 'NONE',  ( 0.5781978684800610502, 0.009999999999998008746, 0.08500000000000000611 ) ) ;
#2322 = CARTESIAN_POINT ( 'NONE',  ( 3.146139418524060094, -0.4200000000000000400, 0.2100000000000000200 ) ) ;
#2323 = VERTEX_POINT ( 'NONE', #3775 ) ;
#2324 = DIRECTION ( 'NONE',  ( 1.000000000000000000, 0.000000000000000000, 0.000000000000000000 ) ) ;
#2325 = DIRECTION ( 'NONE',  ( 1.000000000000000000, -8.006115332508080925E-14, 0.000000000000000000 ) ) ;
#2326 = DIRECTION ( 'NONE',  ( 0.000000000000000000, 1.000000000000000000, 0.000000000000000000 ) ) ;
#2327 = DIRECTION ( 'NONE',  ( 0.1710878697459759790, -0.1710878697459944919, -0.9702875252478317947 ) ) ;
#2328 = VECTOR ( 'NONE', #5526, 1000.000000000000000 ) ;
#2329 = CARTESIAN_POINT ( 'NONE',  ( 3.250000000000229594, 0.8999999999999630518, 0.2100000000000000200 ) ) ;
#2330 = AXIS2_PLACEMENT_3D ( 'NONE', #1427, #2327, #860 ) ;
#2331 = EDGE_LOOP ( 'NONE', ( #1424, #6196, #4596, #1803 ) ) ;
#2332 = EDGE_LOOP ( 'NONE', ( #951, #4802, #2947, #4184 ) ) ;
#2333 = LINE ( 'NONE', #1940, #3399 ) ;
#2334 = ORIENTED_EDGE ( 'NONE', *, *, #2651, .T. ) ;
#2335 = DIRECTION ( 'NONE',  ( 0.9848077530122081313, 5.917936858149709717E-14, 0.1736481776669298593 ) ) ;
#2336 = EDGE_CURVE ( 'NONE', #851, #5418, #5826, .T. ) ;
#2337 = FACE_OUTER_BOUND ( 'NONE', #1166, .T. ) ;
#2338 = CIRCLE ( 'NONE', #6078, 0.07499999999999823475 ) ;
#2339 = VERTEX_POINT ( 'NONE', #235 ) ;
#2340 = CIRCLE ( 'NONE', #91, 0.07499999999999999722 ) ;
#2341 = DIRECTION ( 'NONE',  ( -4.544975507057685643E-13, 1.000000000000000000, 0.000000000000000000 ) ) ;
#2342 = VECTOR ( 'NONE', #1140, 1000.000000000000227 ) ;
#2343 = CARTESIAN_POINT ( 'NONE',  ( 3.195662712996179877, -2.842170943040399481E-14, 0.07197638667496689124 ) ) ;
#2344 = EDGE_LOOP ( 'NONE', ( #937, #5664, #1073, #5016 ) ) ;
#2345 = VECTOR ( 'NONE', #2902, 1000.000000000000000 ) ;
#2346 = DIRECTION ( 'NONE',  ( -0.1710878697461324094, -0.1710878697460254116, 0.9702875252477985990 ) ) ;
#2347 = LINE ( 'NONE', #5395, #1475 ) ;
#2348 = VERTEX_POINT ( 'NONE', #2273 ) ;
#2349 = AXIS2_PLACEMENT_3D ( 'NONE', #2908, #3908, #5551 ) ;
#2350 = EDGE_CURVE ( 'NONE', #2844, #1785, #4551, .T. ) ;
#2351 = DIRECTION ( 'NONE',  ( 0.000000000000000000, -1.000000000000000000, 0.000000000000000000 ) ) ;
#2352 = EDGE_LOOP ( 'NONE', ( #3678, #3013, #1394, #669 ) ) ;
#2353 = ORIENTED_EDGE ( 'NONE', *, *, #5297, .F. ) ;
#2354 = ORIENTED_EDGE ( 'NONE', *, *, #5047, .T. ) ;
#2355 = EDGE_CURVE ( 'NONE', #424, #4223, #2502, .T. ) ;
#2356 = EDGE_LOOP ( 'NONE', ( #3707, #2509, #478, #2094 ) ) ;
#2357 = VECTOR ( 'NONE', #5387, 1000.000000000000000 ) ;
#2358 = DIRECTION ( 'NONE',  ( 0.000000000000000000, 1.000000000000000000, 0.000000000000000000 ) ) ;
#2359 = EDGE_CURVE ( 'NONE', #3364, #6317, #432, .T. ) ;
#2360 = AXIS2_PLACEMENT_3D ( 'NONE', #535, #1536, #2573 ) ;
#2361 = DIRECTION ( 'NONE',  ( 3.065908775657505526E-14, 1.000000000000000000, -2.572602922878880012E-14 ) ) ;
#2362 = DIRECTION ( 'NONE',  ( 0.000000000000000000, 0.000000000000000000, 1.000000000000000000 ) ) ;
#2363 = ORIENTED_EDGE ( 'NONE', *, *, #2440, .T. ) ;
#2364 = LINE ( 'NONE', #322, #5545 ) ;
#2365 = DIRECTION ( 'NONE',  ( -5.212044918625069958E-15, -1.000000000000000000, -4.373424968893985328E-15 ) ) ;
#2366 = CARTESIAN_POINT ( 'NONE',  ( 2.535000000000000142, 1.221802131520008050, 0.08500000000000000611 ) ) ;
#2367 = CARTESIAN_POINT ( 'NONE',  ( 0.4620554634346769607, -0.3932554875364152602, 0.2100000000000000200 ) ) ;
#2368 = EDGE_CURVE ( 'NONE', #5367, #3381, #1466, .T. ) ;
#2369 = FACE_OUTER_BOUND ( 'NONE', #1706, .T. ) ;
#2370 = ORIENTED_EDGE ( 'NONE', *, *, #4503, .F. ) ;
#2371 = ORIENTED_EDGE ( 'NONE', *, *, #6362, .T. ) ;
#2372 = FACE_OUTER_BOUND ( 'NONE', #2178, .T. ) ;
#2373 = CARTESIAN_POINT ( 'NONE',  ( 0.4500000000000460298, -0.4500000000000000111, 0.2100000000000000200 ) ) ;
#2374 = DIRECTION ( 'NONE',  ( -1.000000000000000000, -6.021548608136700101E-14, 0.000000000000000000 ) ) ;
#2375 = ORIENTED_EDGE ( 'NONE', *, *, #3241, .F. ) ;
#2376 = AXIS2_PLACEMENT_3D ( 'NONE', #2824, #4949, #353 ) ;
#2377 = DIRECTION ( 'NONE',  ( 0.000000000000000000, 0.000000000000000000, 1.000000000000000000 ) ) ;
#2378 = DIRECTION ( 'NONE',  ( -1.000000000000000000, -7.894919286215560105E-14, 0.000000000000000000 ) ) ;
#2379 = ORIENTED_EDGE ( 'NONE', *, *, #4321, .T. ) ;
#2380 = CARTESIAN_POINT ( 'NONE',  ( 0.4813136180774789663, 0.009999999999969588771, 0.2025501016794644948 ) ) ;
#2381 = LINE ( 'NONE', #4501, #3590 ) ;
#2382 = VERTEX_POINT ( 'NONE', #934 ) ;
#2383 = EDGE_CURVE ( 'NONE', #4645, #1102, #1911, .T. ) ;
#2384 = DIRECTION ( 'NONE',  ( 0.000000000000000000, -1.000000000000000000, 0.000000000000000000 ) ) ;
#2385 = ORIENTED_EDGE ( 'NONE', *, *, #3774, .T. ) ;
#2386 = ORIENTED_EDGE ( 'NONE', *, *, #5181, .T. ) ;
#2387 = CARTESIAN_POINT ( 'NONE',  ( 0.000000000000000000, 0.2750000000000409894, 0.01000000000000000021 ) ) ;
#2388 = EDGE_CURVE ( 'NONE', #4742, #6146, #4982, .T. ) ;
#2389 = DIRECTION ( 'NONE',  ( 0.000000000000000000, -1.000000000000000000, 0.000000000000000000 ) ) ;
#2390 = CARTESIAN_POINT ( 'NONE',  ( 0.5781978684800610502, -0.3218021315200090271, 0.08500000000000000611 ) ) ;
#2391 = VECTOR ( 'NONE', #1841, 1000.000000000000000 ) ;
#2392 = VERTEX_POINT ( 'NONE', #3953 ) ;
#2393 = EDGE_CURVE ( 'NONE', #6280, #234, #364, .T. ) ;
#2394 = DIRECTION ( 'NONE',  ( 0.000000000000000000, -1.000000000000000000, 0.000000000000000000 ) ) ;
#2395 = DIRECTION ( 'NONE',  ( 0.000000000000000000, 0.000000000000000000, 1.000000000000000000 ) ) ;
#2396 = FILL_AREA_STYLE ('',( #6014 ) ) ;
#2397 = FACE_OUTER_BOUND ( 'NONE', #2748, .T. ) ;
#2398 = DIRECTION ( 'NONE',  ( -0.5082206017322946634, -0.5082206017325882064, -0.6952867321827953528 ) ) ;
#2399 = ORIENTED_EDGE ( 'NONE', *, *, #4736, .F. ) ;
#2400 = DIRECTION ( 'NONE',  ( 0.000000000000000000, -1.000000000000000000, 0.000000000000000000 ) ) ;
#2401 = CARTESIAN_POINT ( 'NONE',  ( 3.131823069638469903, 1.350000000000000089, 0.2100000000000000200 ) ) ;
#2402 = EDGE_CURVE ( 'NONE', #705, #106, #2406, .T. ) ;
#2403 = DIRECTION ( 'NONE',  ( -3.533589775334555216E-14, 1.000000000000000000, -2.965033877216739765E-14 ) ) ;
#2404 = CARTESIAN_POINT ( 'NONE',  ( 3.700000000000045475, 0.6250000000000071054, 0.01000000000000000021 ) ) ;
#2405 = ORIENTED_EDGE ( 'NONE', *, *, #2887, .F. ) ;
#2406 = LINE ( 'NONE', #3443, #5083 ) ;
#2407 = CARTESIAN_POINT ( 'NONE',  ( 2.200000000000160050, 1.124999999999949818, 2.081668171172170239E-16 ) ) ;
#2408 = ORIENTED_EDGE ( 'NONE', *, *, #5938, .T. ) ;
#2409 = CARTESIAN_POINT ( 'NONE',  ( 3.550000000000410161, 0.5000000000000359712, 0.2100000000000000200 ) ) ;
#2410 = CYLINDRICAL_SURFACE ( 'NONE', #3686, 0.07500000000000001110 ) ;
#2411 = VECTOR ( 'NONE', #2054, 1000.000000000000000 ) ;
#2412 = ORIENTED_EDGE ( 'NONE', *, *, #1984, .T. ) ;
#2413 = CARTESIAN_POINT ( 'NONE',  ( 0.7800000000000859579, 0.9899999999999659073, 2.081668171172170239E-16 ) ) ;
#2414 = CIRCLE ( 'NONE', #6482, 0.1150000000000019756 ) ;
#2415 = EDGE_LOOP ( 'NONE', ( #1902, #4797, #3199, #5229 ) ) ;
#2416 = VECTOR ( 'NONE', #6471, 1000.000000000000000 ) ;
#2417 = ORIENTED_EDGE ( 'NONE', *, *, #3204, .T. ) ;
#2418 = CARTESIAN_POINT ( 'NONE',  ( 3.094302750716225070, 1.194302750716254025, 0.4019505212501655045 ) ) ;
#2419 = AXIS2_PLACEMENT_3D ( 'NONE', #3159, #5212, #2659 ) ;
#2420 = CARTESIAN_POINT ( 'NONE',  ( 0.5969863290748744777, -0.2258791577628091463, 0.8819253331742981095 ) ) ;
#2421 = DIRECTION ( 'NONE',  ( 0.000000000000000000, 0.000000000000000000, 1.000000000000000000 ) ) ;
#2422 = VECTOR ( 'NONE', #3463, 1000.000000000000000 ) ;
#2423 = VERTEX_POINT ( 'NONE', #3913 ) ;
#2424 = CARTESIAN_POINT ( 'NONE',  ( 3.180000000000000160, 0.8899999999999789191, 0.06000000000000290518 ) ) ;
#2425 = LINE ( 'NONE', #3324, #2345 ) ;
#2426 = CIRCLE ( 'NONE', #925, 0.07499999999999991396 ) ;
#2427 = CARTESIAN_POINT ( 'NONE',  ( 2.200000000000160050, 1.124999999999949818, 0.01000000000000000021 ) ) ;
#2428 = ADVANCED_FACE ( 'NONE', ( #900 ), #5963, .F. ) ;
#2429 = CARTESIAN_POINT ( 'NONE',  ( 0.6800000000000639977, 0.8899999999999649303, 0.2100000000000000200 ) ) ;
#2430 = CARTESIAN_POINT ( 'NONE',  ( 0.4875346646466418021, 1.284534679710284122, 0.2099999999999999922 ) ) ;
#2431 = ORIENTED_EDGE ( 'NONE', *, *, #2753, .T. ) ;
#2432 = PRESENTATION_STYLE_ASSIGNMENT (( #6019 ) ) ;
#2433 = LINE ( 'NONE', #2970, #2484 ) ;
#2434 = DIRECTION ( 'NONE',  ( 6.315935428978830158E-14, 1.000000000000000000, 0.000000000000000000 ) ) ;
#2435 = EDGE_CURVE ( 'NONE', #5493, #3364, #4552, .T. ) ;
#2436 = PLANE ( 'NONE',  #1283 ) ;
#2437 = VERTEX_POINT ( 'NONE', #5556 ) ;
#2438 =( GEOMETRIC_REPRESENTATION_CONTEXT ( 3 ) GLOBAL_UNCERTAINTY_ASSIGNED_CONTEXT ( ( #1220 ) ) GLOBAL_UNIT_ASSIGNED_CONTEXT ( ( #2800, #3671, #1403 ) ) REPRESENTATION_CONTEXT ( 'NONE', 'WORKASPACE' ) );
#2439 = DIRECTION ( 'NONE',  ( 0.000000000000000000, 0.000000000000000000, 1.000000000000000000 ) ) ;
#2440 = EDGE_CURVE ( 'NONE', #4404, #4554, #5835, .T. ) ;
#2441 =( LENGTH_UNIT ( ) NAMED_UNIT ( * ) SI_UNIT ( .MILLI., .METRE. ) );
#2442 = DIRECTION ( 'NONE',  ( 0.000000000000000000, 0.9848077530122060219, -0.1736481776669415722 ) ) ;
#2443 = ORIENTED_EDGE ( 'NONE', *, *, #1550, .F. ) ;
#2444 = AXIS2_PLACEMENT_3D ( 'NONE', #551, #1459, #6176 ) ;
#2445 = CARTESIAN_POINT ( 'NONE',  ( 3.025879157762859428, -0.2258791577628115055, 0.7900000000000000355 ) ) ;
#2446 = CARTESIAN_POINT ( 'NONE',  ( 3.700000000000275069, 0.8999999999999839240, 0.000000000000000000 ) ) ;
#2447 = ORIENTED_EDGE ( 'NONE', *, *, #249, .F. ) ;
#2448 = VECTOR ( 'NONE', #4430, 1000.000000000000227 ) ;
#2449 = LINE ( 'NONE', #1417, #1665 ) ;
#2450 = AXIS2_PLACEMENT_3D ( 'NONE', #2692, #4181, #192 ) ;
#2451 = VERTEX_POINT ( 'NONE', #2941 ) ;
#2452 = DIRECTION ( 'NONE',  ( 1.000000000000000000, -4.547473508864640180E-14, 0.000000000000000000 ) ) ;
#2453 = CARTESIAN_POINT ( 'NONE',  ( 1.850000000000365130, 0.4500000000000000111, 0.2100000000000000200 ) ) ;
#2454 = DIRECTION ( 'NONE',  ( 0.000000000000000000, -1.000000000000000000, 0.000000000000000000 ) ) ;
#2455 = EDGE_CURVE ( 'NONE', #2610, #6415, #6047, .T. ) ;
#2456 = ORIENTED_EDGE ( 'NONE', *, *, #473, .T. ) ;
#2457 = CARTESIAN_POINT ( 'NONE',  ( 3.250000000000000000, -0.4500000000000000111, 0.2100000000000000200 ) ) ;
#2458 = AXIS2_PLACEMENT_3D ( 'NONE', #657, #5354, #1636 ) ;
#2459 = CARTESIAN_POINT ( 'NONE',  ( 0.4500000000000460298, -0.3318230696385385259, 0.2100000000000000200 ) ) ;
#2460 = LINE ( 'NONE', #1963, #4998 ) ;
#2461 = DIRECTION ( 'NONE',  ( -0.1710878697462009657, 0.1710878697460414821, 0.9702875252477838330 ) ) ;
#2462 = PRODUCT ( 'SOD123HP-2_LF', 'SOD123HP-2_LF', '', ( #4707 ) ) ;
#2463 = EDGE_CURVE ( 'NONE', #5755, #5323, #1659, .T. ) ;
#2464 = ORIENTED_EDGE ( 'NONE', *, *, #2154, .F. ) ;
#2465 = VECTOR ( 'NONE', #1272, 1000.000000000000000 ) ;
#2466 = DIRECTION ( 'NONE',  ( 0.000000000000000000, 1.000000000000000000, 0.000000000000000000 ) ) ;
#2467 = CARTESIAN_POINT ( 'NONE',  ( 2.900000000000090061, 0.8399999999999610001, 0.01000000000000000021 ) ) ;
#2468 = CARTESIAN_POINT ( 'NONE',  ( 2.480000000000245119, 0.8999999999999199751, 0.01000000000000000021 ) ) ;
#2469 = LINE ( 'NONE', #6179, #3623 ) ;
#2470 = EDGE_CURVE ( 'NONE', #5939, #1102, #6464, .T. ) ;
#2471 = ORIENTED_EDGE ( 'NONE', *, *, #2927, .T. ) ;
#2472 = CARTESIAN_POINT ( 'NONE',  ( 0.6800000000001210632, 0.01000000000001221960, 0.1100000000000000006 ) ) ;
#2473 = ORIENTED_EDGE ( 'NONE', *, *, #3128, .T. ) ;
#2474 = EDGE_CURVE ( 'NONE', #4664, #367, #6054, .T. ) ;
#2475 = ORIENTED_EDGE ( 'NONE', *, *, #2953, .F. ) ;
#2476 = LINE ( 'NONE', #2943, #1455 ) ;
#2477 = EDGE_LOOP ( 'NONE', ( #4343, #5447, #778, #2222 ) ) ;
#2478 =( BOUNDED_CURVE ( )  B_SPLINE_CURVE ( 3, ( #5609, #4980, #1019, #3062 ),
 .UNSPECIFIED., .F., .F. ) 
 B_SPLINE_CURVE_WITH_KNOTS ( ( 4, 4 ),
 ( 4.088345692080891777E-14, 0.7703190329007614245 ),
 .UNSPECIFIED. ) 
 CURVE ( )  GEOMETRIC_REPRESENTATION_ITEM ( )  RATIONAL_B_SPLINE_CURVE ( ( 1.000000000000000000, 0.9511590086810803868, 0.9511590086810803868, 1.000000000000000000 ) ) 
 REPRESENTATION_ITEM ( '' )  );
#2479 = FACE_OUTER_BOUND ( 'NONE', #2830, .T. ) ;
#2480 = ADVANCED_FACE ( 'NONE', ( #4495 ), #460, .T. ) ;
#2481 = DIRECTION ( 'NONE',  ( 0.000000000000000000, 0.000000000000000000, 1.000000000000000000 ) ) ;
#2482 = ORIENTED_EDGE ( 'NONE', *, *, #53, .F. ) ;
#2483 = LINE ( 'NONE', #4505, #2416 ) ;
#2484 = VECTOR ( 'NONE', #5018, 999.9999999999998863 ) ;
#2485 = VERTEX_POINT ( 'NONE', #5519 ) ;
#2486 = EDGE_CURVE ( 'NONE', #5355, #2202, #6536, .T. ) ;
#2487 = CARTESIAN_POINT ( 'NONE',  ( 3.094302750716225070, 1.312479681077719951, 0.4227883025701970054 ) ) ;
#2488 = LINE ( 'NONE', #6549, #2315 ) ;
#2489 = LINE ( 'NONE', #983, #5328 ) ;
#2490 = VERTEX_POINT ( 'NONE', #6025 ) ;
#2491 = DIRECTION ( 'NONE',  ( -0.6427876096863800459, 0.000000000000000000, 0.7660444431191116843 ) ) ;
#2492 = VECTOR ( 'NONE', #5486, 1000.000000000000000 ) ;
#2493 = CARTESIAN_POINT ( 'NONE',  ( 0.5917892155808009980, 1.208210784419206041, 0.8190345742902899184 ) ) ;
#2494 = DIRECTION ( 'NONE',  ( -6.315935428978830158E-14, 1.000000000000000000, 0.000000000000000000 ) ) ;
#2495 = EDGE_LOOP ( 'NONE', ( #5475, #1486, #1113, #5788, #4769, #2545 ) ) ;
#2496 = CARTESIAN_POINT ( 'NONE',  ( 0.5781978684800610502, -7.105427357600998703E-15, 0.08500000000000000611 ) ) ;
#2497 = DIRECTION ( 'NONE',  ( 5.681219383820326374E-13, -1.000000000000000000, 0.000000000000000000 ) ) ;
#2498 = DIRECTION ( 'NONE',  ( 0.000000000000000000, 0.000000000000000000, -1.000000000000000000 ) ) ;
#2499 = FACE_OUTER_BOUND ( 'NONE', #3641, .T. ) ;
#2500 = ORIENTED_EDGE ( 'NONE', *, *, #53, .T. ) ;
#2501 = EDGE_CURVE ( 'NONE', #6248, #5057, #869, .T. ) ;
#2502 = LINE ( 'NONE', #2975, #4021 ) ;
#2503 = ORIENTED_EDGE ( 'NONE', *, *, #668, .T. ) ;
#2504 = VERTEX_POINT ( 'NONE', #2101 ) ;
#2505 = DIRECTION ( 'NONE',  ( -1.000000000000000000, 6.269494727294420222E-14, 0.000000000000000000 ) ) ;
#2506 = ORIENTED_EDGE ( 'NONE', *, *, #508, .F. ) ;
#2507 = PLANE ( 'NONE',  #1811 ) ;
#2508 = LINE ( 'NONE', #1472, #1350 ) ;
#2509 = ORIENTED_EDGE ( 'NONE', *, *, #3422, .T. ) ;
#2510 = EDGE_CURVE ( 'NONE', #4825, #1279, #5644, .T. ) ;
#2511 = DIRECTION ( 'NONE',  ( 2.145034673992404926E-13, 1.000000000000000000, 0.000000000000000000 ) ) ;
#2512 = ORIENTED_EDGE ( 'NONE', *, *, #5003, .F. ) ;
#2513 = DIRECTION ( 'NONE',  ( 0.000000000000000000, 1.000000000000000000, 0.000000000000000000 ) ) ;
#2514 = EDGE_CURVE ( 'NONE', #3329, #757, #4647, .T. ) ;
#2515 = VECTOR ( 'NONE', #2957, 1000.000000000000000 ) ;
#2516 = CIRCLE ( 'NONE', #3587, 0.1249999999999858030 ) ;
#2517 = CARTESIAN_POINT ( 'NONE',  ( 2.900000000000090061, 0.01000000000001221960, 0.01000000000000000021 ) ) ;
#2518 = LINE ( 'NONE', #4572, #4029 ) ;
#2519 = CARTESIAN_POINT ( 'NONE',  ( 0.5200000000002089617, 0.009999999999969588771, 0.2100000000000000200 ) ) ;
#2520 = CIRCLE ( 'NONE', #488, 0.05000000000001850881 ) ;
#2521 = EDGE_CURVE ( 'NONE', #1210, #3991, #3668, .T. ) ;
#2522 = CIRCLE ( 'NONE', #1452, 0.07499999999999799882 ) ;
#2523 = EDGE_LOOP ( 'NONE', ( #4473, #4502, #3200, #4376 ) ) ;
#2524 = CIRCLE ( 'NONE', #4884, 0.07499999999999695799 ) ;
#2525 = LINE ( 'NONE', #2614, #2983 ) ;
#2526 = DIRECTION ( 'NONE',  ( 3.065908775657505526E-14, 1.000000000000000000, -2.572602922878880012E-14 ) ) ;
#2527 = CARTESIAN_POINT ( 'NONE',  ( 0.7800000000000859579, -0.09000000000000341061, 0.1100000000000000006 ) ) ;
#2528 = EDGE_LOOP ( 'NONE', ( #57, #1031, #826, #979 ) ) ;
#2529 = LINE ( 'NONE', #5147, #3184 ) ;
#2530 = AXIS2_PLACEMENT_3D ( 'NONE', #348, #1421, #5572 ) ;
#2531 = LINE ( 'NONE', #85, #133 ) ;
#2532 = DIRECTION ( 'NONE',  ( 0.000000000000000000, -1.000000000000000000, 0.000000000000000000 ) ) ;
#2533 = FACE_BOUND ( 'NONE', #5260, .T. ) ;
#2534 = EDGE_LOOP ( 'NONE', ( #3474, #1824, #4429, #1090, #3559 ) ) ;
#2535 = CARTESIAN_POINT ( 'NONE',  ( 0.5900000000000320544, -2.842170943040399481E-14, 0.000000000000000000 ) ) ;
#2536 = EDGE_LOOP ( 'NONE', ( #1946, #43, #5184, #3637, #5799 ) ) ;
#2537 = ORIENTED_EDGE ( 'NONE', *, *, #392, .T. ) ;
#2538 = ADVANCED_FACE ( 'NONE', ( #4048 ), #2627, .F. ) ;
#2539 = DIRECTION ( 'NONE',  ( 0.000000000000000000, 0.000000000000000000, 1.000000000000000000 ) ) ;
#2540 = DIRECTION ( 'NONE',  ( 0.000000000000000000, 0.000000000000000000, -1.000000000000000000 ) ) ;
#2541 = FACE_OUTER_BOUND ( 'NONE', #134, .T. ) ;
#2542 = ORIENTED_EDGE ( 'NONE', *, *, #3355, .T. ) ;
#2543 = LINE ( 'NONE', #2048, #388 ) ;
#2544 = VECTOR ( 'NONE', #3973, 1000.000000000000000 ) ;
#2545 = ORIENTED_EDGE ( 'NONE', *, *, #4985, .T. ) ;
#2546 = DIRECTION ( 'NONE',  ( 0.000000000000000000, -1.000000000000000000, 0.000000000000000000 ) ) ;
#2547 = DIRECTION ( 'NONE',  ( 0.1710878697460434250, -0.1710878697461029330, -0.9702875252478005974 ) ) ;
#2548 = ADVANCED_FACE ( 'NONE', ( #5589 ), #3039, .T. ) ;
#2549 = MECHANICAL_DESIGN_GEOMETRIC_PRESENTATION_REPRESENTATION (  '', ( #3726 ), #2649 ) ;
#2550 = LINE ( 'NONE', #475, #2613 ) ;
#2551 = DIRECTION ( 'NONE',  ( 0.000000000000000000, -1.000000000000000000, 0.000000000000000000 ) ) ;
#2552 = LINE ( 'NONE', #4100, #5015 ) ;
#2553 = EDGE_CURVE ( 'NONE', #1662, #5367, #2414, .T. ) ;
#2554 = ORIENTED_EDGE ( 'NONE', *, *, #843, .F. ) ;
#2555 = AXIS2_PLACEMENT_3D ( 'NONE', #2045, #1004, #1038 ) ;
#2556 = EDGE_CURVE ( 'NONE', #2199, #529, #6587, .T. ) ;
#2557 = AXIS2_PLACEMENT_3D ( 'NONE', #1871, #2403, #4455 ) ;
#2558 = CYLINDRICAL_SURFACE ( 'NONE', #523, 0.1249999999999432954 ) ;
#2559 = CYLINDRICAL_SURFACE ( 'NONE', #1034, 0.07500000000000005274 ) ;
#2560 = FACE_OUTER_BOUND ( 'NONE', #2940, .T. ) ;
#2561 = ORIENTED_EDGE ( 'NONE', *, *, #2234, .F. ) ;
#2562 = CARTESIAN_POINT ( 'NONE',  ( 0.5299887977535542305, -7.105427357600998703E-15, 0.02754666676609038994 ) ) ;
#2563 = CARTESIAN_POINT ( 'NONE',  ( 0.1499999999999204192, 0.5000000000000359712, 0.2100000000000000200 ) ) ;
#2564 = CARTESIAN_POINT ( 'NONE',  ( 3.121802131519984869, 0.01499999999999346127, 0.08500000000000000611 ) ) ;
#2565 = CARTESIAN_POINT ( 'NONE',  ( 0.5559439118757719678, -7.105427357600998703E-15, 0.8108377813200310369 ) ) ;
#2566 = EDGE_LOOP ( 'NONE', ( #6433, #677, #2370, #5696 ) ) ;
#2567 = EDGE_CURVE ( 'NONE', #4199, #743, #484, .T. ) ;
#2568 = LINE ( 'NONE', #6216, #385 ) ;
#2569 = AXIS2_PLACEMENT_3D ( 'NONE', #4427, #6465, #1875 ) ;
#2570 = ORIENTED_EDGE ( 'NONE', *, *, #3954, .F. ) ;
#2571 = ORIENTED_EDGE ( 'NONE', *, *, #747, .T. ) ;
#2572 = PRESENTATION_STYLE_ASSIGNMENT (( #4088 ) ) ;
#2573 = DIRECTION ( 'NONE',  ( -0.5082206017322783431, 0.5082206017326686975, -0.6952867321827486125 ) ) ;
#2574 = CARTESIAN_POINT ( 'NONE',  ( 0.5681769303615169520, 1.349999999999985878, 0.2100000000000000200 ) ) ;
#2575 = ORIENTED_EDGE ( 'NONE', *, *, #516, .T. ) ;
#2576 = LINE ( 'NONE', #6195, #5734 ) ;
#2577 = EDGE_LOOP ( 'NONE', ( #895, #1748, #4737, #1752 ) ) ;
#2578 = CYLINDRICAL_SURFACE ( 'NONE', #5660, 0.1199999999999999400 ) ;
#2579 = CARTESIAN_POINT ( 'NONE',  ( 0.5043372870040910838, 0.8849999999999840217, 0.07197638667496689124 ) ) ;
#2580 = EDGE_CURVE ( 'NONE', #4556, #6617, #2196, .T. ) ;
#2581 = CARTESIAN_POINT ( 'NONE',  ( 0.6800000000000000488, -0.09000000000003180456, 2.081668171172170239E-16 ) ) ;
#2582 = DIRECTION ( 'NONE',  ( -1.000000000000000000, 6.021548608136700101E-14, 0.000000000000000000 ) ) ;
#2583 = ORIENTED_EDGE ( 'NONE', *, *, #4898, .F. ) ;
#2584 = EDGE_CURVE ( 'NONE', #606, #3755, #2516, .T. ) ;
#2585 = CARTESIAN_POINT ( 'NONE',  ( 2.250000000000114575, 0.07421219646227679434, 0.06000000000000140638 ) ) ;
#2586 = DIRECTION ( 'NONE',  ( 0.000000000000000000, -0.9848077530122084644, 0.1736481776669280552 ) ) ;
#2587 = CYLINDRICAL_SURFACE ( 'NONE', #5511, 0.1249999999999858030 ) ;
#2588 = DIRECTION ( 'NONE',  ( 1.000000000000000000, 0.000000000000000000, 0.000000000000000000 ) ) ;
#2589 = ADVANCED_FACE ( 'NONE', ( #55 ), #1, .F. ) ;
#2590 = ORIENTED_EDGE ( 'NONE', *, *, #5376, .T. ) ;
#2591 = CARTESIAN_POINT ( 'NONE',  ( 0.4500000000000460298, 0.8999999999999630518, 0.2100000000000000200 ) ) ;
#2592 = FACE_OUTER_BOUND ( 'NONE', #2316, .T. ) ;
#2593 = DIRECTION ( 'NONE',  ( 0.000000000000000000, 0.000000000000000000, 1.000000000000000000 ) ) ;
#2594 = CARTESIAN_POINT ( 'NONE',  ( 0.7800000000000859579, 0.1167121964622949981, 0.06000000000000140638 ) ) ;
#2595 = ORIENTED_EDGE ( 'NONE', *, *, #2808, .F. ) ;
#2596 = CARTESIAN_POINT ( 'NONE',  ( 0.5338150699214435635, -0.4200000000000064238, 0.2099999999999999922 ) ) ;
#2597 = ORIENTED_EDGE ( 'NONE', *, *, #3383, .F. ) ;
#2598 = ORIENTED_EDGE ( 'NONE', *, *, #3863, .F. ) ;
#2599 = EDGE_CURVE ( 'NONE', #6128, #3192, #2137, .T. ) ;
#2600 = CARTESIAN_POINT ( 'NONE',  ( 2.850000000000080025, 0.06000000000000939998, 0.06000000000000130229 ) ) ;
#2601 = DIRECTION ( 'NONE',  ( 0.000000000000000000, 0.000000000000000000, 1.000000000000000000 ) ) ;
#2602 = CARTESIAN_POINT ( 'NONE',  ( 2.850000000000080025, 0.8399999999999819833, 0.06000000000000130229 ) ) ;
#2603 = ORIENTED_EDGE ( 'NONE', *, *, #3820, .F. ) ;
#2604 = CARTESIAN_POINT ( 'NONE',  ( 0.5781978684800610502, 0.8899999999999999023, 0.01000000000000000021 ) ) ;
#2605 = VERTEX_POINT ( 'NONE', #3103 ) ;
#2606 = DIRECTION ( 'NONE',  ( 0.000000000000000000, -0.6427876096865189348, 0.7660444431189951109 ) ) ;
#2607 = CARTESIAN_POINT ( 'NONE',  ( 3.218686381922910122, 0.009999999999969588771, 0.2025501016794644948 ) ) ;
#2608 = DIRECTION ( 'NONE',  ( 0.000000000000000000, 0.000000000000000000, 1.000000000000000000 ) ) ;
#2609 = CARTESIAN_POINT ( 'NONE',  ( 0.5899999999999749889, 0.8999999999999559464, 0.000000000000000000 ) ) ;
#2610 = VERTEX_POINT ( 'NONE', #2041 ) ;
#2611 = EDGE_CURVE ( 'NONE', #4554, #6422, #5948, .T. ) ;
#2612 = VECTOR ( 'NONE', #6347, 1000.000000000000000 ) ;
#2613 = VECTOR ( 'NONE', #1448, 1000.000000000000000 ) ;
#2614 = CARTESIAN_POINT ( 'NONE',  ( 0.7800000000000859579, 0.1799999999999924993, 0.01000000000000000021 ) ) ;
#2615 = AXIS2_PLACEMENT_3D ( 'NONE', #5566, #6066, #5436 ) ;
#2616 = LINE ( 'NONE', #4204, #6268 ) ;
#2617 = CARTESIAN_POINT ( 'NONE',  ( 0.000000000000000000, 0.8899999999999999023, 0.01000000000000000021 ) ) ;
#2618 = APPLICATION_PROTOCOL_DEFINITION ( 'draft international standard', 'automotive_design', 1998, #819 ) ;
#2619 = EDGE_LOOP ( 'NONE', ( #4367, #2298, #6088, #30 ) ) ;
#2620 = DIRECTION ( 'NONE',  ( -1.000000000000000000, 0.000000000000000000, 0.000000000000000000 ) ) ;
#2621 = PLANE ( 'NONE',  #4197 ) ;
#2622 = CARTESIAN_POINT ( 'NONE',  ( 2.775000000000320100, -4.263256414560599853E-14, 0.01000000000000000021 ) ) ;
#2624 = DIRECTION ( 'NONE',  ( 0.6427876096867566336, 0.000000000000000000, -0.7660444431187957148 ) ) ;
#2623 = PRODUCT_DEFINITION_CONTEXT ( 'detailed design', #819, 'design' ) ;
#2625 = AXIS2_PLACEMENT_3D ( 'NONE', #1588, #1088, #3220 ) ;
#2626 = ADVANCED_FACE ( 'NONE', ( #3132 ), #586, .T. ) ;
#2627 = PLANE ( 'NONE',  #5092 ) ;
#2628 = ORIENTED_EDGE ( 'NONE', *, *, #1084, .F. ) ;
#2629 = CIRCLE ( 'NONE', #502, 0.07500000000000002498 ) ;
#2630 = ORIENTED_EDGE ( 'NONE', *, *, #5538, .F. ) ;
#2631 = FACE_OUTER_BOUND ( 'NONE', #1714, .T. ) ;
#2632 = EDGE_CURVE ( 'NONE', #1358, #4251, #3570, .T. ) ;
#2633 = AXIS2_PLACEMENT_3D ( 'NONE', #482, #4038, #1058 ) ;
#2634 = ORIENTED_EDGE ( 'NONE', *, *, #3915, .F. ) ;
#2635 = CARTESIAN_POINT ( 'NONE',  ( 3.550000000000125056, 0.5000000000000279776, 0.2100000000000000200 ) ) ;
#2636 = LINE ( 'NONE', #1006, #111 ) ;
#2637 = ORIENTED_EDGE ( 'NONE', *, *, #804, .F. ) ;
#2638 = AXIS2_PLACEMENT_3D ( 'NONE', #511, #3588, #3090 ) ;
#2639 = EDGE_CURVE ( 'NONE', #5030, #1040, #1554, .T. ) ;
#2640 = CARTESIAN_POINT ( 'NONE',  ( 3.220000000000000195, 1.246139418524087938, 0.2100000000000000200 ) ) ;
#2641 = ORIENTED_EDGE ( 'NONE', *, *, #5140, .T. ) ;
#2642 = CARTESIAN_POINT ( 'NONE',  ( 3.109999999999999876, 0.8899999999999789191, 2.081668171172170239E-16 ) ) ;
#2643 = FACE_OUTER_BOUND ( 'NONE', #5360, .T. ) ;
#2644 = VECTOR ( 'NONE', #2481, 1000.000000000000000 ) ;
#2645 = CARTESIAN_POINT ( 'NONE',  ( 0.4800000000000180234, -2.131628207280299927E-14, 0.2100000000000000200 ) ) ;
#2646 = DIRECTION ( 'NONE',  ( 1.000000000000000000, -8.006115332508080925E-14, 0.000000000000000000 ) ) ;
#2647 = ORIENTED_EDGE ( 'NONE', *, *, #3657, .F. ) ;
#2648 = AXIS2_PLACEMENT_3D ( 'NONE', #3830, #4874, #5410 ) ;
#2649 =( GEOMETRIC_REPRESENTATION_CONTEXT ( 3 ) GLOBAL_UNCERTAINTY_ASSIGNED_CONTEXT ( ( #6592 ) ) GLOBAL_UNIT_ASSIGNED_CONTEXT ( ( #1295, #6418, #1961 ) ) REPRESENTATION_CONTEXT ( 'NONE', 'WORKASPACE' ) );
#2650 = LINE ( 'NONE', #3727, #3185 ) ;
#2651 = EDGE_CURVE ( 'NONE', #2898, #3072, #2568, .T. ) ;
#2652 = CARTESIAN_POINT ( 'NONE',  ( 0.7359158380230039764, 0.009999999999962478139, 0.06000000000000140638 ) ) ;
#2654 = DIRECTION ( 'NONE',  ( -4.544975507057685643E-13, 1.000000000000000000, 0.000000000000000000 ) ) ;
#2653 = VECTOR ( 'NONE', #1133, 1000.000000000000000 ) ;
#2655 = ORIENTED_EDGE ( 'NONE', *, *, #5738, .T. ) ;
#2656 = AXIS2_PLACEMENT_3D ( 'NONE', #6345, #5786, #2624 ) ;
#2657 = LINE ( 'NONE', #3663, #4690 ) ;
#2658 = CYLINDRICAL_SURFACE ( 'NONE', #4090, 0.1200000000000000511 ) ;
#2659 = DIRECTION ( 'NONE',  ( 0.000000000000000000, 1.000000000000000000, 0.000000000000000000 ) ) ;
#2660 =( LENGTH_UNIT ( ) NAMED_UNIT ( * ) SI_UNIT ( .MILLI., .METRE. ) );
#2661 = VECTOR ( 'NONE', #3100, 1000.000000000000000 ) ;
#2662 = EDGE_CURVE ( 'NONE', #1269, #5646, #4127, .T. ) ;
#2663 = DIRECTION ( 'NONE',  ( 0.000000000000000000, 0.000000000000000000, -1.000000000000000000 ) ) ;
#2664 = ORIENTED_EDGE ( 'NONE', *, *, #637, .F. ) ;
#2665 = ORIENTED_EDGE ( 'NONE', *, *, #1771, .F. ) ;
#2666 = CARTESIAN_POINT ( 'NONE',  ( 0.000000000000000000, 0.6149999999999670175, 0.000000000000000000 ) ) ;
#2667 = ORIENTED_EDGE ( 'NONE', *, *, #442, .T. ) ;
#2668 = LINE ( 'NONE', #5188, #2653 ) ;
#2669 = LINE ( 'NONE', #2804, #3528 ) ;
#2670 = AXIS2_PLACEMENT_3D ( 'NONE', #3982, #6023, #1434 ) ;
#2671 = ORIENTED_EDGE ( 'NONE', *, *, #3752, .F. ) ;
#2672 = VECTOR ( 'NONE', #132, 1000.000000000000000 ) ;
#2673 = ADVANCED_FACE ( 'NONE', ( #5888 ), #2797, .T. ) ;
#2674 = DIRECTION ( 'NONE',  ( 0.6860968888037118907, -0.6860968888031819812, -0.2419547857523410561 ) ) ;
#2675 = CARTESIAN_POINT ( 'NONE',  ( 3.132565666220471279, 1.294550392147938656, 0.07027461727619971343 ) ) ;
#2676 = EDGE_CURVE ( 'NONE', #3710, #3670, #5312, .T. ) ;
#2677 = VERTEX_POINT ( 'NONE', #5852 ) ;
#2678 = DIRECTION ( 'NONE',  ( 6.269494727294420222E-14, -1.000000000000000000, 0.000000000000000000 ) ) ;
#2679 = CARTESIAN_POINT ( 'NONE',  ( 0.5899999999999749889, 0.8899999999999999023, 0.01000000000000020144 ) ) ;
#2680 = CARTESIAN_POINT ( 'NONE',  ( 0.02500000000003410258, 0.4000000000000270006, 0.01000000000000000021 ) ) ;
#2681 = ORIENTED_EDGE ( 'NONE', *, *, #4340, .F. ) ;
#2682 = EDGE_CURVE ( 'NONE', #3156, #4344, #6381, .T. ) ;
#2683 = VECTOR ( 'NONE', #2325, 1000.000000000000000 ) ;
#2684 = DIRECTION ( 'NONE',  ( -0.9848077530121933654, 0.000000000000000000, -0.1736481776670135979 ) ) ;
#2685 = CARTESIAN_POINT ( 'NONE',  ( 0.5299887977535542305, 0.8999999999999559464, 0.02754666676609038994 ) ) ;
#2686 = CARTESIAN_POINT ( 'NONE',  ( 3.144056088124274950, -0.2258791577628045111, 0.8108377813200240425 ) ) ;
#2687 = DIRECTION ( 'NONE',  ( 1.000000000000000000, 0.000000000000000000, 0.000000000000000000 ) ) ;
#2688 = ORIENTED_EDGE ( 'NONE', *, *, #911, .T. ) ;
#2689 = CIRCLE ( 'NONE', #3328, 0.1000000000000654254 ) ;
#2690 = CARTESIAN_POINT ( 'NONE',  ( 3.108938280303334967, -0.4271152106648300473, 0.3397860897023494697 ) ) ;
#2691 = LINE ( 'NONE', #3733, #5054 ) ;
#2692 = CARTESIAN_POINT ( 'NONE',  ( 1.150000000000090061, 1.125879157762802008, 0.7900000000000000355 ) ) ;
#2693 = DIRECTION ( 'NONE',  ( 0.000000000000000000, 0.9848077530122059109, -0.1736481776669426269 ) ) ;
#2694 = VERTEX_POINT ( 'NONE', #4282 ) ;
#2695 = EDGE_LOOP ( 'NONE', ( #2783, #3408, #971, #2703 ) ) ;
#2696 = CARTESIAN_POINT ( 'NONE',  ( 0.4517632698071449848, -2.131628207280299927E-14, 0.2200000000000000011 ) ) ;
#2697 = ORIENTED_EDGE ( 'NONE', *, *, #4170, .F. ) ;
#2698 = CARTESIAN_POINT ( 'NONE',  ( 1.220000000000025953, 0.8999999999999199751, 0.01000000000000000021 ) ) ;
#2699 = DIRECTION ( 'NONE',  ( 1.000000000000000000, -8.881784197002391439E-15, 0.000000000000000000 ) ) ;
#2700 = VERTEX_POINT ( 'NONE', #125 ) ;
#2701 = FACE_OUTER_BOUND ( 'NONE', #97, .T. ) ;
#2702 = CARTESIAN_POINT ( 'NONE',  ( 0.5899999999999749889, 0.8999999999999559464, 0.2200000000000000011 ) ) ;
#2703 = ORIENTED_EDGE ( 'NONE', *, *, #3148, .F. ) ;
#2704 = CARTESIAN_POINT ( 'NONE',  ( 0.02499999999992040187, 0.6149999999999450351, 0.000000000000000000 ) ) ;
#2705 = CARTESIAN_POINT ( 'NONE',  ( 0.7800000000000859579, -0.2249999999999590106, 0.01000000000000020144 ) ) ;
#2706 = EDGE_CURVE ( 'NONE', #4464, #3951, #6316, .T. ) ;
#2707 = DIRECTION ( 'NONE',  ( -0.1710878697460479769, -0.1710878697459789766, 0.9702875252478218027 ) ) ;
#2708 = ORIENTED_EDGE ( 'NONE', *, *, #2032, .T. ) ;
#2709 = ORIENTED_EDGE ( 'NONE', *, *, #5292, .T. ) ;
#2710 = ORIENTED_EDGE ( 'NONE', *, *, #5329, .F. ) ;
#2711 = EDGE_CURVE ( 'NONE', #1913, #2891, #3490, .T. ) ;
#2712 = ORIENTED_EDGE ( 'NONE', *, *, #2221, .T. ) ;
#2713 = DIRECTION ( 'NONE',  ( 0.000000000000000000, 0.000000000000000000, 1.000000000000000000 ) ) ;
#2714 = EDGE_CURVE ( 'NONE', #5611, #1632, #706, .T. ) ;
#2715 = CARTESIAN_POINT ( 'NONE',  ( 3.249999999999961808, 1.263895888125720068, 0.2099999999999999922 ) ) ;
#2716 = DIRECTION ( 'NONE',  ( -1.000000000000000000, 0.000000000000000000, 0.000000000000000000 ) ) ;
#2717 = VERTEX_POINT ( 'NONE', #3294 ) ;
#2718 =( BOUNDED_CURVE ( )  B_SPLINE_CURVE ( 3, ( #4672, #2162, #4241, #4813 ),
 .UNSPECIFIED., .F., .F. ) 
 B_SPLINE_CURVE_WITH_KNOTS ( ( 4, 4 ),
 ( 5.512866274278275469, 6.283185307179572021 ),
 .UNSPECIFIED. ) 
 CURVE ( )  GEOMETRIC_REPRESENTATION_ITEM ( )  RATIONAL_B_SPLINE_CURVE ( ( 1.000000000000000000, 0.9511590086810064459, 0.9511590086810064459, 1.000000000000000000 ) ) 
 REPRESENTATION_ITEM ( '' )  );
#2719 = DIRECTION ( 'NONE',  ( 1.000000000000000000, -4.547473508864640180E-14, 0.000000000000000000 ) ) ;
#2720 = AXIS2_PLACEMENT_3D ( 'NONE', #4474, #2358, #3351 ) ;
#2721 = DIRECTION ( 'NONE',  ( 1.000000000000000000, 0.000000000000000000, 0.000000000000000000 ) ) ;
#2722 = CARTESIAN_POINT ( 'NONE',  ( 0.5899999999999749889, -2.842170943040399481E-14, 0.000000000000000000 ) ) ;
#2723 = AXIS2_PLACEMENT_3D ( 'NONE', #4409, #2362, #2820 ) ;
#2724 = AXIS2_PLACEMENT_3D ( 'NONE', #1373, #3008, #5929 ) ;
#2725 = DIRECTION ( 'NONE',  ( 1.000000000000000000, -2.844946500603256609E-13, 0.000000000000000000 ) ) ;
#2726 = ORIENTED_EDGE ( 'NONE', *, *, #3366, .F. ) ;
#2727 = EDGE_LOOP ( 'NONE', ( #4518, #3962, #3822, #5027 ) ) ;
#2728 = VECTOR ( 'NONE', #1104, 1000.000000000000000 ) ;
#2729 = DIRECTION ( 'NONE',  ( 1.000000000000000000, -5.684341886098900102E-13, 0.000000000000000000 ) ) ;
#2730 = VECTOR ( 'NONE', #471, 1000.000000000000000 ) ;
#2731 = ORIENTED_EDGE ( 'NONE', *, *, #1134, .F. ) ;
#2732 = LINE ( 'NONE', #2172, #3841 ) ;
#2733 = LINE ( 'NONE', #294, #1285 ) ;
#2734 = ORIENTED_EDGE ( 'NONE', *, *, #6076, .T. ) ;
#2735 = VECTOR ( 'NONE', #5964, 1000.000000000000000 ) ;
#2736 = DIRECTION ( 'NONE',  ( 1.000000000000000000, -2.844946500603256609E-13, 0.000000000000000000 ) ) ;
#2737 = EDGE_CURVE ( 'NONE', #5295, #6107, #602, .T. ) ;
#2738 = CIRCLE ( 'NONE', #6498, 0.07499999999999999722 ) ;
#2739 = EDGE_LOOP ( 'NONE', ( #2664, #4442, #6473, #5331 ) ) ;
#2740 = PLANE ( 'NONE',  #518 ) ;
#2741 = VECTOR ( 'NONE', #3682, 1000.000000000000000 ) ;
#2742 = FACE_OUTER_BOUND ( 'NONE', #5121, .T. ) ;
#2743 = ORIENTED_EDGE ( 'NONE', *, *, #5428, .T. ) ;
#2744 = EDGE_CURVE ( 'NONE', #1414, #6234, #4135, .T. ) ;
#2745 = DIRECTION ( 'NONE',  ( -1.000000000000000000, 0.000000000000000000, 0.000000000000000000 ) ) ;
#2746 = VERTEX_POINT ( 'NONE', #5347 ) ;
#2747 = ORIENTED_EDGE ( 'NONE', *, *, #5969, .F. ) ;
#2748 = EDGE_LOOP ( 'NONE', ( #1076, #5828, #3756, #1308, #5255, #393, #4350, #1759, #2473, #4106 ) ) ;
#2749 = EDGE_CURVE ( 'NONE', #5757, #5313, #3835, .T. ) ;
#2750 = VERTEX_POINT ( 'NONE', #4783 ) ;
#2751 = PRESENTATION_LAYER_ASSIGNMENT (  '', '', ( #1910 ) ) ;
#2752 = CARTESIAN_POINT ( 'NONE',  ( 0.4800000000000180234, 0.8849999999999840217, 0.2100000000000000200 ) ) ;
#2753 = EDGE_CURVE ( 'NONE', #4686, #1949, #5787, .T. ) ;
#2754 = CARTESIAN_POINT ( 'NONE',  ( 3.700000000000045475, 0.8899999999999859135, 0.01000000000000000021 ) ) ;
#2755 = FACE_OUTER_BOUND ( 'NONE', #2739, .T. ) ;
#2756 = EDGE_LOOP ( 'NONE', ( #5746, #645, #2799, #314, #5282, #430, #4718, #3125, #4264, #3578, #5315, #5086, #2080, #119, #4070, #2743, #2405, #6443, #3458, #4298 ) ) ;
#2757 = AXIS2_PLACEMENT_3D ( 'NONE', #2000, #6558, #2620 ) ;
#2758 = AXIS2_PLACEMENT_3D ( 'NONE', #5673, #6106, #4539 ) ;
#2759 = EDGE_CURVE ( 'NONE', #4006, #1430, #1798, .T. ) ;
#2760 = DIRECTION ( 'NONE',  ( 1.000000000000000000, 6.021548608136700101E-14, 0.000000000000000000 ) ) ;
#2761 = AXIS2_PLACEMENT_3D ( 'NONE', #1018, #1994, #4003 ) ;
#2762 = LINE ( 'NONE', #5713, #2161 ) ;
#2763 = DIRECTION ( 'NONE',  ( 0.000000000000000000, 0.000000000000000000, -1.000000000000000000 ) ) ;
#2764 = AXIS2_PLACEMENT_3D ( 'NONE', #6468, #2981, #4558 ) ;
#2765 = CARTESIAN_POINT ( 'NONE',  ( 2.900000000000090061, 0.06000000000003070239, 0.01000000000000000021 ) ) ;
#2766 = VECTOR ( 'NONE', #4950, 1000.000000000000000 ) ;
#2767 = VERTEX_POINT ( 'NONE', #4246 ) ;
#2768 = ORIENTED_EDGE ( 'NONE', *, *, #4317, .F. ) ;
#2769 = SURFACE_STYLE_USAGE ( .BOTH. , #721 ) ;
#2770 = EDGE_LOOP ( 'NONE', ( #4362, #4989, #3026, #3139 ) ) ;
#2771 = AXIS2_PLACEMENT_3D ( 'NONE', #3644, #1103, #723 ) ;
#2772 = ADVANCED_FACE ( 'NONE', ( #784 ), #2827, .F. ) ;
#2773 = CARTESIAN_POINT ( 'NONE',  ( 2.250000000000114575, -0.1750000000000044853, 0.01000000000000000021 ) ) ;
#2774 = CARTESIAN_POINT ( 'NONE',  ( 3.675000000000179678, 0.4999999999999929501, 0.000000000000000000 ) ) ;
#2775 = ORIENTED_EDGE ( 'NONE', *, *, #4155, .F. ) ;
#2776 = CARTESIAN_POINT ( 'NONE',  ( 3.094302750716225070, 1.194302750716254025, 0.4019505212501655045 ) ) ;
#2777 = DIRECTION ( 'NONE',  ( 5.681219383821133158E-13, -1.000000000000000000, 0.000000000000000000 ) ) ;
#2778 = ORIENTED_EDGE ( 'NONE', *, *, #3094, .T. ) ;
#2779 = DIRECTION ( 'NONE',  ( 0.000000000000000000, -1.000000000000000000, 0.000000000000000000 ) ) ;
#2780 = CARTESIAN_POINT ( 'NONE',  ( 0.5781978684800610502, 0.8849999999999840217, 0.01000000000000000021 ) ) ;
#2781 = ORIENTED_EDGE ( 'NONE', *, *, #4557, .T. ) ;
#2782 = CARTESIAN_POINT ( 'NONE',  ( 0.7800000000000859579, 1.124999999999949818, 0.01000000000000000021 ) ) ;
#2783 = ORIENTED_EDGE ( 'NONE', *, *, #259, .F. ) ;
#2784 = AXIS2_PLACEMENT_3D ( 'NONE', #663, #697, #5362 ) ;
#2785 = STYLED_ITEM ( 'NONE', ( #5359 ), #5262 ) ;
#2786 = VERTEX_POINT ( 'NONE', #1758 ) ;
#2787 = EDGE_CURVE ( 'NONE', #5122, #5342, #1767, .T. ) ;
#2788 = ORIENTED_EDGE ( 'NONE', *, *, #4967, .F. ) ;
#2789 = FACE_OUTER_BOUND ( 'NONE', #5306, .T. ) ;
#2790 = DIRECTION ( 'NONE',  ( -0.6427876096867575217, 0.000000000000000000, -0.7660444431187950487 ) ) ;
#2791 = CARTESIAN_POINT ( 'NONE',  ( 3.121802131520325041, 0.8899999999999999023, 0.01000000000000000021 ) ) ;
#2792 = ORIENTED_EDGE ( 'NONE', *, *, #3855, .F. ) ;
#2793 = FACE_OUTER_BOUND ( 'NONE', #4457, .T. ) ;
#2794 = CARTESIAN_POINT ( 'NONE',  ( 3.121802131519984869, 0.01000000000001221960, 0.08500000000000000611 ) ) ;
#2795 = EDGE_CURVE ( 'NONE', #2605, #2073, #4747, .T. ) ;
#2796 = ADVANCED_FACE ( 'NONE', ( #1192 ), #3766, .T. ) ;
#2797 = CYLINDRICAL_SURFACE ( 'NONE', #4561, 0.1199999999999999123 ) ;
#2798 = ORIENTED_EDGE ( 'NONE', *, *, #4252, .T. ) ;
#2799 = ORIENTED_EDGE ( 'NONE', *, *, #102, .T. ) ;
#2800 =( LENGTH_UNIT ( ) NAMED_UNIT ( * ) SI_UNIT ( .MILLI., .METRE. ) );
#2801 = CARTESIAN_POINT ( 'NONE',  ( 2.200000000000104983, -0.2250000000000000056, 2.081668171172170239E-16 ) ) ;
#2802 = DIRECTION ( 'NONE',  ( 1.000000000000000000, -6.315935428978830158E-14, 0.000000000000000000 ) ) ;
#2803 = EDGE_CURVE ( 'NONE', #4702, #6012, #5278, .T. ) ;
#2804 = CARTESIAN_POINT ( 'NONE',  ( 2.375000000000055067, 0.01000000000001221960, 0.01000000000000000021 ) ) ;
#2805 = EDGE_LOOP ( 'NONE', ( #4334, #3211, #1478, #5088 ) ) ;
#2806 = CARTESIAN_POINT ( 'NONE',  ( 3.208434127456484930, 0.8899999999999789191, 0.1444066773140583737 ) ) ;
#2807 = EDGE_CURVE ( 'NONE', #4656, #5151, #6420, .T. ) ;
#2808 = EDGE_CURVE ( 'NONE', #1016, #4190, #2318, .T. ) ;
#2809 = ORIENTED_EDGE ( 'NONE', *, *, #5956, .F. ) ;
#2810 = LINE ( 'NONE', #798, #731 ) ;
#2811 = DIRECTION ( 'NONE',  ( -1.000000000000000000, 0.000000000000000000, 0.000000000000000000 ) ) ;
#2812 = VERTEX_POINT ( 'NONE', #5014 ) ;
#2813 = LINE ( 'NONE', #805, #5196 ) ;
#2814 = ORIENTED_EDGE ( 'NONE', *, *, #2435, .F. ) ;
#2815 = EDGE_LOOP ( 'NONE', ( #1760, #4574, #3472, #1742, #1816 ) ) ;
#2816 = ORIENTED_EDGE ( 'NONE', *, *, #2584, .F. ) ;
#2817 = ORIENTED_EDGE ( 'NONE', *, *, #5164, .T. ) ;
#2818 = LINE ( 'NONE', #1319, #3289 ) ;
#2819 = CARTESIAN_POINT ( 'NONE',  ( 3.700000000000275069, 0.000000000000000000, 0.000000000000000000 ) ) ;
#2820 = DIRECTION ( 'NONE',  ( 1.000000000000000000, 0.000000000000000000, 0.000000000000000000 ) ) ;
#2821 = EDGE_CURVE ( 'NONE', #4199, #2006, #6064, .T. ) ;
#2822 = EDGE_LOOP ( 'NONE', ( #32, #812, #4729, #5631 ) ) ;
#2823 = DIRECTION ( 'NONE',  ( 1.000000000000000000, 8.881784197001761928E-15, 0.000000000000000000 ) ) ;
#2824 = CARTESIAN_POINT ( 'NONE',  ( 0.6741208422372440001, 1.125879157762796012, 0.7900000000000000355 ) ) ;
#2825 = CARTESIAN_POINT ( 'NONE',  ( 3.560000000000399734, 0.5000000000000210942, 0.000000000000000000 ) ) ;
#2826 = DIRECTION ( 'NONE',  ( -1.000000000000000000, 0.000000000000000000, 0.000000000000000000 ) ) ;
#2827 = CYLINDRICAL_SURFACE ( 'NONE', #1245, 0.07499999999999998335 ) ;
#2828 = ORIENTED_EDGE ( 'NONE', *, *, #5825, .T. ) ;
#2829 = VECTOR ( 'NONE', #5603, 1000.000000000000000 ) ;
#2830 = EDGE_LOOP ( 'NONE', ( #3983, #2816, #3, #3751 ) ) ;
#2831 = CARTESIAN_POINT ( 'NONE',  ( 0.02499999999992040187, 0.4000000000000000222, 0.000000000000000000 ) ) ;
#2832 = CARTESIAN_POINT ( 'NONE',  ( 3.215600012050838785, 1.315600012050914591, 0.2100000000000000200 ) ) ;
#2833 = LINE ( 'NONE', #2773, #2988 ) ;
#2834 = ADVANCED_FACE ( 'NONE', ( #2369 ), #3497, .T. ) ;
#2835 = DIRECTION ( 'NONE',  ( 0.000000000000000000, -1.000000000000000000, 0.000000000000000000 ) ) ;
#2836 = EDGE_LOOP ( 'NONE', ( #661, #1547, #3216, #5299 ) ) ;
#2837 = VECTOR ( 'NONE', #1929, 1000.000000000000000 ) ;
#2838 = VECTOR ( 'NONE', #2302, 1000.000000000000000 ) ;
#2839 = CARTESIAN_POINT ( 'NONE',  ( 2.200000000000160050, 1.124999999999949818, 0.01000000000000000021 ) ) ;
#2840 = ADVANCED_FACE ( 'NONE', ( #4005 ), #6017, .T. ) ;
#2841 = SURFACE_SIDE_STYLE ('',( #835 ) ) ;
#2842 = AXIS2_PLACEMENT_3D ( 'NONE', #739, #1744, #1313 ) ;
#2843 = DIRECTION ( 'NONE',  ( -0.1710878697462009657, 0.1710878697460414821, 0.9702875252477838330 ) ) ;
#2844 = VERTEX_POINT ( 'NONE', #2904 ) ;
#2845 = DIRECTION ( 'NONE',  ( -1.000000000000000000, -2.842170943049450051E-13, 0.000000000000000000 ) ) ;
#2846 = DIRECTION ( 'NONE',  ( 0.000000000000000000, 0.9848077530122059109, -0.1736481776669426269 ) ) ;
#2847 = VERTEX_POINT ( 'NONE', #1964 ) ;
#2848 = EDGE_CURVE ( 'NONE', #4190, #2105, #2738, .T. ) ;
#2849 = CIRCLE ( 'NONE', #2206, 0.1250000000000001110 ) ;
#2850 = DIRECTION ( 'NONE',  ( 0.000000000000000000, 0.000000000000000000, -1.000000000000000000 ) ) ;
#2851 = ORIENTED_EDGE ( 'NONE', *, *, #6488, .F. ) ;
#2852 = ORIENTED_EDGE ( 'NONE', *, *, #738, .F. ) ;
#2853 = VECTOR ( 'NONE', #1891, 1000.000000000000000 ) ;
#2854 = ORIENTED_EDGE ( 'NONE', *, *, #380, .T. ) ;
#2855 = AXIS2_PLACEMENT_3D ( 'NONE', #5710, #1522, #519 ) ;
#2856 = EDGE_LOOP ( 'NONE', ( #4648, #5408, #3684, #244, #3167, #37, #4436, #4859, #1291, #3336 ) ) ;
#2857 = CARTESIAN_POINT ( 'NONE',  ( 3.700000000000045475, 0.009999999999969588771, 0.2100000000000000200 ) ) ;
#2858 = DIRECTION ( 'NONE',  ( 0.000000000000000000, 0.000000000000000000, 1.000000000000000000 ) ) ;
#2859 = DIRECTION ( 'NONE',  ( -5.224578939412010120E-14, -1.000000000000000000, 0.000000000000000000 ) ) ;
#2860 = ORIENTED_EDGE ( 'NONE', *, *, #5138, .F. ) ;
#2861 = CARTESIAN_POINT ( 'NONE',  ( 3.250000000000229594, 0.8899999999999789191, 0.2100000000000000200 ) ) ;
#2862 = LINE ( 'NONE', #821, #4947 ) ;
#2863 = CIRCLE ( 'NONE', #1048, 0.1199999999999488837 ) ;
#2864 = DIRECTION ( 'NONE',  ( 0.6427876096862179534, 0.000000000000000000, -0.7660444431192475756 ) ) ;
#2865 = ADVANCED_FACE ( 'NONE', ( #2869 ), #2966, .T. ) ;
#2866 = PLANE ( 'NONE',  #3401 ) ;
#2867 = CIRCLE ( 'NONE', #3505, 0.07499999999999998335 ) ;
#2869 = FACE_OUTER_BOUND ( 'NONE', #2160, .T. ) ;
#2868 = VECTOR ( 'NONE', #2324, 1000.000000000000000 ) ;
#2870 = VECTOR ( 'NONE', #1260, 1000.000000000000000 ) ;
#2871 = ORIENTED_EDGE ( 'NONE', *, *, #3355, .F. ) ;
#2872 = ORIENTED_EDGE ( 'NONE', *, *, #3846, .F. ) ;
#2873 = DIRECTION ( 'NONE',  ( -0.8073211720377645451, -4.517509052022932512E-16, -0.5901122987869089620 ) ) ;
#2874 = CARTESIAN_POINT ( 'NONE',  ( 3.180000000000000160, 0.8899999999999789191, 0.1100000000000014022 ) ) ;
#2875 = DIRECTION ( 'NONE',  ( 0.000000000000000000, 0.000000000000000000, 1.000000000000000000 ) ) ;
#2876 = DIRECTION ( 'NONE',  ( 1.670504736812680169E-14, 1.000000000000000000, 9.473903143468000375E-14 ) ) ;
#2877 = VECTOR ( 'NONE', #734, 1000.000000000000000 ) ;
#2878 = ORIENTED_EDGE ( 'NONE', *, *, #2260, .T. ) ;
#2879 = EDGE_CURVE ( 'NONE', #4395, #4701, #4418, .T. ) ;
#2880 = DIRECTION ( 'NONE',  ( 1.000000000000000000, 0.000000000000000000, 0.000000000000000000 ) ) ;
#2881 = AXIS2_PLACEMENT_3D ( 'NONE', #40, #2961, #539 ) ;
#2882 = PLANE ( 'NONE',  #3593 ) ;
#2883 = VERTEX_POINT ( 'NONE', #6456 ) ;
#2884 = CARTESIAN_POINT ( 'NONE',  ( 0.1499999999999204192, 0.5000000000000639488, 0.01000000000000000021 ) ) ;
#2885 = DIRECTION ( 'NONE',  ( 1.000000000000000000, 4.250072516142207524E-13, 0.000000000000000000 ) ) ;
#2886 = ORIENTED_EDGE ( 'NONE', *, *, #3903, .T. ) ;
#2887 = EDGE_CURVE ( 'NONE', #3176, #220, #4448, .T. ) ;
#2888 = EDGE_CURVE ( 'NONE', #5493, #2898, #3904, .T. ) ;
#2889 = CARTESIAN_POINT ( 'NONE',  ( 0.5899999999999749889, 0.8999999999999559464, 0.000000000000000000 ) ) ;
#2890 = ORIENTED_EDGE ( 'NONE', *, *, #6534, .T. ) ;
#2891 = VERTEX_POINT ( 'NONE', #5454 ) ;
#2892 = ORIENTED_EDGE ( 'NONE', *, *, #2234, .T. ) ;
#2893 = CARTESIAN_POINT ( 'NONE',  ( 0.7800000000000300027, 0.9899999999999659073, 0.01000000000000000021 ) ) ;
#2894 = PRODUCT_DEFINITION_FORMATION_WITH_SPECIFIED_SOURCE ( 'ANY', '', #2462, .NOT_KNOWN. ) ;
#2895 = DIRECTION ( 'NONE',  ( 1.000000000000000000, 6.021548608136700101E-14, 0.000000000000000000 ) ) ;
#2896 = FACE_OUTER_BOUND ( 'NONE', #563, .T. ) ;
#2897 = EDGE_CURVE ( 'NONE', #3670, #2437, #1364, .T. ) ;
#2898 = VERTEX_POINT ( 'NONE', #289 ) ;
#2899 = FACE_OUTER_BOUND ( 'NONE', #2344, .T. ) ;
#2900 = EDGE_CURVE ( 'NONE', #1680, #1747, #861, .T. ) ;
#2901 = CARTESIAN_POINT ( 'NONE',  ( 0.7800000000000859579, -0.2249999999999590106, 0.01000000000000020144 ) ) ;
#2902 = DIRECTION ( 'NONE',  ( 0.000000000000000000, 1.000000000000000000, 0.000000000000000000 ) ) ;
#2903 = CARTESIAN_POINT ( 'NONE',  ( 0.4875203189222930278, -0.2943027507162555012, 0.4227883025701960062 ) ) ;
#2904 = CARTESIAN_POINT ( 'NONE',  ( 3.195662712995900101, -0.3218021315200160215, 0.07197638667497469056 ) ) ;
#2905 = ORIENTED_EDGE ( 'NONE', *, *, #1012, .F. ) ;
#2906 = CARTESIAN_POINT ( 'NONE',  ( 3.121802131520325041, -7.105427357600998703E-15, 0.08500000000000000611 ) ) ;
#2907 = DIRECTION ( 'NONE',  ( 0.000000000000000000, -1.000000000000000000, 0.000000000000000000 ) ) ;
#2908 = CARTESIAN_POINT ( 'NONE',  ( 3.025879157762799920, 1.125879157762802008, 0.7900000000000000355 ) ) ;
#2909 = LINE ( 'NONE', #929, #966 ) ;
#2910 = SHAPE_REPRESENTATION ( 'SOD123HP-2_LF', ( #3969 ), #1503 ) ;
#2911 = ORIENTED_EDGE ( 'NONE', *, *, #5471, .T. ) ;
#2912 = VECTOR ( 'NONE', #4444, 1000.000000000000000 ) ;
#2913 = CARTESIAN_POINT ( 'NONE',  ( 0.02499999999992040187, 0.2849999999999965339, 0.2200000000000000011 ) ) ;
#2914 = CARTESIAN_POINT ( 'NONE',  ( -1.706199351587747159, -0.7454927958226932327, 3.590000000000102442 ) ) ;
#2915 = DIRECTION ( 'NONE',  ( -0.6427876096867575217, 0.000000000000000000, -0.7660444431187950487 ) ) ;
#2916 = EDGE_LOOP ( 'NONE', ( #4315, #2412, #265, #5928, #908, #5098 ) ) ;
#2917 = CARTESIAN_POINT ( 'NONE',  ( 0.7800000000000859579, -0.2249999999999590106, 2.081668171172170239E-16 ) ) ;
#2918 = LINE ( 'NONE', #1951, #3821 ) ;
#2919 = ORIENTED_EDGE ( 'NONE', *, *, #6488, .T. ) ;
#2920 = CARTESIAN_POINT ( 'NONE',  ( 0.5781978684800610502, 1.221802131519994061, 0.01000000000000000021 ) ) ;
#2921 = ORIENTED_EDGE ( 'NONE', *, *, #4493, .T. ) ;
#2922 = EDGE_CURVE ( 'NONE', #2020, #2844, #1037, .T. ) ;
#2923 = VERTEX_POINT ( 'NONE', #2329 ) ;
#2924 = PLANE ( 'NONE',  #1017 ) ;
#2925 = CARTESIAN_POINT ( 'NONE',  ( 0.5899999999999749889, -2.842170943040399481E-14, 0.2200000000000000011 ) ) ;
#2926 = CARTESIAN_POINT ( 'NONE',  ( 3.700000000000275069, 0.6149999999999670175, 0.2200000000000000011 ) ) ;
#2927 = EDGE_CURVE ( 'NONE', #5117, #2844, #5988, .T. ) ;
#2928 = VERTEX_POINT ( 'NONE', #4383 ) ;
#2929 = CARTESIAN_POINT ( 'NONE',  ( 3.700000000000275069, 0.8999999999999839240, 0.2200000000000000011 ) ) ;
#2930 = CARTESIAN_POINT ( 'NONE',  ( 2.200000000000160050, 1.074999999999973976, 0.06000000000000140638 ) ) ;
#2931 = EDGE_CURVE ( 'NONE', #6404, #5053, #1281, .T. ) ;
#2932 = CARTESIAN_POINT ( 'NONE',  ( 0.5200000000002089617, -1.226739535806251835, 0.2100000000000000200 ) ) ;
#2933 = DIRECTION ( 'NONE',  ( -1.000000000000000000, 0.000000000000000000, 0.000000000000000000 ) ) ;
#2934 = DIRECTION ( 'NONE',  ( 0.6427876096863996969, 0.000000000000000000, 0.7660444431190951420 ) ) ;
#2935 = VERTEX_POINT ( 'NONE', #4981 ) ;
#2936 = DIRECTION ( 'NONE',  ( 0.000000000000000000, -1.000000000000000000, 0.000000000000000000 ) ) ;
#2937 = FACE_OUTER_BOUND ( 'NONE', #827, .T. ) ;
#2938 = LINE ( 'NONE', #5019, #3628 ) ;
#2939 = FACE_OUTER_BOUND ( 'NONE', #5527, .T. ) ;
#2940 = EDGE_LOOP ( 'NONE', ( #1508, #5900, #2851, #5806 ) ) ;
#2941 = CARTESIAN_POINT ( 'NONE',  ( 3.700000000000275069, 0.009999999999998008746, 0.01000000000000000021 ) ) ;
#2942 = SURFACE_STYLE_FILL_AREA ( #3955 ) ;
#2943 = CARTESIAN_POINT ( 'NONE',  ( 3.110000000000129994, -2.842170943040399481E-14, 0.000000000000000000 ) ) ;
#2944 = ORIENTED_EDGE ( 'NONE', *, *, #2744, .F. ) ;
#2945 = CARTESIAN_POINT ( 'NONE',  ( 3.249999999999944933, 1.350000000000000089, 0.2100000000000000200 ) ) ;
#2946 = CARTESIAN_POINT ( 'NONE',  ( 3.121802131519984869, 1.221802131520014045, 0.08500000000000000611 ) ) ;
#2947 = ORIENTED_EDGE ( 'NONE', *, *, #3984, .F. ) ;
#2948 = EDGE_CURVE ( 'NONE', #4901, #3276, #4335, .T. ) ;
#2949 = AXIS2_PLACEMENT_3D ( 'NONE', #6334, #2312, #1818 ) ;
#2950 = DIRECTION ( 'NONE',  ( 0.1710878697461170606, 0.1710878697460480602, -0.9702875252477973778 ) ) ;
#2951 = ORIENTED_EDGE ( 'NONE', *, *, #2714, .F. ) ;
#2952 = VECTOR ( 'NONE', #5109, 1000.000000000000000 ) ;
#2953 = EDGE_CURVE ( 'NONE', #1181, #4748, #6173, .T. ) ;
#2954 = DIRECTION ( 'NONE',  ( 0.000000000000000000, -1.000000000000000000, 0.000000000000000000 ) ) ;
#2955 = VECTOR ( 'NONE', #218, 1000.000000000000000 ) ;
#2956 = LINE ( 'NONE', #5005, #6606 ) ;
#2957 = DIRECTION ( 'NONE',  ( 1.000000000000000000, 2.842170943042985178E-13, 0.000000000000000000 ) ) ;
#2958 = ADVANCED_FACE ( 'NONE', ( #6111 ), #4578, .T. ) ;
#2959 = AXIS2_PLACEMENT_3D ( 'NONE', #2765, #3700, #1256 ) ;
#2960 = ORIENTED_EDGE ( 'NONE', *, *, #1239, .T. ) ;
#2961 = DIRECTION ( 'NONE',  ( -0.9848077530121933654, 0.000000000000000000, -0.1736481776670135979 ) ) ;
#2962 = VECTOR ( 'NONE', #1082, 1000.000000000000000 ) ;
#2963 = EDGE_CURVE ( 'NONE', #5805, #1132, #1997, .T. ) ;
#2964 = DIRECTION ( 'NONE',  ( -0.1710878697460030406, -0.1710878697460325448, -0.9702875252478202484 ) ) ;
#2965 = CARTESIAN_POINT ( 'NONE',  ( 0.000000000000000000, 0.000000000000000000, 0.000000000000000000 ) ) ;
#2966 = PLANE ( 'NONE',  #1143 ) ;
#2967 = EDGE_CURVE ( 'NONE', #6146, #1233, #3532, .T. ) ;
#2968 = ORIENTED_EDGE ( 'NONE', *, *, #582, .T. ) ;
#2969 = PLANE ( 'NONE',  #3719 ) ;
#2970 = CARTESIAN_POINT ( 'NONE',  ( 3.176634377372617557, 1.276634377372686258, 0.4309850955404528894 ) ) ;
#2971 = CARTESIAN_POINT ( 'NONE',  ( 3.121802131519984869, 1.295662712995925947, 0.07197638667498350296 ) ) ;
#2972 = CARTESIAN_POINT ( 'NONE',  ( 0.5538605814759310908, -0.4200000000000000400, 0.2100000000000000200 ) ) ;
#2973 = EDGE_LOOP ( 'NONE', ( #2047, #3245, #772, #5831, #4970, #4153, #4862 ) ) ;
#2974 = STYLED_ITEM ( 'NONE', ( #4821 ), #3847 ) ;
#2975 = CARTESIAN_POINT ( 'NONE',  ( 0.7800000000000859579, 1.124999999999949818, 0.01000000000000000021 ) ) ;
#2976 = ORIENTED_EDGE ( 'NONE', *, *, #5628, .T. ) ;
#2977 = EDGE_CURVE ( 'NONE', #2268, #5667, #4076, .T. ) ;
#2978 = CARTESIAN_POINT ( 'NONE',  ( 0.6800000000000639977, 0.01000000000004774153, 0.01000000000000000021 ) ) ;
#2979 = ORIENTED_EDGE ( 'NONE', *, *, #3745, .T. ) ;
#2980 = AXIS2_PLACEMENT_3D ( 'NONE', #579, #4040, #455 ) ;
#2981 = DIRECTION ( 'NONE',  ( 0.1710878697460465891, 0.1710878697460335995, -0.9702875252478124768 ) ) ;
#2982 = DIRECTION ( 'NONE',  ( 1.000000000000000000, 4.973777466273291383E-13, 0.000000000000000000 ) ) ;
#2983 = VECTOR ( 'NONE', #955, 1000.000000000000000 ) ;
#2984 = EDGE_LOOP ( 'NONE', ( #1007, #5382, #3305, #5485, #1882, #4888, #4580, #4186, #5187, #621 ) ) ;
#2985 = CARTESIAN_POINT ( 'NONE',  ( 0.5781978684800610502, 0.8899999999999579359, 0.08500000000000000611 ) ) ;
#2986 = VECTOR ( 'NONE', #3538, 1000.000000000000000 ) ;
#2987 = EDGE_LOOP ( 'NONE', ( #1926, #75, #5425, #5348, #4544, #3393, #2353, #544, #2634, #6253 ) ) ;
#2988 = VECTOR ( 'NONE', #1167, 1000.000000000000000 ) ;
#2989 = CARTESIAN_POINT ( 'NONE',  ( 2.250000000000114575, -0.1750000000000044853, 2.081668171172170239E-16 ) ) ;
#2990 = CARTESIAN_POINT ( 'NONE',  ( 3.121802131519984869, -0.3218021315200160215, 0.08499999999999681422 ) ) ;
#2991 = FACE_OUTER_BOUND ( 'NONE', #3264, .T. ) ;
#2992 = EDGE_LOOP ( 'NONE', ( #330, #6442, #1889, #3259 ) ) ;
#2993 = ADVANCED_FACE ( 'NONE', ( #5578 ), #4104, .F. ) ;
#2994 = CIRCLE ( 'NONE', #5035, 0.07500000000005528633 ) ;
#2995 = AXIS2_PLACEMENT_3D ( 'NONE', #4887, #4927, #398 ) ;
#2996 = PRESENTATION_LAYER_ASSIGNMENT (  '', '', ( #5677 ) ) ;
#2997 = CARTESIAN_POINT ( 'NONE',  ( 0.4728847893352399745, 1.208938280303350155, 0.3397860897023545212 ) ) ;
#2998 = FACE_OUTER_BOUND ( 'NONE', #2536, .T. ) ;
#2999 = CARTESIAN_POINT ( 'NONE',  ( 0.5900000000000320544, -2.842170943040399481E-14, 0.000000000000000000 ) ) ;
#3000 = ORIENTED_EDGE ( 'NONE', *, *, #2651, .F. ) ;
#3001 = DIRECTION ( 'NONE',  ( 0.1710878697461170606, -0.1710878697460480602, 0.9702875252477973778 ) ) ;
#3002 = EDGE_CURVE ( 'NONE', #310, #4906, #5742, .T. ) ;
#3003 = CARTESIAN_POINT ( 'NONE',  ( 0.1499999999999204192, 0.5000000000000359712, 0.1100000000000000006 ) ) ;
#3004 = DIRECTION ( 'NONE',  ( 0.6427876096862179534, 0.000000000000000000, -0.7660444431192475756 ) ) ;
#3005 = CARTESIAN_POINT ( 'NONE',  ( 3.700000000000275069, 0.2849999999999965339, 0.000000000000000000 ) ) ;
#3006 = ORIENTED_EDGE ( 'NONE', *, *, #4607, .F. ) ;
#3007 = EDGE_CURVE ( 'NONE', #1414, #5774, #2128, .T. ) ;
#3008 = DIRECTION ( 'NONE',  ( -3.533589775334555216E-14, -1.000000000000000000, 2.965033877216739765E-14 ) ) ;
#3009 = VERTEX_POINT ( 'NONE', #3597 ) ;
#3010 = ORIENTED_EDGE ( 'NONE', *, *, #3292, .F. ) ;
#3011 = DIRECTION ( 'NONE',  ( 0.000000000000000000, 0.000000000000000000, 1.000000000000000000 ) ) ;
#3012 = EDGE_CURVE ( 'NONE', #2243, #67, #21, .T. ) ;
#3013 = ORIENTED_EDGE ( 'NONE', *, *, #4498, .T. ) ;
#3014 = PLANE ( 'NONE',  #1383 ) ;
#3015 = AXIS2_PLACEMENT_3D ( 'NONE', #4916, #324, #252 ) ;
#3016 = DIRECTION ( 'NONE',  ( 1.000000000000000000, -8.881784197002391439E-15, 0.000000000000000000 ) ) ;
#3017 = VERTEX_POINT ( 'NONE', #989 ) ;
#3018 = EDGE_CURVE ( 'NONE', #3420, #4622, #3031, .T. ) ;
#3019 = LINE ( 'NONE', #5065, #5415 ) ;
#3020 = VECTOR ( 'NONE', #2721, 1000.000000000000000 ) ;
#3021 = ORIENTED_EDGE ( 'NONE', *, *, #4032, .F. ) ;
#3022 = CARTESIAN_POINT ( 'NONE',  ( 3.131823069638469903, 1.350000000000000089, 0.2100000000000000200 ) ) ;
#3023 = DIRECTION ( 'NONE',  ( 1.000000000000000000, -7.894919286215560105E-14, 0.000000000000000000 ) ) ;
#3024 = LINE ( 'NONE', #1484, #1460 ) ;
#3025 = CARTESIAN_POINT ( 'NONE',  ( 0.6800000000001210632, 0.01000000000001221960, 0.06000000000000140638 ) ) ;
#3026 = ORIENTED_EDGE ( 'NONE', *, *, #1835, .T. ) ;
#3027 = DIRECTION ( 'NONE',  ( 1.000000000000000000, 0.000000000000000000, 0.000000000000000000 ) ) ;
#3028 = ADVANCED_FACE ( 'NONE', ( #2560 ), #2061, .T. ) ;
#3029 = CLOSED_SHELL ( 'NONE', ( #5042, #5096, #59, #4842, #1777, #6199, #3867, #4292, #4781, #4356, #6233, #199, #296, #3576, #308, #5547, #758, #4441, #2772, #2136, #1693, #4695, #6320, #3909, #6632, #6325, #5886, #3331, #6194, #3075, #148, #3440, #6616, #1110, #2548, #990, #4758, #1831, #3210, #2112, #2796, #3028 ) ) ;
#3030 = CARTESIAN_POINT ( 'NONE',  ( 3.675000000000124611, 0.2750000000000409894, 0.01000000000000000021 ) ) ;
#3031 = LINE ( 'NONE', #5110, #6607 ) ;
#3032 = ORIENTED_EDGE ( 'NONE', *, *, #6541, .T. ) ;
#3033 = CARTESIAN_POINT ( 'NONE',  ( 0.1499999999999204192, 0.5000000000000279776, 0.1100000000000000006 ) ) ;
#3034 = DIRECTION ( 'NONE',  ( 0.000000000000000000, -0.6427876096865189348, 0.7660444431189951109 ) ) ;
#3035 = CARTESIAN_POINT ( 'NONE',  ( 2.775000000000320100, -4.263256414560599853E-14, 0.2100000000000000200 ) ) ;
#3037 = CARTESIAN_POINT ( 'NONE',  ( 2.900000000000090061, 0.8899999999999789191, 0.06000000000000130229 ) ) ;
#3036 = UNCERTAINTY_MEASURE_WITH_UNIT (LENGTH_MEASURE( 1.000000000000000082E-05 ), #6392, 'distance_accuracy_value', 'NONE');
#3038 = VERTEX_POINT ( 'NONE', #6139 ) ;
#3039 = PLANE ( 'NONE',  #171 ) ;
#3040 = EDGE_LOOP ( 'NONE', ( #5146, #1576, #4313, #4325 ) ) ;
#3041 = ORIENTED_EDGE ( 'NONE', *, *, #4670, .F. ) ;
#3042 = DIRECTION ( 'NONE',  ( 0.000000000000000000, 0.000000000000000000, -1.000000000000000000 ) ) ;
#3043 = EDGE_LOOP ( 'NONE', ( #4283, #1237, #2960, #2043, #6349 ) ) ;
#3044 = CARTESIAN_POINT ( 'NONE',  ( 0.5781978684800610502, 0.8899999999999999023, 0.01000000000000000021 ) ) ;
#3045 = DIRECTION ( 'NONE',  ( 1.000000000000000000, 3.612929164882019808E-14, 0.000000000000000000 ) ) ;
#3046 = ORIENTED_EDGE ( 'NONE', *, *, #2359, .T. ) ;
#3047 = EDGE_CURVE ( 'NONE', #6012, #2717, #4999, .T. ) ;
#3048 = FACE_OUTER_BOUND ( 'NONE', #6354, .T. ) ;
#3049 = ORIENTED_EDGE ( 'NONE', *, *, #1904, .T. ) ;
#3050 = AXIS2_PLACEMENT_3D ( 'NONE', #2839, #660, #794 ) ;
#3051 = ADVANCED_FACE ( 'NONE', ( #549 ), #2587, .T. ) ;
#3052 = CARTESIAN_POINT ( 'NONE',  ( 2.250000000000169642, 1.074999999999999956, 0.01000000000000000021 ) ) ;
#3053 = CIRCLE ( 'NONE', #5728, 0.05000000000001141032 ) ;
#3054 = VECTOR ( 'NONE', #2007, 1000.000000000000000 ) ;
#3055 = CARTESIAN_POINT ( 'NONE',  ( 0.6800000000000639977, 0.009999999999998008746, 2.081668171172170239E-16 ) ) ;
#3056 = CARTESIAN_POINT ( 'NONE',  ( 0.1399999999999294031, 0.4000000000000200062, 0.000000000000000000 ) ) ;
#3057 = CARTESIAN_POINT ( 'NONE',  ( 3.700000000000275069, 0.6149999999999670175, 0.000000000000000000 ) ) ;
#3058 = VECTOR ( 'NONE', #2950, 1000.000000000000114 ) ;
#3059 = EDGE_LOOP ( 'NONE', ( #6408, #1407, #829, #4050 ) ) ;
#3060 = EDGE_CURVE ( 'NONE', #196, #1607, #4655, .T. ) ;
#3061 = FACE_OUTER_BOUND ( 'NONE', #655, .T. ) ;
#3062 = CARTESIAN_POINT ( 'NONE',  ( 3.250000000000000000, -0.3318230696385315315, 0.2100000000000000200 ) ) ;
#3063 = CARTESIAN_POINT ( 'NONE',  ( 3.675000000000124611, 0.2750000000000055178, 0.2100000000000000200 ) ) ;
#3064 = ORIENTED_EDGE ( 'NONE', *, *, #5797, .F. ) ;
#3065 = LINE ( 'NONE', #3633, #4484 ) ;
#3066 = CIRCLE ( 'NONE', #5528, 0.07499999999999998335 ) ;
#3067 = CARTESIAN_POINT ( 'NONE',  ( 0.5900000000000320544, 0.01000000000000512111, 1.040834085586084010E-16 ) ) ;
#3068 = CARTESIAN_POINT ( 'NONE',  ( 2.250000000000169642, 1.074999999999999956, 0.01000000000000020144 ) ) ;
#3069 = CARTESIAN_POINT ( 'NONE',  ( 2.250000000000114575, -0.1750000000000044853, 0.01000000000000000021 ) ) ;
#3070 = ORIENTED_EDGE ( 'NONE', *, *, #1303, .F. ) ;
#3071 = DIRECTION ( 'NONE',  ( 0.000000000000000000, -1.000000000000000000, 0.000000000000000000 ) ) ;
#3072 = VERTEX_POINT ( 'NONE', #5171 ) ;
#3073 = VERTEX_POINT ( 'NONE', #2617 ) ;
#3074 = DIRECTION ( 'NONE',  ( 1.000000000000000000, 4.250072516142207524E-13, 0.000000000000000000 ) ) ;
#3075 = ADVANCED_FACE ( 'NONE', ( #4669 ), #3660, .T. ) ;
#3076 = DIRECTION ( 'NONE',  ( 0.000000000000000000, 0.000000000000000000, -1.000000000000000000 ) ) ;
#3077 = DIRECTION ( 'NONE',  ( 0.000000000000000000, 0.000000000000000000, 1.000000000000000000 ) ) ;
#3078 = ORIENTED_EDGE ( 'NONE', *, *, #574, .F. ) ;
#3079 = CIRCLE ( 'NONE', #194, 0.05000000000001141032 ) ;
#3080 = CARTESIAN_POINT ( 'NONE',  ( 3.191269906959774527, -0.3912699069597558310, 0.3479828826725938073 ) ) ;
#3081 = VECTOR ( 'NONE', #5612, 1000.000000000000000 ) ;
#3082 = AXIS2_PLACEMENT_3D ( 'NONE', #74, #1083, #5537 ) ;
#3083 = VERTEX_POINT ( 'NONE', #4543 ) ;
#3084 = CARTESIAN_POINT ( 'NONE',  ( 3.020000000000210072, 0.8899999999999649303, 0.1100000000000000006 ) ) ;
#3085 = EDGE_CURVE ( 'NONE', #3553, #5055, #1251, .T. ) ;
#3086 = DIRECTION ( 'NONE',  ( 0.000000000000000000, -1.000000000000000000, 0.000000000000000000 ) ) ;
#3087 = AXIS2_PLACEMENT_3D ( 'NONE', #6330, #2209, #3850 ) ;
#3088 = ADVANCED_FACE ( 'NONE', ( #248 ), #5341, .T. ) ;
#3089 = VECTOR ( 'NONE', #1647, 1000.000000000000114 ) ;
#3090 = DIRECTION ( 'NONE',  ( -1.000000000000000000, -2.842170943049450051E-13, 0.000000000000000000 ) ) ;
#3091 = CARTESIAN_POINT ( 'NONE',  ( 0.000000000000000000, 0.009999999999998008746, 0.2100000000000000200 ) ) ;
#3092 = ORIENTED_EDGE ( 'NONE', *, *, #5632, .F. ) ;
#3093 = CARTESIAN_POINT ( 'NONE',  ( 3.560000000000399734, 0.4000000000000200062, 0.2200000000000000011 ) ) ;
#3094 = EDGE_CURVE ( 'NONE', #6095, #4901, #3283, .T. ) ;
#3095 = CARTESIAN_POINT ( 'NONE',  ( 0.5299887977535542305, -0.3218021315200136900, 0.02754666676609038994 ) ) ;
#3096 = DIRECTION ( 'NONE',  ( 0.000000000000000000, -1.000000000000000000, 0.000000000000000000 ) ) ;
#3097 = ORIENTED_EDGE ( 'NONE', *, *, #626, .T. ) ;
#3098 = DIRECTION ( 'NONE',  ( 0.000000000000000000, 0.000000000000000000, 1.000000000000000000 ) ) ;
#3099 = CARTESIAN_POINT ( 'NONE',  ( 3.180000000000000160, 0.01000000000001221960, 0.06000000000000290518 ) ) ;
#3100 = DIRECTION ( 'NONE',  ( 0.000000000000000000, 1.000000000000000000, 0.000000000000000000 ) ) ;
#3101 = DIRECTION ( 'NONE',  ( 0.000000000000000000, 1.000000000000000000, 0.000000000000000000 ) ) ;
#3102 = ORIENTED_EDGE ( 'NONE', *, *, #574, .T. ) ;
#3103 = CARTESIAN_POINT ( 'NONE',  ( 3.700000000000275069, 0.009999999999998008746, 0.2100000000000000200 ) ) ;
#3104 = AXIS2_PLACEMENT_3D ( 'NONE', #3651, #3307, #4796 ) ;
#3105 = ORIENTED_EDGE ( 'NONE', *, *, #5560, .T. ) ;
#3106 = VERTEX_POINT ( 'NONE', #5779 ) ;
#3107 = DIRECTION ( 'NONE',  ( 1.044065460507510165E-14, 1.000000000000000000, 5.921189464667499445E-14 ) ) ;
#3108 = CARTESIAN_POINT ( 'NONE',  ( 3.198500007531761558, 1.298500007531833589, 0.2100000000000000200 ) ) ;
#3109 = DIRECTION ( 'NONE',  ( 0.000000000000000000, -0.9848077530122084644, 0.1736481776669280552 ) ) ;
#3110 = ORIENTED_EDGE ( 'NONE', *, *, #1655, .T. ) ;
#3111 = EDGE_CURVE ( 'NONE', #2677, #5030, #4706, .T. ) ;
#3112 = CARTESIAN_POINT ( 'NONE',  ( 0.5043372870040910838, 0.009999999999969588771, 0.07197638667496689124 ) ) ;
#3113 = VERTEX_POINT ( 'NONE', #150 ) ;
#3114 = DIRECTION ( 'NONE',  ( 0.000000000000000000, 0.9848077530122089085, 0.1736481776669251686 ) ) ;
#3115 = CARTESIAN_POINT ( 'NONE',  ( 2.200000000000104983, -0.2250000000000000056, 0.06000000000000140638 ) ) ;
#3116 =( BOUNDED_CURVE ( )  B_SPLINE_CURVE ( 3, ( #6208, #2255, #1749, #4666 ),
 .UNSPECIFIED., .F., .F. ) 
 B_SPLINE_CURVE_WITH_KNOTS ( ( 4, 4 ),
 ( 2.744386749104085507E-14, 0.7703190329007704173 ),
 .UNSPECIFIED. ) 
 CURVE ( )  GEOMETRIC_REPRESENTATION_ITEM ( )  RATIONAL_B_SPLINE_CURVE ( ( 1.000000000000000000, 0.9511590086810777223, 0.9511590086810777223, 1.000000000000000000 ) ) 
 REPRESENTATION_ITEM ( '' )  );
#3117 = CARTESIAN_POINT ( 'NONE',  ( 3.675000000000409717, 0.4000000000000000222, 0.000000000000000000 ) ) ;
#3118 = PLANE ( 'NONE',  #4158 ) ;
#3119 = EDGE_LOOP ( 'NONE', ( #418, #1564, #3389, #3611, #842 ) ) ;
#3120 = EDGE_CURVE ( 'NONE', #234, #4301, #5241, .T. ) ;
#3121 = FACE_OUTER_BOUND ( 'NONE', #6136, .T. ) ;
#3122 = EDGE_CURVE ( 'NONE', #5859, #6095, #693, .T. ) ;
#3123 = LINE ( 'NONE', #4103, #709 ) ;
#3124 = DIRECTION ( 'NONE',  ( 0.000000000000000000, -1.000000000000000000, 0.000000000000000000 ) ) ;
#3125 = ORIENTED_EDGE ( 'NONE', *, *, #4609, .F. ) ;
#3126 = PLANE ( 'NONE',  #2757 ) ;
#3127 = CARTESIAN_POINT ( 'NONE',  ( 2.250000000000114575, -0.1750000000000044853, 0.06000000000000140638 ) ) ;
#3128 = EDGE_CURVE ( 'NONE', #3381, #1561, #5305, .T. ) ;
#3129 = DIRECTION ( 'NONE',  ( 0.000000000000000000, 0.000000000000000000, -1.000000000000000000 ) ) ;
#3130 = DIRECTION ( 'NONE',  ( 0.000000000000000000, 0.9848077530122083534, 0.1736481776669289157 ) ) ;
#3131 = ORIENTED_EDGE ( 'NONE', *, *, #945, .T. ) ;
#3132 = FACE_OUTER_BOUND ( 'NONE', #2313, .T. ) ;
#3133 = ORIENTED_EDGE ( 'NONE', *, *, #2474, .T. ) ;
#3134 = ORIENTED_EDGE ( 'NONE', *, *, #1280, .F. ) ;
#3135 = DIRECTION ( 'NONE',  ( 0.000000000000000000, -1.000000000000000000, 0.000000000000000000 ) ) ;
#3136 = ORIENTED_EDGE ( 'NONE', *, *, #3776, .F. ) ;
#3137 = DIRECTION ( 'NONE',  ( 0.000000000000000000, 0.000000000000000000, 1.000000000000000000 ) ) ;
#3138 = FACE_OUTER_BOUND ( 'NONE', #3370, .T. ) ;
#3139 = ORIENTED_EDGE ( 'NONE', *, *, #1790, .T. ) ;
#3140 = CARTESIAN_POINT ( 'NONE',  ( 0.4517632698071449848, -2.131628207280299927E-14, 0.2200000000000000011 ) ) ;
#3141 = VERTEX_POINT ( 'NONE', #2158 ) ;
#3142 = DIRECTION ( 'NONE',  ( 0.5901122987870933700, 0.000000000000000000, -0.8073211720376298750 ) ) ;
#3143 = CYLINDRICAL_SURFACE ( 'NONE', #1401, 0.07499999999999998335 ) ;
#3144 = EDGE_CURVE ( 'NONE', #1102, #578, #4559, .T. ) ;
#3145 = DIRECTION ( 'NONE',  ( 0.000000000000000000, 0.000000000000000000, -1.000000000000000000 ) ) ;
#3146 = FACE_OUTER_BOUND ( 'NONE', #1571, .T. ) ;
#3147 = ORIENTED_EDGE ( 'NONE', *, *, #3486, .T. ) ;
#3148 = EDGE_CURVE ( 'NONE', #198, #1443, #1650, .T. ) ;
#3149 = VECTOR ( 'NONE', #3249, 1000.000000000000114 ) ;
#3150 = AXIS2_PLACEMENT_3D ( 'NONE', #813, #3967, #6009 ) ;
#3151 = DIRECTION ( 'NONE',  ( -0.9848077530122139045, 0.000000000000000000, 0.1736481776668974963 ) ) ;
#3152 = EDGE_CURVE ( 'NONE', #2717, #4822, #4305, .T. ) ;
#3153 = CIRCLE ( 'NONE', #3795, 0.07499999999999998335 ) ;
#3154 = CARTESIAN_POINT ( 'NONE',  ( 2.900000000000090061, 0.8399999999999610001, 0.01000000000000000021 ) ) ;
#3155 = CARTESIAN_POINT ( 'NONE',  ( 3.550000000000240075, 0.5000000000000639488, 0.01000000000000000021 ) ) ;
#3156 = VERTEX_POINT ( 'NONE', #6238 ) ;
#3157 = DIRECTION ( 'NONE',  ( -1.853171526621275114E-14, 1.000000000000000000, 1.554995544495570229E-14 ) ) ;
#3158 = CARTESIAN_POINT ( 'NONE',  ( 0.5781978684800039847, -0.3218021315200090271, 0.08500000000000000611 ) ) ;
#3159 = CARTESIAN_POINT ( 'NONE',  ( 2.900000000000090061, 0.8399999999999610001, 0.01000000000000000021 ) ) ;
#3160 = EDGE_CURVE ( 'NONE', #210, #1044, #4768, .T. ) ;
#3161 = SURFACE_STYLE_FILL_AREA ( #3196 ) ;
#3162 = CIRCLE ( 'NONE', #814, 0.05000000000001845329 ) ;
#3163 = ADVANCED_FACE ( 'NONE', ( #2755 ), #1789, .T. ) ;
#3164 = DIRECTION ( 'NONE',  ( 0.000000000000000000, 0.000000000000000000, -1.000000000000000000 ) ) ;
#3165 = ORIENTED_EDGE ( 'NONE', *, *, #1876, .F. ) ;
#3166 = AXIS2_PLACEMENT_3D ( 'NONE', #912, #5977, #1958 ) ;
#3167 = ORIENTED_EDGE ( 'NONE', *, *, #1317, .F. ) ;
#3168 = VECTOR ( 'NONE', #5510, 1000.000000000000000 ) ;
#3169 = ORIENTED_EDGE ( 'NONE', *, *, #738, .T. ) ;
#3170 = CARTESIAN_POINT ( 'NONE',  ( 3.700000000000275069, 0.2750000000000130118, 0.2100000000000000200 ) ) ;
#3171 = FACE_OUTER_BOUND ( 'NONE', #1494, .T. ) ;
#3172 = ORIENTED_EDGE ( 'NONE', *, *, #6235, .T. ) ;
#3173 = LINE ( 'NONE', #5226, #5730 ) ;
#3174 = ADVANCED_FACE ( 'NONE', ( #5272 ), #1722, .T. ) ;
#3175 = LINE ( 'NONE', #3080, #6159 ) ;
#3176 = VERTEX_POINT ( 'NONE', #2791 ) ;
#3177 = CARTESIAN_POINT ( 'NONE',  ( 3.550000000000125056, 0.4000000000000695222, 0.01000000000000000021 ) ) ;
#3178 = DIRECTION ( 'NONE',  ( 0.9848077530121912559, 0.000000000000000000, -0.1736481776670249499 ) ) ;
#3179 = CIRCLE ( 'NONE', #4045, 0.1000000000000796224 ) ;
#3180 = CIRCLE ( 'NONE', #2349, 0.1199999999999999539 ) ;
#3181 = VECTOR ( 'NONE', #3135, 1000.000000000000000 ) ;
#3182 = PLANE ( 'NONE',  #2638 ) ;
#3183 = VERTEX_POINT ( 'NONE', #2686 ) ;
#3184 = VECTOR ( 'NONE', #4308, 1000.000000000000000 ) ;
#3185 = VECTOR ( 'NONE', #4704, 1000.000000000000000 ) ;
#3186 = DIRECTION ( 'NONE',  ( 0.000000000000000000, -1.000000000000000000, 0.000000000000000000 ) ) ;
#3187 = PLANE ( 'NONE',  #1141 ) ;
#3189 = DIRECTION ( 'NONE',  ( -2.842170943049450051E-13, 1.000000000000000000, 0.000000000000000000 ) ) ;
#3188 = VECTOR ( 'NONE', #68, 1000.000000000000000 ) ;
#3190 = EDGE_CURVE ( 'NONE', #4656, #2490, #3827, .T. ) ;
#3191 = CARTESIAN_POINT ( 'NONE',  ( -1.706199351587747159, -0.7454927958226932327, 3.590000000000102442 ) ) ;
#3192 = VERTEX_POINT ( 'NONE', #219 ) ;
#3193 = CIRCLE ( 'NONE', #315, 0.07500000000000002498 ) ;
#3194 = CARTESIAN_POINT ( 'NONE',  ( 1.265000000000042091, 0.8899999999999299582, 0.2100000000000000200 ) ) ;
#3195 = FACE_OUTER_BOUND ( 'NONE', #2332, .T. ) ;
#3196 = FILL_AREA_STYLE ('',( #1123 ) ) ;
#3197 = AXIS2_PLACEMENT_3D ( 'NONE', #6051, #6427, #3880 ) ;
#3198 = DIRECTION ( 'NONE',  ( 0.000000000000000000, 1.000000000000000000, 0.000000000000000000 ) ) ;
#3199 = ORIENTED_EDGE ( 'NONE', *, *, #3120, .F. ) ;
#3200 = ORIENTED_EDGE ( 'NONE', *, *, #3765, .F. ) ;
#3201 = LINE ( 'NONE', #5251, #5224 ) ;
#3202 = ORIENTED_EDGE ( 'NONE', *, *, #2676, .F. ) ;
#3203 = CYLINDRICAL_SURFACE ( 'NONE', #1173, 0.07499999999999998335 ) ;
#3204 = EDGE_CURVE ( 'NONE', #4645, #3646, #674, .T. ) ;
#3205 = CARTESIAN_POINT ( 'NONE',  ( 2.200000000000104983, -0.2250000000000000056, 0.01000000000000000021 ) ) ;
#3206 = AXIS2_PLACEMENT_3D ( 'NONE', #527, #1095, #2098 ) ;
#3207 = EDGE_LOOP ( 'NONE', ( #5400, #2040, #370, #3722 ) ) ;
#3208 = PRODUCT_DEFINITION_FORMATION_WITH_SPECIFIED_SOURCE ( 'ANY', '', #6474, .NOT_KNOWN. ) ;
#3209 = DIRECTION ( 'NONE',  ( 1.000000000000000000, 0.000000000000000000, 0.000000000000000000 ) ) ;
#3210 = ADVANCED_FACE ( 'NONE', ( #5843 ), #6374, .T. ) ;
#3211 = ORIENTED_EDGE ( 'NONE', *, *, #1005, .T. ) ;
#3212 = DIRECTION ( 'NONE',  ( 3.157967714489339979E-14, -1.000000000000000000, 0.000000000000000000 ) ) ;
#3213 = LINE ( 'NONE', #5263, #298 ) ;
#3214 = EDGE_CURVE ( 'NONE', #4257, #206, #4740, .T. ) ;
#3215 = DIRECTION ( 'NONE',  ( 0.000000000000000000, -1.000000000000000000, 0.000000000000000000 ) ) ;
#3216 = ORIENTED_EDGE ( 'NONE', *, *, #1766, .F. ) ;
#3217 = ORIENTED_EDGE ( 'NONE', *, *, #5011, .T. ) ;
#3218 = VECTOR ( 'NONE', #5670, 1000.000000000000000 ) ;
#3219 = FACE_OUTER_BOUND ( 'NONE', #5183, .T. ) ;
#3220 = DIRECTION ( 'NONE',  ( 0.000000000000000000, -1.000000000000000000, 0.000000000000000000 ) ) ;
#3221 = DIRECTION ( 'NONE',  ( 0.000000000000000000, -1.000000000000000000, 0.000000000000000000 ) ) ;
#3222 = ORIENTED_EDGE ( 'NONE', *, *, #2193, .F. ) ;
#3223 = DIRECTION ( 'NONE',  ( -0.9848077530122077983, 0.000000000000000000, 0.1736481776669319410 ) ) ;
#3224 = PLANE ( 'NONE',  #1626 ) ;
#3225 = EDGE_CURVE ( 'NONE', #3378, #206, #3353, .T. ) ;
#3226 = DIRECTION ( 'NONE',  ( 1.000000000000000000, 4.250072516142207524E-13, 0.000000000000000000 ) ) ;
#3227 = EDGE_LOOP ( 'NONE', ( #880, #6375, #6205, #2506 ) ) ;
#3228 = EDGE_LOOP ( 'NONE', ( #275, #3340, #6519, #3169, #2542 ) ) ;
#3229 = DIRECTION ( 'NONE',  ( -1.000000000000000000, -5.224578939412010120E-14, 0.000000000000000000 ) ) ;
#3230 = CIRCLE ( 'NONE', #4200, 0.05000000000001850881 ) ;
#3231 = EDGE_LOOP ( 'NONE', ( #4788, #1703, #1306, #4022 ) ) ;
#3232 = DIRECTION ( 'NONE',  ( 1.000000000000000000, -6.021548608136700101E-14, 0.000000000000000000 ) ) ;
#3233 = DIRECTION ( 'NONE',  ( 0.6860968888036623747, -0.6860968888032481505, 0.2419547857522936218 ) ) ;
#3234 = VERTEX_POINT ( 'NONE', #3971 ) ;
#3235 = DIRECTION ( 'NONE',  ( 0.000000000000000000, -0.9848077530122084644, 0.1736481776669280552 ) ) ;
#3236 = EDGE_CURVE ( 'NONE', #6499, #3278, #885, .T. ) ;
#3237 = ORIENTED_EDGE ( 'NONE', *, *, #1853, .T. ) ;
#3238 = CARTESIAN_POINT ( 'NONE',  ( 3.121802131520325041, 0.8849999999999840217, 0.01000000000000000021 ) ) ;
#3239 = LINE ( 'NONE', #5290, #2644 ) ;
#3240 = ORIENTED_EDGE ( 'NONE', *, *, #2193, .T. ) ;
#3241 = EDGE_CURVE ( 'NONE', #4386, #1059, #1392, .T. ) ;
#3242 = CARTESIAN_POINT ( 'NONE',  ( 0.5781978684800610502, 1.221802131519994061, 0.08500000000000000611 ) ) ;
#3243 = EDGE_LOOP ( 'NONE', ( #2968, #5737, #3105, #770 ) ) ;
#3244 = ADVANCED_FACE ( 'NONE', ( #777 ), #3865, .F. ) ;
#3245 = ORIENTED_EDGE ( 'NONE', *, *, #883, .T. ) ;
#3246 = ORIENTED_EDGE ( 'NONE', *, *, #4905, .T. ) ;
#3247 = CARTESIAN_POINT ( 'NONE',  ( 0.7800000000000859579, 0.1167121964622949981, 0.06000000000000140638 ) ) ;
#3248 = CARTESIAN_POINT ( 'NONE',  ( 0.6800000000000639977, -0.09000000000006740108, 0.06000000000000140638 ) ) ;
#3249 = DIRECTION ( 'NONE',  ( 0.1710878697460029851, 0.1710878697460339881, -0.9702875252478199153 ) ) ;
#3250 = ADVANCED_FACE ( 'NONE', ( #6517 ), #5406, .F. ) ;
#3251 = ORIENTED_EDGE ( 'NONE', *, *, #1648, .F. ) ;
#3252 = CARTESIAN_POINT ( 'NONE',  ( 0.1499999999999204192, 0.5000000000000279776, 0.2100000000000000200 ) ) ;
#3253 = VECTOR ( 'NONE', #2954, 1000.000000000000000 ) ;
#3254 = DIRECTION ( 'NONE',  ( -0.6427876096867575217, 0.000000000000000000, -0.7660444431187950487 ) ) ;
#3255 = AXIS2_PLACEMENT_3D ( 'NONE', #4974, #349, #2454 ) ;
#3256 = AXIS2_PLACEMENT_3D ( 'NONE', #90, #4182, #557 ) ;
#3257 = DIRECTION ( 'NONE',  ( 0.000000000000000000, 0.000000000000000000, -1.000000000000000000 ) ) ;
#3258 = ORIENTED_EDGE ( 'NONE', *, *, #3085, .T. ) ;
#3259 = ORIENTED_EDGE ( 'NONE', *, *, #180, .F. ) ;
#3260 = CARTESIAN_POINT ( 'NONE',  ( 0.7800000000000859579, -0.09000000000000341061, 0.1100000000000000006 ) ) ;
#3261 = ORIENTED_EDGE ( 'NONE', *, *, #5138, .T. ) ;
#3262 = CARTESIAN_POINT ( 'NONE',  ( 0.000000000000000000, 0.8999999999999839240, 0.2200000000000000011 ) ) ;
#3263 = FACE_OUTER_BOUND ( 'NONE', #485, .T. ) ;
#3264 = EDGE_LOOP ( 'NONE', ( #2287, #5897, #3134, #3564, #2681, #556, #3817, #5504, #2232, #4265, #1252, #4247 ) ) ;
#3265 = AXIS2_PLACEMENT_3D ( 'NONE', #6077, #2933, #6584 ) ;
#3266 = CARTESIAN_POINT ( 'NONE',  ( 1.165000000000020020, -0.4200000000000000400, 0.2100000000000000200 ) ) ;
#3267 = VECTOR ( 'NONE', #1727, 1000.000000000000000 ) ;
#3268 = EDGE_CURVE ( 'NONE', #3840, #4721, #1290, .T. ) ;
#3269 = EDGE_LOOP ( 'NONE', ( #3848, #6318, #6217, #1634 ) ) ;
#3270 = CARTESIAN_POINT ( 'NONE',  ( 3.121802131520325041, 0.8899999999999999023, 0.01000000000000000021 ) ) ;
#3271 = VECTOR ( 'NONE', #3428, 1000.000000000000000 ) ;
#3272 = CARTESIAN_POINT ( 'NONE',  ( 0.6800000000000639977, 0.8899999999999999023, 2.081668171172170239E-16 ) ) ;
#3273 = ORIENTED_EDGE ( 'NONE', *, *, #5218, .T. ) ;
#3274 = DIRECTION ( 'NONE',  ( 0.000000000000000000, -1.000000000000000000, 0.000000000000000000 ) ) ;
#3275 = ORIENTED_EDGE ( 'NONE', *, *, #4836, .F. ) ;
#3276 = VERTEX_POINT ( 'NONE', #1422 ) ;
#3277 = EDGE_CURVE ( 'NONE', #6458, #3675, #3053, .T. ) ;
#3278 = VERTEX_POINT ( 'NONE', #4871 ) ;
#3279 = EDGE_CURVE ( 'NONE', #1033, #5418, #1830, .T. ) ;
#3280 = ORIENTED_EDGE ( 'NONE', *, *, #3537, .F. ) ;
#3281 = DIRECTION ( 'NONE',  ( 0.000000000000000000, -1.000000000000000000, 0.000000000000000000 ) ) ;
#3282 = LINE ( 'NONE', #2819, #2955 ) ;
#3283 = LINE ( 'NONE', #3155, #4458 ) ;
#3284 = EDGE_CURVE ( 'NONE', #4701, #2074, #318, .T. ) ;
#3285 = ORIENTED_EDGE ( 'NONE', *, *, #2336, .F. ) ;
#3286 = CIRCLE ( 'NONE', #5228, 0.07499999999999991396 ) ;
#3287 = AXIS2_PLACEMENT_3D ( 'NONE', #2932, #824, #6419 ) ;
#3288 = DIRECTION ( 'NONE',  ( 0.000000000000000000, 0.000000000000000000, 1.000000000000000000 ) ) ;
#3289 = VECTOR ( 'NONE', #882, 1000.000000000000000 ) ;
#3290 = LINE ( 'NONE', #4338, #3868 ) ;
#3291 = SURFACE_SIDE_STYLE ('',( #1795 ) ) ;
#3292 = EDGE_CURVE ( 'NONE', #5294, #4701, #3897, .T. ) ;
#3293 = VECTOR ( 'NONE', #873, 1000.000000000000000 ) ;
#3294 = CARTESIAN_POINT ( 'NONE',  ( 3.675000000000409717, 0.2750000000000130118, 0.2100000000000000200 ) ) ;
#3295 = PRESENTATION_LAYER_ASSIGNMENT (  '', '', ( #5024 ) ) ;
#3296 = ORIENTED_EDGE ( 'NONE', *, *, #5918, .T. ) ;
#3297 = ORIENTED_EDGE ( 'NONE', *, *, #1081, .F. ) ;
#3298 = DIRECTION ( 'NONE',  ( 0.1710878697461795661, 0.1710878697461105380, 0.9702875252477752843 ) ) ;
#3299 = AXIS2_PLACEMENT_3D ( 'NONE', #4089, #5622, #2107 ) ;
#3300 = PLANE ( 'NONE',  #2241 ) ;
#3301 = LINE ( 'NONE', #3772, #3309 ) ;
#3302 = ORIENTED_EDGE ( 'NONE', *, *, #6140, .T. ) ;
#3303 = CYLINDRICAL_SURFACE ( 'NONE', #1230, 0.07500000000000002498 ) ;
#3304 =( NAMED_UNIT ( * ) PLANE_ANGLE_UNIT ( ) SI_UNIT ( $, .RADIAN. ) );
#3305 = ORIENTED_EDGE ( 'NONE', *, *, #5164, .F. ) ;
#3306 = LINE ( 'NONE', #2276, #844 ) ;
#3307 = DIRECTION ( 'NONE',  ( -0.1710878697462009657, 0.1710878697460414821, 0.9702875252477838330 ) ) ;
#3308 = ORIENTED_EDGE ( 'NONE', *, *, #4340, .T. ) ;
#3309 = VECTOR ( 'NONE', #5284, 1000.000000000000000 ) ;
#3310 = EDGE_CURVE ( 'NONE', #5906, #261, #4476, .T. ) ;
#3311 = DIRECTION ( 'NONE',  ( 0.6427876096867566336, 0.000000000000000000, -0.7660444431187957148 ) ) ;
#3312 = ORIENTED_EDGE ( 'NONE', *, *, #6029, .T. ) ;
#3313 = ORIENTED_EDGE ( 'NONE', *, *, #5844, .F. ) ;
#3314 = VECTOR ( 'NONE', #70, 1000.000000000000000 ) ;
#3315 = ORIENTED_EDGE ( 'NONE', *, *, #1097, .T. ) ;
#3316 = VERTEX_POINT ( 'NONE', #5446 ) ;
#3317 = CARTESIAN_POINT ( 'NONE',  ( 3.121802131520325041, 0.8849999999999840217, 0.08500000000000000611 ) ) ;
#3318 = CARTESIAN_POINT ( 'NONE',  ( 3.550000000000240075, 0.5000000000000639488, 0.01000000000000000021 ) ) ;
#3319 = CARTESIAN_POINT ( 'NONE',  ( 0.000000000000000000, 0.6249999999999790168, 0.2100000000000000200 ) ) ;
#3320 = EDGE_CURVE ( 'NONE', #789, #5965, #379, .T. ) ;
#3321 = EDGE_LOOP ( 'NONE', ( #504, #5461, #5807, #2597, #2246 ) ) ;
#3322 = DIRECTION ( 'NONE',  ( -0.1710878697460030406, 0.1710878697460325448, -0.9702875252478202484 ) ) ;
#3323 = DIRECTION ( 'NONE',  ( -1.000000000000000000, 0.000000000000000000, 0.000000000000000000 ) ) ;
#3324 = CARTESIAN_POINT ( 'NONE',  ( 0.7800000000000859579, 0.9900000000000160894, 0.01000000000000000021 ) ) ;
#3325 = EDGE_CURVE ( 'NONE', #5995, #1279, #5006, .T. ) ;
#3326 = CARTESIAN_POINT ( 'NONE',  ( 3.195662712996179877, 0.8999999999999630518, 0.07197638667496689124 ) ) ;
#3327 = CARTESIAN_POINT ( 'NONE',  ( 3.150000000000090061, 0.01000000000001932156, 0.2100000000000000200 ) ) ;
#3328 = AXIS2_PLACEMENT_3D ( 'NONE', #6559, #1062, #2497 ) ;
#3329 = VERTEX_POINT ( 'NONE', #3457 ) ;
#3330 = VERTEX_POINT ( 'NONE', #2322 ) ;
#3331 = ADVANCED_FACE ( 'NONE', ( #5978 ), #4374, .F. ) ;
#3332 = SURFACE_STYLE_FILL_AREA ( #4923 ) ;
#3333 = EDGE_LOOP ( 'NONE', ( #4284, #1783, #1099, #1226 ) ) ;
#3334 = LINE ( 'NONE', #4348, #5992 ) ;
#3335 = LINE ( 'NONE', #2297, #2357 ) ;
#3336 = ORIENTED_EDGE ( 'NONE', *, *, #4145, .F. ) ;
#3337 =( REPRESENTATION_RELATIONSHIP ('NONE','NONE', #5172, #168 ) REPRESENTATION_RELATIONSHIP_WITH_TRANSFORMATION ( #2092 )SHAPE_REPRESENTATION_RELATIONSHIP( ) );
#3338 = LINE ( 'NONE', #4792, #5940 ) ;
#3339 =( NAMED_UNIT ( * ) SI_UNIT ( $, .STERADIAN. ) SOLID_ANGLE_UNIT ( ) );
#3340 = ORIENTED_EDGE ( 'NONE', *, *, #2749, .T. ) ;
#3341 = CARTESIAN_POINT ( 'NONE',  ( 0.5781978684800039847, -0.3218021315200160215, 0.08500000000000000611 ) ) ;
#3342 = CARTESIAN_POINT ( 'NONE',  ( 0.5900000000000320544, -2.842170943040399481E-14, 0.000000000000000000 ) ) ;
#3343 = EDGE_LOOP ( 'NONE', ( #6302, #6287, #409, #653 ) ) ;
#3344 = CLOSED_SHELL ( 'NONE', ( #2428, #4820, #431, #984, #6573, #3174, #881, #3932, #2301, #4027, #1567, #5661, #3704, #4653, #1171, #2147 ) ) ;
#3345 = DIRECTION ( 'NONE',  ( 1.000000000000000000, 7.696042696244660336E-13, 0.000000000000000000 ) ) ;
#3346 = ORIENTED_EDGE ( 'NONE', *, *, #4281, .F. ) ;
#3347 = VERTEX_POINT ( 'NONE', #3319 ) ;
#3348 = ORIENTED_EDGE ( 'NONE', *, *, #5733, .T. ) ;
#3349 = ADVANCED_FACE ( 'NONE', ( #2896 ), #5372, .T. ) ;
#3350 = EDGE_LOOP ( 'NONE', ( #1418, #157, #3617, #1504 ) ) ;
#3351 = DIRECTION ( 'NONE',  ( -0.6427876096867575217, 0.000000000000000000, -0.7660444431187950487 ) ) ;
#3352 = DIRECTION ( 'NONE',  ( 0.000000000000000000, -1.000000000000000000, 0.000000000000000000 ) ) ;
#3353 = LINE ( 'NONE', #5502, #1022 ) ;
#3354 = ORIENTED_EDGE ( 'NONE', *, *, #717, .T. ) ;
#3355 = EDGE_CURVE ( 'NONE', #3710, #3784, #5090, .T. ) ;
#3356 = CARTESIAN_POINT ( 'NONE',  ( 0.5043372870040910838, 1.221802131519994061, 0.07197638667496569775 ) ) ;
#3357 = LINE ( 'NONE', #5412, #23 ) ;
#3358 = LINE ( 'NONE', #3974, #5128 ) ;
#3359 = DIRECTION ( 'NONE',  ( 1.000000000000000000, 0.000000000000000000, 0.000000000000000000 ) ) ;
#3360 = CARTESIAN_POINT ( 'NONE',  ( 3.025879157762799920, 0.9000000000000130118, 0.7900000000000000355 ) ) ;
#3361 = PRODUCT_DEFINITION_SHAPE ( 'NONE', 'NONE',  #4504 ) ;
#3362 = VERTEX_POINT ( 'NONE', #4662 ) ;
#3363 = VECTOR ( 'NONE', #5535, 1000.000000000000000 ) ;
#3364 = VERTEX_POINT ( 'NONE', #3025 ) ;
#3365 = CARTESIAN_POINT ( 'NONE',  ( 3.250000000000229594, -0.4500000000000000111, 0.2100000000000000200 ) ) ;
#3366 = EDGE_CURVE ( 'NONE', #3675, #1269, #6579, .T. ) ;
#3367 = ORIENTED_EDGE ( 'NONE', *, *, #5068, .F. ) ;
#3368 = CARTESIAN_POINT ( 'NONE',  ( 2.200000000000160050, 1.074999999999973976, 0.01000000000000000021 ) ) ;
#3369 = LINE ( 'NONE', #6428, #4396 ) ;
#3370 = EDGE_LOOP ( 'NONE', ( #6067, #5363, #5252, #1458, #4938, #1209 ) ) ;
#3371 = ADVANCED_FACE ( 'NONE', ( #2991, #1485 ), #5105, .F. ) ;
#3372 = VECTOR ( 'NONE', #1356, 1000.000000000000000 ) ;
#3373 = CARTESIAN_POINT ( 'NONE',  ( 3.283155483740645142, 0.4500000000000000111, 0.01000000000000000021 ) ) ;
#3374 = AXIS2_PLACEMENT_3D ( 'NONE', #6061, #468, #3109 ) ;
#3375 = FILL_AREA_STYLE_COLOUR ( '', #640 ) ;
#3376 = VECTOR ( 'NONE', #5392, 1000.000000000000000 ) ;
#3377 = CARTESIAN_POINT ( 'NONE',  ( 3.170011202246831417, 0.8849999999999840217, 0.02754666676609038994 ) ) ;
#3378 = VERTEX_POINT ( 'NONE', #3057 ) ;
#3379 = PLANE ( 'NONE',  #6407 ) ;
#3380 = DIRECTION ( 'NONE',  ( -1.000000000000000000, 0.000000000000000000, 0.000000000000000000 ) ) ;
#3381 = VERTEX_POINT ( 'NONE', #3625 ) ;
#3382 = AXIS2_PLACEMENT_3D ( 'NONE', #6243, #122, #4209 ) ;
#3383 = EDGE_CURVE ( 'NONE', #4344, #6405, #1378, .T. ) ;
#3384 = ADVANCED_FACE ( 'NONE', ( #447 ), #4632, .F. ) ;
#3385 = PLANE ( 'NONE',  #1030 ) ;
#3386 = ORIENTED_EDGE ( 'NONE', *, *, #2963, .T. ) ;
#3387 = VECTOR ( 'NONE', #4510, 1000.000000000000000 ) ;
#3388 = VERTEX_POINT ( 'NONE', #16 ) ;
#3389 = ORIENTED_EDGE ( 'NONE', *, *, #3558, .F. ) ;
#3390 = CARTESIAN_POINT ( 'NONE',  ( 3.180000000000000160, 0.01000000000001221960, 0.1100000000000014022 ) ) ;
#3391 = CARTESIAN_POINT ( 'NONE',  ( 0.000000000000000000, 0.6249999999999720224, 0.1100000000000000006 ) ) ;
#3392 = CARTESIAN_POINT ( 'NONE',  ( 0.5200000000002089617, 0.6449999999999530553, 0.2100000000000000200 ) ) ;
#3393 = ORIENTED_EDGE ( 'NONE', *, *, #3461, .F. ) ;
#3394 = CARTESIAN_POINT ( 'NONE',  ( 2.550000000000000266, -0.3440560881242689661, 0.8108377813200300377 ) ) ;
#3395 = CARTESIAN_POINT ( 'NONE',  ( 2.850000000000080025, 0.8399999999999819833, 2.220446049250315053E-16 ) ) ;
#3396 = AXIS2_PLACEMENT_3D ( 'NONE', #3544, #5592, #5087 ) ;
#3397 = CARTESIAN_POINT ( 'NONE',  ( 3.675000000000239631, 0.6250000000000071054, 0.01000000000000000021 ) ) ;
#3398 = CARTESIAN_POINT ( 'NONE',  ( 0.5403426884333836222, 1.259657311566646065, -0.01028787545213821937 ) ) ;
#3400 = CARTESIAN_POINT ( 'NONE',  ( 3.121802131519984869, 1.221802131520014045, 0.08500000000000000611 ) ) ;
#3399 = VECTOR ( 'NONE', #5955, 1000.000000000000000 ) ;
#3401 = AXIS2_PLACEMENT_3D ( 'NONE', #1327, #326, #2826 ) ;
#3402 = EDGE_LOOP ( 'NONE', ( #6305, #2647, #1762, #3346 ) ) ;
#3403 = CARTESIAN_POINT ( 'NONE',  ( 0.7800000000000859579, 0.9900000000000160894, 2.081668171172170239E-16 ) ) ;
#3404 = DIRECTION ( 'NONE',  ( -0.6427876096867575217, 0.000000000000000000, -0.7660444431187950487 ) ) ;
#3405 = DIRECTION ( 'NONE',  ( -1.000000000000000000, 0.000000000000000000, 0.000000000000000000 ) ) ;
#3406 = LINE ( 'NONE', #5488, #5037 ) ;
#3407 = AXIS2_PLACEMENT_3D ( 'NONE', #5261, #172, #5289 ) ;
#3408 = ORIENTED_EDGE ( 'NONE', *, *, #2059, .T. ) ;
#3409 = VECTOR ( 'NONE', #515, 1000.000000000000000 ) ;
#3410 = VECTOR ( 'NONE', #6050, 1000.000000000000227 ) ;
#3411 = DIRECTION ( 'NONE',  ( 1.000000000000000000, 0.000000000000000000, 0.000000000000000000 ) ) ;
#3412 = DIRECTION ( 'NONE',  ( 0.000000000000000000, 0.000000000000000000, 1.000000000000000000 ) ) ;
#3413 = AXIS2_PLACEMENT_3D ( 'NONE', #5220, #6096, #4188 ) ;
#3414 = ADVANCED_FACE ( 'NONE', ( #4129 ), #3118, .T. ) ;
#3415 = CYLINDRICAL_SURFACE ( 'NONE', #4567, 0.07499999999999998335 ) ;
#3416 = ORIENTED_EDGE ( 'NONE', *, *, #5751, .F. ) ;
#3417 = SHAPE_REPRESENTATION ( 'SOD123HP_Sn-plating', ( #3969 ), #970 ) ;
#3418 = CARTESIAN_POINT ( 'NONE',  ( 0.5200000000002089617, 0.009999999999969588771, 0.2100000000000000200 ) ) ;
#3419 = FACE_OUTER_BOUND ( 'NONE', #5366, .T. ) ;
#3420 = VERTEX_POINT ( 'NONE', #2519 ) ;
#3421 = AXIS2_PLACEMENT_3D ( 'NONE', #6021, #361, #3468 ) ;
#3422 = EDGE_CURVE ( 'NONE', #5859, #3276, #2552, .T. ) ;
#3423 = CARTESIAN_POINT ( 'NONE',  ( 3.675000000000124611, 0.2750000000000409894, 0.01000000000000000021 ) ) ;
#3424 = ORIENTED_EDGE ( 'NONE', *, *, #3325, .T. ) ;
#3425 = ADVANCED_FACE ( 'NONE', ( #5137 ), #5573, .F. ) ;
#3426 = ORIENTED_EDGE ( 'NONE', *, *, #4375, .F. ) ;
#3427 = LINE ( 'NONE', #6515, #4801 ) ;
#3428 = DIRECTION ( 'NONE',  ( 0.000000000000000000, -1.000000000000000000, 0.000000000000000000 ) ) ;
#3429 = CARTESIAN_POINT ( 'NONE',  ( 0.5771644255065099260, -0.3966961559694370254, 0.07783733302227929807 ) ) ;
#3430 = EDGE_LOOP ( 'NONE', ( #2334, #1453, #5937, #931 ) ) ;
#3431 = CARTESIAN_POINT ( 'NONE',  ( 0.5067445124635745479, -0.4379445365653379385, 0.2099999999999999922 ) ) ;
#3432 = CARTESIAN_POINT ( 'NONE',  ( 0.000000000000000000, 0.8899999999999999023, 0.1100000000000000006 ) ) ;
#3433 = DIRECTION ( 'NONE',  ( 0.000000000000000000, -1.000000000000000000, 0.000000000000000000 ) ) ;
#3434 = LINE ( 'NONE', #6623, #4663 ) ;
#3435 = DIRECTION ( 'NONE',  ( 0.000000000000000000, 1.000000000000000000, 0.000000000000000000 ) ) ;
#3436 = ORIENTED_EDGE ( 'NONE', *, *, #906, .T. ) ;
#3437 = DIRECTION ( 'NONE',  ( 0.000000000000000000, 0.000000000000000000, 1.000000000000000000 ) ) ;
#3438 = DIRECTION ( 'NONE',  ( -1.000000000000000000, -2.842170943049450051E-13, 0.000000000000000000 ) ) ;
#3439 = FACE_OUTER_BOUND ( 'NONE', #1661, .T. ) ;
#3440 = ADVANCED_FACE ( 'NONE', ( #5605 ), #6040, .T. ) ;
#3441 = DIRECTION ( 'NONE',  ( 0.9848077530121985834, 0.000000000000000000, -0.1736481776669844823 ) ) ;
#3442 = ORIENTED_EDGE ( 'NONE', *, *, #5407, .T. ) ;
#3443 = CARTESIAN_POINT ( 'NONE',  ( 3.180000000000000160, 0.6450000000000098987, 0.2100000000000000200 ) ) ;
#3444 = DIRECTION ( 'NONE',  ( 0.6427876096867566336, 0.000000000000000000, -0.7660444431187957148 ) ) ;
#3445 = ORIENTED_EDGE ( 'NONE', *, *, #584, .F. ) ;
#3446 = EDGE_CURVE ( 'NONE', #4656, #1717, #2056, .T. ) ;
#3447 = CARTESIAN_POINT ( 'NONE',  ( 2.535000000000000142, 1.295662712995919952, 0.07197638667497979759 ) ) ;
#3448 = FACE_OUTER_BOUND ( 'NONE', #1009, .T. ) ;
#3449 = ORIENTED_EDGE ( 'NONE', *, *, #77, .F. ) ;
#3450 = EDGE_CURVE ( 'NONE', #529, #5085, #2489, .T. ) ;
#3451 = CARTESIAN_POINT ( 'NONE',  ( 3.700000000000000178, 0.01000000000000512111, 0.01000000000000000021 ) ) ;
#3452 = ORIENTED_EDGE ( 'NONE', *, *, #5708, .F. ) ;
#3453 = EDGE_CURVE ( 'NONE', #220, #6336, #570, .T. ) ;
#3454 = EDGE_CURVE ( 'NONE', #2767, #4148, #5072, .T. ) ;
#3455 = FACE_OUTER_BOUND ( 'NONE', #3770, .T. ) ;
#3456 = CARTESIAN_POINT ( 'NONE',  ( 3.550000000000410161, 0.4000000000000270006, 0.2100000000000000200 ) ) ;
#3457 = CARTESIAN_POINT ( 'NONE',  ( 0.5681769303615169520, -0.4500000000000000111, 0.2100000000000000200 ) ) ;
#3458 = ORIENTED_EDGE ( 'NONE', *, *, #5135, .T. ) ;
#3459 = DIRECTION ( 'NONE',  ( 0.000000000000000000, 0.000000000000000000, 1.000000000000000000 ) ) ;
#3460 = DIRECTION ( 'NONE',  ( 0.000000000000000000, 1.000000000000000000, 0.000000000000000000 ) ) ;
#3461 = EDGE_CURVE ( 'NONE', #5812, #3234, #4573, .T. ) ;
#3462 = LINE ( 'NONE', #5045, #2952 ) ;
#3463 = DIRECTION ( 'NONE',  ( 0.000000000000000000, -1.000000000000000000, 0.000000000000000000 ) ) ;
#3464 = PRODUCT_DEFINITION_SHAPE ( 'NONE', 'NONE',  #6634 ) ;
#3465 = ORIENTED_EDGE ( 'NONE', *, *, #1438, .F. ) ;
#3466 = DIRECTION ( 'NONE',  ( 2.120153865200730353E-14, -1.000000000000000000, 1.779020326330044932E-14 ) ) ;
#3467 = DIRECTION ( 'NONE',  ( 6.021548608136700101E-14, 1.000000000000000000, 0.000000000000000000 ) ) ;
#3468 = DIRECTION ( 'NONE',  ( 0.9848077530121912559, 0.000000000000000000, -0.1736481776670249499 ) ) ;
#3469 = LINE ( 'NONE', #5021, #6421 ) ;
#3470 = ORIENTED_EDGE ( 'NONE', *, *, #5239, .T. ) ;
#3471 = CARTESIAN_POINT ( 'NONE',  ( 0.7800000000000859579, 1.124999999999949818, 2.081668171172170239E-16 ) ) ;
#3472 = ORIENTED_EDGE ( 'NONE', *, *, #4940, .F. ) ;
#3473 = DIRECTION ( 'NONE',  ( 0.000000000000000000, 0.000000000000000000, 1.000000000000000000 ) ) ;
#3474 = ORIENTED_EDGE ( 'NONE', *, *, #1382, .F. ) ;
#3475 = CARTESIAN_POINT ( 'NONE',  ( 3.103013670925143241, 1.125879157762811333, 0.8819253331742454849 ) ) ;
#3476 = VECTOR ( 'NONE', #1697, 1000.000000000000000 ) ;
#3477 = CARTESIAN_POINT ( 'NONE',  ( 0.02499999999992040187, 0.6250000000000071054, 0.01000000000000000021 ) ) ;
#3478 = AXIS2_PLACEMENT_3D ( 'NONE', #6564, #5490, #2439 ) ;
#3479 = ORIENTED_EDGE ( 'NONE', *, *, #22, .F. ) ;
#3480 = VECTOR ( 'NONE', #1922, 1000.000000000000000 ) ;
#3481 = EDGE_CURVE ( 'NONE', #2786, #3072, #2026, .T. ) ;
#3482 = LINE ( 'NONE', #1384, #4235 ) ;
#3483 = VERTEX_POINT ( 'NONE', #1581 ) ;
#3484 = AXIS2_PLACEMENT_3D ( 'NONE', #2564, #4109, #3004 ) ;
#3485 = LINE ( 'NONE', #6255, #3253 ) ;
#3486 = EDGE_CURVE ( 'NONE', #6059, #6370, #3942, .T. ) ;
#3487 = VECTOR ( 'NONE', #4808, 1000.000000000000114 ) ;
#3488 = DIRECTION ( 'NONE',  ( -0.5901122987870983660, 0.000000000000000000, 0.8073211720376262113 ) ) ;
#3489 = DIRECTION ( 'NONE',  ( -0.9848077530122104628, 0.000000000000000000, 0.1736481776669162869 ) ) ;
#3490 = CIRCLE ( 'NONE', #2959, 0.05000000000001141032 ) ;
#3491 = ORIENTED_EDGE ( 'NONE', *, *, #2388, .F. ) ;
#3492 = ADVANCED_FACE ( 'NONE', ( #3146 ), #5703, .T. ) ;
#3493 = AXIS2_PLACEMENT_3D ( 'NONE', #1644, #639, #4198 ) ;
#3494 = CARTESIAN_POINT ( 'NONE',  ( 3.700000000000275069, 0.8999999999999839240, 0.000000000000000000 ) ) ;
#3495 = ADVANCED_FACE ( 'NONE', ( #4700 ), #1618, .T. ) ;
#3496 = FACE_OUTER_BOUND ( 'NONE', #1323, .T. ) ;
#3497 = SPHERICAL_SURFACE ( 'NONE', #71, 0.07499999999999820699 ) ;
#3498 = ORIENTED_EDGE ( 'NONE', *, *, #5679, .T. ) ;
#3499 = CARTESIAN_POINT ( 'NONE',  ( 3.675000000000124611, 0.4000000000000055178, 0.2100000000000000200 ) ) ;
#3500 = DIRECTION ( 'NONE',  ( 0.000000000000000000, 0.000000000000000000, 1.000000000000000000 ) ) ;
#3501 = ADVANCED_FACE ( 'NONE', ( #605 ), #6201, .T. ) ;
#3502 = DIRECTION ( 'NONE',  ( -0.1736481776668974686, 1.045630942535579817E-14, -0.9848077530122137935 ) ) ;
#3503 = CYLINDRICAL_SURFACE ( 'NONE', #3206, 0.1200000000000000649 ) ;
#3504 = VERTEX_POINT ( 'NONE', #3326 ) ;
#3505 = AXIS2_PLACEMENT_3D ( 'NONE', #4530, #6031, #874 ) ;
#3506 = EDGE_CURVE ( 'NONE', #3814, #1312, #590, .T. ) ;
#3507 = STYLED_ITEM ( 'NONE', ( #2572 ), #3713 ) ;
#3508 = CARTESIAN_POINT ( 'NONE',  ( 2.900000000000090061, 0.06000000000003070239, 0.01000000000000000021 ) ) ;
#3509 = ORIENTED_EDGE ( 'NONE', *, *, #1534, .T. ) ;
#3510 = ORIENTED_EDGE ( 'NONE', *, *, #4630, .F. ) ;
#3511 = FACE_OUTER_BOUND ( 'NONE', #6180, .T. ) ;
#3512 = ORIENTED_EDGE ( 'NONE', *, *, #5440, .T. ) ;
#3513 = VECTOR ( 'NONE', #3322, 1000.000000000000000 ) ;
#3514 = DIRECTION ( 'NONE',  ( 0.000000000000000000, 0.000000000000000000, 1.000000000000000000 ) ) ;
#3515 = DIRECTION ( 'NONE',  ( 0.000000000000000000, 1.000000000000000000, 0.000000000000000000 ) ) ;
#3516 = VECTOR ( 'NONE', #5482, 1000.000000000000000 ) ;
#3517 = ORIENTED_EDGE ( 'NONE', *, *, #4201, .T. ) ;
#3518 = VECTOR ( 'NONE', #266, 1000.000000000000000 ) ;
#3519 = LINE ( 'NONE', #907, #3480 ) ;
#3520 = ORIENTED_EDGE ( 'NONE', *, *, #1317, .T. ) ;
#3521 = AXIS2_PLACEMENT_3D ( 'NONE', #258, #4823, #231 ) ;
#3522 = EDGE_CURVE ( 'NONE', #3378, #944, #3872, .T. ) ;
#3523 = CARTESIAN_POINT ( 'NONE',  ( 0.6800000000000639977, 0.009999999999962478139, 0.2100000000000000200 ) ) ;
#3524 = CARTESIAN_POINT ( 'NONE',  ( 3.121802131520325041, 0.009999999999998008746, 0.08500000000000000611 ) ) ;
#3525 = DIRECTION ( 'NONE',  ( 0.000000000000000000, 0.000000000000000000, 1.000000000000000000 ) ) ;
#3526 = ORIENTED_EDGE ( 'NONE', *, *, #6406, .T. ) ;
#3527 = VECTOR ( 'NONE', #3101, 1000.000000000000000 ) ;
#3528 = VECTOR ( 'NONE', #2699, 1000.000000000000000 ) ;
#3529 = CARTESIAN_POINT ( 'NONE',  ( 3.195662712996179877, 0.8899999999999789191, 0.07197638667496689124 ) ) ;
#3530 = EDGE_CURVE ( 'NONE', #1132, #5908, #4514, .T. ) ;
#3531 = CARTESIAN_POINT ( 'NONE',  ( 2.900000000000090061, 0.8899999999999789191, 0.06000000000000130229 ) ) ;
#3532 = LINE ( 'NONE', #2033, #6166 ) ;
#3533 = ORIENTED_EDGE ( 'NONE', *, *, #3292, .T. ) ;
#3534 = FACE_OUTER_BOUND ( 'NONE', #346, .T. ) ;
#3535 = DIRECTION ( 'NONE',  ( 1.000000000000000000, 0.000000000000000000, 0.000000000000000000 ) ) ;
#3536 = DIRECTION ( 'NONE',  ( 1.000000000000000000, 3.612929164882019808E-14, 0.000000000000000000 ) ) ;
#3537 = EDGE_CURVE ( 'NONE', #4565, #4301, #3975, .T. ) ;
#3538 = DIRECTION ( 'NONE',  ( 0.000000000000000000, 0.000000000000000000, 1.000000000000000000 ) ) ;
#3539 = ORIENTED_EDGE ( 'NONE', *, *, #4566, .F. ) ;
#3540 = DIRECTION ( 'NONE',  ( -0.8073211720378736800, 1.387778780781444689E-16, 0.5901122987867596370 ) ) ;
#3541 = EDGE_CURVE ( 'NONE', #3840, #4966, #4417, .T. ) ;
#3542 = EDGE_LOOP ( 'NONE', ( #2554, #6626, #4044, #1633 ) ) ;
#3543 = ORIENTED_EDGE ( 'NONE', *, *, #2310, .T. ) ;
#3544 = CARTESIAN_POINT ( 'NONE',  ( 0.5781978684800610502, 0.8999999999999559464, 0.08500000000000000611 ) ) ;
#3545 = ORIENTED_EDGE ( 'NONE', *, *, #6362, .F. ) ;
#3546 = FACE_OUTER_BOUND ( 'NONE', #6170, .T. ) ;
#3547 = AXIS2_PLACEMENT_3D ( 'NONE', #3158, #4141, #5176 ) ;
#3548 = DIRECTION ( 'NONE',  ( 0.000000000000000000, 0.000000000000000000, -1.000000000000000000 ) ) ;
#3549 = VERTEX_POINT ( 'NONE', #356 ) ;
#3550 = ADVANCED_FACE ( 'NONE', ( #783 ), #2866, .F. ) ;
#3551 = SPHERICAL_SURFACE ( 'NONE', #1232, 0.1200000000000066014 ) ;
#3552 = CIRCLE ( 'NONE', #1849, 0.07499999999999998335 ) ;
#3553 = VERTEX_POINT ( 'NONE', #5952 ) ;
#3554 = CARTESIAN_POINT ( 'NONE',  ( 0.1399999999999294031, 0.5000000000000210942, 0.2200000000000000011 ) ) ;
#3555 = FACE_OUTER_BOUND ( 'NONE', #3632, .T. ) ;
#3556 = FACE_OUTER_BOUND ( 'NONE', #3207, .T. ) ;
#3557 = DIRECTION ( 'NONE',  ( 0.000000000000000000, 0.000000000000000000, -1.000000000000000000 ) ) ;
#3558 = EDGE_CURVE ( 'NONE', #1040, #2610, #5975, .T. ) ;
#3559 = ORIENTED_EDGE ( 'NONE', *, *, #5861, .F. ) ;
#3560 = LINE ( 'NONE', #4102, #6293 ) ;
#3561 = CARTESIAN_POINT ( 'NONE',  ( 2.850000000000080025, 0.06000000000000939998, 0.01000000000000000021 ) ) ;
#3562 = DIRECTION ( 'NONE',  ( -1.000000000000000000, 0.000000000000000000, 0.000000000000000000 ) ) ;
#3563 = EDGE_CURVE ( 'NONE', #5646, #801, #1933, .T. ) ;
#3564 = ORIENTED_EDGE ( 'NONE', *, *, #6219, .F. ) ;
#3565 = DIRECTION ( 'NONE',  ( 0.000000000000000000, 0.000000000000000000, 1.000000000000000000 ) ) ;
#3566 = LINE ( 'NONE', #3602, #6628 ) ;
#3567 = FACE_OUTER_BOUND ( 'NONE', #3040, .T. ) ;
#3568 = CARTESIAN_POINT ( 'NONE',  ( 0.5200000000002089617, 0.009999999999969588771, 0.1600000000000000033 ) ) ;
#3569 = EDGE_LOOP ( 'NONE', ( #6264, #3285, #238, #444 ) ) ;
#3570 = LINE ( 'NONE', #619, #4459 ) ;
#3571 = ORIENTED_EDGE ( 'NONE', *, *, #2185, .T. ) ;
#3572 = EDGE_CURVE ( 'NONE', #2006, #6404, #6015, .T. ) ;
#3573 = ORIENTED_EDGE ( 'NONE', *, *, #3152, .T. ) ;
#3574 =( NAMED_UNIT ( * ) PLANE_ANGLE_UNIT ( ) SI_UNIT ( $, .RADIAN. ) );
#3575 = PLANE ( 'NONE',  #6298 ) ;
#3576 = ADVANCED_FACE ( 'NONE', ( #2397 ), #6455, .T. ) ;
#3577 = CARTESIAN_POINT ( 'NONE',  ( 2.850000000000080025, 0.06000000000000939998, 2.081668171172170239E-16 ) ) ;
#3578 = ORIENTED_EDGE ( 'NONE', *, *, #1737, .T. ) ;
#3579 = ORIENTED_EDGE ( 'NONE', *, *, #6072, .T. ) ;
#3580 = AXIS2_PLACEMENT_3D ( 'NONE', #2776, #4320, #1736 ) ;
#3581 = CARTESIAN_POINT ( 'NONE',  ( 0.6741208422372440001, 1.125879157762802008, 0.7900000000000000355 ) ) ;
#3582 = LINE ( 'NONE', #4659, #3314 ) ;
#3583 = ADVANCED_FACE ( 'NONE', ( #1864 ), #919, .F. ) ;
#3584 =( BOUNDED_CURVE ( )  B_SPLINE_CURVE ( 3, ( #3674, #4189, #1669, #5254 ),
 .UNSPECIFIED., .F., .F. ) 
 B_SPLINE_CURVE_WITH_KNOTS ( ( 4, 4 ),
 ( -1.865174681370262988E-13, 0.7703190329006517345 ),
 .UNSPECIFIED. ) 
 CURVE ( )  GEOMETRIC_REPRESENTATION_ITEM ( )  RATIONAL_B_SPLINE_CURVE ( ( 1.000000000000000000, 0.9511590086810657318, 0.9511590086810657318, 1.000000000000000000 ) ) 
 REPRESENTATION_ITEM ( '' )  );
#3585 = VECTOR ( 'NONE', #5811, 1000.000000000000000 ) ;
#3586 = PRODUCT_RELATED_PRODUCT_CATEGORY ( 'part', '', ( #2462 ) ) ;
#3587 = AXIS2_PLACEMENT_3D ( 'NONE', #1600, #4717, #5215 ) ;
#3588 = DIRECTION ( 'NONE',  ( -2.842170943049450051E-13, 1.000000000000000000, 0.000000000000000000 ) ) ;
#3589 = DIRECTION ( 'NONE',  ( 0.000000000000000000, 0.000000000000000000, 1.000000000000000000 ) ) ;
#3590 = VECTOR ( 'NONE', #3888, 1000.000000000000000 ) ;
#3591 = CIRCLE ( 'NONE', #2842, 0.07499999999999991396 ) ;
#3592 = EDGE_LOOP ( 'NONE', ( #1975, #4014, #5174, #1857, #2781, #1944, #4011, #3133, #1300, #2189, #809, #3273 ) ) ;
#3593 = AXIS2_PLACEMENT_3D ( 'NONE', #796, #5430, #4962 ) ;
#3594 = DIRECTION ( 'NONE',  ( -0.1710878697461774289, 0.1710878697461059306, 0.9702875252477766166 ) ) ;
#3595 = VECTOR ( 'NONE', #1298, 1000.000000000000000 ) ;
#3596 = DIRECTION ( 'NONE',  ( -0.1710878697460991305, -0.1710878697460311293, -0.9702875252478037060 ) ) ;
#3597 = CARTESIAN_POINT ( 'NONE',  ( 0.6800000000000639977, 0.01000000000004774153, 0.01000000000000020144 ) ) ;
#3598 = SURFACE_STYLE_USAGE ( .BOTH. , #4612 ) ;
#3599 = ORIENTED_EDGE ( 'NONE', *, *, #3522, .F. ) ;
#3600 = DIRECTION ( 'NONE',  ( -0.5901122987869792391, 0.000000000000000000, 0.8073211720377132528 ) ) ;
#3601 = CIRCLE ( 'NONE', #4140, 0.1199999999999999400 ) ;
#3602 = CARTESIAN_POINT ( 'NONE',  ( 2.200000000000104983, -0.2250000000000000056, 0.01000000000000000021 ) ) ;
#3603 = DIRECTION ( 'NONE',  ( -1.000000000000000000, -8.881784197001761928E-15, 0.000000000000000000 ) ) ;
#3604 = DIRECTION ( 'NONE',  ( 0.000000000000000000, -1.000000000000000000, 0.000000000000000000 ) ) ;
#3605 = EDGE_LOOP ( 'NONE', ( #2817, #2911, #5402, #4093 ) ) ;
#3606 = DIRECTION ( 'NONE',  ( 0.000000000000000000, 0.000000000000000000, 1.000000000000000000 ) ) ;
#3607 = ORIENTED_EDGE ( 'NONE', *, *, #4846, .F. ) ;
#3608 = ORIENTED_EDGE ( 'NONE', *, *, #463, .F. ) ;
#3609 = LINE ( 'NONE', #5662, #528 ) ;
#3610 = CARTESIAN_POINT ( 'NONE',  ( 3.096692633617236456, 1.125879157762811333, 0.8868785406444944508 ) ) ;
#3611 = ORIENTED_EDGE ( 'NONE', *, *, #2639, .F. ) ;
#3612 = MECHANICAL_DESIGN_GEOMETRIC_PRESENTATION_REPRESENTATION (  '', ( #1910 ), #411 ) ;
#3613 = ADVANCED_FACE ( 'NONE', ( #5453 ), #1297, .T. ) ;
#3614 = CARTESIAN_POINT ( 'NONE',  ( 0.5299887977535542305, 0.009999999999998008746, 0.02754666676609038994 ) ) ;
#3615 = VECTOR ( 'NONE', #2823, 1000.000000000000000 ) ;
#3616 = VECTOR ( 'NONE', #4069, 1000.000000000000000 ) ;
#3617 = ORIENTED_EDGE ( 'NONE', *, *, #5297, .T. ) ;
#3618 = AXIS2_PLACEMENT_3D ( 'NONE', #2125, #710, #183 ) ;
#3619 = LINE ( 'NONE', #5700, #2342 ) ;
#3620 = PLANE ( 'NONE',  #1077 ) ;
#3621 = EDGE_CURVE ( 'NONE', #875, #3814, #4447, .T. ) ;
#3622 = AXIS2_PLACEMENT_3D ( 'NONE', #2115, #4162, #3142 ) ;
#3623 = VECTOR ( 'NONE', #4043, 1000.000000000000227 ) ;
#3624 = CYLINDRICAL_SURFACE ( 'NONE', #4360, 0.05000000000001850881 ) ;
#3625 = CARTESIAN_POINT ( 'NONE',  ( 0.000000000000000000, 0.2849999999999965339, 0.2200000000000000011 ) ) ;
#3626 = ADVANCED_FACE ( 'NONE', ( #5416 ), #5010, .T. ) ;
#3627 = ORIENTED_EDGE ( 'NONE', *, *, #6037, .F. ) ;
#3628 = VECTOR ( 'NONE', #3502, 1000.000000000000227 ) ;
#3629 = CARTESIAN_POINT ( 'NONE',  ( 0.5910617196967110631, 1.208938280303350155, 0.3189483083823215215 ) ) ;
#3630 = CARTESIAN_POINT ( 'NONE',  ( 3.121802131520325041, -7.105427357600998703E-15, 0.08500000000000000611 ) ) ;
#3631 = DIRECTION ( 'NONE',  ( -1.000000000000000000, -1.235047692136172952E-13, 0.000000000000000000 ) ) ;
#3632 = EDGE_LOOP ( 'NONE', ( #4849, #1625, #1541, #2182 ) ) ;
#3633 = CARTESIAN_POINT ( 'NONE',  ( 2.850000000000080025, 0.06000000000000939998, 0.01000000000000000021 ) ) ;
#3634 = DIRECTION ( 'NONE',  ( 0.000000000000000000, -1.000000000000000000, 0.000000000000000000 ) ) ;
#3635 = CARTESIAN_POINT ( 'NONE',  ( 0.02499999999992040187, 0.6249999999999650280, 0.2100000000000000200 ) ) ;
#3636 = CARTESIAN_POINT ( 'NONE',  ( 0.6800000000000639977, 0.8899999999999999023, 0.01000000000000000021 ) ) ;
#3637 = ORIENTED_EDGE ( 'NONE', *, *, #306, .F. ) ;
#3638 = CARTESIAN_POINT ( 'NONE',  ( 0.000000000000000000, 0.6749999999999900524, 0.01000000000000000021 ) ) ;
#3639 = AXIS2_PLACEMENT_3D ( 'NONE', #5067, #5100, #6133 ) ;
#3640 = ORIENTED_EDGE ( 'NONE', *, *, #3785, .T. ) ;
#3641 = EDGE_LOOP ( 'NONE', ( #4812, #2233, #4534, #2921 ) ) ;
#3642 = EDGE_CURVE ( 'NONE', #6494, #6575, #3938, .T. ) ;
#3643 = CARTESIAN_POINT ( 'NONE',  ( 3.700000000000275069, 0.009999999999998008746, 0.1100000000000000006 ) ) ;
#3644 = CARTESIAN_POINT ( 'NONE',  ( 2.900000000000090061, 0.8399999999999610001, 0.06000000000000130229 ) ) ;
#3645 = CARTESIAN_POINT ( 'NONE',  ( 0.4500000000001019851, 1.349999999999985878, 0.2100000000000000200 ) ) ;
#3646 = VERTEX_POINT ( 'NONE', #5483 ) ;
#3647 = DIRECTION ( 'NONE',  ( 1.000000000000000000, -2.842170943049450051E-13, 0.000000000000000000 ) ) ;
#3648 = EDGE_CURVE ( 'NONE', #2490, #6310, #1101, .T. ) ;
#3649 = ORIENTED_EDGE ( 'NONE', *, *, #927, .F. ) ;
#3650 = CARTESIAN_POINT ( 'NONE',  ( 3.700000000000275069, 0.000000000000000000, 0.000000000000000000 ) ) ;
#3651 = CARTESIAN_POINT ( 'NONE',  ( 0.5781978684800039847, 1.221802131519994061, 0.08499999999999791056 ) ) ;
#3652 = ADVANCED_FACE ( 'NONE', ( #2010 ), #4051, .F. ) ;
#3653 = CARTESIAN_POINT ( 'NONE',  ( 0.5299887977535542305, 0.8849999999999840217, 0.02754666676609038994 ) ) ;
#3654 = DIRECTION ( 'NONE',  ( 0.6860968888031522273, 0.6860968888036784730, -0.2419547857525201073 ) ) ;
#3655 = EDGE_CURVE ( 'NONE', #3737, #2239, #83, .T. ) ;
#3656 = ORIENTED_EDGE ( 'NONE', *, *, #802, .T. ) ;
#3657 = EDGE_CURVE ( 'NONE', #4213, #5805, #6094, .T. ) ;
#3658 = FACE_OUTER_BOUND ( 'NONE', #3542, .T. ) ;
#3659 = CARTESIAN_POINT ( 'NONE',  ( 2.422554859447699993, 0.4499999999998819944, 0.2100000000000000200 ) ) ;
#3660 = PLANE ( 'NONE',  #6046 ) ;
#3661 = DIRECTION ( 'NONE',  ( 0.000000000000000000, 0.000000000000000000, 1.000000000000000000 ) ) ;
#3662 = EDGE_LOOP ( 'NONE', ( #540, #1065, #2726, #1136, #2768, #2114 ) ) ;
#3663 = CARTESIAN_POINT ( 'NONE',  ( 0.000000000000000000, 0.8999999999999839240, 0.000000000000000000 ) ) ;
#3664 = DIRECTION ( 'NONE',  ( 0.000000000000000000, 0.000000000000000000, 1.000000000000000000 ) ) ;
#3665 = CARTESIAN_POINT ( 'NONE',  ( 0.6800000000000000488, 0.9900000000000450662, 0.1100000000000000006 ) ) ;
#3666 = LINE ( 'NONE', #1156, #6409 ) ;
#3667 = EDGE_CURVE ( 'NONE', #4622, #2750, #1507, .T. ) ;
#3668 = LINE ( 'NONE', #2535, #5411 ) ;
#3669 = EDGE_LOOP ( 'NONE', ( #2085, #3136, #3032, #4784 ) ) ;
#3670 = VERTEX_POINT ( 'NONE', #5693 ) ;
#3671 =( NAMED_UNIT ( * ) PLANE_ANGLE_UNIT ( ) SI_UNIT ( $, .RADIAN. ) );
#3672 = EDGE_LOOP ( 'NONE', ( #3802, #671, #1162, #5167 ) ) ;
#3673 = CYLINDRICAL_SURFACE ( 'NONE', #1387, 0.1149999999999522238 ) ;
#3674 = CARTESIAN_POINT ( 'NONE',  ( 3.198500007531808631, -0.3985000075317753354, 0.2100000000000000200 ) ) ;
#3675 = VERTEX_POINT ( 'NONE', #2600 ) ;
#3676 = DIRECTION ( 'NONE',  ( 4.547473508864640180E-14, 1.000000000000000000, 0.000000000000000000 ) ) ;
#3677 = LINE ( 'NONE', #2113, #2303 ) ;
#3678 = ORIENTED_EDGE ( 'NONE', *, *, #4634, .F. ) ;
#3679 = LINE ( 'NONE', #2642, #6520 ) ;
#3680 = CARTESIAN_POINT ( 'NONE',  ( 0.5969863290748783635, -7.105427357600998703E-15, 0.8819253331742934465 ) ) ;
#3681 = EDGE_CURVE ( 'NONE', #472, #1866, #497, .T. ) ;
#3682 = DIRECTION ( 'NONE',  ( 0.000000000000000000, 1.000000000000000000, 0.000000000000000000 ) ) ;
#3683 = AXIS2_PLACEMENT_3D ( 'NONE', #6327, #297, #3235 ) ;
#3684 = ORIENTED_EDGE ( 'NONE', *, *, #626, .F. ) ;
#3685 = AXIS2_PLACEMENT_3D ( 'NONE', #2286, #3189, #644 ) ;
#3686 = AXIS2_PLACEMENT_3D ( 'NONE', #4466, #6506, #5063 ) ;
#3687 = FACE_OUTER_BOUND ( 'NONE', #2528, .T. ) ;
#3688 = CIRCLE ( 'NONE', #5303, 0.07499999999999695799 ) ;
#3689 = CARTESIAN_POINT ( 'NONE',  ( 0.4813136180774789663, 0.009999999999969588771, 0.2025501016794644948 ) ) ;
#3690 = CARTESIAN_POINT ( 'NONE',  ( 3.025879157762799920, 1.125879157762802008, 0.7900000000000000355 ) ) ;
#3691 = CONTEXT_DEPENDENT_SHAPE_REPRESENTATION ( #138, #818 ) ;
#3692 = EDGE_CURVE ( 'NONE', #5908, #5755, #4687, .T. ) ;
#3693 = ORIENTED_EDGE ( 'NONE', *, *, #2510, .T. ) ;
#3694 = CARTESIAN_POINT ( 'NONE',  ( 0.6800000000000639977, 0.8899999999999579359, 0.1100000000000000006 ) ) ;
#3695 = LINE ( 'NONE', #5211, #5264 ) ;
#3696 = CARTESIAN_POINT ( 'NONE',  ( 3.121802131519984869, 1.270011202246494664, 0.02754666676607220310 ) ) ;
#3697 = UNCERTAINTY_MEASURE_WITH_UNIT (LENGTH_MEASURE( 1.000000000000000082E-05 ), #4757, 'distance_accuracy_value', 'NONE');
#3698 = VECTOR ( 'NONE', #5930, 1000.000000000000114 ) ;
#3699 = EDGE_CURVE ( 'NONE', #774, #6423, #1799, .T. ) ;
#3700 = DIRECTION ( 'NONE',  ( 0.000000000000000000, 0.000000000000000000, 1.000000000000000000 ) ) ;
#3701 = VERTEX_POINT ( 'NONE', #4185 ) ;
#3702 = CIRCLE ( 'NONE', #1041, 0.1150000000000019756 ) ;
#3703 = ORIENTED_EDGE ( 'NONE', *, *, #1998, .T. ) ;
#3704 = ADVANCED_FACE ( 'NONE', ( #4592 ), #5124, .T. ) ;
#3705 = CARTESIAN_POINT ( 'NONE',  ( 0.5200000000002089617, 0.8899999999999649303, 0.1600000000000000033 ) ) ;
#3706 = AXIS2_PLACEMENT_3D ( 'NONE', #1552, #5643, #5145 ) ;
#3707 = ORIENTED_EDGE ( 'NONE', *, *, #3122, .F. ) ;
#3708 = DIRECTION ( 'NONE',  ( -1.000000000000000000, 0.000000000000000000, 0.000000000000000000 ) ) ;
#3709 = CYLINDRICAL_SURFACE ( 'NONE', #433, 0.05000000000001141032 ) ;
#3710 = VERTEX_POINT ( 'NONE', #94 ) ;
#3711 = DIRECTION ( 'NONE',  ( -0.6427876096867575217, 0.000000000000000000, -0.7660444431187950487 ) ) ;
#3712 = PLANE ( 'NONE',  #1351 ) ;
#3713 = MANIFOLD_SOLID_BREP ( 'SOD123HP_3D_PD_20231113.dwg<1>[11]', #3029 ) ;
#3714 = ORIENTED_EDGE ( 'NONE', *, *, #1757, .T. ) ;
#3715 = VECTOR ( 'NONE', #2235, 1000.000000000000000 ) ;
#3716 = CARTESIAN_POINT ( 'NONE',  ( 0.000000000000000000, 0.009999999999998008746, 0.2100000000000000200 ) ) ;
#3717 = DIRECTION ( 'NONE',  ( 0.000000000000000000, -0.9848077530122080203, 0.1736481776669302757 ) ) ;
#3718 = VECTOR ( 'NONE', #5433, 1000.000000000000000 ) ;
#3719 = AXIS2_PLACEMENT_3D ( 'NONE', #1802, #4955, #4421 ) ;
#3720 = AXIS2_PLACEMENT_3D ( 'NONE', #5887, #5986, #1363 ) ;
#3721 = PLANE ( 'NONE',  #5838 ) ;
#3722 = ORIENTED_EDGE ( 'NONE', *, *, #6326, .T. ) ;
#3723 = ORIENTED_EDGE ( 'NONE', *, *, #6072, .F. ) ;
#3724 = EDGE_CURVE ( 'NONE', #5667, #4286, #1477, .T. ) ;
#3725 = VECTOR ( 'NONE', #5361, 1000.000000000000000 ) ;
#3726 = STYLED_ITEM ( 'NONE', ( #753 ), #1666 ) ;
#3727 = CARTESIAN_POINT ( 'NONE',  ( 3.150000000000090061, 0.01000000000001932156, 0.2100000000000000200 ) ) ;
#3728 = DIRECTION ( 'NONE',  ( 0.8073211720377132528, -4.065758146820739742E-16, 0.5901122987869790171 ) ) ;
#3730 = DIRECTION ( 'NONE',  ( 0.000000000000000000, 0.000000000000000000, 1.000000000000000000 ) ) ;
#3729 = CIRCLE ( 'NONE', #850, 0.05000000000001141032 ) ;
#3731 = ORIENTED_EDGE ( 'NONE', *, *, #1415, .F. ) ;
#3732 = DIRECTION ( 'NONE',  ( 0.1710878697460434250, -0.1710878697461029330, -0.9702875252478005974 ) ) ;
#3733 = CARTESIAN_POINT ( 'NONE',  ( 0.7800000000000859579, 0.9899999999999659073, 2.081668171172170239E-16 ) ) ;
#3734 = CARTESIAN_POINT ( 'NONE',  ( 0.5338150699214431194, 1.320000000000001172, 0.2099999999999999645 ) ) ;
#3735 = EDGE_CURVE ( 'NONE', #6370, #1151, #1153, .T. ) ;
#3736 = DIRECTION ( 'NONE',  ( 0.000000000000000000, 0.000000000000000000, 1.000000000000000000 ) ) ;
#3737 = VERTEX_POINT ( 'NONE', #5186 ) ;
#3738 = ORIENTED_EDGE ( 'NONE', *, *, #5343, .F. ) ;
#3739 = CARTESIAN_POINT ( 'NONE',  ( 0.02500000000003410258, 0.2750000000000409894, 0.01000000000000000021 ) ) ;
#3740 = ADVANCED_FACE ( 'NONE', ( #2631 ), #4149, .T. ) ;
#3741 = EDGE_LOOP ( 'NONE', ( #4963, #3470, #1776, #3426 ) ) ;
#3742 = LINE ( 'NONE', #687, #4388 ) ;
#3743 = CARTESIAN_POINT ( 'NONE',  ( 3.108938280303334967, -0.3089382803033660085, 0.3189483083823185239 ) ) ;
#3744 = VERTEX_POINT ( 'NONE', #4850 ) ;
#3745 = EDGE_CURVE ( 'NONE', #2694, #3038, #759, .T. ) ;
#3746 = DIRECTION ( 'NONE',  ( 0.000000000000000000, 0.000000000000000000, -1.000000000000000000 ) ) ;
#3747 = CARTESIAN_POINT ( 'NONE',  ( 0.000000000000000000, 0.000000000000000000, 0.000000000000000000 ) ) ;
#3748 = VERTEX_POINT ( 'NONE', #229 ) ;
#3749 = CARTESIAN_POINT ( 'NONE',  ( 3.025879157762799920, 0.9000000000000130118, 0.9100000000000000311 ) ) ;
#3750 = DIRECTION ( 'NONE',  ( 0.5901122987869089620, 0.000000000000000000, -0.8073211720377645451 ) ) ;
#3751 = ORIENTED_EDGE ( 'NONE', *, *, #6150, .F. ) ;
#3752 = EDGE_CURVE ( 'NONE', #6609, #3141, #5281, .T. ) ;
#3753 = CARTESIAN_POINT ( 'NONE',  ( 0.000000000000000000, 0.8899999999999999023, 0.2100000000000000200 ) ) ;
#3754 = ORIENTED_EDGE ( 'NONE', *, *, #1042, .F. ) ;
#3755 = VERTEX_POINT ( 'NONE', #4720 ) ;
#3756 = ORIENTED_EDGE ( 'NONE', *, *, #1164, .T. ) ;
#3757 = ORIENTED_EDGE ( 'NONE', *, *, #3225, .T. ) ;
#3758 = DIRECTION ( 'NONE',  ( -1.000000000000000000, 0.000000000000000000, 0.000000000000000000 ) ) ;
#3759 = DIRECTION ( 'NONE',  ( 0.000000000000000000, 0.000000000000000000, -1.000000000000000000 ) ) ;
#3760 = CARTESIAN_POINT ( 'NONE',  ( 1.835915838023084889, 1.124999999999949818, 0.06000000000000140638 ) ) ;
#3761 = ORIENTED_EDGE ( 'NONE', *, *, #506, .F. ) ;
#3762 = SPHERICAL_SURFACE ( 'NONE', #2223, 0.1200000000000000094 ) ;
#3763 = CARTESIAN_POINT ( 'NONE',  ( 0.4996145104530000935, 0.8999999999999630518, 0.09876058346728849857 ) ) ;
#3764 = CARTESIAN_POINT ( 'NONE',  ( 3.550000000000410161, 0.5000000000000359712, 0.1100000000000000006 ) ) ;
#3765 = EDGE_CURVE ( 'NONE', #4622, #5431, #5350, .T. ) ;
#3766 = CYLINDRICAL_SURFACE ( 'NONE', #5205, 0.05000000000001141032 ) ;
#3767 = ORIENTED_EDGE ( 'NONE', *, *, #5797, .T. ) ;
#3768 = VERTEX_POINT ( 'NONE', #128 ) ;
#3769 = FILL_AREA_STYLE ('',( #4285 ) ) ;
#3770 = EDGE_LOOP ( 'NONE', ( #213, #434, #3258, #2828 ) ) ;
#3771 = CARTESIAN_POINT ( 'NONE',  ( 0.000000000000000000, 0.2750000000000409894, 0.01000000000000000021 ) ) ;
#3772 = CARTESIAN_POINT ( 'NONE',  ( 0.7800000000000859579, -0.2249999999999590106, 0.01000000000000000021 ) ) ;
#3773 = ORIENTED_EDGE ( 'NONE', *, *, #4678, .T. ) ;
#3774 = EDGE_CURVE ( 'NONE', #1044, #1467, #2863, .T. ) ;
#3775 = CARTESIAN_POINT ( 'NONE',  ( 2.250000000000169642, 1.074999999999999956, 0.01000000000000000021 ) ) ;
#3776 = EDGE_CURVE ( 'NONE', #1024, #1269, #5756, .T. ) ;
#3777 = EDGE_LOOP ( 'NONE', ( #2155, #2500, #462, #4330 ) ) ;
#3778 = DIRECTION ( 'NONE',  ( 0.000000000000000000, 1.000000000000000000, 0.000000000000000000 ) ) ;
#3779 = LINE ( 'NONE', #2780, #2465 ) ;
#3780 = EDGE_LOOP ( 'NONE', ( #6212, #1878, #2371, #5620 ) ) ;
#3781 = FACE_OUTER_BOUND ( 'NONE', #2477, .T. ) ;
#3782 = ORIENTED_EDGE ( 'NONE', *, *, #6154, .F. ) ;
#3783 = VERTEX_POINT ( 'NONE', #685 ) ;
#3784 = VERTEX_POINT ( 'NONE', #4215 ) ;
#3785 = EDGE_CURVE ( 'NONE', #3646, #5939, #6249, .T. ) ;
#3787 = ORIENTED_EDGE ( 'NONE', *, *, #4203, .T. ) ;
#3786 = ADVANCED_FACE ( 'NONE', ( #4314 ), #4250, .T. ) ;
#3788 = CARTESIAN_POINT ( 'NONE',  ( 0.7800000000000859579, 0.9899999999999659073, 0.01000000000000020144 ) ) ;
#3789 = CARTESIAN_POINT ( 'NONE',  ( 3.675000000000179678, 0.4999999999999929501, 0.2200000000000000011 ) ) ;
#3790 = CARTESIAN_POINT ( 'NONE',  ( 0.02499999999992040187, 0.6149999999999670175, 0.000000000000000000 ) ) ;
#3791 = ORIENTED_EDGE ( 'NONE', *, *, #2279, .T. ) ;
#3792 = AXIS2_PLACEMENT_3D ( 'NONE', #4725, #6577, #2674 ) ;
#3793 = CARTESIAN_POINT ( 'NONE',  ( 0.000000000000000000, 0.6249999999999720224, 0.1100000000000000006 ) ) ;
#3794 = FACE_OUTER_BOUND ( 'NONE', #611, .T. ) ;
#3795 = AXIS2_PLACEMENT_3D ( 'NONE', #2985, #443, #4435 ) ;
#3796 =( BOUNDED_CURVE ( )  B_SPLINE_CURVE ( 3, ( #2574, #6156, #5663, #4790 ),
 .UNSPECIFIED., .F., .F. ) 
 B_SPLINE_CURVE_WITH_KNOTS ( ( 4, 4 ),
 ( 5.512866274278626300, 6.283185307179586232 ),
 .UNSPECIFIED. ) 
 CURVE ( )  GEOMETRIC_REPRESENTATION_ITEM ( )  RATIONAL_B_SPLINE_CURVE ( ( 1.000000000000000000, 0.9511590086810504108, 0.9511590086810504108, 1.000000000000000000 ) ) 
 REPRESENTATION_ITEM ( '' )  );
#3797 = DIRECTION ( 'NONE',  ( 1.000000000000000000, 0.000000000000000000, 0.000000000000000000 ) ) ;
#3798 = ORIENTED_EDGE ( 'NONE', *, *, #259, .T. ) ;
#3799 = ORIENTED_EDGE ( 'NONE', *, *, #3111, .T. ) ;
#3800 = CARTESIAN_POINT ( 'NONE',  ( 3.110000000000129994, -2.842170943040399481E-14, 0.000000000000000000 ) ) ;
#3801 = AXIS2_PLACEMENT_3D ( 'NONE', #1935, #3939, #5987 ) ;
#3802 = ORIENTED_EDGE ( 'NONE', *, *, #5471, .F. ) ;
#3803 = LINE ( 'NONE', #5822, #6524 ) ;
#3804 = EDGE_CURVE ( 'NONE', #3276, #5422, #5720, .T. ) ;
#3805 = PLANE ( 'NONE',  #2458 ) ;
#3806 = ORIENTED_EDGE ( 'NONE', *, *, #6355, .F. ) ;
#3807 = CIRCLE ( 'NONE', #3166, 0.05000000000001141032 ) ;
#3808 = CARTESIAN_POINT ( 'NONE',  ( 3.121802131519984869, -0.3218021315200160215, 0.08499999999999681422 ) ) ;
#3809 = VECTOR ( 'NONE', #327, 1000.000000000000000 ) ;
#3810 = ORIENTED_EDGE ( 'NONE', *, *, #5918, .F. ) ;
#3811 = LINE ( 'NONE', #1814, #1268 ) ;
#3812 = CIRCLE ( 'NONE', #933, 0.1249999999999858030 ) ;
#3813 = FACE_OUTER_BOUND ( 'NONE', #1773, .T. ) ;
#3814 = VERTEX_POINT ( 'NONE', #1664 ) ;
#3815 = EDGE_CURVE ( 'NONE', #163, #6258, #509, .T. ) ;
#3816 = DIRECTION ( 'NONE',  ( 0.000000000000000000, -0.9848077530122063550, -0.1736481776669397126 ) ) ;
#3817 = ORIENTED_EDGE ( 'NONE', *, *, #843, .T. ) ;
#3818 = ORIENTED_EDGE ( 'NONE', *, *, #5302, .T. ) ;
#3819 = ORIENTED_EDGE ( 'NONE', *, *, #1863, .T. ) ;
#3820 = EDGE_CURVE ( 'NONE', #5611, #740, #3201, .T. ) ;
#3821 = VECTOR ( 'NONE', #1980, 1000.000000000000000 ) ;
#3822 = ORIENTED_EDGE ( 'NONE', *, *, #286, .T. ) ;
#3823 = AXIS2_PLACEMENT_3D ( 'NONE', #421, #5919, #4951 ) ;
#3824 = CYLINDRICAL_SURFACE ( 'NONE', #4915, 0.1199999999999999678 ) ;
#3825 = EDGE_CURVE ( 'NONE', #1194, #6337, #4581, .T. ) ;
#3826 = LINE ( 'NONE', #2285, #1676 ) ;
#3827 = LINE ( 'NONE', #4237, #383 ) ;
#3828 = VERTEX_POINT ( 'NONE', #1701 ) ;
#3829 = AXIS2_PLACEMENT_3D ( 'NONE', #992, #4640, #5648 ) ;
#3830 = CARTESIAN_POINT ( 'NONE',  ( 0.5781978684800610502, 0.8899999999999649303, 0.08500000000000000611 ) ) ;
#3831 = DIRECTION ( 'NONE',  ( -5.224578939412010120E-14, -1.000000000000000000, 0.000000000000000000 ) ) ;
#3832 = LINE ( 'NONE', #354, #728 ) ;
#3833 = AXIS2_PLACEMENT_3D ( 'NONE', #3341, #2346, #5394 ) ;
#3834 = DIRECTION ( 'NONE',  ( 0.000000000000000000, 0.000000000000000000, 1.000000000000000000 ) ) ;
#3835 = LINE ( 'NONE', #4311, #2612 ) ;
#3836 = MECHANICAL_DESIGN_GEOMETRIC_PRESENTATION_REPRESENTATION (  '', ( #5024 ), #6522 ) ;
#3837 = VERTEX_POINT ( 'NONE', #3800 ) ;
#3838 = EDGE_LOOP ( 'NONE', ( #92, #5979, #1187, #4368 ) ) ;
#3839 = SPHERICAL_SURFACE ( 'NONE', #5013, 0.1200000000000000094 ) ;
#3840 = VERTEX_POINT ( 'NONE', #3739 ) ;
#3841 = VECTOR ( 'NONE', #4753, 1000.000000000000000 ) ;
#3842 = DIRECTION ( 'NONE',  ( -0.1710878697461324094, -0.1710878697460254116, 0.9702875252477985990 ) ) ;
#3843 = DIRECTION ( 'NONE',  ( 0.000000000000000000, -1.000000000000000000, 0.000000000000000000 ) ) ;
#3844 = ORIENTED_EDGE ( 'NONE', *, *, #2177, .F. ) ;
#3845 = FACE_OUTER_BOUND ( 'NONE', #4900, .T. ) ;
#3846 = EDGE_CURVE ( 'NONE', #4946, #3038, #197, .T. ) ;
#3847 = MANIFOLD_SOLID_BREP ( 'SOD123HP-2_3D_PD_20240429.dwg<1>[1]', #3344 ) ;
#3848 = ORIENTED_EDGE ( 'NONE', *, *, #5587, .F. ) ;
#3849 = CIRCLE ( 'NONE', #1593, 0.1199999999999999539 ) ;
#3850 = DIRECTION ( 'NONE',  ( 4.547473508864640180E-14, 1.000000000000000000, 0.000000000000000000 ) ) ;
#3851 = CARTESIAN_POINT ( 'NONE',  ( 3.180000000000000160, 0.8899999999999789191, 0.06000000000000290518 ) ) ;
#3852 = ORIENTED_EDGE ( 'NONE', *, *, #2521, .F. ) ;
#3853 = AXIS2_PLACEMENT_3D ( 'NONE', #6323, #233, #5794 ) ;
#3854 = PRODUCT_DEFINITION_FORMATION_WITH_SPECIFIED_SOURCE ( 'ANY', '', #4932, .NOT_KNOWN. ) ;
#3855 = EDGE_CURVE ( 'NONE', #5906, #5057, #3079, .T. ) ;
#3856 = FACE_OUTER_BOUND ( 'NONE', #5273, .T. ) ;
#3857 = EDGE_LOOP ( 'NONE', ( #5349, #2951, #5558, #374, #93 ) ) ;
#3858 = ORIENTED_EDGE ( 'NONE', *, *, #836, .F. ) ;
#3859 = ORIENTED_EDGE ( 'NONE', *, *, #3047, .T. ) ;
#3860 = MANIFOLD_SOLID_BREP ( 'SOD123HP-2_3D_PD_20240429.dwg<1>[2]', #465 ) ;
#3861 = VERTEX_POINT ( 'NONE', #6530 ) ;
#3862 = DIRECTION ( 'NONE',  ( 0.6860968888032730195, 0.6860968888036018676, 0.2419547857523947076 ) ) ;
#3863 = EDGE_CURVE ( 'NONE', #3840, #1949, #1257, .T. ) ;
#3864 = CARTESIAN_POINT ( 'NONE',  ( 0.4500000000000460298, 1.231823069638522172, 0.2100000000000000200 ) ) ;
#3865 = PLANE ( 'NONE',  #2723 ) ;
#3866 = ORIENTED_EDGE ( 'NONE', *, *, #451, .F. ) ;
#3867 = ADVANCED_FACE ( 'NONE', ( #787 ), #6492, .F. ) ;
#3868 = VECTOR ( 'NONE', #1360, 1000.000000000000000 ) ;
#3869 = LINE ( 'NONE', #780, #1689 ) ;
#3870 = LINE ( 'NONE', #5917, #2912 ) ;
#3871 = DIRECTION ( 'NONE',  ( 0.000000000000000000, -1.000000000000000000, 0.000000000000000000 ) ) ;
#3872 = LINE ( 'NONE', #288, #727 ) ;
#3873 = DIRECTION ( 'NONE',  ( 1.000000000000000000, -8.006115332508080925E-14, 0.000000000000000000 ) ) ;
#3874 = VECTOR ( 'NONE', #3634, 1000.000000000000000 ) ;
#3875 = EDGE_LOOP ( 'NONE', ( #2734, #3927, #3520, #5960 ) ) ;
#3876 = ORIENTED_EDGE ( 'NONE', *, *, #236, .T. ) ;
#3877 = LINE ( 'NONE', #3403, #6619 ) ;
#3878 = LINE ( 'NONE', #1332, #5984 ) ;
#3879 = EDGE_CURVE ( 'NONE', #2282, #2008, #2333, .T. ) ;
#3880 = DIRECTION ( 'NONE',  ( -1.000000000000000000, -2.842170943049450051E-13, 0.000000000000000000 ) ) ;
#3881 = CARTESIAN_POINT ( 'NONE',  ( 3.163895888125698441, -0.4499999999999950151, 0.2099999999999999922 ) ) ;
#3882 = ORIENTED_EDGE ( 'NONE', *, *, #5322, .T. ) ;
#3883 = DIRECTION ( 'NONE',  ( 0.000000000000000000, 0.000000000000000000, 1.000000000000000000 ) ) ;
#3884 =( NAMED_UNIT ( * ) PLANE_ANGLE_UNIT ( ) SI_UNIT ( $, .RADIAN. ) );
#3885 = CARTESIAN_POINT ( 'NONE',  ( 0.5538605814759310908, 1.319999999999980078, 0.2100000000000000200 ) ) ;
#3886 = ORIENTED_EDGE ( 'NONE', *, *, #2260, .F. ) ;
#3887 = CARTESIAN_POINT ( 'NONE',  ( 2.775000000000035438, 0.8899999999999789191, 0.01000000000000000021 ) ) ;
#3888 = DIRECTION ( 'NONE',  ( 0.000000000000000000, 1.000000000000000000, 0.000000000000000000 ) ) ;
#3889 = VERTEX_POINT ( 'NONE', #1366 ) ;
#3890 = CLOSED_SHELL ( 'NONE', ( #2066, #2993, #191, #345, #5391, #5056, #1267, #1146, #1244, #6181, #269, #1451, #6528, #2589, #3652, #1157, #3550, #4697, #649, #1124, #2069, #6022, #4073, #6281, #6227, #3583, #4393, #5697, #1823, #1370, #3051, #4035, #5764, #3740, #5020, #5168 ) ) ;
#3891 = LINE ( 'NONE', #3451, #4878 ) ;
#3892 = ORIENTED_EDGE ( 'NONE', *, *, #2455, .T. ) ;
#3893 = ORIENTED_EDGE ( 'NONE', *, *, #3047, .F. ) ;
#3894 = ORIENTED_EDGE ( 'NONE', *, *, #610, .T. ) ;
#3895 = CARTESIAN_POINT ( 'NONE',  ( 2.535000000000000142, 1.221802131520008050, 0.01000000000000000021 ) ) ;
#3896 = CARTESIAN_POINT ( 'NONE',  ( 0.6800000000000639977, 0.8899999999999579359, 0.2100000000000000200 ) ) ;
#3897 = LINE ( 'NONE', #281, #2194 ) ;
#3898 = ORIENTED_EDGE ( 'NONE', *, *, #371, .F. ) ;
#3899 = DIRECTION ( 'NONE',  ( 0.000000000000000000, 0.000000000000000000, 1.000000000000000000 ) ) ;
#3900 = DIRECTION ( 'NONE',  ( 0.000000000000000000, 0.000000000000000000, 1.000000000000000000 ) ) ;
#3901 = LINE ( 'NONE', #3397, #3516 ) ;
#3902 = CARTESIAN_POINT ( 'NONE',  ( 0.4500000000000222156, -0.3638958881256942890, 0.2100000000000000200 ) ) ;
#3903 = EDGE_CURVE ( 'NONE', #6423, #6248, #3877, .T. ) ;
#3904 = LINE ( 'NONE', #922, #3168 ) ;
#3905 = ORIENTED_EDGE ( 'NONE', *, *, #3993, .F. ) ;
#3906 = CARTESIAN_POINT ( 'NONE',  ( 0.02500000000003410258, 0.4000000000000270006, 0.01000000000000000021 ) ) ;
#3907 = LINE ( 'NONE', #2874, #4211 ) ;
#3908 = DIRECTION ( 'NONE',  ( 0.1710878697460465891, 0.1710878697460335995, -0.9702875252478124768 ) ) ;
#3909 = ADVANCED_FACE ( 'NONE', ( #2372 ), #5456, .T. ) ;
#3910 = CARTESIAN_POINT ( 'NONE',  ( 3.220000000000255103, 0.009999999999969588771, 0.2100000000000000200 ) ) ;
#3911 = ORIENTED_EDGE ( 'NONE', *, *, #849, .F. ) ;
#3912 = AXIS2_PLACEMENT_3D ( 'NONE', #1216, #4840, #2654 ) ;
#3913 = CARTESIAN_POINT ( 'NONE',  ( 2.850000000000080025, 0.06000000000000939998, 0.06000000000000130229 ) ) ;
#3914 = VECTOR ( 'NONE', #6435, 1000.000000000000000 ) ;
#3915 = EDGE_CURVE ( 'NONE', #256, #5434, #3286, .T. ) ;
#3916 = CARTESIAN_POINT ( 'NONE',  ( -1.706199351587747159, -0.7454927958226932327, 3.590000000000102442 ) ) ;
#3917 = CIRCLE ( 'NONE', #589, 0.07499999999999999722 ) ;
#3918 = DIRECTION ( 'NONE',  ( 0.1710878697460720410, -0.1710878697460435360, 0.9702875252478062595 ) ) ;
#3919 = ORIENTED_EDGE ( 'NONE', *, *, #4576, .T. ) ;
#3920 = LINE ( 'NONE', #6569, #1487 ) ;
#3921 = DIRECTION ( 'NONE',  ( 0.000000000000000000, 0.000000000000000000, 1.000000000000000000 ) ) ;
#3922 = EDGE_LOOP ( 'NONE', ( #5159, #2571, #1745, #558 ) ) ;
#3923 = CIRCLE ( 'NONE', #3801, 0.1000000000000654254 ) ;
#3924 = AXIS2_PLACEMENT_3D ( 'NONE', #5752, #651, #2693 ) ;
#3925 = CARTESIAN_POINT ( 'NONE',  ( 3.700000000000045475, 0.2750000000000485390, 0.01000000000000000021 ) ) ;
#3926 = CIRCLE ( 'NONE', #1572, 0.07499999999999705513 ) ;
#3927 = ORIENTED_EDGE ( 'NONE', *, *, #5706, .T. ) ;
#3928 = ORIENTED_EDGE ( 'NONE', *, *, #6005, .F. ) ;
#3929 = DIRECTION ( 'NONE',  ( 0.000000000000000000, 1.000000000000000000, 0.000000000000000000 ) ) ;
#3930 = DIRECTION ( 'NONE',  ( 1.000000000000000000, 4.565294819230090291E-15, 3.830737199031340451E-15 ) ) ;
#3931 = DIRECTION ( 'NONE',  ( -9.620053370298410127E-14, 1.000000000000000000, 0.000000000000000000 ) ) ;
#3932 = ADVANCED_FACE ( 'NONE', ( #5924 ), #2969, .T. ) ;
#3933 = ORIENTED_EDGE ( 'NONE', *, *, #3863, .T. ) ;
#3934 = DIRECTION ( 'NONE',  ( 1.000000000000000000, 0.000000000000000000, 0.000000000000000000 ) ) ;
#3935 = DIRECTION ( 'NONE',  ( 0.000000000000000000, -1.000000000000000000, 0.000000000000000000 ) ) ;
#3936 = AXIS2_PLACEMENT_3D ( 'NONE', #2044, #5561, #58 ) ;
#3937 = CARTESIAN_POINT ( 'NONE',  ( 3.675000000000409717, 0.6149999999999450351, 0.000000000000000000 ) ) ;
#3938 = LINE ( 'NONE', #1397, #4480 ) ;
#3939 = DIRECTION ( 'NONE',  ( 0.000000000000000000, 0.000000000000000000, -1.000000000000000000 ) ) ;
#3941 = CARTESIAN_POINT ( 'NONE',  ( 3.121802131519984869, -0.3218021315200160215, 0.08499999999999681422 ) ) ;
#3940 = VECTOR ( 'NONE', #1691, 1000.000000000000227 ) ;
#3942 = CIRCLE ( 'NONE', #5443, 0.1200000000000061851 ) ;
#3943 = EDGE_CURVE ( 'NONE', #2073, #4269, #4453, .T. ) ;
#3944 = ORIENTED_EDGE ( 'NONE', *, *, #6122, .T. ) ;
#3945 = DIRECTION ( 'NONE',  ( -0.5082206017324106817, -0.5082206017326560410, 0.6952867321826610159 ) ) ;
#3946 = ORIENTED_EDGE ( 'NONE', *, *, #6547, .T. ) ;
#3947 = PLANE ( 'NONE',  #1925 ) ;
#3948 = CARTESIAN_POINT ( 'NONE',  ( 2.900000000000090061, 0.01000000000001221960, 2.081668171172170239E-16 ) ) ;
#3949 = ADVANCED_FACE ( 'NONE', ( #1903 ), #3839, .T. ) ;
#3950 = CIRCLE ( 'NONE', #3622, 0.1200000000000066014 ) ;
#3951 = VERTEX_POINT ( 'NONE', #5893 ) ;
#3952 = AXIS2_PLACEMENT_3D ( 'NONE', #2320, #377, #1826 ) ;
#3953 = CARTESIAN_POINT ( 'NONE',  ( 3.180000000000000160, 0.01000000000001221960, 0.06000000000000290518 ) ) ;
#3954 = EDGE_CURVE ( 'NONE', #4223, #3737, #5420, .T. ) ;
#3955 = FILL_AREA_STYLE ('',( #3375 ) ) ;
#3956 = AXIS2_PLACEMENT_3D ( 'NONE', #3368, #4886, #5993 ) ;
#3957 = DIRECTION ( 'NONE',  ( -3.679090530789004612E-14, 1.000000000000000000, -3.087123507454659549E-14 ) ) ;
#3958 = ORIENTED_EDGE ( 'NONE', *, *, #2521, .T. ) ;
#3959 = DIRECTION ( 'NONE',  ( -1.000000000000000000, 0.000000000000000000, 0.000000000000000000 ) ) ;
#3960 = EDGE_CURVE ( 'NONE', #67, #3951, #1480, .T. ) ;
#3961 = CYLINDRICAL_SURFACE ( 'NONE', #5221, 0.1250000000000001110 ) ;
#3962 = ORIENTED_EDGE ( 'NONE', *, *, #5214, .T. ) ;
#3963 = FACE_OUTER_BOUND ( 'NONE', #441, .T. ) ;
#3964 = VERTEX_POINT ( 'NONE', #960 ) ;
#3965 = EDGE_CURVE ( 'NONE', #5294, #5320, #1025, .T. ) ;
#3966 = VERTEX_POINT ( 'NONE', #4107 ) ;
#3967 = DIRECTION ( 'NONE',  ( 0.000000000000000000, 0.000000000000000000, -1.000000000000000000 ) ) ;
#3968 = CIRCLE ( 'NONE', #5356, 0.1200000000000067957 ) ;
#3969 = AXIS2_PLACEMENT_3D ( 'NONE', #3747, #1710, #5899 ) ;
#3970 = CARTESIAN_POINT ( 'NONE',  ( 0.000000000000000000, 0.6149999999999670175, 0.2200000000000000011 ) ) ;
#3971 = CARTESIAN_POINT ( 'NONE',  ( 3.248236730193184929, -2.131628207280299927E-14, 0.2200000000000000011 ) ) ;
#3972 = ORIENTED_EDGE ( 'NONE', *, *, #95, .T. ) ;
#3973 = DIRECTION ( 'NONE',  ( 0.000000000000000000, 0.000000000000000000, 1.000000000000000000 ) ) ;
#3974 = CARTESIAN_POINT ( 'NONE',  ( 2.550000000000000266, -0.2258791577628115055, 0.9100000000000000311 ) ) ;
#3975 = LINE ( 'NONE', #2427, #6288 ) ;
#3976 = CARTESIAN_POINT ( 'NONE',  ( 0.4500000000001019851, 1.349999999999985878, 0.2100000000000000200 ) ) ;
#3977 = DIRECTION ( 'NONE',  ( 1.000000000000000000, 0.000000000000000000, 0.000000000000000000 ) ) ;
#3978 = ORIENTED_EDGE ( 'NONE', *, *, #6355, .T. ) ;
#3979 = DIRECTION ( 'NONE',  ( 1.000000000000000000, 4.250072516142207524E-13, 0.000000000000000000 ) ) ;
#3980 = CARTESIAN_POINT ( 'NONE',  ( 3.700000000000275069, 0.6149999999999670175, 0.2200000000000000011 ) ) ;
#3981 = CARTESIAN_POINT ( 'NONE',  ( 3.025879157762799920, -0.2258791577628115055, 0.7899999999999890443 ) ) ;
#3982 = CARTESIAN_POINT ( 'NONE',  ( 3.675000000000409717, 0.4000000000000000222, 0.2200000000000000011 ) ) ;
#3983 = ORIENTED_EDGE ( 'NONE', *, *, #4234, .T. ) ;
#3984 = EDGE_CURVE ( 'NONE', #6224, #1411, #1966, .T. ) ;
#3985 = DIRECTION ( 'NONE',  ( 0.000000000000000000, -1.000000000000000000, 0.000000000000000000 ) ) ;
#3986 = ORIENTED_EDGE ( 'NONE', *, *, #2154, .T. ) ;
#3987 = CARTESIAN_POINT ( 'NONE',  ( 0.6800000000000000488, 0.9900000000000450662, 0.1100000000000000006 ) ) ;
#3988 = EDGE_LOOP ( 'NONE', ( #1258, #2475, #2731, #4131 ) ) ;
#3989 = DIRECTION ( 'NONE',  ( -1.000000000000000000, 0.000000000000000000, 0.000000000000000000 ) ) ;
#3990 = CARTESIAN_POINT ( 'NONE',  ( 0.1499999999999204192, 0.4000000000000270006, 0.1100000000000000006 ) ) ;
#3991 = VERTEX_POINT ( 'NONE', #1495 ) ;
#3992 = ADVANCED_FACE ( 'NONE', ( #2095 ), #3126, .T. ) ;
#3993 = EDGE_CURVE ( 'NONE', #4742, #2423, #3065, .T. ) ;
#3994 = LINE ( 'NONE', #6034, #2088 ) ;
#3995 = ORIENTED_EDGE ( 'NONE', *, *, #5101, .F. ) ;
#3996 = EDGE_CURVE ( 'NONE', #1528, #2382, #5685, .T. ) ;
#3997 = DIRECTION ( 'NONE',  ( 0.000000000000000000, -1.000000000000000000, 0.000000000000000000 ) ) ;
#3998 = DIRECTION ( 'NONE',  ( 0.000000000000000000, 0.000000000000000000, 1.000000000000000000 ) ) ;
#3999 = CARTESIAN_POINT ( 'NONE',  ( 0.6741208422372440001, -0.2258791577628045111, 0.7900000000000000355 ) ) ;
#4000 = EDGE_CURVE ( 'NONE', #2844, #5554, #1091, .T. ) ;
#4001 = EDGE_LOOP ( 'NONE', ( #5326, #2537, #1870, #3905 ) ) ;
#4002 = CARTESIAN_POINT ( 'NONE',  ( 3.109999999999999876, 0.01000000000000512111, 2.081668171172170239E-16 ) ) ;
#4003 = DIRECTION ( 'NONE',  ( 0.000000000000000000, -1.000000000000000000, 0.000000000000000000 ) ) ;
#4004 = FACE_OUTER_BOUND ( 'NONE', #3922, .T. ) ;
#4005 = FACE_OUTER_BOUND ( 'NONE', #694, .T. ) ;
#4006 = VERTEX_POINT ( 'NONE', #6629 ) ;
#4007 = CARTESIAN_POINT ( 'NONE',  ( 3.110000000000355147, 0.8999999999999559464, 0.000000000000000000 ) ) ;
#4008 = DIRECTION ( 'NONE',  ( 0.000000000000000000, 1.000000000000000000, 0.000000000000000000 ) ) ;
#4009 = LINE ( 'NONE', #6560, #5458 ) ;
#4010 = FACE_OUTER_BOUND ( 'NONE', #6342, .T. ) ;
#4011 = ORIENTED_EDGE ( 'NONE', *, *, #1604, .T. ) ;
#4012 = DIRECTION ( 'NONE',  ( -1.000000000000000000, 5.224578939412010120E-14, 0.000000000000000000 ) ) ;
#4013 = ORIENTED_EDGE ( 'NONE', *, *, #5062, .F. ) ;
#4014 = ORIENTED_EDGE ( 'NONE', *, *, #6431, .T. ) ;
#4015 = EDGE_CURVE ( 'NONE', #1670, #3073, #5049, .T. ) ;
#4016 = LINE ( 'NONE', #4993, #2309 ) ;
#4017 = EDGE_LOOP ( 'NONE', ( #587, #2375, #4922, #3006, #31, #63, #620, #4206, #4219, #1566 ) ) ;
#4018 = DIRECTION ( 'NONE',  ( -1.000000000000000000, 6.269494727294420222E-14, 0.000000000000000000 ) ) ;
#4019 = VECTOR ( 'NONE', #576, 1000.000000000000000 ) ;
#4020 = DIRECTION ( 'NONE',  ( 0.000000000000000000, 0.000000000000000000, -1.000000000000000000 ) ) ;
#4021 = VECTOR ( 'NONE', #1945, 1000.000000000000000 ) ;
#4022 = ORIENTED_EDGE ( 'NONE', *, *, #2463, .F. ) ;
#4023 = CIRCLE ( 'NONE', #60, 0.1000000000000512146 ) ;
#4024 = CARTESIAN_POINT ( 'NONE',  ( 0.6033073663827660527, -0.2258791577628095071, 0.8868785406445206521 ) ) ;
#4025 = ORIENTED_EDGE ( 'NONE', *, *, #1550, .T. ) ;
#4026 = VECTOR ( 'NONE', #5080, 1000.000000000000000 ) ;
#4027 = ADVANCED_FACE ( 'NONE', ( #6115 ), #5175, .T. ) ;
#4028 = CARTESIAN_POINT ( 'NONE',  ( 0.6800000000000639977, 0.8899999999999999023, 2.081668171172170239E-16 ) ) ;
#4029 = VECTOR ( 'NONE', #6039, 1000.000000000000000 ) ;
#4030 = DIRECTION ( 'NONE',  ( 6.315935428978830158E-14, -1.000000000000000000, 0.000000000000000000 ) ) ;
#4031 = DIRECTION ( 'NONE',  ( 0.000000000000000000, 1.000000000000000000, 0.000000000000000000 ) ) ;
#4032 = EDGE_CURVE ( 'NONE', #872, #6358, #5327, .T. ) ;
#4033 = AXIS2_PLACEMENT_3D ( 'NONE', #6555, #357, #5417 ) ;
#4034 = ORIENTED_EDGE ( 'NONE', *, *, #2029, .T. ) ;
#4035 = ADVANCED_FACE ( 'NONE', ( #3534 ), #5582, .T. ) ;
#4036 = CYLINDRICAL_SURFACE ( 'NONE', #4379, 0.1200000000000000788 ) ;
#4037 = CYLINDRICAL_SURFACE ( 'NONE', #4468, 0.07499999999999994171 ) ;
#4038 = DIRECTION ( 'NONE',  ( 0.000000000000000000, 0.000000000000000000, -1.000000000000000000 ) ) ;
#4039 = ORIENTED_EDGE ( 'NONE', *, *, #4159, .T. ) ;
#4040 = DIRECTION ( 'NONE',  ( -2.842170943049450051E-13, -1.000000000000000000, 0.000000000000000000 ) ) ;
#4041 = FACE_OUTER_BOUND ( 'NONE', #5111, .T. ) ;
#4042 = LINE ( 'NONE', #3035, #6598 ) ;
#4043 = DIRECTION ( 'NONE',  ( -0.1710878697460135323, 0.1710878697460325448, 0.9702875252478182500 ) ) ;
#4044 = ORIENTED_EDGE ( 'NONE', *, *, #1446, .F. ) ;
#4045 = AXIS2_PLACEMENT_3D ( 'NONE', #799, #5495, #2982 ) ;
#4046 = CIRCLE ( 'NONE', #3421, 0.07499999999999799882 ) ;
#4047 =( GEOMETRIC_REPRESENTATION_CONTEXT ( 3 ) GLOBAL_UNCERTAINTY_ASSIGNED_CONTEXT ( ( #2165 ) ) GLOBAL_UNIT_ASSIGNED_CONTEXT ( ( #1533, #3574, #6152 ) ) REPRESENTATION_CONTEXT ( 'NONE', 'WORKASPACE' ) );
#4048 = FACE_OUTER_BOUND ( 'NONE', #5396, .T. ) ;
#4049 = VERTEX_POINT ( 'NONE', #2562 ) ;
#4050 = ORIENTED_EDGE ( 'NONE', *, *, #3530, .F. ) ;
#4051 = PLANE ( 'NONE',  #5971 ) ;
#4052 = ORIENTED_EDGE ( 'NONE', *, *, #5173, .T. ) ;
#4053 = VECTOR ( 'NONE', #3157, 1000.000000000000000 ) ;
#4054 = DIRECTION ( 'NONE',  ( 0.000000000000000000, 0.000000000000000000, -1.000000000000000000 ) ) ;
#4055 = CARTESIAN_POINT ( 'NONE',  ( 0.6741208422372440001, 1.125879157762802008, 0.9100000000000000311 ) ) ;
#4056 = VECTOR ( 'NONE', #5143, 1000.000000000000000 ) ;
#4057 = ORIENTED_EDGE ( 'NONE', *, *, #2272, .T. ) ;
#4058 = VECTOR ( 'NONE', #1525, 1000.000000000000000 ) ;
#4059 = EDGE_CURVE ( 'NONE', #4049, #5891, #88, .T. ) ;
#4060 = AXIS2_PLACEMENT_3D ( 'NONE', #4443, #1896, #3934 ) ;
#4061 = CARTESIAN_POINT ( 'NONE',  ( 3.675000000000409717, 0.2849999999999965339, 0.000000000000000000 ) ) ;
#4062 = CIRCLE ( 'NONE', #1169, 0.05000000000001141032 ) ;
#4063 = ORIENTED_EDGE ( 'NONE', *, *, #779, .F. ) ;
#4064 = FACE_OUTER_BOUND ( 'NONE', #1263, .T. ) ;
#4065 = VECTOR ( 'NONE', #2374, 1000.000000000000000 ) ;
#4066 = EDGE_CURVE ( 'NONE', #6557, #4190, #2338, .T. ) ;
#4067 = DIRECTION ( 'NONE',  ( -1.000000000000000000, 7.894919286215560105E-14, 0.000000000000000000 ) ) ;
#4068 = LINE ( 'NONE', #4439, #3387 ) ;
#4069 = DIRECTION ( 'NONE',  ( 0.000000000000000000, -1.000000000000000000, 0.000000000000000000 ) ) ;
#4070 = ORIENTED_EDGE ( 'NONE', *, *, #3279, .T. ) ;
#4071 = CIRCLE ( 'NONE', #1825, 0.07499999999999999722 ) ;
#4072 =( GEOMETRIC_REPRESENTATION_CONTEXT ( 3 ) GLOBAL_UNCERTAINTY_ASSIGNED_CONTEXT ( ( #6244 ) ) GLOBAL_UNIT_ASSIGNED_CONTEXT ( ( #676, #80, #2129 ) ) REPRESENTATION_CONTEXT ( 'NONE', 'WORKASPACE' ) );
#4073 = ADVANCED_FACE ( 'NONE', ( #6082 ), #486, .T. ) ;
#4074 = CARTESIAN_POINT ( 'NONE',  ( 0.02499999999992040187, 0.6250000000000000000, 0.01000000000000000021 ) ) ;
#4075 = DIRECTION ( 'NONE',  ( 0.000000000000000000, 0.000000000000000000, 1.000000000000000000 ) ) ;
#4076 = LINE ( 'NONE', #6210, #5191 ) ;
#4077 = EDGE_CURVE ( 'NONE', #5876, #4432, #1061, .T. ) ;
#4078 = VERTEX_POINT ( 'NONE', #5078 ) ;
#4079 = DIRECTION ( 'NONE',  ( 0.000000000000000000, 0.000000000000000000, -1.000000000000000000 ) ) ;
#4080 = FACE_OUTER_BOUND ( 'NONE', #4777, .T. ) ;
#4081 = CARTESIAN_POINT ( 'NONE',  ( 0.5781978684800610502, 0.8999999999999559464, 0.01000000000000000021 ) ) ;
#4082 = CARTESIAN_POINT ( 'NONE',  ( 0.000000000000000000, 0.6149999999999670175, 0.000000000000000000 ) ) ;
#4083 = ORIENTED_EDGE ( 'NONE', *, *, #3681, .T. ) ;
#4084 = DIRECTION ( 'NONE',  ( 0.000000000000000000, -1.000000000000000000, 0.000000000000000000 ) ) ;
#4085 = VERTEX_POINT ( 'NONE', #2591 ) ;
#4086 = EDGE_LOOP ( 'NONE', ( #1813, #273, #6250, #5267 ) ) ;
#4087 = EDGE_CURVE ( 'NONE', #1952, #5373, #2529, .T. ) ;
#4088 = SURFACE_STYLE_USAGE ( .BOTH. , #1071 ) ;
#4089 = CARTESIAN_POINT ( 'NONE',  ( 3.220000000000000195, 1.320000000000000062, 0.2100000000000000200 ) ) ;
#4090 = AXIS2_PLACEMENT_3D ( 'NONE', #4711, #121, #4844 ) ;
#4091 = PRODUCT_RELATED_PRODUCT_CATEGORY ( 'part', '', ( #6474 ) ) ;
#4092 = LINE ( 'NONE', #4685, #2146 ) ;
#4093 = ORIENTED_EDGE ( 'NONE', *, *, #692, .T. ) ;
#4094 = CARTESIAN_POINT ( 'NONE',  ( 3.166184930078567827, -0.4200000000000209677, 0.2100000000000000200 ) ) ;
#4095 = EDGE_LOOP ( 'NONE', ( #6394, #4366, #4828, #641, #5565, #684, #2049 ) ) ;
#4096 = LINE ( 'NONE', #5194, #4164 ) ;
#4097 = DIRECTION ( 'NONE',  ( -1.000000000000000000, 8.881784197002391439E-15, 0.000000000000000000 ) ) ;
#4098 = PLANE ( 'NONE',  #4875 ) ;
#4099 = DIRECTION ( 'NONE',  ( -8.006115332508080925E-14, -1.000000000000000000, 0.000000000000000000 ) ) ;
#4100 = CARTESIAN_POINT ( 'NONE',  ( 3.675000000000124611, 0.6250000000000071054, 0.01000000000000000021 ) ) ;
#4101 = ORIENTED_EDGE ( 'NONE', *, *, #33, .T. ) ;
#4102 = CARTESIAN_POINT ( 'NONE',  ( 3.144056088124214554, 0.9000000000000198952, 0.8108377813200240425 ) ) ;
#4103 = CARTESIAN_POINT ( 'NONE',  ( 3.560000000000399734, 0.4000000000000200062, 0.000000000000000000 ) ) ;
#4104 = CYLINDRICAL_SURFACE ( 'NONE', #2005, 0.07499999999999991396 ) ;
#4105 =( LENGTH_UNIT ( ) NAMED_UNIT ( * ) SI_UNIT ( .MILLI., .METRE. ) );
#4106 = ORIENTED_EDGE ( 'NONE', *, *, #6043, .T. ) ;
#4107 = CARTESIAN_POINT ( 'NONE',  ( 0.1499999999999204192, 0.4000000000000270006, 0.2100000000000000200 ) ) ;
#4108 = DIRECTION ( 'NONE',  ( 0.000000000000000000, -1.000000000000000000, 0.000000000000000000 ) ) ;
#4109 = DIRECTION ( 'NONE',  ( 0.000000000000000000, -1.000000000000000000, 0.000000000000000000 ) ) ;
#4110 = DIRECTION ( 'NONE',  ( 0.000000000000000000, 1.000000000000000000, 0.000000000000000000 ) ) ;
#4111 = ORIENTED_EDGE ( 'NONE', *, *, #802, .F. ) ;
#4112 = ADVANCED_FACE ( 'NONE', ( #1253 ), #749, .F. ) ;
#4113 = DIRECTION ( 'NONE',  ( 0.5901122987867596370, 0.000000000000000000, 0.8073211720378736800 ) ) ;
#4114 = ORIENTED_EDGE ( 'NONE', *, *, #4634, .T. ) ;
#4115 = ORIENTED_EDGE ( 'NONE', *, *, #5368, .F. ) ;
#4116 = CARTESIAN_POINT ( 'NONE',  ( 0.4800000000000180234, 0.8849999999999840217, 0.2100000000000000200 ) ) ;
#4117 = EDGE_CURVE ( 'NONE', #24, #5611, #946, .T. ) ;
#4118 = CARTESIAN_POINT ( 'NONE',  ( 0.02499999999997724875, 0.4999999999999929501, 0.000000000000000000 ) ) ;
#4119 = DIRECTION ( 'NONE',  ( -4.998199964450550344E-15, 0.9848077530122086864, 0.1736481776669269450 ) ) ;
#4120 = VERTEX_POINT ( 'NONE', #1753 ) ;
#4121 = ADVANCED_FACE ( 'NONE', ( #2261 ), #84, .T. ) ;
#4122 = LINE ( 'NONE', #104, #4773 ) ;
#4123 = ORIENTED_EDGE ( 'NONE', *, *, #1070, .F. ) ;
#4124 = DIRECTION ( 'NONE',  ( 0.000000000000000000, 1.000000000000000000, 0.000000000000000000 ) ) ;
#4125 = DIRECTION ( 'NONE',  ( -1.000000000000000000, -1.291895883200154187E-14, 0.000000000000000000 ) ) ;
#4126 = AXIS2_PLACEMENT_3D ( 'NONE', #769, #4263, #4299 ) ;
#4127 = CIRCLE ( 'NONE', #1234, 0.05000000000001845329 ) ;
#4128 = DIRECTION ( 'NONE',  ( 0.000000000000000000, 0.000000000000000000, 1.000000000000000000 ) ) ;
#4129 = FACE_OUTER_BOUND ( 'NONE', #5223, .T. ) ;
#4130 = AXIS2_PLACEMENT_3D ( 'NONE', #564, #6608, #5160 ) ;
#4131 = ORIENTED_EDGE ( 'NONE', *, *, #5956, .T. ) ;
#4132 = VECTOR ( 'NONE', #5012, 1000.000000000000000 ) ;
#4133 = CARTESIAN_POINT ( 'NONE',  ( 3.220000000000255103, 0.8999999999999630518, 0.2100000000000000200 ) ) ;
#4134 = EDGE_CURVE ( 'NONE', #2504, #578, #5747, .T. ) ;
#4135 = CIRCLE ( 'NONE', #1893, 0.1000000000000512146 ) ;
#4136 = FACE_OUTER_BOUND ( 'NONE', #4671, .T. ) ;
#4137 = CARTESIAN_POINT ( 'NONE',  ( 3.675000000000179678, 0.4999999999999929501, 0.000000000000000000 ) ) ;
#4138 = ORIENTED_EDGE ( 'NONE', *, *, #4609, .T. ) ;
#4139 = CARTESIAN_POINT ( 'NONE',  ( -5.684341886080798963E-14, 0.6250000000000210942, 0.01000000000000000021 ) ) ;
#4140 = AXIS2_PLACEMENT_3D ( 'NONE', #1184, #3596, #2586 ) ;
#4141 = DIRECTION ( 'NONE',  ( 1.000000000000000000, -1.336403789449789968E-13, 7.579122514774400300E-13 ) ) ;
#4142 = CYLINDRICAL_SURFACE ( 'NONE', #5421, 0.1000000000000654254 ) ;
#4143 = LINE ( 'NONE', #964, #1178 ) ;
#4144 = VERTEX_POINT ( 'NONE', #646 ) ;
#4145 = EDGE_CURVE ( 'NONE', #3861, #4257, #5244, .T. ) ;
#4146 = DIRECTION ( 'NONE',  ( 0.1710878697460030406, 0.1710878697460325448, 0.9702875252478202484 ) ) ;
#4147 = ORIENTED_EDGE ( 'NONE', *, *, #3984, .T. ) ;
#4148 = VERTEX_POINT ( 'NONE', #613 ) ;
#4149 = PLANE ( 'NONE',  #5647 ) ;
#4150 = EDGE_CURVE ( 'NONE', #6499, #565, #2718, .T. ) ;
#4151 = FACE_OUTER_BOUND ( 'NONE', #2110, .T. ) ;
#4152 = DIRECTION ( 'NONE',  ( 0.000000000000000000, 0.000000000000000000, 1.000000000000000000 ) ) ;
#4153 = ORIENTED_EDGE ( 'NONE', *, *, #5683, .F. ) ;
#4154 = VECTOR ( 'NONE', #6601, 1000.000000000000000 ) ;
#4155 = EDGE_CURVE ( 'NONE', #2847, #4724, #4276, .T. ) ;
#4156 = FACE_OUTER_BOUND ( 'NONE', #6605, .T. ) ;
#4157 = AXIS2_PLACEMENT_3D ( 'NONE', #5782, #120, #4207 ) ;
#4158 = AXIS2_PLACEMENT_3D ( 'NONE', #1546, #3525, #1990 ) ;
#4159 = EDGE_CURVE ( 'NONE', #789, #4841, #1724, .T. ) ;
#4160 = ORIENTED_EDGE ( 'NONE', *, *, #1415, .T. ) ;
#4161 = PRESENTATION_LAYER_ASSIGNMENT (  '', '', ( #3726 ) ) ;
#4162 = DIRECTION ( 'NONE',  ( 0.8073211720376296530, -2.220446049250313574E-16, 0.5901122987870935921 ) ) ;
#4163 = CARTESIAN_POINT ( 'NONE',  ( 3.675000000000124611, 0.2750000000000409894, 0.01000000000000000021 ) ) ;
#4164 = VECTOR ( 'NONE', #635, 1000.000000000000000 ) ;
#4165 = AXIS2_PLACEMENT_3D ( 'NONE', #4745, #583, #1726 ) ;
#4166 = DIRECTION ( 'NONE',  ( 0.000000000000000000, -1.000000000000000000, 0.000000000000000000 ) ) ;
#4167 = DIRECTION ( 'NONE',  ( 0.1710878697461795661, 0.1710878697461105657, 0.9702875252477752843 ) ) ;
#4168 = ORIENTED_EDGE ( 'NONE', *, *, #2888, .F. ) ;
#4169 = AXIS2_PLACEMENT_3D ( 'NONE', #6284, #790, #131 ) ;
#4170 = EDGE_CURVE ( 'NONE', #4148, #5033, #2657, .T. ) ;
#4171 = CARTESIAN_POINT ( 'NONE',  ( 2.900000000000090061, 0.8899999999999789191, 2.081668171172170239E-16 ) ) ;
#4172 = CARTESIAN_POINT ( 'NONE',  ( 2.200000000000160050, 1.124999999999949818, 0.01000000000000000021 ) ) ;
#4173 = CARTESIAN_POINT ( 'NONE',  ( 0.6800000000000639977, 0.8899999999999579359, 0.1100000000000000006 ) ) ;
#4174 = SHAPE_DEFINITION_REPRESENTATION ( #5467, #168 ) ;
#4175 = VERTEX_POINT ( 'NONE', #221 ) ;
#4176 = CARTESIAN_POINT ( 'NONE',  ( 0.5674343337795283437, 1.294550392147920670, 0.07027461727619470355 ) ) ;
#4177 = CARTESIAN_POINT ( 'NONE',  ( 0.6800000000000639977, -0.09000000000006740108, 0.01000000000000000021 ) ) ;
#4178 = AXIS2_PLACEMENT_3D ( 'NONE', #2774, #2270, #5760 ) ;
#4179 = CYLINDRICAL_SURFACE ( 'NONE', #3484, 0.07500000000000002498 ) ;
#4180 = STYLED_ITEM ( 'NONE', ( #520 ), #2072 ) ;
#4181 = DIRECTION ( 'NONE',  ( -1.000000000000000000, -2.978311382069225365E-15, 2.499099982225255450E-15 ) ) ;
#4182 = DIRECTION ( 'NONE',  ( 1.000000000000000000, 0.000000000000000000, 0.000000000000000000 ) ) ;
#4183 = ORIENTED_EDGE ( 'NONE', *, *, #4405, .F. ) ;
#4184 = ORIENTED_EDGE ( 'NONE', *, *, #1953, .F. ) ;
#4185 = CARTESIAN_POINT ( 'NONE',  ( 0.5899999999999749889, 0.8899999999999999023, 2.081668171172170239E-16 ) ) ;
#4186 = ORIENTED_EDGE ( 'NONE', *, *, #1683, .F. ) ;
#4187 = ADVANCED_FACE ( 'NONE', ( #153 ), #3762, .T. ) ;
#4188 = DIRECTION ( 'NONE',  ( 1.000000000000000000, -3.612929164882019808E-14, 0.000000000000000000 ) ) ;
#4189 = CARTESIAN_POINT ( 'NONE',  ( 3.212465335353363205, -0.3845346797102702219, 0.2100000000000000200 ) ) ;
#4190 = VERTEX_POINT ( 'NONE', #5846 ) ;
#4191 = DIRECTION ( 'NONE',  ( 0.5082206017327849379, -0.5082206017324502056, 0.6952867321825380031 ) ) ;
#4192 = EDGE_LOOP ( 'NONE', ( #5002, #5139, #6510, #3449 ) ) ;
#4193 = CARTESIAN_POINT ( 'NONE',  ( 3.025879157762859428, -0.2258791577628115055, 0.9100000000000000311 ) ) ;
#4194 = EDGE_CURVE ( 'NONE', #1224, #5805, #6274, .T. ) ;
#4195 = CARTESIAN_POINT ( 'NONE',  ( 0.000000000000000000, 0.6249999999999720224, 0.2100000000000000200 ) ) ;
#4196 = EDGE_CURVE ( 'NONE', #4370, #571, #2131, .T. ) ;
#4197 = AXIS2_PLACEMENT_3D ( 'NONE', #4779, #190, #2226 ) ;
#4198 = DIRECTION ( 'NONE',  ( 0.9848077530122063550, 5.963111948672813888E-14, 0.1736481776669396015 ) ) ;
#4199 = VERTEX_POINT ( 'NONE', #4176 ) ;
#4200 = AXIS2_PLACEMENT_3D ( 'NONE', #4615, #6020, #4108 ) ;
#4201 = EDGE_CURVE ( 'NONE', #6422, #4370, #4907, .T. ) ;
#4202 = CARTESIAN_POINT ( 'NONE',  ( 0.1500000000000339673, 0.4000000000000695222, 0.01000000000000000021 ) ) ;
#4203 = EDGE_CURVE ( 'NONE', #4432, #606, #5712, .T. ) ;
#4204 = CARTESIAN_POINT ( 'NONE',  ( 2.250000000000114575, -0.1750000000000044853, 2.081668171172170239E-16 ) ) ;
#4205 = CARTESIAN_POINT ( 'NONE',  ( 2.834207035242399808, 0.1860011046519574884, 0.06000000000000130229 ) ) ;
#4206 = ORIENTED_EDGE ( 'NONE', *, *, #6406, .F. ) ;
#4207 = DIRECTION ( 'NONE',  ( 0.9848077530122063550, 5.963111948672813888E-14, 0.1736481776669396015 ) ) ;
#4208 = DIRECTION ( 'NONE',  ( 1.000000000000000000, 0.000000000000000000, 0.000000000000000000 ) ) ;
#4209 = DIRECTION ( 'NONE',  ( 0.000000000000000000, -1.000000000000000000, 0.000000000000000000 ) ) ;
#4210 = DIRECTION ( 'NONE',  ( -1.000000000000000000, 8.006115332508080925E-14, 0.000000000000000000 ) ) ;
#4211 = VECTOR ( 'NONE', #1941, 1000.000000000000000 ) ;
#4212 = DIRECTION ( 'NONE',  ( -0.6427876096867575217, 0.000000000000000000, -0.7660444431187950487 ) ) ;
#4213 = VERTEX_POINT ( 'NONE', #5307 ) ;
#4214 = ORIENTED_EDGE ( 'NONE', *, *, #3225, .F. ) ;
#4215 = CARTESIAN_POINT ( 'NONE',  ( 0.5339394460710084056, -0.3218021315200133015, 0.02445091209717310116 ) ) ;
#4216 = ORIENTED_EDGE ( 'NONE', *, *, #4880, .T. ) ;
#4217 = DIRECTION ( 'NONE',  ( 0.000000000000000000, 1.000000000000000000, 0.000000000000000000 ) ) ;
#4218 = DIRECTION ( 'NONE',  ( -1.000000000000000000, -7.894919286215560105E-14, 0.000000000000000000 ) ) ;
#4219 = ORIENTED_EDGE ( 'NONE', *, *, #286, .F. ) ;
#4220 = DIRECTION ( 'NONE',  ( 0.000000000000000000, -1.000000000000000000, 0.000000000000000000 ) ) ;
#4221 = EDGE_CURVE ( 'NONE', #4724, #1044, #2018, .T. ) ;
#4222 = SURFACE_STYLE_USAGE ( .BOTH. , #4727 ) ;
#4223 = VERTEX_POINT ( 'NONE', #1652 ) ;
#4224 = DIRECTION ( 'NONE',  ( 0.000000000000000000, 0.000000000000000000, -1.000000000000000000 ) ) ;
#4225 = CARTESIAN_POINT ( 'NONE',  ( 3.700000000000000178, 0.01000000000000512111, 0.01000000000000000021 ) ) ;
#4226 = CARTESIAN_POINT ( 'NONE',  ( 0.000000000000000000, 0.009999999999998008746, 0.1100000000000000006 ) ) ;
#4227 = VECTOR ( 'NONE', #5358, 1000.000000000000000 ) ;
#4228 = VERTEX_POINT ( 'NONE', #1188 ) ;
#4229 = EDGE_LOOP ( 'NONE', ( #5518, #5161, #2408, #3599, #1316, #6504, #2174, #1335, #2145, #6247, #3297, #5802, #6332, #2215, #6161, #3416 ) ) ;
#4230 = VECTOR ( 'NONE', #1892, 1000.000000000000114 ) ;
#4231 = VECTOR ( 'NONE', #3411, 1000.000000000000000 ) ;
#4232 = VECTOR ( 'NONE', #62, 1000.000000000000000 ) ;
#4233 = LINE ( 'NONE', #6269, #1385 ) ;
#4234 = EDGE_CURVE ( 'NONE', #2746, #3755, #2364, .T. ) ;
#4235 = VECTOR ( 'NONE', #942, 1000.000000000000000 ) ;
#4236 = DIRECTION ( 'NONE',  ( -0.1710878697460365416, 0.1710878697460505304, -0.9702875252478112555 ) ) ;
#4237 = CARTESIAN_POINT ( 'NONE',  ( 0.7800000000000859579, -0.2249999999999590106, 2.081668171172170239E-16 ) ) ;
#4238 = SHAPE_DEFINITION_REPRESENTATION ( #3361, #5172 ) ;
#4239 = ORIENTED_EDGE ( 'NONE', *, *, #1696, .T. ) ;
#4240 = AXIS2_PLACEMENT_3D ( 'NONE', #6116, #3467, #926 ) ;
#4241 = CARTESIAN_POINT ( 'NONE',  ( 3.212465335353294371, 1.284534679710290339, 0.2100000000000000477 ) ) ;
#4242 = DIRECTION ( 'NONE',  ( 1.000000000000000000, 4.973777466273291383E-13, 0.000000000000000000 ) ) ;
#4243 = EDGE_CURVE ( 'NONE', #1960, #3234, #3869, .T. ) ;
#4244 = CARTESIAN_POINT ( 'NONE',  ( 0.5538605814759310908, 1.319999999999980078, 0.2100000000000000200 ) ) ;
#4245 = VECTOR ( 'NONE', #1948, 1000.000000000000000 ) ;
#4246 = CARTESIAN_POINT ( 'NONE',  ( 0.5899999999999749889, 0.8999999999999559464, 0.000000000000000000 ) ) ;
#4247 = ORIENTED_EDGE ( 'NONE', *, *, #5825, .F. ) ;
#4248 = VECTOR ( 'NONE', #5743, 1000.000000000000000 ) ;
#4249 = ORIENTED_EDGE ( 'NONE', *, *, #4155, .T. ) ;
#4250 = PLANE ( 'NONE',  #612 ) ;
#4251 = VERTEX_POINT ( 'NONE', #2424 ) ;
#4252 = EDGE_CURVE ( 'NONE', #1861, #5818, #5916, .T. ) ;
#4253 = DIRECTION ( 'NONE',  ( -0.6427876096867575217, 0.000000000000000000, -0.7660444431187950487 ) ) ;
#4254 = DIRECTION ( 'NONE',  ( 0.1710878697459759790, -0.1710878697459944919, -0.9702875252478317947 ) ) ;
#4255 = ORIENTED_EDGE ( 'NONE', *, *, #4548, .F. ) ;
#4256 = DIRECTION ( 'NONE',  ( 0.000000000000000000, -1.000000000000000000, 0.000000000000000000 ) ) ;
#4257 = VERTEX_POINT ( 'NONE', #2929 ) ;
#4258 = DIRECTION ( 'NONE',  ( 0.6860968888031522273, 0.6860968888036784730, -0.2419547857525201073 ) ) ;
#4259 = CARTESIAN_POINT ( 'NONE',  ( 0.4800000000000180234, 1.319999999999985851, 0.2100000000000000200 ) ) ;
#4260 = ORIENTED_EDGE ( 'NONE', *, *, #1275, .T. ) ;
#4261 = VECTOR ( 'NONE', #2035, 1000.000000000000000 ) ;
#4262 = AXIS2_PLACEMENT_3D ( 'NONE', #5198, #2120, #2646 ) ;
#4263 = DIRECTION ( 'NONE',  ( 0.000000000000000000, 0.000000000000000000, -1.000000000000000000 ) ) ;
#4264 = ORIENTED_EDGE ( 'NONE', *, *, #1328, .T. ) ;
#4265 = ORIENTED_EDGE ( 'NONE', *, *, #5621, .T. ) ;
#4266 = ORIENTED_EDGE ( 'NONE', *, *, #320, .T. ) ;
#4267 = VECTOR ( 'NONE', #4397, 1000.000000000000000 ) ;
#4268 = EDGE_CURVE ( 'NONE', #757, #4370, #6451, .T. ) ;
#4269 = VERTEX_POINT ( 'NONE', #2861 ) ;
#4270 = CIRCLE ( 'NONE', #2023, 0.1199999999999999956 ) ;
#4271 = CARTESIAN_POINT ( 'NONE',  ( 0.5781978684800610502, 1.221802131519994061, 0.08500000000000000611 ) ) ;
#4272 = LINE ( 'NONE', #3391, #6500 ) ;
#4274 = DIRECTION ( 'NONE',  ( -1.000000000000000000, 0.000000000000000000, 0.000000000000000000 ) ) ;
#4273 = CIRCLE ( 'NONE', #2555, 0.1149999999999522238 ) ;
#4275 = ORIENTED_EDGE ( 'NONE', *, *, #2032, .F. ) ;
#4276 = LINE ( 'NONE', #6311, #4053 ) ;
#4277 = LINE ( 'NONE', #3763, #4733 ) ;
#4278 = EDGE_CURVE ( 'NONE', #1132, #4591, #4377, .T. ) ;
#4279 = CARTESIAN_POINT ( 'NONE',  ( 3.700000000000104983, 0.6250000000000000000, 0.01000000000000000021 ) ) ;
#4280 = CIRCLE ( 'NONE', #1817, 0.1199999999999999956 ) ;
#4281 = EDGE_CURVE ( 'NONE', #1224, #4085, #5884, .T. ) ;
#4282 = CARTESIAN_POINT ( 'NONE',  ( 0.6800000000000639977, 0.8899999999999579359, 0.01000000000000000021 ) ) ;
#4283 = ORIENTED_EDGE ( 'NONE', *, *, #463, .T. ) ;
#4284 = ORIENTED_EDGE ( 'NONE', *, *, #5832, .T. ) ;
#4285 = FILL_AREA_STYLE_COLOUR ( '', #1579 ) ;
#4286 = VERTEX_POINT ( 'NONE', #4977 ) ;
#4287 = CARTESIAN_POINT ( 'NONE',  ( 2.200000000000104983, -0.1749999999999830025, 0.01000000000000000021 ) ) ;
#4288 = DIRECTION ( 'NONE',  ( -1.000000000000000000, 0.000000000000000000, 0.000000000000000000 ) ) ;
#4289 = ORIENTED_EDGE ( 'NONE', *, *, #5062, .T. ) ;
#4290 = VECTOR ( 'NONE', #1109, 1000.000000000000227 ) ;
#4291 = CYLINDRICAL_SURFACE ( 'NONE', #3580, 0.1199999999999999678 ) ;
#4292 = ADVANCED_FACE ( 'NONE', ( #2793 ), #352, .T. ) ;
#4293 = CARTESIAN_POINT ( 'NONE',  ( 0.4875346646466812150, -0.3845346797102628389, 0.2100000000000000477 ) ) ;
#4294 = EDGE_CURVE ( 'NONE', #2141, #532, #4914, .T. ) ;
#4295 = ORIENTED_EDGE ( 'NONE', *, *, #2195, .F. ) ;
#4296 = DIRECTION ( 'NONE',  ( 0.000000000000000000, -1.000000000000000000, 0.000000000000000000 ) ) ;
#4297 = CARTESIAN_POINT ( 'NONE',  ( 3.195662712996179877, 0.8849999999999840217, 0.07197638667496689124 ) ) ;
#4298 = ORIENTED_EDGE ( 'NONE', *, *, #263, .T. ) ;
#4299 = DIRECTION ( 'NONE',  ( 0.000000000000000000, -1.000000000000000000, 0.000000000000000000 ) ) ;
#4300 = EDGE_LOOP ( 'NONE', ( #1667, #158, #412, #1937, #3102, #3479, #1800, #469 ) ) ;
#4301 = VERTEX_POINT ( 'NONE', #384 ) ;
#4302 = ORIENTED_EDGE ( 'NONE', *, *, #4488, .F. ) ;
#4303 = CARTESIAN_POINT ( 'NONE',  ( 2.900000000000090061, 0.8899999999999789191, 0.01000000000000000021 ) ) ;
#4304 = CARTESIAN_POINT ( 'NONE',  ( 3.180000000000000160, 1.598741745110169754, 0.06000000000000290518 ) ) ;
#4305 = LINE ( 'NONE', #4333, #483 ) ;
#4306 = EDGE_CURVE ( 'NONE', #1059, #1224, #5449, .T. ) ;
#4307 = ORIENTED_EDGE ( 'NONE', *, *, #4066, .F. ) ;
#4308 = DIRECTION ( 'NONE',  ( -1.000000000000000000, -7.779664990074231587E-15, 0.000000000000000000 ) ) ;
#4309 = CARTESIAN_POINT ( 'NONE',  ( 3.550000000000125056, 0.5000000000000279776, 0.2100000000000000200 ) ) ;
#4310 =( NAMED_UNIT ( * ) SI_UNIT ( $, .STERADIAN. ) SOLID_ANGLE_UNIT ( ) );
#4311 = CARTESIAN_POINT ( 'NONE',  ( 0.5299887977535542305, 0.8849999999999840217, 0.02754666676609038994 ) ) ;
#4312 = ORIENTED_EDGE ( 'NONE', *, *, #3960, .F. ) ;
#4313 = ORIENTED_EDGE ( 'NONE', *, *, #4000, .T. ) ;
#4314 = FACE_OUTER_BOUND ( 'NONE', #3988, .T. ) ;
#4315 = ORIENTED_EDGE ( 'NONE', *, *, #3563, .T. ) ;
#4316 = DIRECTION ( 'NONE',  ( 0.000000000000000000, 0.000000000000000000, -1.000000000000000000 ) ) ;
#4317 = EDGE_CURVE ( 'NONE', #113, #6458, #4336, .T. ) ;
#4318 = LINE ( 'NONE', #5823, #4712 ) ;
#4319 = ORIENTED_EDGE ( 'NONE', *, *, #3190, .T. ) ;
#4320 = DIRECTION ( 'NONE',  ( 0.1710878697460404552, 0.1710878697460719577, -0.9702875252478067036 ) ) ;
#4321 = EDGE_CURVE ( 'NONE', #5554, #56, #4378, .T. ) ;
#4322 = ORIENTED_EDGE ( 'NONE', *, *, #3007, .T. ) ;
#4323 = CARTESIAN_POINT ( 'NONE',  ( 0.02499999999992040187, 0.6249999999999650280, 0.1100000000000000006 ) ) ;
#4324 = LINE ( 'NONE', #209, #5676 ) ;
#4325 = ORIENTED_EDGE ( 'NONE', *, *, #1130, .F. ) ;
#4326 = EDGE_CURVE ( 'NONE', #4966, #4487, #1324, .T. ) ;
#4327 = DIRECTION ( 'NONE',  ( 0.000000000000000000, 1.000000000000000000, 0.000000000000000000 ) ) ;
#4328 = VERTEX_POINT ( 'NONE', #1425 ) ;
#4329 = ORIENTED_EDGE ( 'NONE', *, *, #3642, .T. ) ;
#4330 = ORIENTED_EDGE ( 'NONE', *, *, #3236, .T. ) ;
#4331 = FACE_OUTER_BOUND ( 'NONE', #3350, .T. ) ;
#4332 = CARTESIAN_POINT ( 'NONE',  ( 3.195662712995900101, 0.01499999999999346127, 0.07197638667497660570 ) ) ;
#4333 = CARTESIAN_POINT ( 'NONE',  ( 3.675000000000409717, 0.2750000000000130118, 0.2100000000000000200 ) ) ;
#4334 = ORIENTED_EDGE ( 'NONE', *, *, #5827, .F. ) ;
#4335 = CIRCLE ( 'NONE', #2633, 0.1250000000000426048 ) ;
#4336 = LINE ( 'NONE', #283, #1914 ) ;
#4337 = CIRCLE ( 'NONE', #3683, 0.1199999999999999400 ) ;
#4338 = CARTESIAN_POINT ( 'NONE',  ( 0.7800000000000859579, 0.7874999999999520162, 0.01000000000000000021 ) ) ;
#4339 = LINE ( 'NONE', #2825, #6627 ) ;
#4340 = EDGE_CURVE ( 'NONE', #1312, #3329, #1971, .T. ) ;
#4341 = AXIS2_PLACEMENT_3D ( 'NONE', #5293, #309, #2351 ) ;
#4342 = DIRECTION ( 'NONE',  ( 1.136868377215902005E-12, -1.000000000000000000, 0.000000000000000000 ) ) ;
#4343 = ORIENTED_EDGE ( 'NONE', *, *, #2263, .F. ) ;
#4344 = VERTEX_POINT ( 'NONE', #3356 ) ;
#4345 = DIRECTION ( 'NONE',  ( 0.000000000000000000, 0.000000000000000000, 1.000000000000000000 ) ) ;
#4346 = VECTOR ( 'NONE', #3129, 1000.000000000000000 ) ;
#4347 = DIRECTION ( 'NONE',  ( 2.120153865200730353E-14, 1.000000000000000000, -1.779020326330044932E-14 ) ) ;
#4348 = CARTESIAN_POINT ( 'NONE',  ( 3.700000000000000178, 0.6249999999999569233, 0.2100000000000000200 ) ) ;
#4349 = CARTESIAN_POINT ( 'NONE',  ( 0.5917892155807509269, -0.3082107844192080726, 0.8190345742902914727 ) ) ;
#4350 = ORIENTED_EDGE ( 'NONE', *, *, #2553, .T. ) ;
#4351 = PRODUCT_DEFINITION_SHAPE ( 'NONE', 'NONE',  #4579 ) ;
#4352 = EDGE_CURVE ( 'NONE', #1181, #5493, #1053, .T. ) ;
#4353 = CIRCLE ( 'NONE', #5103, 0.1149999999999523764 ) ;
#4354 = CARTESIAN_POINT ( 'NONE',  ( 3.675000000000179678, 0.4999999999999640288, 0.01000000000000000021 ) ) ;
#4355 = CARTESIAN_POINT ( 'NONE',  ( 0.4800000000000180234, -0.3461394185240964649, 0.2100000000000000200 ) ) ;
#4356 = ADVANCED_FACE ( 'NONE', ( #2899 ), #4948, .T. ) ;
#4357 = AXIS2_PLACEMENT_3D ( 'NONE', #254, #4847, #2725 ) ;
#4358 = ORIENTED_EDGE ( 'NONE', *, *, #1953, .T. ) ;
#4359 = DIRECTION ( 'NONE',  ( 0.6427876096867566336, 0.000000000000000000, -0.7660444431187957148 ) ) ;
#4360 = AXIS2_PLACEMENT_3D ( 'NONE', #4631, #6263, #5136 ) ;
#4361 = CARTESIAN_POINT ( 'NONE',  ( 3.675000000000409717, 0.2849999999999965339, 0.000000000000000000 ) ) ;
#4362 = ORIENTED_EDGE ( 'NONE', *, *, #4117, .T. ) ;
#4363 = EDGE_CURVE ( 'NONE', #1607, #3378, #4843, .T. ) ;
#4364 = EDGE_CURVE ( 'NONE', #4344, #5053, #6376, .T. ) ;
#4365 = PLANE ( 'NONE',  #276 ) ;
#4366 = ORIENTED_EDGE ( 'NONE', *, *, #6245, .T. ) ;
#4367 = ORIENTED_EDGE ( 'NONE', *, *, #3855, .T. ) ;
#4368 = ORIENTED_EDGE ( 'NONE', *, *, #632, .T. ) ;
#4369 = VECTOR ( 'NONE', #5933, 1000.000000000000000 ) ;
#4370 = VERTEX_POINT ( 'NONE', #1675 ) ;
#4371 = VECTOR ( 'NONE', #1225, 1000.000000000000000 ) ;
#4372 = FACE_OUTER_BOUND ( 'NONE', #3343, .T. ) ;
#4373 = LINE ( 'NONE', #5304, #5854 ) ;
#4374 = PLANE ( 'NONE',  #1345 ) ;
#4375 = EDGE_CURVE ( 'NONE', #5891, #5762, #4096, .T. ) ;
#4376 = ORIENTED_EDGE ( 'NONE', *, *, #3018, .F. ) ;
#4377 = CIRCLE ( 'NONE', #2648, 0.07499999999999998335 ) ;
#4378 = LINE ( 'NONE', #5374, #618 ) ;
#4379 = AXIS2_PLACEMENT_3D ( 'NONE', #6108, #5169, #2491 ) ;
#4380 = LINE ( 'NONE', #6417, #4412 ) ;
#4381 = CIRCLE ( 'NONE', #3407, 0.07500000000000427158 ) ;
#4382 = CARTESIAN_POINT ( 'NONE',  ( 0.6741208422372440001, 1.125879157762802008, 0.7900000000000000355 ) ) ;
#4383 = CARTESIAN_POINT ( 'NONE',  ( 3.025879157762799920, 1.244056088124267934, 0.8108377813200300377 ) ) ;
#4384 = AXIS2_PLACEMENT_3D ( 'NONE', #4279, #4978, #5413 ) ;
#4385 = ORIENTED_EDGE ( 'NONE', *, *, #506, .T. ) ;
#4386 = VERTEX_POINT ( 'NONE', #3716 ) ;
#4387 = ORIENTED_EDGE ( 'NONE', *, *, #5106, .T. ) ;
#4388 = VECTOR ( 'NONE', #4789, 1000.000000000000000 ) ;
#4389 = CARTESIAN_POINT ( 'NONE',  ( 2.200000000000160050, 1.124999999999949818, 2.081668171172170239E-16 ) ) ;
#4390 = CARTESIAN_POINT ( 'NONE',  ( 2.850000000000080025, 0.8399999999999819833, 0.06000000000000130229 ) ) ;
#4391 = ORIENTED_EDGE ( 'NONE', *, *, #473, .F. ) ;
#4392 = FACE_OUTER_BOUND ( 'NONE', #6267, .T. ) ;
#4393 = ADVANCED_FACE ( 'NONE', ( #5162 ), #2050, .T. ) ;
#4394 = FACE_OUTER_BOUND ( 'NONE', #3269, .T. ) ;
#4395 = VERTEX_POINT ( 'NONE', #566 ) ;
#4396 = VECTOR ( 'NONE', #831, 1000.000000000000000 ) ;
#4397 = DIRECTION ( 'NONE',  ( -1.000000000000000000, -6.269494727294420222E-14, 0.000000000000000000 ) ) ;
#4398 = LINE ( 'NONE', #3990, #1027 ) ;
#4399 = ORIENTED_EDGE ( 'NONE', *, *, #5472, .F. ) ;
#4400 = COLOUR_RGB ( '',0.5372549019607842924, 0.3490196078431372362, 0.3372549019607843368 ) ;
#4401 = CARTESIAN_POINT ( 'NONE',  ( 0.7800000000000859579, 1.124999999999949818, 2.081668171172170239E-16 ) ) ;
#4402 = ORIENTED_EDGE ( 'NONE', *, *, #3012, .F. ) ;
#4403 = ORIENTED_EDGE ( 'NONE', *, *, #4294, .T. ) ;
#4404 = VERTEX_POINT ( 'NONE', #4193 ) ;
#4405 = EDGE_CURVE ( 'NONE', #3017, #3670, #1165, .T. ) ;
#4406 = ORIENTED_EDGE ( 'NONE', *, *, #5440, .F. ) ;
#4407 = CYLINDRICAL_SURFACE ( 'NONE', #3952, 0.1249999999999431843 ) ;
#4408 = DIRECTION ( 'NONE',  ( 0.000000000000000000, 0.000000000000000000, 1.000000000000000000 ) ) ;
#4409 = CARTESIAN_POINT ( 'NONE',  ( 1.163696421453323859, 0.4499999999999885203, 0.01000000000000000021 ) ) ;
#4410 = EDGE_CURVE ( 'NONE', #5082, #2268, #3679, .T. ) ;
#4411 = ORIENTED_EDGE ( 'NONE', *, *, #3310, .F. ) ;
#4412 = VECTOR ( 'NONE', #2395, 1000.000000000000000 ) ;
#4413 = CARTESIAN_POINT ( 'NONE',  ( 0.000000000000000000, 0.2750000000000130118, 0.05500000000000000028 ) ) ;
#4414 = PLANE ( 'NONE',  #2053 ) ;
#4415 = DIRECTION ( 'NONE',  ( 1.000000000000000000, 4.565294819230090291E-15, 3.830737199031340451E-15 ) ) ;
#4416 = ADVANCED_FACE ( 'NONE', ( #4730 ), #1577, .T. ) ;
#4417 = LINE ( 'NONE', #6487, #2123 ) ;
#4418 = LINE ( 'NONE', #5953, #3809 ) ;
#4419 = ORIENTED_EDGE ( 'NONE', *, *, #1357, .F. ) ;
#4420 = EDGE_LOOP ( 'NONE', ( #1241, #2778, #3866, #5719 ) ) ;
#4421 = DIRECTION ( 'NONE',  ( 1.136868377215902005E-12, 1.000000000000000000, 0.000000000000000000 ) ) ;
#4422 = CARTESIAN_POINT ( 'NONE',  ( 3.193255487536373671, 1.337944536565354170, 0.2100000000000000200 ) ) ;
#4423 = DIRECTION ( 'NONE',  ( 1.000000000000000000, 0.000000000000000000, 0.000000000000000000 ) ) ;
#4424 = CARTESIAN_POINT ( 'NONE',  ( 0.02499999999997724875, 0.5000000000000639488, 0.01000000000000000021 ) ) ;
#4425 = ORIENTED_EDGE ( 'NONE', *, *, #3648, .F. ) ;
#4426 = DIRECTION ( 'NONE',  ( 1.000000000000000000, 0.000000000000000000, 0.000000000000000000 ) ) ;
#4427 = CARTESIAN_POINT ( 'NONE',  ( 0.000000000000000000, 0.000000000000000000, 0.000000000000000000 ) ) ;
#4428 = CARTESIAN_POINT ( 'NONE',  ( 3.121802131519984869, -0.3218021315200160215, 0.08499999999999681422 ) ) ;
#4429 = ORIENTED_EDGE ( 'NONE', *, *, #4936, .F. ) ;
#4430 = DIRECTION ( 'NONE',  ( 0.1736481776670135424, -9.072386119063543808E-15, -0.9848077530121932543 ) ) ;
#4431 = FACE_OUTER_BOUND ( 'NONE', #4677, .T. ) ;
#4432 = VERTEX_POINT ( 'NONE', #6229 ) ;
#4433 = EDGE_CURVE ( 'NONE', #4085, #4213, #505, .T. ) ;
#4434 = VECTOR ( 'NONE', #3298, 1000.000000000000227 ) ;
#4435 = DIRECTION ( 'NONE',  ( -0.6427876096867575217, 0.000000000000000000, -0.7660444431187950487 ) ) ;
#4436 = ORIENTED_EDGE ( 'NONE', *, *, #5793, .F. ) ;
#4437 = ORIENTED_EDGE ( 'NONE', *, *, #3903, .F. ) ;
#4438 = DIRECTION ( 'NONE',  ( -1.000000000000000000, 0.000000000000000000, 0.000000000000000000 ) ) ;
#4439 = CARTESIAN_POINT ( 'NONE',  ( 3.700000000000104983, 0.6250000000000000000, 0.01000000000000000021 ) ) ;
#4440 = DIRECTION ( 'NONE',  ( 0.000000000000000000, 1.000000000000000000, 0.000000000000000000 ) ) ;
#4441 = ADVANCED_FACE ( 'NONE', ( #1613 ), #5668, .F. ) ;
#4442 = ORIENTED_EDGE ( 'NONE', *, *, #6388, .F. ) ;
#4443 = CARTESIAN_POINT ( 'NONE',  ( 0.000000000000000000, 0.6149999999999670175, 0.000000000000000000 ) ) ;
#4444 = DIRECTION ( 'NONE',  ( 0.1710878697460534725, -0.1710878697459844722, 0.9702875252478198043 ) ) ;
#4445 = DIRECTION ( 'NONE',  ( 0.000000000000000000, 0.000000000000000000, -1.000000000000000000 ) ) ;
#4446 = EDGE_CURVE ( 'NONE', #5434, #719, #3619, .T. ) ;
#4447 = LINE ( 'NONE', #2903, #4486 ) ;
#4448 = LINE ( 'NONE', #1865, #270 ) ;
#4449 = PRODUCT ( 'SOD123HP_Sn-plating', 'SOD123HP_Sn-plating', '', ( #6239 ) ) ;
#4450 = VECTOR ( 'NONE', #5444, 1000.000000000000000 ) ;
#4451 = ORIENTED_EDGE ( 'NONE', *, *, #1203, .F. ) ;
#4452 = EDGE_CURVE ( 'NONE', #4565, #6280, #11, .T. ) ;
#4453 = LINE ( 'NONE', #3365, #1158 ) ;
#4454 = EDGE_LOOP ( 'NONE', ( #3110, #6595, #241, #6026 ) ) ;
#4455 = DIRECTION ( 'NONE',  ( 0.6427876096867566336, 0.000000000000000000, -0.7660444431187957148 ) ) ;
#4456 = CARTESIAN_POINT ( 'NONE',  ( 0.4843999879491229232, -0.4156000120508549500, 0.2100000000000000200 ) ) ;
#4457 = EDGE_LOOP ( 'NONE', ( #6441, #1598, #5389, #713 ) ) ;
#4458 = VECTOR ( 'NONE', #2257, 1000.000000000000000 ) ;
#4459 = VECTOR ( 'NONE', #5618, 1000.000000000000000 ) ;
#4460 = CARTESIAN_POINT ( 'NONE',  ( 2.250000000000114575, 0.07421219646227679434, 0.06000000000000140638 ) ) ;
#4461 = AXIS2_PLACEMENT_3D ( 'NONE', #1043, #6099, #1511 ) ;
#4462 = EDGE_CURVE ( 'NONE', #206, #1365, #6162, .T. ) ;
#4463 = LINE ( 'NONE', #6503, #5310 ) ;
#4464 = VERTEX_POINT ( 'NONE', #3177 ) ;
#4465 = LINE ( 'NONE', #5524, #5022 ) ;
#4466 = CARTESIAN_POINT ( 'NONE',  ( 1.165000000000020020, -0.3218021315200090271, 0.08500000000000000611 ) ) ;
#4467 = ORIENTED_EDGE ( 'NONE', *, *, #3522, .T. ) ;
#4468 = AXIS2_PLACEMENT_3D ( 'NONE', #452, #6554, #1398 ) ;
#4469 = AXIS2_PLACEMENT_3D ( 'NONE', #3360, #6045, #2934 ) ;
#4470 = FACE_OUTER_BOUND ( 'NONE', #2566, .T. ) ;
#4471 = VECTOR ( 'NONE', #2218, 1000.000000000000000 ) ;
#4472 = EDGE_LOOP ( 'NONE', ( #2149, #2979, #2872, #5791, #5489, #1992, #974, #5903 ) ) ;
#4473 = ORIENTED_EDGE ( 'NONE', *, *, #1416, .F. ) ;
#4474 = CARTESIAN_POINT ( 'NONE',  ( 0.5781978684800610502, 0.8849999999999840217, 0.08500000000000000611 ) ) ;
#4475 = LINE ( 'NONE', #6516, #5740 ) ;
#4476 = LINE ( 'NONE', #6550, #6257 ) ;
#4477 = ORIENTED_EDGE ( 'NONE', *, *, #3214, .T. ) ;
#4478 = ADVANCED_FACE ( 'NONE', ( #5132 ), #2578, .T. ) ;
#4479 = CARTESIAN_POINT ( 'NONE',  ( 0.5910617196967110631, 1.327115210664813860, 0.3397860897023525228 ) ) ;
#4480 = VECTOR ( 'NONE', #3433, 1000.000000000000000 ) ;
#4481 = DIRECTION ( 'NONE',  ( 0.000000000000000000, 0.000000000000000000, 1.000000000000000000 ) ) ;
#4482 = DIRECTION ( 'NONE',  ( 1.000000000000000000, 8.881784197001761928E-15, 0.000000000000000000 ) ) ;
#4483 = CARTESIAN_POINT ( 'NONE',  ( 0.02499999999992040187, 0.6249999999999650280, 0.2100000000000000200 ) ) ;
#4485 = CARTESIAN_POINT ( 'NONE',  ( 0.4799999999999668976, 1.266184930078564141, 0.2099999999999999922 ) ) ;
#4484 = VECTOR ( 'NONE', #3565, 1000.000000000000000 ) ;
#4486 = VECTOR ( 'NONE', #2964, 1000.000000000000000 ) ;
#4487 = VERTEX_POINT ( 'NONE', #2150 ) ;
#4488 = EDGE_CURVE ( 'NONE', #3347, #6128, #6132, .T. ) ;
#4489 = VERTEX_POINT ( 'NONE', #3650 ) ;
#4490 = CARTESIAN_POINT ( 'NONE',  ( 2.900000000000090061, 0.8399999999999610001, 2.081668171172170239E-16 ) ) ;
#4491 = DIRECTION ( 'NONE',  ( 0.000000000000000000, 0.000000000000000000, 1.000000000000000000 ) ) ;
#4492 = ORIENTED_EDGE ( 'NONE', *, *, #2744, .T. ) ;
#4493 = EDGE_CURVE ( 'NONE', #2141, #5030, #5772, .T. ) ;
#4494 = COLOUR_RGB ( '',0.2666666666666666630, 0.2392156862745097867, 0.2117647058823529382 ) ;
#4495 = FACE_OUTER_BOUND ( 'NONE', #2534, .T. ) ;
#4496 = VECTOR ( 'NONE', #6153, 1000.000000000000000 ) ;
#4497 = LINE ( 'NONE', #1847, #4245 ) ;
#4498 = EDGE_CURVE ( 'NONE', #771, #256, #5008, .T. ) ;
#4499 = ORIENTED_EDGE ( 'NONE', *, *, #2291, .F. ) ;
#4500 = DIRECTION ( 'NONE',  ( -6.012533356443450199E-14, 1.000000000000000000, 0.000000000000000000 ) ) ;
#4501 = CARTESIAN_POINT ( 'NONE',  ( 2.850000000000080025, 0.5130005523259699718, 0.06000000000000130229 ) ) ;
#4502 = ORIENTED_EDGE ( 'NONE', *, *, #105, .T. ) ;
#4503 = EDGE_CURVE ( 'NONE', #4228, #6499, #4628, .T. ) ;
#4504 = PRODUCT_DEFINITION ( 'UNKNOWN', '', #3208, #28 ) ;
#4505 = CARTESIAN_POINT ( 'NONE',  ( 0.5900000000000320544, -2.842170943040399481E-14, 0.000000000000000000 ) ) ;
#4506 = ORIENTED_EDGE ( 'NONE', *, *, #2103, .T. ) ;
#4507 = AXIS2_PLACEMENT_3D ( 'NONE', #2238, #200, #4218 ) ;
#4508 = FACE_OUTER_BOUND ( 'NONE', #373, .T. ) ;
#4509 = CIRCLE ( 'NONE', #6544, 0.07499999999999799882 ) ;
#4510 = DIRECTION ( 'NONE',  ( -2.145034673992864864E-13, 1.000000000000000000, 0.000000000000000000 ) ) ;
#4511 = CARTESIAN_POINT ( 'NONE',  ( 3.675000000000409717, 0.6250000000000071054, 0.01000000000000000021 ) ) ;
#4512 = ORIENTED_EDGE ( 'NONE', *, *, #5334, .F. ) ;
#4513 = DIRECTION ( 'NONE',  ( 1.000000000000000000, 0.000000000000000000, 0.000000000000000000 ) ) ;
#4514 = LINE ( 'NONE', #4979, #413 ) ;
#4515 = EDGE_CURVE ( 'NONE', #1632, #2610, #3950, .T. ) ;
#4516 = LINE ( 'NONE', #3030, #1238 ) ;
#4517 = DIRECTION ( 'NONE',  ( 0.000000000000000000, -1.000000000000000000, 0.000000000000000000 ) ) ;
#4518 = ORIENTED_EDGE ( 'NONE', *, *, #2599, .T. ) ;
#4519 = CARTESIAN_POINT ( 'NONE',  ( 3.700000000000275069, 0.8899999999999999023, 0.01000000000000000021 ) ) ;
#4520 = PLANE ( 'NONE',  #3197 ) ;
#4521 = CARTESIAN_POINT ( 'NONE',  ( 0.5781978684800610502, -0.3218021315200090271, 0.08500000000000000611 ) ) ;
#4522 = ORIENTED_EDGE ( 'NONE', *, *, #927, .T. ) ;
#4523 = DIRECTION ( 'NONE',  ( 0.000000000000000000, 0.000000000000000000, 1.000000000000000000 ) ) ;
#4524 = ORIENTED_EDGE ( 'NONE', *, *, #2953, .T. ) ;
#4525 = VERTEX_POINT ( 'NONE', #3270 ) ;
#4526 = ADVANCED_FACE ( 'NONE', ( #1850 ), #1235, .F. ) ;
#4527 = DIRECTION ( 'NONE',  ( 6.315935428978830158E-14, 1.000000000000000000, 0.000000000000000000 ) ) ;
#4528 = ORIENTED_EDGE ( 'NONE', *, *, #2350, .F. ) ;
#4529 = DIRECTION ( 'NONE',  ( -1.000000000000000000, -8.881784197001761928E-15, 0.000000000000000000 ) ) ;
#4530 = CARTESIAN_POINT ( 'NONE',  ( 0.5781978684800610502, 0.8899999999999649303, 0.08500000000000000611 ) ) ;
#4531 = ORIENTED_EDGE ( 'NONE', *, *, #1446, .T. ) ;
#4532 = ADVANCED_FACE ( 'NONE', ( #5901 ), #6396, .T. ) ;
#4533 = FACE_OUTER_BOUND ( 'NONE', #683, .T. ) ;
#4534 = ORIENTED_EDGE ( 'NONE', *, *, #866, .T. ) ;
#4535 = EDGE_CURVE ( 'NONE', #3483, #3156, #1589, .T. ) ;
#4536 =( BOUNDED_CURVE ( )  B_SPLINE_CURVE ( 3, ( #1369, #3881, #5927, #5460 ),
 .UNSPECIFIED., .F., .F. ) 
 B_SPLINE_CURVE_WITH_KNOTS ( ( 4, 4 ),
 ( 5.512866274278587220, 6.283185307179586232 ),
 .UNSPECIFIED. ) 
 CURVE ( )  GEOMETRIC_REPRESENTATION_ITEM ( )  RATIONAL_B_SPLINE_CURVE ( ( 1.000000000000000000, 0.9511590086810455258, 0.9511590086810455258, 1.000000000000000000 ) ) 
 REPRESENTATION_ITEM ( '' )  );
#4537 = LINE ( 'NONE', #4028, #5512 ) ;
#4538 = LINE ( 'NONE', #446, #6167 ) ;
#4539 = DIRECTION ( 'NONE',  ( 1.000000000000000000, 0.000000000000000000, 0.000000000000000000 ) ) ;
#4540 = VERTEX_POINT ( 'NONE', #766 ) ;
#4541 = CARTESIAN_POINT ( 'NONE',  ( 1.850000000000024958, 0.4500000000000000111, 0.01000000000000000021 ) ) ;
#4542 = CARTESIAN_POINT ( 'NONE',  ( 1.850000000000024958, 0.4500000000000000111, 0.2100000000000000200 ) ) ;
#4543 = CARTESIAN_POINT ( 'NONE',  ( 0.6800000000000639977, 0.01000000000004774153, 2.081668171172170239E-16 ) ) ;
#4544 = ORIENTED_EDGE ( 'NONE', *, *, #4243, .T. ) ;
#4545 = DIRECTION ( 'NONE',  ( -0.6427876096867575217, 0.000000000000000000, -0.7660444431187950487 ) ) ;
#4546 = CARTESIAN_POINT ( 'NONE',  ( 2.200000000000104983, -0.1749999999999830025, 0.01000000000000020144 ) ) ;
#4547 = CARTESIAN_POINT ( 'NONE',  ( 0.000000000000000000, 0.8899999999999999023, 0.05500000000000000028 ) ) ;
#4548 = EDGE_CURVE ( 'NONE', #6337, #1386, #239, .T. ) ;
#4549 = CARTESIAN_POINT ( 'NONE',  ( 0.7800000000000859579, -0.09000000000000341061, 0.06000000000000140638 ) ) ;
#4550 = ORIENTED_EDGE ( 'NONE', *, *, #1947, .F. ) ;
#4551 = CIRCLE ( 'NONE', #690, 0.07499999999999744371 ) ;
#4552 = LINE ( 'NONE', #2472, #2086 ) ;
#4553 = ORIENTED_EDGE ( 'NONE', *, *, #18, .F. ) ;
#4554 = VERTEX_POINT ( 'NONE', #4860 ) ;
#4555 = CARTESIAN_POINT ( 'NONE',  ( 0.6800000000000639977, 0.8899999999999579359, 0.2100000000000000200 ) ) ;
#4556 = VERTEX_POINT ( 'NONE', #5800 ) ;
#4557 = EDGE_CURVE ( 'NONE', #1204, #234, #3811, .T. ) ;
#4558 = DIRECTION ( 'NONE',  ( 0.000000000000000000, 0.9848077530122083534, 0.1736481776669289157 ) ) ;
#4559 = CIRCLE ( 'NONE', #4873, 0.1149999999999522238 ) ;
#4560 = CYLINDRICAL_SURFACE ( 'NONE', #6485, 0.1000000000000796224 ) ;
#4561 = AXIS2_PLACEMENT_3D ( 'NONE', #4817, #718, #5248 ) ;
#4562 = ORIENTED_EDGE ( 'NONE', *, *, #1683, .T. ) ;
#4563 = VECTOR ( 'NONE', #3515, 1000.000000000000000 ) ;
#4564 = DIRECTION ( 'NONE',  ( -0.000000000000000000, -0.9848077530122053558, -0.1736481776669455690 ) ) ;
#4565 = VERTEX_POINT ( 'NONE', #1205 ) ;
#4566 = EDGE_CURVE ( 'NONE', #5944, #5995, #6624, .T. ) ;
#4567 = AXIS2_PLACEMENT_3D ( 'NONE', #5465, #871, #2915 ) ;
#4568 = CARTESIAN_POINT ( 'NONE',  ( 0.5681769303615169520, 1.349999999999985878, 0.2100000000000000200 ) ) ;
#4569 = EDGE_CURVE ( 'NONE', #1246, #719, #3306, .T. ) ;
#4570 = FACE_OUTER_BOUND ( 'NONE', #3231, .T. ) ;
#4571 = VECTOR ( 'NONE', #1215, 1000.000000000000000 ) ;
#4572 = CARTESIAN_POINT ( 'NONE',  ( 0.9250000000000110356, -4.263256414560599853E-14, 0.01000000000000000021 ) ) ;
#4573 = LINE ( 'NONE', #1050, #203 ) ;
#4574 = ORIENTED_EDGE ( 'NONE', *, *, #4726, .F. ) ;
#4575 = DIRECTION ( 'NONE',  ( 0.000000000000000000, 0.000000000000000000, 1.000000000000000000 ) ) ;
#4576 = EDGE_CURVE ( 'NONE', #1582, #5295, #5829, .T. ) ;
#4577 = CARTESIAN_POINT ( 'NONE',  ( 0.5917999550936200448, 1.208200044906370119, 0.007858733479300441041 ) ) ;
#4578 = CYLINDRICAL_SURFACE ( 'NONE', #287, 0.1200000000000000788 ) ;
#4579 = PRODUCT_DEFINITION ( 'UNKNOWN', '', #2894, #5785 ) ;
#4580 = ORIENTED_EDGE ( 'NONE', *, *, #4145, .T. ) ;
#4581 = CIRCLE ( 'NONE', #2019, 0.05000000000001141032 ) ;
#4582 = DIRECTION ( 'NONE',  ( 1.000000000000000000, 0.000000000000000000, 0.000000000000000000 ) ) ;
#4583 = PLANE ( 'NONE',  #889 ) ;
#4584 = DIRECTION ( 'NONE',  ( -5.212044918625069958E-15, -1.000000000000000000, -4.373424968893985328E-15 ) ) ;
#4585 = DIRECTION ( 'NONE',  ( -1.000000000000000000, -2.844946500603254085E-13, 0.000000000000000000 ) ) ;
#4586 = ORIENTED_EDGE ( 'NONE', *, *, #637, .T. ) ;
#4587 = AXIS2_PLACEMENT_3D ( 'NONE', #4710, #3732, #1218 ) ;
#4588 = AXIS2_PLACEMENT_3D ( 'NONE', #2390, #3931, #1015 ) ;
#4589 = CARTESIAN_POINT ( 'NONE',  ( 0.6056972492837648936, -0.4124796810777199840, 0.4227883025702030007 ) ) ;
#4590 = VERTEX_POINT ( 'NONE', #4829 ) ;
#4591 = VERTEX_POINT ( 'NONE', #6359 ) ;
#4592 = FACE_OUTER_BOUND ( 'NONE', #1611, .T. ) ;
#4593 = CIRCLE ( 'NONE', #1695, 0.07499999999999991396 ) ;
#4594 = DIRECTION ( 'NONE',  ( 1.000000000000000000, -1.235047692136174719E-13, 0.000000000000000000 ) ) ;
#4595 = CARTESIAN_POINT ( 'NONE',  ( 3.675000000000409717, 0.6250000000000071054, 0.01000000000000000021 ) ) ;
#4596 = ORIENTED_EDGE ( 'NONE', *, *, #4557, .F. ) ;
#4597 = AXIS2_PLACEMENT_3D ( 'NONE', #5432, #3076, #5126 ) ;
#4598 = DIRECTION ( 'NONE',  ( -1.000000000000000000, 0.000000000000000000, 0.000000000000000000 ) ) ;
#4599 = ORIENTED_EDGE ( 'NONE', *, *, #6572, .T. ) ;
#4600 = CARTESIAN_POINT ( 'NONE',  ( 2.025000000000090061, 1.124999999999949818, 0.01000000000000000021 ) ) ;
#4601 = LINE ( 'NONE', #1543, #751 ) ;
#4602 = AXIS2_PLACEMENT_3D ( 'NONE', #4490, #332, #5958 ) ;
#4603 = CARTESIAN_POINT ( 'NONE',  ( 3.170011202246451276, 1.221802131520014045, 0.02754666676605644141 ) ) ;
#4604 = LINE ( 'NONE', #3056, #4673 ) ;
#4605 = DIRECTION ( 'NONE',  ( -1.000000000000000000, 8.006115332508080925E-14, 0.000000000000000000 ) ) ;
#4606 = ORIENTED_EDGE ( 'NONE', *, *, #306, .T. ) ;
#4607 = EDGE_CURVE ( 'NONE', #4721, #4487, #2810, .T. ) ;
#4608 = CARTESIAN_POINT ( 'NONE',  ( 3.675000000000179678, 0.5000000000000210942, 0.1100000000000000006 ) ) ;
#4609 = EDGE_CURVE ( 'NONE', #5439, #2700, #1712, .T. ) ;
#4610 = DIRECTION ( 'NONE',  ( 0.000000000000000000, 1.000000000000000000, 0.000000000000000000 ) ) ;
#4611 = CARTESIAN_POINT ( 'NONE',  ( 3.121802131520325041, 0.8849999999999840217, 0.08500000000000000611 ) ) ;
#4612 = SURFACE_SIDE_STYLE ('',( #2942 ) ) ;
#4613 = ORIENTED_EDGE ( 'NONE', *, *, #6346, .F. ) ;
#4614 = CARTESIAN_POINT ( 'NONE',  ( 3.182060626382280155, -0.3082000449063924674, -0.005164879845722750336 ) ) ;
#4615 = CARTESIAN_POINT ( 'NONE',  ( 2.200000000000104983, -0.1749999999999830025, 0.01000000000000000021 ) ) ;
#4616 = EDGE_CURVE ( 'NONE', #4269, #6403, #4895, .T. ) ;
#4617 = LINE ( 'NONE', #1526, #5665 ) ;
#4618 = PLANE ( 'NONE',  #6089 ) ;
#4619 = ORIENTED_EDGE ( 'NONE', *, *, #5529, .F. ) ;
#4620 = DIRECTION ( 'NONE',  ( 0.000000000000000000, 0.000000000000000000, 1.000000000000000000 ) ) ;
#4621 = EDGE_LOOP ( 'NONE', ( #5539, #2628, #2944, #4322 ) ) ;
#4622 = VERTEX_POINT ( 'NONE', #4760 ) ;
#4623 = DIRECTION ( 'NONE',  ( 0.000000000000000000, 0.000000000000000000, -1.000000000000000000 ) ) ;
#4624 = CARTESIAN_POINT ( 'NONE',  ( 2.850000000000080025, 0.8399999999999819833, 0.01000000000000000021 ) ) ;
#4625 = ORIENTED_EDGE ( 'NONE', *, *, #146, .F. ) ;
#4626 = CARTESIAN_POINT ( 'NONE',  ( 3.121802131519984869, 1.221802131520014045, 0.08500000000000959566 ) ) ;
#4627 = ORIENTED_EDGE ( 'NONE', *, *, #4015, .T. ) ;
#4628 = LINE ( 'NONE', #4658, #3188 ) ;
#4629 = FACE_OUTER_BOUND ( 'NONE', #2984, .T. ) ;
#4630 = EDGE_CURVE ( 'NONE', #6248, #472, #6434, .T. ) ;
#4631 = CARTESIAN_POINT ( 'NONE',  ( 2.200000000000104983, -0.1749999999999830025, 0.01000000000000000021 ) ) ;
#4632 = CYLINDRICAL_SURFACE ( 'NONE', #6183, 0.05000000000001141032 ) ;
#4633 = ORIENTED_EDGE ( 'NONE', *, *, #5026, .T. ) ;
#4634 = EDGE_CURVE ( 'NONE', #771, #959, #4593, .T. ) ;
#4635 = LINE ( 'NONE', #2058, #5017 ) ;
#4636 = EDGE_CURVE ( 'NONE', #1467, #4404, #4795, .T. ) ;
#4637 = DIRECTION ( 'NONE',  ( 0.6427876096867566336, 0.000000000000000000, -0.7660444431187957148 ) ) ;
#4638 = DIRECTION ( 'NONE',  ( 0.000000000000000000, 0.000000000000000000, 1.000000000000000000 ) ) ;
#4639 = ORIENTED_EDGE ( 'NONE', *, *, #1616, .T. ) ;
#4640 = DIRECTION ( 'NONE',  ( -0.9848077530121933654, 0.000000000000000000, 0.1736481776670135979 ) ) ;
#4641 = CYLINDRICAL_SURFACE ( 'NONE', #6295, 0.05000000000001845329 ) ;
#4642 = DIRECTION ( 'NONE',  ( -8.881784197001761928E-15, 1.000000000000000000, 0.000000000000000000 ) ) ;
#4643 = EDGE_CURVE ( 'NONE', #5995, #291, #4381, .T. ) ;
#4644 = DIRECTION ( 'NONE',  ( -1.000000000000000000, 0.000000000000000000, 0.000000000000000000 ) ) ;
#4645 = VERTEX_POINT ( 'NONE', #2704 ) ;
#4646 = ADVANCED_FACE ( 'NONE', ( #696 ), #2740, .F. ) ;
#4647 = LINE ( 'NONE', #4589, #5625 ) ;
#4648 = ORIENTED_EDGE ( 'NONE', *, *, #4985, .F. ) ;
#4649 = ORIENTED_EDGE ( 'NONE', *, *, #5214, .F. ) ;
#4650 = CARTESIAN_POINT ( 'NONE',  ( 3.166184930078527859, 1.320000000000000506, 0.2099999999999999922 ) ) ;
#4651 = CARTESIAN_POINT ( 'NONE',  ( 3.121802131519984869, 0.01499999999999346127, 0.01000000000000000021 ) ) ;
#4652 = EDGE_LOOP ( 'NONE', ( #965, #1531, #6491, #4956 ) ) ;
#4653 = ADVANCED_FACE ( 'NONE', ( #1740 ), #3379, .T. ) ;
#4654 = PLANE ( 'NONE',  #914 ) ;
#4655 = CIRCLE ( 'NONE', #2299, 0.1149999999999523764 ) ;
#4656 = VERTEX_POINT ( 'NONE', #2917 ) ;
#4657 = AXIS2_PLACEMENT_3D ( 'NONE', #3317, #4869, #5404 ) ;
#4658 = CARTESIAN_POINT ( 'NONE',  ( 3.220000000000000195, 0.01500000000000055109, 0.2100000000000000200 ) ) ;
#4659 = CARTESIAN_POINT ( 'NONE',  ( 3.700000000000275069, 0.000000000000000000, 0.2200000000000000011 ) ) ;
#4660 = VECTOR ( 'NONE', #2148, 1000.000000000000000 ) ;
#4661 = DIRECTION ( 'NONE',  ( -5.224578939412010120E-14, -1.000000000000000000, 0.000000000000000000 ) ) ;
#4662 = CARTESIAN_POINT ( 'NONE',  ( 3.198500007531808631, -0.3985000075317753354, 0.2100000000000000200 ) ) ;
#4663 = VECTOR ( 'NONE', #1428, 1000.000000000000000 ) ;
#4664 = VERTEX_POINT ( 'NONE', #4995 ) ;
#4665 = VECTOR ( 'NONE', #4944, 1000.000000000000000 ) ;
#4666 = CARTESIAN_POINT ( 'NONE',  ( 0.4500000000000460298, 1.231823069638522172, 0.2100000000000000200 ) ) ;
#4667 = VECTOR ( 'NONE', #2197, 1000.000000000000000 ) ;
#4668 = DIRECTION ( 'NONE',  ( 0.000000000000000000, 0.000000000000000000, 1.000000000000000000 ) ) ;
#4669 = FACE_OUTER_BOUND ( 'NONE', #3780, .T. ) ;
#4670 = EDGE_CURVE ( 'NONE', #3744, #722, #3920, .T. ) ;
#4671 = EDGE_LOOP ( 'NONE', ( #6562, #1651, #8, #2456, #6568, #1822, #3859, #3573, #3944, #101 ) ) ;
#4672 = CARTESIAN_POINT ( 'NONE',  ( 3.220000000000000195, 1.246139418524087938, 0.2100000000000000200 ) ) ;
#4673 = VECTOR ( 'NONE', #2608, 1000.000000000000000 ) ;
#4674 = DIRECTION ( 'NONE',  ( -1.000000000000000000, 6.269494727294420222E-14, 0.000000000000000000 ) ) ;
#4675 = CARTESIAN_POINT ( 'NONE',  ( 0.6800000000000639977, -0.09000000000006740108, 0.06000000000000140638 ) ) ;
#4676 = DIRECTION ( 'NONE',  ( -0.5901122987872597925, 0.000000000000000000, -0.8073211720375080835 ) ) ;
#4677 = EDGE_LOOP ( 'NONE', ( #6571, #329, #4959, #972, #808, #6018 ) ) ;
#4678 = EDGE_CURVE ( 'NONE', #4554, #2847, #5232, .T. ) ;
#4679 = ORIENTED_EDGE ( 'NONE', *, *, #4201, .F. ) ;
#4680 = DIRECTION ( 'NONE',  ( 0.000000000000000000, -1.000000000000000000, 0.000000000000000000 ) ) ;
#4681 = ORIENTED_EDGE ( 'NONE', *, *, #5621, .F. ) ;
#4682 = LINE ( 'NONE', #5595, #1702 ) ;
#4683 = ADVANCED_FACE ( 'NONE', ( #368 ), #3014, .T. ) ;
#4684 = AXIS2_PLACEMENT_3D ( 'NONE', #6296, #2811, #6331 ) ;
#4685 = CARTESIAN_POINT ( 'NONE',  ( 0.7800000000000300027, 0.9899999999999659073, 0.01000000000000000021 ) ) ;
#4686 = VERTEX_POINT ( 'NONE', #2884 ) ;
#4687 = CIRCLE ( 'NONE', #3396, 0.07499999999999998335 ) ;
#4688 = EDGE_CURVE ( 'NONE', #4906, #5122, #5966, .T. ) ;
#4689 = DIRECTION ( 'NONE',  ( 0.000000000000000000, 0.000000000000000000, -1.000000000000000000 ) ) ;
#4690 = VECTOR ( 'NONE', #1154, 1000.000000000000000 ) ;
#4691 = ORIENTED_EDGE ( 'NONE', *, *, #6367, .T. ) ;
#4692 = AXIS2_PLACEMENT_3D ( 'NONE', #1720, #5238, #5840 ) ;
#4693 = CARTESIAN_POINT ( 'NONE',  ( 0.5781978684800610502, 0.8849999999999840217, 0.08500000000000000611 ) ) ;
#4694 = DIRECTION ( 'NONE',  ( 1.000000000000000000, 6.021548608136700101E-14, 0.000000000000000000 ) ) ;
#4695 = ADVANCED_FACE ( 'NONE', ( #975 ), #5060, .F. ) ;
#4696 = AXIS2_PLACEMENT_3D ( 'NONE', #599, #1045, #2081 ) ;
#4697 = ADVANCED_FACE ( 'NONE', ( #467, #4933 ), #2507, .F. ) ;
#4698 = AXIS2_PLACEMENT_3D ( 'NONE', #5309, #2763, #5750 ) ;
#4699 = CARTESIAN_POINT ( 'NONE',  ( -5.684341886080798963E-14, 0.6250000000000210942, 0.01000000000000000021 ) ) ;
#4700 = FACE_OUTER_BOUND ( 'NONE', #4983, .T. ) ;
#4701 = VERTEX_POINT ( 'NONE', #3418 ) ;
#4702 = VERTEX_POINT ( 'NONE', #2409 ) ;
#4703 = CIRCLE ( 'NONE', #5559, 0.1000000000000796224 ) ;
#4704 = DIRECTION ( 'NONE',  ( 1.000000000000000000, -9.043271182402019319E-14, 0.000000000000000000 ) ) ;
#4705 = DIRECTION ( 'NONE',  ( 0.000000000000000000, 1.000000000000000000, 0.000000000000000000 ) ) ;
#4706 = LINE ( 'NONE', #746, #803 ) ;
#4707 = PRODUCT_CONTEXT ( 'NONE', #5061, 'mechanical' ) ;
#4708 = ORIENTED_EDGE ( 'NONE', *, *, #2584, .T. ) ;
#4709 = AXIS2_PLACEMENT_3D ( 'NONE', #6593, #2067, #1527 ) ;
#4710 = CARTESIAN_POINT ( 'NONE',  ( 3.025879157762799920, -0.2258791577628115055, 0.7899999999999890443 ) ) ;
#4711 = CARTESIAN_POINT ( 'NONE',  ( 0.5910617196967110631, 1.208938280303350155, 0.3189483083823215215 ) ) ;
#4712 = VECTOR ( 'NONE', #4288, 1000.000000000000000 ) ;
#4713 = CARTESIAN_POINT ( 'NONE',  ( 3.675000000000409717, 0.2750000000000130118, 0.1100000000000000006 ) ) ;
#4714 = CARTESIAN_POINT ( 'NONE',  ( 3.550000000000410161, 0.5000000000000359712, 0.1100000000000000006 ) ) ;
#4715 = DIRECTION ( 'NONE',  ( 0.000000000000000000, 0.000000000000000000, 1.000000000000000000 ) ) ;
#4716 = EDGE_CURVE ( 'NONE', #3549, #4404, #4804, .T. ) ;
#4717 = DIRECTION ( 'NONE',  ( 0.000000000000000000, 0.000000000000000000, -1.000000000000000000 ) ) ;
#4718 = ORIENTED_EDGE ( 'NONE', *, *, #5202, .T. ) ;
#4719 = ORIENTED_EDGE ( 'NONE', *, *, #1419, .F. ) ;
#4720 = CARTESIAN_POINT ( 'NONE',  ( 0.02499999999992040187, 0.2750000000000055178, 0.2100000000000000200 ) ) ;
#4721 = VERTEX_POINT ( 'NONE', #339 ) ;
#4722 = FACE_OUTER_BOUND ( 'NONE', #1437, .T. ) ;
#4723 = CARTESIAN_POINT ( 'NONE',  ( 2.850000000000080025, 0.06000000000000939998, 0.01000000000000020144 ) ) ;
#4724 = VERTEX_POINT ( 'NONE', #3475 ) ;
#4725 = CARTESIAN_POINT ( 'NONE',  ( 3.108200044906370252, -0.3082000449063924674, 0.007858733479298470395 ) ) ;
#4726 = EDGE_CURVE ( 'NONE', #2928, #210, #5335, .T. ) ;
#4727 = SURFACE_SIDE_STYLE ('',( #1673 ) ) ;
#4728 = AXIS2_PLACEMENT_3D ( 'NONE', #284, #5345, #5949 ) ;
#4729 = ORIENTED_EDGE ( 'NONE', *, *, #2927, .F. ) ;
#4730 = FACE_OUTER_BOUND ( 'NONE', #998, .T. ) ;
#4731 = LINE ( 'NONE', #5325, #6393 ) ;
#4732 = EDGE_CURVE ( 'NONE', #4591, #5755, #4465, .T. ) ;
#4733 = VECTOR ( 'NONE', #715, 1000.000000000000227 ) ;
#4734 = LINE ( 'NONE', #1111, #4785 ) ;
#4735 = ORIENTED_EDGE ( 'NONE', *, *, #114, .T. ) ;
#4736 = EDGE_CURVE ( 'NONE', #5294, #6551, #938, .T. ) ;
#4737 = ORIENTED_EDGE ( 'NONE', *, *, #5503, .T. ) ;
#4738 = CARTESIAN_POINT ( 'NONE',  ( 3.121802131519984869, 1.221802131520014045, 0.08500000000000000611 ) ) ;
#4739 = DIRECTION ( 'NONE',  ( 0.000000000000000000, 0.000000000000000000, -1.000000000000000000 ) ) ;
#4740 = LINE ( 'NONE', #2926, #2837 ) ;
#4741 = EDGE_CURVE ( 'NONE', #5906, #5048, #1879, .T. ) ;
#4742 = VERTEX_POINT ( 'NONE', #6505 ) ;
#4743 = DIRECTION ( 'NONE',  ( -1.000000000000000000, 6.269494727294420222E-14, 0.000000000000000000 ) ) ;
#4744 = DIRECTION ( 'NONE',  ( -3.612929164882019808E-14, 1.000000000000000000, 0.000000000000000000 ) ) ;
#4745 = CARTESIAN_POINT ( 'NONE',  ( 2.535000000000000142, 1.221802131520008050, 0.08500000000000000611 ) ) ;
#4746 = VECTOR ( 'NONE', #3438, 1000.000000000000000 ) ;
#4747 = LINE ( 'NONE', #6277, #3476 ) ;
#4748 = VERTEX_POINT ( 'NONE', #1916 ) ;
#4749 = ORIENTED_EDGE ( 'NONE', *, *, #77, .T. ) ;
#4750 = EDGE_CURVE ( 'NONE', #4525, #152, #6603, .T. ) ;
#4751 = CARTESIAN_POINT ( 'NONE',  ( 3.675000000000179678, 0.4000000000000270006, 0.01000000000000000021 ) ) ;
#4752 = EDGE_LOOP ( 'NONE', ( #3649, #466, #4735, #6131 ) ) ;
#4753 = DIRECTION ( 'NONE',  ( 1.000000000000000000, -6.269494727294420222E-14, 0.000000000000000000 ) ) ;
#4754 = FACE_OUTER_BOUND ( 'NONE', #4818, .T. ) ;
#4755 = EDGE_LOOP ( 'NONE', ( #6329, #1974, #2042, #5291 ) ) ;
#4756 = CARTESIAN_POINT ( 'NONE',  ( 0.7800000000000859579, -0.2249999999999590106, 0.01000000000000000021 ) ) ;
#4757 =( LENGTH_UNIT ( ) NAMED_UNIT ( * ) SI_UNIT ( .MILLI., .METRE. ) );
#4758 = ADVANCED_FACE ( 'NONE', ( #903 ), #1379, .T. ) ;
#4759 = ORIENTED_EDGE ( 'NONE', *, *, #5683, .T. ) ;
#4760 = CARTESIAN_POINT ( 'NONE',  ( 0.5200000000002089617, 0.8899999999999649303, 0.2100000000000000200 ) ) ;
#4761 = CARTESIAN_POINT ( 'NONE',  ( 3.180000000000000160, 0.8900000000000148903, 0.2100000000000000200 ) ) ;
#4762 = PLANE ( 'NONE',  #2949 ) ;
#4763 = AXIS2_PLACEMENT_3D ( 'NONE', #4354, #1707, #2341 ) ;
#4764 = ORIENTED_EDGE ( 'NONE', *, *, #4535, .T. ) ;
#4765 = ADVANCED_FACE ( 'NONE', ( #2479 ), #1471, .F. ) ;
#4766 = ORIENTED_EDGE ( 'NONE', *, *, #1130, .T. ) ;
#4767 = EDGE_CURVE ( 'NONE', #4175, #6258, #2668, .T. ) ;
#4768 = CIRCLE ( 'NONE', #1658, 0.1200000000000000788 ) ;
#4769 = ORIENTED_EDGE ( 'NONE', *, *, #3461, .T. ) ;
#4770 = AXIS2_PLACEMENT_3D ( 'NONE', #5153, #3071, #1530 ) ;
#4771 = AXIS2_PLACEMENT_3D ( 'NONE', #408, #841, #2885 ) ;
#4772 = LINE ( 'NONE', #6236, #3089 ) ;
#4773 = VECTOR ( 'NONE', #3647, 1000.000000000000000 ) ;
#4774 = LINE ( 'NONE', #3318, #600 ) ;
#4775 = CARTESIAN_POINT ( 'NONE',  ( 0.7800000000000859579, -0.09000000000000341061, 0.1100000000000000006 ) ) ;
#4776 = CARTESIAN_POINT ( 'NONE',  ( 0.000000000000000000, 0.000000000000000000, 0.000000000000000000 ) ) ;
#4777 = EDGE_LOOP ( 'NONE', ( #5972, #3545, #4975, #6279, #6071, #2641, #6297, #5474, #5064, #1223 ) ) ;
#4778 = CARTESIAN_POINT ( 'NONE',  ( 3.110000000000355147, 0.8999999999999559464, 0.2200000000000000011 ) ) ;
#4779 = CARTESIAN_POINT ( 'NONE',  ( 2.984697959057430072, 0.4499999999999885203, 2.081668171172170239E-16 ) ) ;
#4780 = LINE ( 'NONE', #3764, #1270 ) ;
#4781 = ADVANCED_FACE ( 'NONE', ( #4722 ), #3673, .F. ) ;
#4782 = VECTOR ( 'NONE', #1020, 1000.000000000000000 ) ;
#4783 = CARTESIAN_POINT ( 'NONE',  ( 0.000000000000000000, 0.8899999999999999023, 0.2100000000000000200 ) ) ;
#4784 = ORIENTED_EDGE ( 'NONE', *, *, #5538, .T. ) ;
#4785 = VECTOR ( 'NONE', #2551, 1000.000000000000000 ) ;
#4786 = ORIENTED_EDGE ( 'NONE', *, *, #2029, .F. ) ;
#4787 = DIRECTION ( 'NONE',  ( -0.1710878697459605191, 0.1710878697459899955, -0.9702875252478351253 ) ) ;
#4788 = ORIENTED_EDGE ( 'NONE', *, *, #4732, .F. ) ;
#4789 = DIRECTION ( 'NONE',  ( 0.000000000000000000, 0.000000000000000000, 1.000000000000000000 ) ) ;
#4790 = CARTESIAN_POINT ( 'NONE',  ( 0.4843999879491783789, 1.315600012050847090, 0.2100000000000000200 ) ) ;
#4791 = ORIENTED_EDGE ( 'NONE', *, *, #5816, .T. ) ;
#4792 = CARTESIAN_POINT ( 'NONE',  ( 3.700000000000275069, 0.009999999999998008746, 0.05500000000000000028 ) ) ;
#4793 = ORIENTED_EDGE ( 'NONE', *, *, #2402, .T. ) ;
#4794 = COLOUR_RGB ( '',0.5372549019607842924, 0.3490196078431372362, 0.3372549019607843368 ) ;
#4795 = LINE ( 'NONE', #3749, #6291 ) ;
#4796 = DIRECTION ( 'NONE',  ( 0.000000000000000000, 0.9848077530122060219, -0.1736481776669415722 ) ) ;
#4797 = ORIENTED_EDGE ( 'NONE', *, *, #3537, .T. ) ;
#4798 = VECTOR ( 'NONE', #714, 1000.000000000000000 ) ;
#4799 = VECTOR ( 'NONE', #4482, 1000.000000000000000 ) ;
#4800 = LINE ( 'NONE', #4864, #5517 ) ;
#4801 = VECTOR ( 'NONE', #5911, 1000.000000000000000 ) ;
#4802 = ORIENTED_EDGE ( 'NONE', *, *, #1696, .F. ) ;
#4803 = ORIENTED_EDGE ( 'NONE', *, *, #1388, .F. ) ;
#4804 = CIRCLE ( 'NONE', #1921, 0.1199999999999921685 ) ;
#4805 = ORIENTED_EDGE ( 'NONE', *, *, #1388, .T. ) ;
#4806 = AXIS2_PLACEMENT_3D ( 'NONE', #5338, #3151, #5777 ) ;
#4807 = CARTESIAN_POINT ( 'NONE',  ( 3.700000000000275069, 0.000000000000000000, 0.2200000000000000011 ) ) ;
#4808 = DIRECTION ( 'NONE',  ( -0.1710878697459680964, -0.1710878697459980724, -0.9702875252478323498 ) ) ;
#4809 = DIRECTION ( 'NONE',  ( 0.000000000000000000, 1.000000000000000000, 0.000000000000000000 ) ) ;
#4810 = CIRCLE ( 'NONE', #2557, 0.07499999999999991396 ) ;
#4811 = EDGE_CURVE ( 'NONE', #2898, #1983, #4682, .T. ) ;
#4812 = ORIENTED_EDGE ( 'NONE', *, *, #3111, .F. ) ;
#4813 = CARTESIAN_POINT ( 'NONE',  ( 3.198500007531761558, 1.298500007531833589, 0.2100000000000000200 ) ) ;
#4814 = DIRECTION ( 'NONE',  ( -1.000000000000000000, -3.612929164882019808E-14, 0.000000000000000000 ) ) ;
#4815 = SURFACE_SIDE_STYLE ('',( #3161 ) ) ;
#4816 = EDGE_CURVE ( 'NONE', #2504, #4645, #4273, .T. ) ;
#4817 = CARTESIAN_POINT ( 'NONE',  ( 1.150000000000090061, 1.125879157762802008, 0.7900000000000000355 ) ) ;
#4818 = EDGE_LOOP ( 'NONE', ( #2139, #4935, #3517, #5580, #1832 ) ) ;
#4819 = EDGE_LOOP ( 'NONE', ( #756, #977, #5789, #5921 ) ) ;
#4820 = ADVANCED_FACE ( 'NONE', ( #2012 ), #3575, .T. ) ;
#4821 = PRESENTATION_STYLE_ASSIGNMENT (( #2769 ) ) ;
#4822 = VERTEX_POINT ( 'NONE', #3170 ) ;
#4823 = DIRECTION ( 'NONE',  ( -0.8073211720375079725, 1.976410210259925492E-16, 0.5901122987872601255 ) ) ;
#4824 = PLANE ( 'NONE',  #4507 ) ;
#4825 = VERTEX_POINT ( 'NONE', #6126 ) ;
#4826 = VECTOR ( 'NONE', #4125, 1000.000000000000000 ) ;
#4827 = DIRECTION ( 'NONE',  ( 0.000000000000000000, 0.000000000000000000, -1.000000000000000000 ) ) ;
#4828 = ORIENTED_EDGE ( 'NONE', *, *, #2887, .T. ) ;
#4829 = CARTESIAN_POINT ( 'NONE',  ( 3.250000000000000000, -0.3318230696385315315, 0.2100000000000000200 ) ) ;
#4830 = DIRECTION ( 'NONE',  ( -1.000000000000000000, -4.263625043298273300E-13, 0.000000000000000000 ) ) ;
#4831 = VERTEX_POINT ( 'NONE', #3044 ) ;
#4832 = CARTESIAN_POINT ( 'NONE',  ( 3.220000000000255103, 1.319999999999985851, 0.2100000000000000200 ) ) ;
#4833 = ORIENTED_EDGE ( 'NONE', *, *, #6537, .F. ) ;
#4834 = ORIENTED_EDGE ( 'NONE', *, *, #1275, .F. ) ;
#4835 = ORIENTED_EDGE ( 'NONE', *, *, #3724, .F. ) ;
#4836 = EDGE_CURVE ( 'NONE', #1233, #2423, #3729, .T. ) ;
#4837 = EDGE_LOOP ( 'NONE', ( #2216, #2747, #3723, #4506, #6292, #3354, #4385, #5036, #3818, #3436, #2919, #4083, #1182, #5154, #4619, #2512, #3882, #6007, #856, #1400, #1955, #2431, #2598, #1746, #1645, #624 ) ) ;
#4838 = DIRECTION ( 'NONE',  ( -1.000000000000000000, -7.779664990074231587E-15, 0.000000000000000000 ) ) ;
#4839 = CARTESIAN_POINT ( 'NONE',  ( 0.1499999999999204192, 0.5000000000000639488, 0.01000000000000000021 ) ) ;
#4840 = DIRECTION ( 'NONE',  ( 0.000000000000000000, 0.000000000000000000, 1.000000000000000000 ) ) ;
#4841 = VERTEX_POINT ( 'NONE', #2142 ) ;
#4842 = ADVANCED_FACE ( 'NONE', ( #4151 ), #499, .T. ) ;
#4843 = LINE ( 'NONE', #5981, #2229 ) ;
#4844 = DIRECTION ( 'NONE',  ( -0.6860968888036230728, 0.6860968888032924484, 0.2419547857522797996 ) ) ;
#4845 = CARTESIAN_POINT ( 'NONE',  ( 0.02499999999992040187, 0.6250000000000071054, 0.01000000000000000021 ) ) ;
#4846 = EDGE_CURVE ( 'NONE', #179, #3381, #3609, .T. ) ;
#4847 = DIRECTION ( 'NONE',  ( 0.000000000000000000, 0.000000000000000000, -1.000000000000000000 ) ) ;
#4848 = EDGE_LOOP ( 'NONE', ( #3627, #4599, #351, #3280 ) ) ;
#4849 = ORIENTED_EDGE ( 'NONE', *, *, #1984, .F. ) ;
#4850 = CARTESIAN_POINT ( 'NONE',  ( 0.6800000000000639977, 0.8899999999999999023, 0.01000000000000020144 ) ) ;
#4851 = ADVANCED_FACE ( 'NONE', ( #5157 ), #625, .T. ) ;
#4852 = CARTESIAN_POINT ( 'NONE',  ( 3.163895888125638045, 1.350000000000011413, 0.2100000000000000200 ) ) ;
#4853 = CARTESIAN_POINT ( 'NONE',  ( 0.5781978684800610502, 0.8849999999999840217, 0.08500000000000000611 ) ) ;
#4854 = CARTESIAN_POINT ( 'NONE',  ( 0.7800000000000859579, -0.08999999999996789735, 0.01000000000000000021 ) ) ;
#4855 = ORIENTED_EDGE ( 'NONE', *, *, #1757, .F. ) ;
#4856 = ADVANCED_FACE ( 'NONE', ( #3546 ), #6, .T. ) ;
#4857 = SPHERICAL_SURFACE ( 'NONE', #1881, 0.07499999999999711064 ) ;
#4858 = FACE_OUTER_BOUND ( 'NONE', #4752, .T. ) ;
#4859 = ORIENTED_EDGE ( 'NONE', *, *, #4462, .F. ) ;
#4860 = CARTESIAN_POINT ( 'NONE',  ( 3.096692633617286194, -0.2258791577628072589, 0.8868785406445104380 ) ) ;
#4861 = DIRECTION ( 'NONE',  ( 0.8073211720377644340, 3.053113317719177528E-16, 0.5901122987869090730 ) ) ;
#4862 = ORIENTED_EDGE ( 'NONE', *, *, #5872, .F. ) ;
#4863 = EDGE_CURVE ( 'NONE', #4175, #1033, #737, .T. ) ;
#4864 = CARTESIAN_POINT ( 'NONE',  ( 3.220000000000255103, 0.8849999999999840217, 0.2100000000000000200 ) ) ;
#4865 = ORIENTED_EDGE ( 'NONE', *, *, #5407, .F. ) ;
#4866 = ORIENTED_EDGE ( 'NONE', *, *, #4268, .F. ) ;
#4867 = ORIENTED_EDGE ( 'NONE', *, *, #879, .F. ) ;
#4868 = ORIENTED_EDGE ( 'NONE', *, *, #849, .T. ) ;
#4869 = DIRECTION ( 'NONE',  ( 0.000000000000000000, -1.000000000000000000, 0.000000000000000000 ) ) ;
#4870 = DIRECTION ( 'NONE',  ( -1.000000000000000000, -1.235047692136172952E-13, 0.000000000000000000 ) ) ;
#4871 = CARTESIAN_POINT ( 'NONE',  ( 3.195662712995900101, 1.221802131520014045, 0.07197638667497660570 ) ) ;
#4872 = EDGE_LOOP ( 'NONE', ( #2011, #5393, #3995, #341, #1213 ) ) ;
#4873 = AXIS2_PLACEMENT_3D ( 'NONE', #2187, #5744, #6271 ) ;
#4874 = DIRECTION ( 'NONE',  ( -3.679090530789004612E-14, -1.000000000000000000, 3.087123507454659549E-14 ) ) ;
#4875 = AXIS2_PLACEMENT_3D ( 'NONE', #2517, #6104, #6548 ) ;
#4876 = FACE_OUTER_BOUND ( 'NONE', #2815, .T. ) ;
#4877 = DIRECTION ( 'NONE',  ( 1.000000000000000000, 4.250072516142207524E-13, 0.000000000000000000 ) ) ;
#4878 = VECTOR ( 'NONE', #2511, 1000.000000000000000 ) ;
#4879 = CARTESIAN_POINT ( 'NONE',  ( 0.4843999879491229232, -0.4156000120508549500, 0.2100000000000000200 ) ) ;
#4880 = EDGE_CURVE ( 'NONE', #5818, #5279, #592, .T. ) ;
#4881 = DIRECTION ( 'NONE',  ( 0.000000000000000000, 0.000000000000000000, -1.000000000000000000 ) ) ;
#4882 = EDGE_LOOP ( 'NONE', ( #1512, #4387, #2854, #5931 ) ) ;
#4883 = ORIENTED_EDGE ( 'NONE', *, *, #5833, .T. ) ;
#4884 = AXIS2_PLACEMENT_3D ( 'NONE', #4428, #3918, #6432 ) ;
#4885 = CARTESIAN_POINT ( 'NONE',  ( 3.174292841153715905, 1.274292841153797928, 0.07271433741585049682 ) ) ;
#4886 = DIRECTION ( 'NONE',  ( 0.000000000000000000, 0.000000000000000000, 1.000000000000000000 ) ) ;
#4887 = CARTESIAN_POINT ( 'NONE',  ( 3.121802131519984869, 1.221802131520014045, 0.08500000000000959566 ) ) ;
#4888 = ORIENTED_EDGE ( 'NONE', *, *, #142, .F. ) ;
#4889 = VECTOR ( 'NONE', #2157, 1000.000000000000227 ) ;
#4890 = CARTESIAN_POINT ( 'NONE',  ( 3.700000000000045475, 0.2750000000000055178, 0.2100000000000000200 ) ) ;
#4891 = SHAPE_REPRESENTATION_RELATIONSHIP ( 'NONE' , 'NONE' ,  #3417, #5581 ) ;
#4892 = EDGE_CURVE ( 'NONE', #5373, #4906, #2075, .T. ) ;
#4893 = CARTESIAN_POINT ( 'NONE',  ( 3.700000000000275069, 0.6250000000000210942, 0.01000000000000000021 ) ) ;
#4894 = ORIENTED_EDGE ( 'NONE', *, *, #2711, .F. ) ;
#4895 = LINE ( 'NONE', #303, #4267 ) ;
#4896 = LINE ( 'NONE', #3477, #5094 ) ;
#4897 = EDGE_LOOP ( 'NONE', ( #3972, #2236, #6053, #5523 ) ) ;
#4898 = EDGE_CURVE ( 'NONE', #565, #1952, #1792, .T. ) ;
#4899 = DIRECTION ( 'NONE',  ( -1.000000000000000000, -1.291895883200154187E-14, 0.000000000000000000 ) ) ;
#4900 = EDGE_LOOP ( 'NONE', ( #3491, #1068, #3275, #902 ) ) ;
#4901 = VERTEX_POINT ( 'NONE', #2635 ) ;
#4902 = ORIENTED_EDGE ( 'NONE', *, *, #916, .T. ) ;
#4903 = EDGE_CURVE ( 'NONE', #991, #1358, #5237, .T. ) ;
#4904 = AXIS2_PLACEMENT_3D ( 'NONE', #5902, #1677, #3717 ) ;
#4906 = VERTEX_POINT ( 'NONE', #1804 ) ;
#4905 = EDGE_CURVE ( 'NONE', #5422, #5279, #3334, .T. ) ;
#4907 = CIRCLE ( 'NONE', #4587, 0.1200000000000067957 ) ;
#4908 = AXIS2_PLACEMENT_3D ( 'NONE', #5659, #3107, #2106 ) ;
#4909 = CARTESIAN_POINT ( 'NONE',  ( 0.6800000000001210632, 0.01000000000001221960, 0.1100000000000000006 ) ) ;
#4910 = CARTESIAN_POINT ( 'NONE',  ( 0.5233656226273254441, -0.3766343773726455457, 0.4309850955404468942 ) ) ;
#4911 = DIRECTION ( 'NONE',  ( 0.000000000000000000, 0.000000000000000000, -1.000000000000000000 ) ) ;
#4912 = EDGE_LOOP ( 'NONE', ( #6091, #996, #2249, #6120 ) ) ;
#4913 = VECTOR ( 'NONE', #3098, 1000.000000000000000 ) ;
#4914 = LINE ( 'NONE', #4479, #3513 ) ;
#4915 = AXIS2_PLACEMENT_3D ( 'NONE', #2418, #316, #3862 ) ;
#4916 = CARTESIAN_POINT ( 'NONE',  ( 3.025879157762799920, 1.125879157762802008, 0.7900000000000000355 ) ) ;
#4917 = FACE_OUTER_BOUND ( 'NONE', #3333, .T. ) ;
#4918 = VECTOR ( 'NONE', #107, 1000.000000000000000 ) ;
#4919 = CARTESIAN_POINT ( 'NONE',  ( 0.2996899537054105167, 0.4499999999999599876, 0.2200000000000000011 ) ) ;
#4920 = CARTESIAN_POINT ( 'NONE',  ( 0.7800000000000859579, 1.124999999999913847, 0.1100000000000000006 ) ) ;
#4921 = EDGE_LOOP ( 'NONE', ( #1619, #2878, #4553, #5853, #2057, #1199, #2417, #4805, #461, #145, #4399, #5855, #2886, #5192, #2792, #5821, #1468, #494, #4319, #5441, #2712, #5513 ) ) ;
#4922 = ORIENTED_EDGE ( 'NONE', *, *, #1334, .F. ) ;
#4923 = FILL_AREA_STYLE ('',( #359 ) ) ;
#4924 = ORIENTED_EDGE ( 'NONE', *, *, #632, .F. ) ;
#4925 = FACE_OUTER_BOUND ( 'NONE', #5155, .T. ) ;
#4926 = ADVANCED_FACE ( 'NONE', ( #5353 ), #1732, .T. ) ;
#4927 = DIRECTION ( 'NONE',  ( 0.8073211720377132528, -4.065758146820739742E-16, 0.5901122987869790171 ) ) ;
#4928 = EDGE_LOOP ( 'NONE', ( #3021, #2708, #652, #3782 ) ) ;
#4929 = CARTESIAN_POINT ( 'NONE',  ( 0.6741208422372440001, 1.125879157762802008, 0.7900000000000000355 ) ) ;
#4930 = CYLINDRICAL_SURFACE ( 'NONE', #395, 0.1000000000000654254 ) ;
#4931 = ORIENTED_EDGE ( 'NONE', *, *, #5945, .T. ) ;
#4932 = PRODUCT ( 'SOD123HP-2_mold-body', 'SOD123HP-2_mold-body', '', ( #118 ) ) ;
#4933 = FACE_BOUND ( 'NONE', #3569, .T. ) ;
#4934 = CARTESIAN_POINT ( 'NONE',  ( 0.6800000000001210632, 0.01000000000001221960, 0.01000000000000000021 ) ) ;
#4935 = ORIENTED_EDGE ( 'NONE', *, *, #5101, .T. ) ;
#4936 = EDGE_CURVE ( 'NONE', #6617, #5944, #6193, .T. ) ;
#4937 = CYLINDRICAL_SURFACE ( 'NONE', #2615, 0.07500000000000002498 ) ;
#4938 = ORIENTED_EDGE ( 'NONE', *, *, #2759, .F. ) ;
#4939 = ORIENTED_EDGE ( 'NONE', *, *, #1075, .F. ) ;
#4940 = EDGE_CURVE ( 'NONE', #2677, #2928, #4280, .T. ) ;
#4941 = ORIENTED_EDGE ( 'NONE', *, *, #4066, .T. ) ;
#4942 = CARTESIAN_POINT ( 'NONE',  ( 0.5200000000002089617, 0.8899999999999649303, 0.2100000000000000200 ) ) ;
#4943 = EDGE_CURVE ( 'NONE', #5431, #5774, #2732, .T. ) ;
#4944 = DIRECTION ( 'NONE',  ( 0.000000000000000000, 0.000000000000000000, 1.000000000000000000 ) ) ;
#4945 = CARTESIAN_POINT ( 'NONE',  ( 0.000000000000000000, 0.009999999999998008746, 0.1100000000000000006 ) ) ;
#4946 = VERTEX_POINT ( 'NONE', #6387 ) ;
#4947 = VECTOR ( 'NONE', #1254, 1000.000000000000000 ) ;
#4948 = PLANE ( 'NONE',  #4060 ) ;
#4949 = DIRECTION ( 'NONE',  ( -0.8073211720376294309, 2.823443157514179362E-17, -0.5901122987870938141 ) ) ;
#4950 = DIRECTION ( 'NONE',  ( 1.000000000000000000, 0.000000000000000000, 0.000000000000000000 ) ) ;
#4951 = DIRECTION ( 'NONE',  ( 1.000000000000000000, 4.973777466273291383E-13, 0.000000000000000000 ) ) ;
#4952 = ADVANCED_FACE ( 'NONE', ( #6322 ), #1668, .F. ) ;
#4953 = CARTESIAN_POINT ( 'NONE',  ( 0.5781978684800039847, 1.221802131519994061, 0.08499999999999791056 ) ) ;
#4954 = ORIENTED_EDGE ( 'NONE', *, *, #2888, .T. ) ;
#4955 = DIRECTION ( 'NONE',  ( 1.000000000000000000, -1.136868377215902005E-12, 0.000000000000000000 ) ) ;
#4956 = ORIENTED_EDGE ( 'NONE', *, *, #4607, .T. ) ;
#4957 = DIRECTION ( 'NONE',  ( -1.000000000000000000, 0.000000000000000000, 0.000000000000000000 ) ) ;
#4958 = DIRECTION ( 'NONE',  ( 1.000000000000000000, -8.881784197002391439E-15, 0.000000000000000000 ) ) ;
#4959 = ORIENTED_EDGE ( 'NONE', *, *, #1876, .T. ) ;
#4960 = DIRECTION ( 'NONE',  ( -1.000000000000000000, -2.842170943049450051E-13, 0.000000000000000000 ) ) ;
#4961 = PRESENTATION_STYLE_ASSIGNMENT (( #3598 ) ) ;
#4962 = DIRECTION ( 'NONE',  ( -1.000000000000000000, 0.000000000000000000, 0.000000000000000000 ) ) ;
#4963 = ORIENTED_EDGE ( 'NONE', *, *, #4059, .F. ) ;
#4964 = DIRECTION ( 'NONE',  ( -1.000000000000000000, -7.894919286215560105E-14, 0.000000000000000000 ) ) ;
#4965 = CARTESIAN_POINT ( 'NONE',  ( 0.1399999999999294031, 0.5000000000000210942, 0.2200000000000000011 ) ) ;
#4966 = VERTEX_POINT ( 'NONE', #3771 ) ;
#4967 = EDGE_CURVE ( 'NONE', #1193, #5082, #5758, .T. ) ;
#4968 = CARTESIAN_POINT ( 'NONE',  ( 0.5014999924681919907, 1.298500007531821376, 0.2100000000000000200 ) ) ;
#4969 = ORIENTED_EDGE ( 'NONE', *, *, #5844, .T. ) ;
#4970 = ORIENTED_EDGE ( 'NONE', *, *, #1011, .F. ) ;
#4971 = CYLINDRICAL_SURFACE ( 'NONE', #4657, 0.07499999999999991396 ) ;
#4972 = EDGE_CURVE ( 'NONE', #5355, #367, #2833, .T. ) ;
#4973 = DIRECTION ( 'NONE',  ( 1.000000000000000000, -3.612929164882019808E-14, 0.000000000000000000 ) ) ;
#4974 = CARTESIAN_POINT ( 'NONE',  ( 2.850000000000080025, 0.8399999999999819833, 0.01000000000000000021 ) ) ;
#4975 = ORIENTED_EDGE ( 'NONE', *, *, #3454, .T. ) ;
#4976 = EDGE_CURVE ( 'NONE', #722, #3701, #5385, .T. ) ;
#4977 = CARTESIAN_POINT ( 'NONE',  ( 2.850000000000080025, 0.8399999999999819833, 0.01000000000000020144 ) ) ;
#4978 = DIRECTION ( 'NONE',  ( 1.000000000000000000, 2.145034673992864864E-13, 0.000000000000000000 ) ) ;
#4979 = CARTESIAN_POINT ( 'NONE',  ( 0.5043372870040910838, 0.8849999999999840217, 0.07197638667496689124 ) ) ;
#4980 = CARTESIAN_POINT ( 'NONE',  ( 3.237944536565314113, -0.3932554875364102087, 0.2100000000000000200 ) ) ;
#4981 = CARTESIAN_POINT ( 'NONE',  ( 2.900000000000090061, 0.01000000000001932156, 2.081668171172170239E-16 ) ) ;
#4982 = CIRCLE ( 'NONE', #5403, 0.05000000000001141032 ) ;
#4983 = EDGE_LOOP ( 'NONE', ( #2482, #3261, #5890, #5236, #2583 ) ) ;
#4984 = CARTESIAN_POINT ( 'NONE',  ( 3.675000000000124611, 0.2750000000000055178, 0.2100000000000000200 ) ) ;
#4985 = EDGE_CURVE ( 'NONE', #3234, #3861, #3803, .T. ) ;
#4986 = CARTESIAN_POINT ( 'NONE',  ( 3.110000000000129994, -2.842170943040399481E-14, 0.000000000000000000 ) ) ;
#4987 = DIRECTION ( 'NONE',  ( 1.000000000000000000, -2.844946500603256609E-13, 0.000000000000000000 ) ) ;
#4988 = AXIS2_PLACEMENT_3D ( 'NONE', #1008, #4598, #66 ) ;
#4989 = ORIENTED_EDGE ( 'NONE', *, *, #3820, .T. ) ;
#4990 = AXIS2_PLACEMENT_3D ( 'NONE', #1336, #5427, #834 ) ;
#4991 = DIRECTION ( 'NONE',  ( -1.000000000000000000, -4.263625043298273300E-13, 0.000000000000000000 ) ) ;
#4992 =( NAMED_UNIT ( * ) PLANE_ANGLE_UNIT ( ) SI_UNIT ( $, .RADIAN. ) );
#4993 = CARTESIAN_POINT ( 'NONE',  ( 2.480000000000245119, 0.8999999999999199751, 0.2100000000000000200 ) ) ;
#4994 = ORIENTED_EDGE ( 'NONE', *, *, #2383, .F. ) ;
#4995 = CARTESIAN_POINT ( 'NONE',  ( 2.250000000000169642, 1.074999999999999956, 0.06000000000000140638 ) ) ;
#4996 = LINE ( 'NONE', #3342, #2328 ) ;
#4997 = ORIENTED_EDGE ( 'NONE', *, *, #4087, .T. ) ;
#4998 = VECTOR ( 'NONE', #1996, 1000.000000000000000 ) ;
#4999 = CIRCLE ( 'NONE', #3706, 0.1249999999999858030 ) ;
#5000 = CARTESIAN_POINT ( 'NONE',  ( 3.220000000000000195, -0.4199999999999945444, 0.2100000000000000200 ) ) ;
#5001 = VECTOR ( 'NONE', #3930, 1000.000000000000000 ) ;
#5002 = ORIENTED_EDGE ( 'NONE', *, *, #5269, .T. ) ;
#5003 = EDGE_CURVE ( 'NONE', #5323, #4540, #1262, .T. ) ;
#5004 = DIRECTION ( 'NONE',  ( -0.1736481776670135424, 1.088686334287624500E-14, 0.9848077530121932543 ) ) ;
#5005 = CARTESIAN_POINT ( 'NONE',  ( 0.5900000000000320544, 0.2249999999999445222, 0.01000000000000000021 ) ) ;
#5006 = LINE ( 'NONE', #3429, #4230 ) ;
#5007 = VERTEX_POINT ( 'NONE', #5283 ) ;
#5008 = LINE ( 'NONE', #6260, #5980 ) ;
#5009 = FACE_OUTER_BOUND ( 'NONE', #5533, .T. ) ;
#5010 = CYLINDRICAL_SURFACE ( 'NONE', #3823, 0.1000000000000796224 ) ;
#5011 = EDGE_CURVE ( 'NONE', #152, #1358, #5253, .T. ) ;
#5012 = DIRECTION ( 'NONE',  ( 0.000000000000000000, 0.000000000000000000, 1.000000000000000000 ) ) ;
#5014 = CARTESIAN_POINT ( 'NONE',  ( 2.850000000000080025, 0.8399999999999819833, 2.081668171172170239E-16 ) ) ;
#5013 = AXIS2_PLACEMENT_3D ( 'NONE', #828, #2873, #3945 ) ;
#5015 = VECTOR ( 'NONE', #1517, 1000.000000000000000 ) ;
#5016 = ORIENTED_EDGE ( 'NONE', *, *, #3785, .F. ) ;
#5017 = VECTOR ( 'NONE', #44, 1000.000000000000000 ) ;
#5018 = DIRECTION ( 'NONE',  ( 0.1710878697460404552, 0.1710878697460719577, -0.9702875252478067036 ) ) ;
#5019 = CARTESIAN_POINT ( 'NONE',  ( 0.4341547007479105158, 0.8999999999999630518, 0.1201368424251358091 ) ) ;
#5020 = ADVANCED_FACE ( 'NONE', ( #1227 ), #3300, .F. ) ;
#5021 = CARTESIAN_POINT ( 'NONE',  ( 3.020000000000210072, 0.009999999999998008746, 0.01000000000000000021 ) ) ;
#5022 = VECTOR ( 'NONE', #5031, 1000.000000000000000 ) ;
#5023 = EDGE_LOOP ( 'NONE', ( #2905, #4115, #2590, #4512 ) ) ;
#5024 = STYLED_ITEM ( 'NONE', ( #5815 ), #1544 ) ;
#5025 = DIRECTION ( 'NONE',  ( 0.000000000000000000, 0.000000000000000000, 1.000000000000000000 ) ) ;
#5026 = EDGE_CURVE ( 'NONE', #6415, #24, #855, .T. ) ;
#5027 = ORIENTED_EDGE ( 'NONE', *, *, #4488, .T. ) ;
#5028 = CIRCLE ( 'NONE', #2135, 0.07500000000000002498 ) ;
#5029 = DIRECTION ( 'NONE',  ( 0.000000000000000000, 0.000000000000000000, 1.000000000000000000 ) ) ;
#5030 = VERTEX_POINT ( 'NONE', #6251 ) ;
#5031 = DIRECTION ( 'NONE',  ( 0.000000000000000000, 1.000000000000000000, 0.000000000000000000 ) ) ;
#5032 = CARTESIAN_POINT ( 'NONE',  ( 2.850000000000080025, 0.8399999999999819833, 0.01000000000000000021 ) ) ;
#5033 = VERTEX_POINT ( 'NONE', #3262 ) ;
#5034 = CARTESIAN_POINT ( 'NONE',  ( 2.900000000000090061, 0.01000000000001932156, 0.06000000000000130229 ) ) ;
#5035 = AXIS2_PLACEMENT_3D ( 'NONE', #6533, #1872, #5959 ) ;
#5036 = ORIENTED_EDGE ( 'NONE', *, *, #225, .T. ) ;
#5037 = VECTOR ( 'NONE', #5424, 1000.000000000000000 ) ;
#5038 = MECHANICAL_DESIGN_GEOMETRIC_PRESENTATION_REPRESENTATION (  '', ( #2785 ), #1287 ) ;
#5039 = LINE ( 'NONE', #6613, #2411 ) ;
#5040 = PLANE ( 'NONE',  #6063 ) ;
#5041 = DIRECTION ( 'NONE',  ( -1.000000000000000000, 0.000000000000000000, 0.000000000000000000 ) ) ;
#5042 = ADVANCED_FACE ( 'NONE', ( #761 ), #3203, .F. ) ;
#5043 = ORIENTED_EDGE ( 'NONE', *, *, #1288, .T. ) ;
#5044 = DIRECTION ( 'NONE',  ( 0.1710878697460030406, -0.1710878697460325448, 0.9702875252478202484 ) ) ;
#5045 = CARTESIAN_POINT ( 'NONE',  ( 0.5900000000000320544, 0.2249999999999445222, 0.01000000000000000021 ) ) ;
#5046 = DIRECTION ( 'NONE',  ( 1.000000000000000000, 6.315935428978830158E-14, 0.000000000000000000 ) ) ;
#5047 = EDGE_CURVE ( 'NONE', #2812, #4286, #3742, .T. ) ;
#5048 = VERTEX_POINT ( 'NONE', #293 ) ;
#5049 = LINE ( 'NONE', #4139, #4261 ) ;
#5050 = CARTESIAN_POINT ( 'NONE',  ( 2.984697959057430072, 0.4499999999999885203, 0.01000000000000020144 ) ) ;
#5051 = CARTESIAN_POINT ( 'NONE',  ( 3.121802131519984869, 0.01000000000001221960, 0.08500000000000000611 ) ) ;
#5052 = LINE ( 'NONE', #1597, #5877 ) ;
#5053 = VERTEX_POINT ( 'NONE', #5459 ) ;
#5054 = VECTOR ( 'NONE', #3664, 1000.000000000000000 ) ;
#5055 = VERTEX_POINT ( 'NONE', #897 ) ;
#5056 = ADVANCED_FACE ( 'NONE', ( #4925 ), #1333, .T. ) ;
#5057 = VERTEX_POINT ( 'NONE', #4389 ) ;
#5058 = DIRECTION ( 'NONE',  ( -5.224578939412010120E-14, 1.000000000000000000, 0.000000000000000000 ) ) ;
#5059 = ORIENTED_EDGE ( 'NONE', *, *, #6103, .T. ) ;
#5060 = PLANE ( 'NONE',  #96 ) ;
#5061 = APPLICATION_CONTEXT ( 'automotive_design' ) ;
#5062 = EDGE_CURVE ( 'NONE', #875, #6059, #1708, .T. ) ;
#5063 = DIRECTION ( 'NONE',  ( 0.000000000000000000, -0.6427876096865180466, -0.7660444431189957770 ) ) ;
#5064 = ORIENTED_EDGE ( 'NONE', *, *, #3692, .T. ) ;
#5065 = CARTESIAN_POINT ( 'NONE',  ( 0.7800000000000859579, 1.124999999999949818, 0.01000000000000020144 ) ) ;
#5066 = EDGE_LOOP ( 'NONE', ( #5839, #4499, #5704, #1538 ) ) ;
#5067 = CARTESIAN_POINT ( 'NONE',  ( 3.121802131519984869, -0.3218021315200160215, 0.08499999999999681422 ) ) ;
#5068 = EDGE_CURVE ( 'NONE', #3748, #3553, #3180, .T. ) ;
#5069 = EDGE_CURVE ( 'NONE', #3670, #3388, #533, .T. ) ;
#5070 = CARTESIAN_POINT ( 'NONE',  ( 0.7800000000000300027, 0.9899999999999659073, 0.01000000000000000021 ) ) ;
#5071 = DIRECTION ( 'NONE',  ( 1.000000000000000000, 4.973777466273291383E-13, 0.000000000000000000 ) ) ;
#5072 = LINE ( 'NONE', #2609, #5654 ) ;
#5073 = ORIENTED_EDGE ( 'NONE', *, *, #5472, .T. ) ;
#5074 = DIRECTION ( 'NONE',  ( 0.000000000000000000, 0.000000000000000000, 1.000000000000000000 ) ) ;
#5075 = DIRECTION ( 'NONE',  ( 0.000000000000000000, 1.000000000000000000, 0.000000000000000000 ) ) ;
#5076 = DIRECTION ( 'NONE',  ( 0.000000000000000000, 1.000000000000000000, 0.000000000000000000 ) ) ;
#5077 = ORIENTED_EDGE ( 'NONE', *, *, #2556, .F. ) ;
#5078 = CARTESIAN_POINT ( 'NONE',  ( 0.000000000000000000, 0.000000000000000000, 0.000000000000000000 ) ) ;
#5079 = CARTESIAN_POINT ( 'NONE',  ( 0.7800000000000859579, 1.124999999999949818, 0.06000000000000140638 ) ) ;
#5080 = DIRECTION ( 'NONE',  ( 4.547473508864640180E-14, 1.000000000000000000, 0.000000000000000000 ) ) ;
#5081 = CARTESIAN_POINT ( 'NONE',  ( 0.4500000000000460298, -2.131628207280299927E-14, 0.2100000000000000200 ) ) ;
#5082 = VERTEX_POINT ( 'NONE', #865 ) ;
#5083 = VECTOR ( 'NONE', #3985, 1000.000000000000000 ) ;
#5084 = CARTESIAN_POINT ( 'NONE',  ( 1.471831676046009951, 0.3234243929245865234, 0.06000000000000140638 ) ) ;
#5085 = VERTEX_POINT ( 'NONE', #1942 ) ;
#5086 = ORIENTED_EDGE ( 'NONE', *, *, #3815, .T. ) ;
#5087 = DIRECTION ( 'NONE',  ( -0.6427876096867575217, 0.000000000000000000, -0.7660444431187950487 ) ) ;
#5088 = ORIENTED_EDGE ( 'NONE', *, *, #3506, .T. ) ;
#5089 = DIRECTION ( 'NONE',  ( -2.145034673992349895E-13, 1.000000000000000000, 0.000000000000000000 ) ) ;
#5090 = CIRCLE ( 'NONE', #4588, 0.07499999999999999722 ) ;
#5091 = DIRECTION ( 'NONE',  ( 1.000000000000000000, 4.973777466273291383E-13, 0.000000000000000000 ) ) ;
#5092 = AXIS2_PLACEMENT_3D ( 'NONE', #5084, #1127, #5690 ) ;
#5093 = ORIENTED_EDGE ( 'NONE', *, *, #6411, .T. ) ;
#5094 = VECTOR ( 'NONE', #340, 1000.000000000000000 ) ;
#5095 = CIRCLE ( 'NONE', #4461, 0.1199999999999999956 ) ;
#5096 = ADVANCED_FACE ( 'NONE', ( #962 ), #1842, .F. ) ;
#5097 = DIRECTION ( 'NONE',  ( 0.000000000000000000, 0.000000000000000000, 1.000000000000000000 ) ) ;
#5098 = ORIENTED_EDGE ( 'NONE', *, *, #545, .T. ) ;
#5099 = AXIS2_PLACEMENT_3D ( 'NONE', #4542, #4075, #1457 ) ;
#5100 = DIRECTION ( 'NONE',  ( 0.8073211720376254341, 9.035018104046220751E-17, 0.5901122987870991432 ) ) ;
#5101 = EDGE_CURVE ( 'NONE', #438, #6422, #420, .T. ) ;
#5102 = DIRECTION ( 'NONE',  ( 0.000000000000000000, 1.000000000000000000, 0.000000000000000000 ) ) ;
#5103 = AXIS2_PLACEMENT_3D ( 'NONE', #3789, #4408, #4870 ) ;
#5104 = DIRECTION ( 'NONE',  ( 0.000000000000000000, -1.000000000000000000, 0.000000000000000000 ) ) ;
#5105 = PLANE ( 'NONE',  #2758 ) ;
#5106 = EDGE_CURVE ( 'NONE', #3388, #291, #4009, .T. ) ;
#5107 = ORIENTED_EDGE ( 'NONE', *, *, #4077, .F. ) ;
#5108 = LINE ( 'NONE', #2585, #3409 ) ;
#5109 = DIRECTION ( 'NONE',  ( 6.315935428978830158E-14, -1.000000000000000000, 0.000000000000000000 ) ) ;
#5110 = CARTESIAN_POINT ( 'NONE',  ( 0.5200000000002089617, 0.6449999999999530553, 0.2100000000000000200 ) ) ;
#5111 = EDGE_LOOP ( 'NONE', ( #3064, #4606, #243, #3656 ) ) ;
#5112 = PRESENTATION_LAYER_ASSIGNMENT (  '', '', ( #2974 ) ) ;
#5113 = DIRECTION ( 'NONE',  ( 1.000000000000000000, 0.000000000000000000, 0.000000000000000000 ) ) ;
#5114 = LINE ( 'NONE', #2563, #5491 ) ;
#5115 = CARTESIAN_POINT ( 'NONE',  ( 0.4800000000000180234, -0.3461394185240964649, 0.2100000000000000200 ) ) ;
#5116 = LINE ( 'NONE', #2565, #953 ) ;
#5117 = VERTEX_POINT ( 'NONE', #1405 ) ;
#5118 = AXIS2_PLACEMENT_3D ( 'NONE', #1627, #2225, #3223 ) ;
#5119 = AXIS2_PLACEMENT_3D ( 'NONE', #4382, #890, #5508 ) ;
#5120 = DIRECTION ( 'NONE',  ( 0.8073211720375074174, 2.220446049250312095E-16, -0.5901122987872607917 ) ) ;
#5121 = EDGE_LOOP ( 'NONE', ( #4759, #4358, #6449, #5180 ) ) ;
#5122 = VERTEX_POINT ( 'NONE', #2971 ) ;
#5123 = ADVANCED_FACE ( 'NONE', ( #3439 ), #4520, .T. ) ;
#5124 = PLANE ( 'NONE',  #302 ) ;
#5125 = VECTOR ( 'NONE', #6540, 1000.000000000000000 ) ;
#5126 = DIRECTION ( 'NONE',  ( 0.000000000000000000, -1.000000000000000000, 0.000000000000000000 ) ) ;
#5127 = DIRECTION ( 'NONE',  ( 5.681219383820326374E-13, -1.000000000000000000, 0.000000000000000000 ) ) ;
#5128 = VECTOR ( 'NONE', #6378, 1000.000000000000000 ) ;
#5129 = ORIENTED_EDGE ( 'NONE', *, *, #5914, .F. ) ;
#5130 = DIRECTION ( 'NONE',  ( -0.1710878697459680964, -0.1710878697459981002, -0.9702875252478324608 ) ) ;
#5131 = ORIENTED_EDGE ( 'NONE', *, *, #5142, .F. ) ;
#5132 = FACE_OUTER_BOUND ( 'NONE', #255, .T. ) ;
#5133 = LINE ( 'NONE', #3680, #2250 ) ;
#5134 = VECTOR ( 'NONE', #1763, 1000.000000000000000 ) ;
#5135 = EDGE_CURVE ( 'NONE', #6055, #2382, #1462, .T. ) ;
#5136 = DIRECTION ( 'NONE',  ( 0.000000000000000000, -1.000000000000000000, 0.000000000000000000 ) ) ;
#5137 = FACE_OUTER_BOUND ( 'NONE', #2523, .T. ) ;
#5138 = EDGE_CURVE ( 'NONE', #3783, #6557, #4046, .T. ) ;
#5139 = ORIENTED_EDGE ( 'NONE', *, *, #5714, .T. ) ;
#5140 = EDGE_CURVE ( 'NONE', #3141, #4085, #2938, .T. ) ;
#5141 = CIRCLE ( 'NONE', #3104, 0.07499999999999708289 ) ;
#5142 = EDGE_CURVE ( 'NONE', #2323, #3316, #1274, .T. ) ;
#5143 = DIRECTION ( 'NONE',  ( -3.157967714489339979E-14, 1.000000000000000000, 0.000000000000000000 ) ) ;
#5144 = DIRECTION ( 'NONE',  ( -0.8073211720377645451, -4.517509052022932512E-16, -0.5901122987869089620 ) ) ;
#5145 = DIRECTION ( 'NONE',  ( 0.000000000000000000, -1.000000000000000000, 0.000000000000000000 ) ) ;
#5146 = ORIENTED_EDGE ( 'NONE', *, *, #516, .F. ) ;
#5147 = CARTESIAN_POINT ( 'NONE',  ( 2.535000000000000142, 1.320000000000000062, 0.2100000000000000200 ) ) ;
#5148 = CARTESIAN_POINT ( 'NONE',  ( 2.900000000000090061, 0.8899999999999789191, 0.01000000000000000021 ) ) ;
#5149 = CARTESIAN_POINT ( 'NONE',  ( 0.5200000000002089617, 0.8899999999999649303, 0.1600000000000000033 ) ) ;
#5150 = CARTESIAN_POINT ( 'NONE',  ( 3.700000000000000178, 0.01000000000000512111, 0.01000000000000000021 ) ) ;
#5151 = VERTEX_POINT ( 'NONE', #5926 ) ;
#5152 = ADVANCED_FACE ( 'NONE', ( #5423 ), #5515, .F. ) ;
#5153 = CARTESIAN_POINT ( 'NONE',  ( 3.121802131519984869, 0.01499999999999346127, 0.08500000000000000611 ) ) ;
#5154 = ORIENTED_EDGE ( 'NONE', *, *, #4670, .T. ) ;
#5155 = EDGE_LOOP ( 'NONE', ( #5658, #2354, #4835, #1128 ) ) ;
#5156 = CARTESIAN_POINT ( 'NONE',  ( 0.7800000000000859579, 0.9900000000000160894, 0.01000000000000020144 ) ) ;
#5157 = FACE_OUTER_BOUND ( 'NONE', #3321, .T. ) ;
#5158 = CARTESIAN_POINT ( 'NONE',  ( 0.02499999999992040187, 0.6149999999999450351, 0.2200000000000000011 ) ) ;
#5159 = ORIENTED_EDGE ( 'NONE', *, *, #2580, .T. ) ;
#5160 = DIRECTION ( 'NONE',  ( 2.145034673992404926E-13, 1.000000000000000000, 0.000000000000000000 ) ) ;
#5161 = ORIENTED_EDGE ( 'NONE', *, *, #1070, .T. ) ;
#5162 = FACE_OUTER_BOUND ( 'NONE', #4095, .T. ) ;
#5163 = CARTESIAN_POINT ( 'NONE',  ( 0.5781978684800610502, 0.8849999999999840217, 0.08500000000000000611 ) ) ;
#5164 = EDGE_CURVE ( 'NONE', #3504, #594, #4810, .T. ) ;
#5165 = LINE ( 'NONE', #569, #603 ) ;
#5166 = DIRECTION ( 'NONE',  ( 1.000000000000000000, 4.250072516142207524E-13, 0.000000000000000000 ) ) ;
#5167 = ORIENTED_EDGE ( 'NONE', *, *, #6245, .F. ) ;
#5168 = ADVANCED_FACE ( 'NONE', ( #1906 ), #3947, .F. ) ;
#5169 = DIRECTION ( 'NONE',  ( 0.000000000000000000, -1.000000000000000000, 0.000000000000000000 ) ) ;
#5170 = LINE ( 'NONE', #2652, #4248 ) ;
#5171 = CARTESIAN_POINT ( 'NONE',  ( 0.000000000000000000, 0.009999999999998008746, 0.2100000000000000200 ) ) ;
#5172 = SHAPE_REPRESENTATION ( 'SOD123HP-2_3D', ( #1828, #112, #6204, #752 ), #4072 ) ;
#5173 = EDGE_CURVE ( 'NONE', #1607, #1365, #4617, .T. ) ;
#5174 = ORIENTED_EDGE ( 'NONE', *, *, #3846, .T. ) ;
#5175 = PLANE ( 'NONE',  #5867 ) ;
#5176 = DIRECTION ( 'NONE',  ( 0.000000000000000000, -0.9848077530122063550, -0.1736481776669395738 ) ) ;
#5177 = DIRECTION ( 'NONE',  ( 0.000000000000000000, -1.000000000000000000, 0.000000000000000000 ) ) ;
#5179 = FACE_OUTER_BOUND ( 'NONE', #6062, .T. ) ;
#5178 = UNCERTAINTY_MEASURE_WITH_UNIT (LENGTH_MEASURE( 1.000000000000000082E-05 ), #4105, 'distance_accuracy_value', 'NONE');
#5180 = ORIENTED_EDGE ( 'NONE', *, *, #4375, .T. ) ;
#5181 = EDGE_CURVE ( 'NONE', #3889, #5117, #5028, .T. ) ;
#5182 = CARTESIAN_POINT ( 'NONE',  ( 0.5781978684800039847, 1.221802131519994061, 0.08499999999999791056 ) ) ;
#5183 = EDGE_LOOP ( 'NONE', ( #6141, #4749, #3761, #2265 ) ) ;
#5184 = ORIENTED_EDGE ( 'NONE', *, *, #2279, .F. ) ;
#5185 = EDGE_CURVE ( 'NONE', #3966, #4721, #5881, .T. ) ;
#5186 = CARTESIAN_POINT ( 'NONE',  ( 2.200000000000160050, 1.124999999999949818, 0.06000000000000140638 ) ) ;
#5187 = ORIENTED_EDGE ( 'NONE', *, *, #5938, .F. ) ;
#5188 = CARTESIAN_POINT ( 'NONE',  ( 3.550000000000410161, 0.5000000000000639488, 0.01000000000000000021 ) ) ;
#5189 = FACE_OUTER_BOUND ( 'NONE', #2271, .T. ) ;
#5190 = ORIENTED_EDGE ( 'NONE', *, *, #5181, .F. ) ;
#5191 = VECTOR ( 'NONE', #3562, 1000.000000000000000 ) ;
#5192 = ORIENTED_EDGE ( 'NONE', *, *, #2501, .T. ) ;
#5193 = VECTOR ( 'NONE', #14, 999.9999999999998863 ) ;
#5194 = CARTESIAN_POINT ( 'NONE',  ( 0.5043372870040910838, 0.8849999999999840217, 0.07197638667496689124 ) ) ;
#5195 = CARTESIAN_POINT ( 'NONE',  ( 3.020000000000210072, 0.8899999999999649303, 0.2100000000000000200 ) ) ;
#5196 = VECTOR ( 'NONE', #4899, 1000.000000000000000 ) ;
#5197 = FACE_OUTER_BOUND ( 'NONE', #2495, .T. ) ;
#5198 = CARTESIAN_POINT ( 'NONE',  ( 0.7800000000000859579, -0.2249999999999590106, 0.01000000000000000021 ) ) ;
#5199 = ORIENTED_EDGE ( 'NONE', *, *, #5598, .F. ) ;
#5200 = VECTOR ( 'NONE', #3473, 1000.000000000000000 ) ;
#5201 = ORIENTED_EDGE ( 'NONE', *, *, #3804, .T. ) ;
#5202 = EDGE_CURVE ( 'NONE', #5922, #2700, #1558, .T. ) ;
#5203 = CIRCLE ( 'NONE', #2530, 0.1249999999999431843 ) ;
#5204 = CARTESIAN_POINT ( 'NONE',  ( 0.4252593623138525292, -2.131628207280299927E-14, 0.06968887128460550529 ) ) ;
#5205 = AXIS2_PLACEMENT_3D ( 'NONE', #5817, #3257, #3226 ) ;
#5206 = PLANE ( 'NONE',  #2625 ) ;
#5207 = DIRECTION ( 'NONE',  ( 0.000000000000000000, 0.000000000000000000, -1.000000000000000000 ) ) ;
#5208 = ITEM_DEFINED_TRANSFORMATION ( 'NONE', 'NONE', #6204,  #3969 ) ;
#5209 = ORIENTED_EDGE ( 'NONE', *, *, #3699, .F. ) ;
#5210 = CARTESIAN_POINT ( 'NONE',  ( 3.025879157762799920, 1.125879157762802008, 0.7900000000000000355 ) ) ;
#5211 = CARTESIAN_POINT ( 'NONE',  ( 3.110000000000129994, 0.2249999999999445222, 0.01000000000000000021 ) ) ;
#5212 = DIRECTION ( 'NONE',  ( 0.000000000000000000, 0.000000000000000000, 1.000000000000000000 ) ) ;
#5213 = DIRECTION ( 'NONE',  ( -1.000000000000000000, 3.612929164882019808E-14, 0.000000000000000000 ) ) ;
#5214 = EDGE_CURVE ( 'NONE', #3192, #6228, #1497, .T. ) ;
#5215 = DIRECTION ( 'NONE',  ( 0.000000000000000000, -1.000000000000000000, 0.000000000000000000 ) ) ;
#5216 = ORIENTED_EDGE ( 'NONE', *, *, #2977, .F. ) ;
#5217 = VERTEX_POINT ( 'NONE', #6631 ) ;
#5218 = EDGE_CURVE ( 'NONE', #1443, #3113, #4703, .T. ) ;
#5219 = ORIENTED_EDGE ( 'NONE', *, *, #2948, .T. ) ;
#5220 = CARTESIAN_POINT ( 'NONE',  ( 0.000000000000000000, -7.105427357600998703E-15, 0.000000000000000000 ) ) ;
#5221 = AXIS2_PLACEMENT_3D ( 'NONE', #1442, #4020, #6001 ) ;
#5222 = CARTESIAN_POINT ( 'NONE',  ( 3.025879157762799920, 0.9000000000000130118, 0.7900000000000000355 ) ) ;
#5223 = EDGE_LOOP ( 'NONE', ( #2308, #1440, #1435, #4266, #3543, #3787, #4708, #2283, #177, #406 ) ) ;
#5224 = VECTOR ( 'NONE', #4787, 1000.000000000000114 ) ;
#5225 = ADVANCED_FACE ( 'NONE', ( #3567 ), #86, .T. ) ;
#5226 = CARTESIAN_POINT ( 'NONE',  ( 0.4915658725438450394, 0.8899999999999719247, 0.1444066773140583737 ) ) ;
#5227 = CARTESIAN_POINT ( 'NONE',  ( 0.6800000000000000488, 0.9899999999999999911, 0.01000000000000020144 ) ) ;
#5228 = AXIS2_PLACEMENT_3D ( 'NONE', #2906, #3466, #924 ) ;
#5229 = ORIENTED_EDGE ( 'NONE', *, *, #2393, .F. ) ;
#5230 = DIRECTION ( 'NONE',  ( 1.000000000000000000, 0.000000000000000000, 0.000000000000000000 ) ) ;
#5231 = CARTESIAN_POINT ( 'NONE',  ( 2.900000000000090061, 0.06000000000003070239, 2.081668171172170239E-16 ) ) ;
#5232 = CIRCLE ( 'NONE', #1057, 0.1199999999999999956 ) ;
#5233 = VECTOR ( 'NONE', #429, 1000.000000000000000 ) ;
#5234 = CARTESIAN_POINT ( 'NONE',  ( 0.1499999999999204192, 0.5000000000000359712, 0.2100000000000000200 ) ) ;
#5235 = ORIENTED_EDGE ( 'NONE', *, *, #4892, .F. ) ;
#5236 = ORIENTED_EDGE ( 'NONE', *, *, #1956, .T. ) ;
#5237 = CIRCLE ( 'NONE', #2771, 0.05000000000001845329 ) ;
#5238 = DIRECTION ( 'NONE',  ( 0.8073211720378734579, 1.807003620809243411E-16, -0.5901122987867601921 ) ) ;
#5239 = EDGE_CURVE ( 'NONE', #4049, #6535, #1629, .T. ) ;
#5240 = DIRECTION ( 'NONE',  ( 2.120153865200730353E-14, -1.000000000000000000, 1.779020326330044932E-14 ) ) ;
#5241 = LINE ( 'NONE', #3760, #3585 ) ;
#5242 = ORIENTED_EDGE ( 'NONE', *, *, #4643, .T. ) ;
#5243 = CIRCLE ( 'NONE', #2670, 0.1150000000000019756 ) ;
#5244 = LINE ( 'NONE', #4778, #307 ) ;
#5245 = LINE ( 'NONE', #1121, #3874 ) ;
#5246 = CARTESIAN_POINT ( 'NONE',  ( 2.900000000000090061, 0.01000000000001932156, 2.081668171172170239E-16 ) ) ;
#5247 = ADVANCED_FACE ( 'NONE', ( #994 ), #1093, .F. ) ;
#5248 = DIRECTION ( 'NONE',  ( 0.000000000000000000, 0.6427876096865200450, 0.7660444431189943337 ) ) ;
#5249 = ORIENTED_EDGE ( 'NONE', *, *, #3815, .F. ) ;
#5250 = ORIENTED_EDGE ( 'NONE', *, *, #5379, .F. ) ;
#5251 = CARTESIAN_POINT ( 'NONE',  ( 0.5087300930402761656, 1.291269906959745306, 0.3479828826725950841 ) ) ;
#5252 = ORIENTED_EDGE ( 'NONE', *, *, #1303, .T. ) ;
#5253 = LINE ( 'NONE', #5318, #1393 ) ;
#5254 = CARTESIAN_POINT ( 'NONE',  ( 3.220000000000000195, -0.3461394185240890264, 0.2100000000000000200 ) ) ;
#5255 = ORIENTED_EDGE ( 'NONE', *, *, #3144, .T. ) ;
#5256 = ADVANCED_FACE ( 'NONE', ( #6591 ), #4179, .T. ) ;
#5257 = CARTESIAN_POINT ( 'NONE',  ( 0.5267406018197459128, -0.3732593981802563854, 0.06685339106857091096 ) ) ;
#5258 = ADVANCED_FACE ( 'NONE', ( #6215 ), #4142, .F. ) ;
#5259 = AXIS2_PLACEMENT_3D ( 'NONE', #5570, #3831, #1294 ) ;
#5260 = EDGE_LOOP ( 'NONE', ( #5907, #2561, #6390, #250 ) ) ;
#5261 = CARTESIAN_POINT ( 'NONE',  ( 0.5781978684800039847, -0.3218021315200090271, 0.08500000000000000611 ) ) ;
#5262 = ADVANCED_BREP_SHAPE_REPRESENTATION ( '', ( #3847, #3860, #3969 ), #1503 ) ;
#5263 = CARTESIAN_POINT ( 'NONE',  ( 0.6800000000000639977, 0.01000000000004774153, 2.081668171172170239E-16 ) ) ;
#5264 = VECTOR ( 'NONE', #2096, 1000.000000000000000 ) ;
#5265 = FACE_OUTER_BOUND ( 'NONE', #3430, .T. ) ;
#5266 = ORIENTED_EDGE ( 'NONE', *, *, #3954, .T. ) ;
#5267 = ORIENTED_EDGE ( 'NONE', *, *, #3422, .F. ) ;
#5268 = ORIENTED_EDGE ( 'NONE', *, *, #891, .F. ) ;
#5269 = EDGE_CURVE ( 'NONE', #5151, #261, #5520, .T. ) ;
#5270 = FACE_OUTER_BOUND ( 'NONE', #2034, .T. ) ;
#5271 = CARTESIAN_POINT ( 'NONE',  ( 3.170011202246451276, 0.8899999999999859135, 0.02754666676605644141 ) ) ;
#5272 = FACE_OUTER_BOUND ( 'NONE', #312, .T. ) ;
#5273 = EDGE_LOOP ( 'NONE', ( #5562, #5059, #4302, #3526 ) ) ;
#5274 = DIRECTION ( 'NONE',  ( 6.269494727294420222E-14, 1.000000000000000000, 0.000000000000000000 ) ) ;
#5275 = CARTESIAN_POINT ( 'NONE',  ( 3.170011202246831417, -7.105427357601001859E-15, 0.02754666676609032749 ) ) ;
#5276 = PLANE ( 'NONE',  #4384 ) ;
#5277 = VECTOR ( 'NONE', #5384, 1000.000000000000000 ) ;
#5278 = LINE ( 'NONE', #2230, #1125 ) ;
#5279 = VERTEX_POINT ( 'NONE', #581 ) ;
#5280 = EDGE_LOOP ( 'NONE', ( #4307, #2860, #1174, #295, #1381 ) ) ;
#5281 = LINE ( 'NONE', #2696, #2870 ) ;
#5282 = ORIENTED_EDGE ( 'NONE', *, *, #4548, .T. ) ;
#5283 = CARTESIAN_POINT ( 'NONE',  ( 2.200000000000104983, -0.2250000000000000056, 0.06000000000000140638 ) ) ;
#5284 = DIRECTION ( 'NONE',  ( 0.000000000000000000, 1.000000000000000000, 0.000000000000000000 ) ) ;
#5285 = ORIENTED_EDGE ( 'NONE', *, *, #5302, .F. ) ;
#5286 = FACE_OUTER_BOUND ( 'NONE', #1161, .T. ) ;
#5287 = SHAPE_REPRESENTATION_RELATIONSHIP ( 'NONE' , 'NONE' ,  #2910, #5262 ) ;
#5288 = ORIENTED_EDGE ( 'NONE', *, *, #6450, .T. ) ;
#5289 = DIRECTION ( 'NONE',  ( 0.000000000000000000, -0.9848077530122063550, -0.1736481776669395738 ) ) ;
#5290 = CARTESIAN_POINT ( 'NONE',  ( 2.850000000000080025, 0.06000000000000939998, 2.081668171172170239E-16 ) ) ;
#5291 = ORIENTED_EDGE ( 'NONE', *, *, #5706, .F. ) ;
#5292 = EDGE_CURVE ( 'NONE', #2074, #4946, #5715, .T. ) ;
#5293 = CARTESIAN_POINT ( 'NONE',  ( 3.180000000000000160, 1.598741745110169754, 0.2100000000000030176 ) ) ;
#5294 = VERTEX_POINT ( 'NONE', #5650 ) ;
#5295 = VERTEX_POINT ( 'NONE', #3635 ) ;
#5296 = ORIENTED_EDGE ( 'NONE', *, *, #521, .F. ) ;
#5297 = EDGE_CURVE ( 'NONE', #719, #5812, #4042, .T. ) ;
#5298 = AXIS2_PLACEMENT_3D ( 'NONE', #4205, #2219, #2716 ) ;
#5299 = ORIENTED_EDGE ( 'NONE', *, *, #1423, .F. ) ;
#5300 = VECTOR ( 'NONE', #1436, 1000.000000000000000 ) ;
#5301 = DIRECTION ( 'NONE',  ( -6.012533356443450199E-14, 1.000000000000000000, 0.000000000000000000 ) ) ;
#5302 = EDGE_CURVE ( 'NONE', #5496, #5048, #5584, .T. ) ;
#5303 = AXIS2_PLACEMENT_3D ( 'NONE', #5364, #176, #3816 ) ;
#5304 = CARTESIAN_POINT ( 'NONE',  ( 3.675000000000409717, 0.6249999999999650280, 0.1100000000000000006 ) ) ;
#5305 = LINE ( 'NONE', #117, #5623 ) ;
#5306 = EDGE_LOOP ( 'NONE', ( #4691, #282, #2014, #2009, #4329 ) ) ;
#5307 = CARTESIAN_POINT ( 'NONE',  ( 0.4800000000000180234, 0.8999999999999630518, 0.2100000000000000200 ) ) ;
#5308 = DIRECTION ( 'NONE',  ( 0.000000000000000000, -1.000000000000000000, 0.000000000000000000 ) ) ;
#5309 = CARTESIAN_POINT ( 'NONE',  ( 0.6800000000000639977, -0.09000000000006740108, 0.1100000000000000006 ) ) ;
#5310 = VECTOR ( 'NONE', #2378, 1000.000000000000000 ) ;
#5311 = AXIS2_PLACEMENT_3D ( 'NONE', #5380, #1222, #2264 ) ;
#5312 = LINE ( 'NONE', #226, #806 ) ;
#5313 = VERTEX_POINT ( 'NONE', #489 ) ;
#5314 = CIRCLE ( 'NONE', #5426, 0.1000000000000796224 ) ;
#5315 = ORIENTED_EDGE ( 'NONE', *, *, #1614, .F. ) ;
#5316 = DIRECTION ( 'NONE',  ( 4.968467895935800563E-14, -1.000000000000000000, 5.921189464667499445E-14 ) ) ;
#5317 = ORIENTED_EDGE ( 'NONE', *, *, #4498, .F. ) ;
#5318 = CARTESIAN_POINT ( 'NONE',  ( 2.900000000000090061, 0.8899999999999789191, 0.01000000000000000021 ) ) ;
#5319 = CYLINDRICAL_SURFACE ( 'NONE', #4178, 0.1149999999999523764 ) ;
#5320 = VERTEX_POINT ( 'NONE', #5115 ) ;
#5321 = CARTESIAN_POINT ( 'NONE',  ( 3.700000000000275069, 0.6249999999999790168, 0.05500000000000000028 ) ) ;
#5322 = EDGE_CURVE ( 'NONE', #5323, #4831, #6144, .T. ) ;
#5323 = VERTEX_POINT ( 'NONE', #4081 ) ;
#5324 = DIRECTION ( 'NONE',  ( 3.679090530789004612E-14, 1.000000000000000000, -3.087123507454659549E-14 ) ) ;
#5325 = CARTESIAN_POINT ( 'NONE',  ( 3.700000000000275069, 0.6749999999999329869, 0.2100000000000000200 ) ) ;
#5326 = ORIENTED_EDGE ( 'NONE', *, *, #426, .F. ) ;
#5327 = CIRCLE ( 'NONE', #2444, 0.1150000000000019756 ) ;
#5328 = VECTOR ( 'NONE', #4605, 1000.000000000000000 ) ;
#5329 = EDGE_CURVE ( 'NONE', #163, #2717, #6117, .T. ) ;
#5330 = FACE_OUTER_BOUND ( 'NONE', #6338, .T. ) ;
#5331 = ORIENTED_EDGE ( 'NONE', *, *, #4736, .T. ) ;
#5332 = ORIENTED_EDGE ( 'NONE', *, *, #1493, .T. ) ;
#5333 = ORIENTED_EDGE ( 'NONE', *, *, #3996, .F. ) ;
#5334 = EDGE_CURVE ( 'NONE', #1386, #5922, #615, .T. ) ;
#5335 = CIRCLE ( 'NONE', #2764, 0.1199999999999999539 ) ;
#5336 = ORIENTED_EDGE ( 'NONE', *, *, #6580, .F. ) ;
#5337 = AXIS2_PLACEMENT_3D ( 'NONE', #2227, #1190, #1255 ) ;
#5338 = CARTESIAN_POINT ( 'NONE',  ( 0.4500000000000460298, -0.4500000000000000111, 0.2100000000000000200 ) ) ;
#5339 = EDGE_CURVE ( 'NONE', #2008, #1445, #5736, .T. ) ;
#5340 = CARTESIAN_POINT ( 'NONE',  ( 0.5781978684800610502, -0.3218021315200090271, 0.08500000000000000611 ) ) ;
#5341 = PLANE ( 'NONE',  #5298 ) ;
#5342 = VERTEX_POINT ( 'NONE', #3696 ) ;
#5343 = EDGE_CURVE ( 'NONE', #152, #915, #6372, .T. ) ;
#5344 = DIRECTION ( 'NONE',  ( 0.5082206017325882064, 0.5082206017326189595, 0.6952867321825583202 ) ) ;
#5345 = DIRECTION ( 'NONE',  ( 0.000000000000000000, 0.000000000000000000, -1.000000000000000000 ) ) ;
#5346 = SURFACE_STYLE_USAGE ( .BOTH. , #3291 ) ;
#5347 = CARTESIAN_POINT ( 'NONE',  ( 0.02500000000003410258, 0.2750000000000409894, 0.01000000000000000021 ) ) ;
#5348 = ORIENTED_EDGE ( 'NONE', *, *, #5803, .T. ) ;
#5349 = ORIENTED_EDGE ( 'NONE', *, *, #4515, .F. ) ;
#5350 = LINE ( 'NONE', #3705, #5863 ) ;
#5351 = LINE ( 'NONE', #6531, #1002 ) ;
#5352 = EDGE_CURVE ( 'NONE', #3330, #4328, #436, .T. ) ;
#5353 = FACE_OUTER_BOUND ( 'NONE', #4872, .T. ) ;
#5354 = DIRECTION ( 'NONE',  ( 0.000000000000000000, 0.000000000000000000, -1.000000000000000000 ) ) ;
#5355 = VERTEX_POINT ( 'NONE', #6538 ) ;
#5356 = AXIS2_PLACEMENT_3D ( 'NONE', #6230, #2547, #108 ) ;
#5357 = PRESENTATION_LAYER_ASSIGNMENT (  '', '', ( #4180 ) ) ;
#5358 = DIRECTION ( 'NONE',  ( 0.000000000000000000, 0.000000000000000000, -1.000000000000000000 ) ) ;
#5359 = PRESENTATION_STYLE_ASSIGNMENT (( #4222 ) ) ;
#5360 = EDGE_LOOP ( 'NONE', ( #1602, #4764, #6543, #6507 ) ) ;
#5361 = DIRECTION ( 'NONE',  ( 0.000000000000000000, 0.000000000000000000, 1.000000000000000000 ) ) ;
#5362 = DIRECTION ( 'NONE',  ( -0.6427876096867575217, 0.000000000000000000, -0.7660444431187950487 ) ) ;
#5363 = ORIENTED_EDGE ( 'NONE', *, *, #6450, .F. ) ;
#5364 = CARTESIAN_POINT ( 'NONE',  ( 3.121802131519984869, -0.3218021315200160215, 0.08499999999999681422 ) ) ;
#5365 = ORIENTED_EDGE ( 'NONE', *, *, #5675, .F. ) ;
#5366 = EDGE_LOOP ( 'NONE', ( #496, #2275, #5873, #5242 ) ) ;
#5367 = VERTEX_POINT ( 'NONE', #1339 ) ;
#5368 = EDGE_CURVE ( 'NONE', #3837, #1681, #2476, .T. ) ;
#5369 = VERTEX_POINT ( 'NONE', #1469 ) ;
#5370 = AXIS2_PLACEMENT_3D ( 'NONE', #6275, #1155, #1628 ) ;
#5371 = DIRECTION ( 'NONE',  ( 0.000000000000000000, 0.000000000000000000, 1.000000000000000000 ) ) ;
#5372 = PLANE ( 'NONE',  #169 ) ;
#5373 = VERTEX_POINT ( 'NONE', #3885 ) ;
#5374 = CARTESIAN_POINT ( 'NONE',  ( 3.220000000000000195, 0.01500000000000055109, 0.2100000000000000200 ) ) ;
#5375 = FACE_OUTER_BOUND ( 'NONE', #3857, .T. ) ;
#5376 = EDGE_CURVE ( 'NONE', #3837, #5922, #5998, .T. ) ;
#5377 = FACE_OUTER_BOUND ( 'NONE', #559, .T. ) ;
#5378 = DIRECTION ( 'NONE',  ( 0.000000000000000000, 1.000000000000000000, 0.000000000000000000 ) ) ;
#5379 = EDGE_CURVE ( 'NONE', #4464, #667, #2849, .T. ) ;
#5380 = CARTESIAN_POINT ( 'NONE',  ( 0.6741208422372440001, 1.125879157762796012, 0.7900000000000000355 ) ) ;
#5381 = ORIENTED_EDGE ( 'NONE', *, *, #2388, .T. ) ;
#5382 = ORIENTED_EDGE ( 'NONE', *, *, #1562, .F. ) ;
#5383 =( LENGTH_UNIT ( ) NAMED_UNIT ( * ) SI_UNIT ( .MILLI., .METRE. ) );
#5384 = DIRECTION ( 'NONE',  ( 0.000000000000000000, 0.000000000000000000, 1.000000000000000000 ) ) ;
#5385 = LINE ( 'NONE', #5857, #5134 ) ;
#5386 = EDGE_CURVE ( 'NONE', #2923, #1719, #4016, .T. ) ;
#5387 = DIRECTION ( 'NONE',  ( -1.000000000000000000, -2.842170943049450051E-13, 0.000000000000000000 ) ) ;
#5388 = VECTOR ( 'NONE', #257, 1000.000000000000000 ) ;
#5389 = ORIENTED_EDGE ( 'NONE', *, *, #963, .F. ) ;
#5390 = DIRECTION ( 'NONE',  ( 0.6427876096862179534, 0.000000000000000000, -0.7660444431192475756 ) ) ;
#5391 = ADVANCED_FACE ( 'NONE', ( #3511 ), #2882, .T. ) ;
#5392 = DIRECTION ( 'NONE',  ( -1.000000000000000000, 6.021548608136700101E-14, 0.000000000000000000 ) ) ;
#5393 = ORIENTED_EDGE ( 'NONE', *, *, #2611, .T. ) ;
#5394 = DIRECTION ( 'NONE',  ( -0.9848077530121907008, 0.000000000000000000, -0.1736481776670283361 ) ) ;
#5395 = CARTESIAN_POINT ( 'NONE',  ( 0.6800000000000639977, 0.009999999999998008746, 0.01000000000000000021 ) ) ;
#5396 = EDGE_LOOP ( 'NONE', ( #5795, #3810, #4550, #2205, #5077, #1217, #1096, #2570, #2258, #216, #1315, #5909 ) ) ;
#5397 =( REPRESENTATION_RELATIONSHIP ('NONE','NONE', #5172, #3417 ) REPRESENTATION_RELATIONSHIP_WITH_TRANSFORMATION ( #5208 )SHAPE_REPRESENTATION_RELATIONSHIP( ) );
#5398 = CARTESIAN_POINT ( 'NONE',  ( 3.550000000000180123, 0.4000000000000695222, 0.01000000000000000021 ) ) ;
#5399 = ORIENTED_EDGE ( 'NONE', *, *, #4636, .F. ) ;
#5400 = ORIENTED_EDGE ( 'NONE', *, *, #4616, .F. ) ;
#5401 = ORIENTED_EDGE ( 'NONE', *, *, #1934, .T. ) ;
#5402 = ORIENTED_EDGE ( 'NONE', *, *, #5499, .F. ) ;
#5403 = AXIS2_PLACEMENT_3D ( 'NONE', #3508, #2377, #4991 ) ;
#5404 = DIRECTION ( 'NONE',  ( 0.6427876096867566336, 0.000000000000000000, -0.7660444431187957148 ) ) ;
#5405 = CARTESIAN_POINT ( 'NONE',  ( 2.550000000000000266, -0.3030136709251937677, 0.8819253331742793467 ) ) ;
#5406 = PLANE ( 'NONE',  #3255 ) ;
#5407 = EDGE_CURVE ( 'NONE', #4906, #4199, #6056, .T. ) ;
#5408 = ORIENTED_EDGE ( 'NONE', *, *, #4243, .F. ) ;
#5409 = AXIS2_PLACEMENT_3D ( 'NONE', #186, #1149, #4809 ) ;
#5410 = DIRECTION ( 'NONE',  ( -0.6427876096867575217, 0.000000000000000000, -0.7660444431187950487 ) ) ;
#5411 = VECTOR ( 'NONE', #997, 1000.000000000000000 ) ;
#5412 = CARTESIAN_POINT ( 'NONE',  ( 2.867103517621274911, 0.01000000000001221960, 0.06000000000000130229 ) ) ;
#5413 = DIRECTION ( 'NONE',  ( -2.145034673992864864E-13, 1.000000000000000000, 0.000000000000000000 ) ) ;
#5414 = VECTOR ( 'NONE', #1570, 1000.000000000000000 ) ;
#5415 = VECTOR ( 'NONE', #1854, 1000.000000000000000 ) ;
#5416 = FACE_OUTER_BOUND ( 'NONE', #2695, .T. ) ;
#5417 = DIRECTION ( 'NONE',  ( 0.000000000000000000, 0.000000000000000000, -1.000000000000000000 ) ) ;
#5418 = VERTEX_POINT ( 'NONE', #4893 ) ;
#5419 = ORIENTED_EDGE ( 'NONE', *, *, #4221, .F. ) ;
#5420 = LINE ( 'NONE', #48, #514 ) ;
#5421 = AXIS2_PLACEMENT_3D ( 'NONE', #3665, #2498, #50 ) ;
#5422 = VERTEX_POINT ( 'NONE', #936 ) ;
#5423 = FACE_OUTER_BOUND ( 'NONE', #6470, .T. ) ;
#5424 = DIRECTION ( 'NONE',  ( -4.547473508864640180E-14, -1.000000000000000000, 0.000000000000000000 ) ) ;
#5425 = ORIENTED_EDGE ( 'NONE', *, *, #1081, .T. ) ;
#5426 = AXIS2_PLACEMENT_3D ( 'NONE', #3248, #6340, #5071 ) ;
#5427 = DIRECTION ( 'NONE',  ( 0.8073211720378832279, 1.807003620809217526E-16, -0.5901122987867467584 ) ) ;
#5428 = EDGE_CURVE ( 'NONE', #5418, #220, #4497, .T. ) ;
#5429 =( NAMED_UNIT ( * ) SI_UNIT ( $, .STERADIAN. ) SOLID_ANGLE_UNIT ( ) );
#5430 = DIRECTION ( 'NONE',  ( 0.000000000000000000, 1.000000000000000000, 0.000000000000000000 ) ) ;
#5431 = VERTEX_POINT ( 'NONE', #299 ) ;
#5432 = CARTESIAN_POINT ( 'NONE',  ( 0.02499999999992040187, 0.3999999999999915290, 0.1100000000000000006 ) ) ;
#5433 = DIRECTION ( 'NONE',  ( 0.000000000000000000, 1.000000000000000000, 0.000000000000000000 ) ) ;
#5434 = VERTEX_POINT ( 'NONE', #2343 ) ;
#5435 = ADVANCED_FACE ( 'NONE', ( #4394 ), #4930, .T. ) ;
#5436 = DIRECTION ( 'NONE',  ( 0.6427876096862179534, 0.000000000000000000, -0.7660444431192475756 ) ) ;
#5437 = ORIENTED_EDGE ( 'NONE', *, *, #1995, .F. ) ;
#5438 = VECTOR ( 'NONE', #622, 1000.000000000000000 ) ;
#5439 = VERTEX_POINT ( 'NONE', #5522 ) ;
#5440 = EDGE_CURVE ( 'NONE', #4328, #82, #2524, .T. ) ;
#5441 = ORIENTED_EDGE ( 'NONE', *, *, #6203, .T. ) ;
#5442 = VECTOR ( 'NONE', #1931, 1000.000000000000000 ) ;
#5443 = AXIS2_PLACEMENT_3D ( 'NONE', #3999, #1450, #3489 ) ;
#5444 = DIRECTION ( 'NONE',  ( 0.000000000000000000, 0.000000000000000000, 1.000000000000000000 ) ) ;
#5445 = FACE_OUTER_BOUND ( 'NONE', #4652, .T. ) ;
#5446 = CARTESIAN_POINT ( 'NONE',  ( 2.200000000000160050, 1.124999999999949818, 0.01000000000000000021 ) ) ;
#5447 = ORIENTED_EDGE ( 'NONE', *, *, #6326, .F. ) ;
#5448 = AXIS2_PLACEMENT_3D ( 'NONE', #5864, #5324, #662 ) ;
#5449 = LINE ( 'NONE', #820, #5442 ) ;
#5450 = AXIS2_PLACEMENT_3D ( 'NONE', #6583, #3594, #1549 ) ;
#5451 = CARTESIAN_POINT ( 'NONE',  ( 3.675000000000409717, 0.6249999999999790168, 0.2100000000000000200 ) ) ;
#5452 = CARTESIAN_POINT ( 'NONE',  ( 0.02499999999992040187, 0.6249999999999650280, 0.1100000000000000006 ) ) ;
#5453 = FACE_OUTER_BOUND ( 'NONE', #3243, .T. ) ;
#5454 = CARTESIAN_POINT ( 'NONE',  ( 2.900000000000090061, 0.01000000000001932156, 0.01000000000000000021 ) ) ;
#5455 = ORIENTED_EDGE ( 'NONE', *, *, #5997, .T. ) ;
#5456 = CYLINDRICAL_SURFACE ( 'NONE', #2122, 0.1249999999999431843 ) ;
#5457 = DIRECTION ( 'NONE',  ( -0.1736481776670135424, 6.273785655217681950E-15, 0.9848077530121932543 ) ) ;
#5458 = VECTOR ( 'NONE', #3405, 1000.000000000000000 ) ;
#5459 = CARTESIAN_POINT ( 'NONE',  ( 0.4800000000000180234, 1.246139418524065956, 0.2100000000000000200 ) ) ;
#5460 = CARTESIAN_POINT ( 'NONE',  ( 3.215600012050874312, -0.4156000120508583917, 0.2100000000000000200 ) ) ;
#5461 = ORIENTED_EDGE ( 'NONE', *, *, #2567, .T. ) ;
#5462 = EDGE_CURVE ( 'NONE', #5057, #3964, #366, .T. ) ;
#5463 = CARTESIAN_POINT ( 'NONE',  ( 2.250000000000114575, 0.1374999999999886036, 0.01000000000000000021 ) ) ;
#5464 = DIRECTION ( 'NONE',  ( 1.000000000000000000, 0.000000000000000000, 0.000000000000000000 ) ) ;
#5465 = CARTESIAN_POINT ( 'NONE',  ( 0.5781978684800610502, 0.8849999999999840217, 0.08500000000000000611 ) ) ;
#5466 = ORIENTED_EDGE ( 'NONE', *, *, #2759, .T. ) ;
#5467 = PRODUCT_DEFINITION_SHAPE ( 'NONE', 'NONE',  #932 ) ;
#5468 = CARTESIAN_POINT ( 'NONE',  ( 2.250000000000169642, 1.074999999999999956, 2.081668171172170239E-16 ) ) ;
#5469 = CARTESIAN_POINT ( 'NONE',  ( 0.5559439118757159015, -0.2258791577628045111, 0.8108377813200381423 ) ) ;
#5470 = EDGE_LOOP ( 'NONE', ( #1120, #4160, #1344, #720, #3986 ) ) ;
#5471 = EDGE_CURVE ( 'NONE', #594, #5692, #6027, .T. ) ;
#5472 = EDGE_CURVE ( 'NONE', #774, #3701, #4463, .T. ) ;
#5473 = PLANE ( 'NONE',  #1560 ) ;
#5474 = ORIENTED_EDGE ( 'NONE', *, *, #371, .T. ) ;
#5475 = ORIENTED_EDGE ( 'NONE', *, *, #142, .T. ) ;
#5476 = CARTESIAN_POINT ( 'NONE',  ( 0.5267406018197504647, 1.273259398180273561, 0.06685339106855793523 ) ) ;
#5477 = DIRECTION ( 'NONE',  ( -1.000000000000000000, 0.000000000000000000, 0.000000000000000000 ) ) ;
#5478 = DIRECTION ( 'NONE',  ( -0.1710878697461170606, -0.1710878697460480602, -0.9702875252477973778 ) ) ;
#5479 = ADVANCED_FACE ( 'NONE', ( #6466 ), #3415, .T. ) ;
#5480 = ORIENTED_EDGE ( 'NONE', *, *, #1177, .F. ) ;
#5481 = CARTESIAN_POINT ( 'NONE',  ( 0.4500000000000460298, -0.4500000000000000111, 0.2100000000000000200 ) ) ;
#5482 = DIRECTION ( 'NONE',  ( 1.000000000000000000, 0.000000000000000000, 0.000000000000000000 ) ) ;
#5483 = CARTESIAN_POINT ( 'NONE',  ( 0.000000000000000000, 0.6149999999999670175, 0.000000000000000000 ) ) ;
#5484 = FACE_OUTER_BOUND ( 'NONE', #3402, .T. ) ;
#5485 = ORIENTED_EDGE ( 'NONE', *, *, #6600, .F. ) ;
#5486 = DIRECTION ( 'NONE',  ( 1.000000000000000000, -8.006115332508080925E-14, 0.000000000000000000 ) ) ;
#5487 = DIRECTION ( 'NONE',  ( -0.9848077530122104628, 0.000000000000000000, 0.1736481776669162869 ) ) ;
#5488 = CARTESIAN_POINT ( 'NONE',  ( 2.250000000000169642, 1.074999999999999956, 0.01000000000000000021 ) ) ;
#5489 = ORIENTED_EDGE ( 'NONE', *, *, #5875, .T. ) ;
#5490 = DIRECTION ( 'NONE',  ( -6.012533356443450199E-14, 1.000000000000000000, 0.000000000000000000 ) ) ;
#5491 = VECTOR ( 'NONE', #2036, 1000.000000000000000 ) ;
#5492 = CARTESIAN_POINT ( 'NONE',  ( 2.900000000000090061, 0.8399999999999610001, 0.01000000000000000021 ) ) ;
#5493 = VERTEX_POINT ( 'NONE', #2978 ) ;
#5494 = DIRECTION ( 'NONE',  ( 0.000000000000000000, 0.000000000000000000, 1.000000000000000000 ) ) ;
#5495 = DIRECTION ( 'NONE',  ( 0.000000000000000000, 0.000000000000000000, -1.000000000000000000 ) ) ;
#5496 = VERTEX_POINT ( 'NONE', #1410 ) ;
#5497 = DIRECTION ( 'NONE',  ( 1.000000000000000000, 0.000000000000000000, 0.000000000000000000 ) ) ;
#5498 = ORIENTED_EDGE ( 'NONE', *, *, #2749, .F. ) ;
#5499 = EDGE_CURVE ( 'NONE', #1820, #5692, #1354, .T. ) ;
#5500 = LINE ( 'NONE', #2857, #1160 ) ;
#5501 = LINE ( 'NONE', #2925, #2001 ) ;
#5502 = CARTESIAN_POINT ( 'NONE',  ( 3.700000000000275069, 0.6149999999999670175, 0.000000000000000000 ) ) ;
#5503 = EDGE_CURVE ( 'NONE', #1861, #1024, #3162, .T. ) ;
#5504 = ORIENTED_EDGE ( 'NONE', *, *, #1835, .F. ) ;
#5505 = DIRECTION ( 'NONE',  ( -1.000000000000000000, 8.881784197002391439E-15, 0.000000000000000000 ) ) ;
#5506 = DIRECTION ( 'NONE',  ( 0.000000000000000000, -0.9848077530122087975, 0.1736481776669264732 ) ) ;
#5507 = EDGE_CURVE ( 'NONE', #1145, #6535, #6163, .T. ) ;
#5508 = DIRECTION ( 'NONE',  ( 0.000000000000000000, 0.000000000000000000, 1.000000000000000000 ) ) ;
#5509 = LINE ( 'NONE', #3561, #6493 ) ;
#5510 = DIRECTION ( 'NONE',  ( -1.000000000000000000, 0.000000000000000000, 0.000000000000000000 ) ) ;
#5511 = AXIS2_PLACEMENT_3D ( 'NONE', #1623, #4638, #45 ) ;
#5512 = VECTOR ( 'NONE', #6068, 1000.000000000000000 ) ;
#5513 = ORIENTED_EDGE ( 'NONE', *, *, #6411, .F. ) ;
#5514 = DIRECTION ( 'NONE',  ( 1.000000000000000000, 6.315935428978830158E-14, 0.000000000000000000 ) ) ;
#5515 = PLANE ( 'NONE',  #1066 ) ;
#5516 = CARTESIAN_POINT ( 'NONE',  ( 3.121802131519984869, -0.3218021315200160215, 0.08500000000000000611 ) ) ;
#5517 = VECTOR ( 'NONE', #3215, 1000.000000000000000 ) ;
#5518 = ORIENTED_EDGE ( 'NONE', *, *, #4967, .T. ) ;
#5519 = CARTESIAN_POINT ( 'NONE',  ( 0.7800000000000300027, 0.9899999999999659073, 0.06000000000000140638 ) ) ;
#5520 = CIRCLE ( 'NONE', #595, 0.05000000000001850881 ) ;
#5521 = EDGE_LOOP ( 'NONE', ( #268, #2248, #5333, #4123 ) ) ;
#5522 = CARTESIAN_POINT ( 'NONE',  ( 3.121802131520325041, 0.009999999999998008746, 0.01000000000000000021 ) ) ;
#5523 = ORIENTED_EDGE ( 'NONE', *, *, #4767, .T. ) ;
#5524 = CARTESIAN_POINT ( 'NONE',  ( 0.5299887977535542305, 0.8849999999999840217, 0.02754666676609038994 ) ) ;
#5525 = APPLICATION_CONTEXT ( 'automotive_design' ) ;
#5526 = DIRECTION ( 'NONE',  ( -6.315935428978830158E-14, 1.000000000000000000, 0.000000000000000000 ) ) ;
#5527 = EDGE_LOOP ( 'NONE', ( #1340, #17, #878, #290 ) ) ;
#5528 = AXIS2_PLACEMENT_3D ( 'NONE', #2321, #2361, #2790 ) ;
#5529 = EDGE_CURVE ( 'NONE', #4540, #722, #3462, .T. ) ;
#5530 = AXIS2_PLACEMENT_3D ( 'NONE', #3941, #6527, #893 ) ;
#5531 = DIRECTION ( 'NONE',  ( 1.000000000000000000, 2.842170943049450051E-13, 0.000000000000000000 ) ) ;
#5532 = AXIS2_PLACEMENT_3D ( 'NONE', #2055, #4099, #1014 ) ;
#5533 = EDGE_LOOP ( 'NONE', ( #230, #6546, #5768, #4866 ) ) ;
#5534 = ADVANCED_FACE ( 'NONE', ( #1521 ), #6044, .T. ) ;
#5535 = DIRECTION ( 'NONE',  ( 0.000000000000000000, 1.000000000000000000, 0.000000000000000000 ) ) ;
#5536 = DIRECTION ( 'NONE',  ( 0.000000000000000000, 0.000000000000000000, -1.000000000000000000 ) ) ;
#5537 = DIRECTION ( 'NONE',  ( -0.9848077530121993606, 0.000000000000000000, -0.1736481776669799304 ) ) ;
#5538 = EDGE_CURVE ( 'NONE', #1913, #3675, #5509, .T. ) ;
#5539 = ORIENTED_EDGE ( 'NONE', *, *, #1086, .T. ) ;
#5540 = AXIS2_PLACEMENT_3D ( 'NONE', #5231, #6261, #4830 ) ;
#5541 = AXIS2_PLACEMENT_3D ( 'NONE', #1001, #2539, #34 ) ;
#5542 = EDGE_CURVE ( 'NONE', #1445, #2199, #3434, .T. ) ;
#5543 = DIRECTION ( 'NONE',  ( 0.000000000000000000, 1.000000000000000000, 0.000000000000000000 ) ) ;
#5544 = DIRECTION ( 'NONE',  ( 1.000000000000000000, 5.075305255429470170E-15, 0.000000000000000000 ) ) ;
#5546 = CARTESIAN_POINT ( 'NONE',  ( 0.7800000000000859579, -0.2249999999999590106, 2.081668171172170239E-16 ) ) ;
#5545 = VECTOR ( 'NONE', #3899, 1000.000000000000000 ) ;
#5547 = ADVANCED_FACE ( 'NONE', ( #5484 ), #921, .T. ) ;
#5548 = ORIENTED_EDGE ( 'NONE', *, *, #916, .F. ) ;
#5549 = DIRECTION ( 'NONE',  ( -1.000000000000000000, 2.272487753529615274E-13, 0.000000000000000000 ) ) ;
#5550 = DIRECTION ( 'NONE',  ( 0.000000000000000000, 0.000000000000000000, 1.000000000000000000 ) ) ;
#5551 = DIRECTION ( 'NONE',  ( 0.000000000000000000, 0.9848077530122083534, 0.1736481776669289157 ) ) ;
#5552 = DIRECTION ( 'NONE',  ( -1.000000000000000000, 0.000000000000000000, 0.000000000000000000 ) ) ;
#5553 = AXIS2_PLACEMENT_3D ( 'NONE', #439, #3959, #6000 ) ;
#5554 = VERTEX_POINT ( 'NONE', #481 ) ;
#5555 = CIRCLE ( 'NONE', #2656, 0.07499999999999991396 ) ;
#5556 = CARTESIAN_POINT ( 'NONE',  ( 3.121802131520325041, 0.009999999999998008746, 0.01000000000000000021 ) ) ;
#5557 = EDGE_LOOP ( 'NONE', ( #689, #4793, #4057, #5684 ) ) ;
#5558 = ORIENTED_EDGE ( 'NONE', *, *, #4117, .F. ) ;
#5559 = AXIS2_PLACEMENT_3D ( 'NONE', #4675, #2133, #457 ) ;
#5560 = EDGE_CURVE ( 'NONE', #5954, #4590, #2478, .T. ) ;
#5561 = DIRECTION ( 'NONE',  ( 0.000000000000000000, 0.000000000000000000, 1.000000000000000000 ) ) ;
#5562 = ORIENTED_EDGE ( 'NONE', *, *, #4576, .F. ) ;
#5563 = DIRECTION ( 'NONE',  ( -8.881784197001761928E-15, 1.000000000000000000, 0.000000000000000000 ) ) ;
#5564 = CARTESIAN_POINT ( 'NONE',  ( 0.9250000000000110356, 0.009999999999948269019, 0.2100000000000000200 ) ) ;
#5565 = ORIENTED_EDGE ( 'NONE', *, *, #547, .F. ) ;
#5566 = CARTESIAN_POINT ( 'NONE',  ( 3.121802131519984869, 0.01499999999999346127, 0.08500000000000000611 ) ) ;
#5567 = AXIS2_PLACEMENT_3D ( 'NONE', #5516, #2876, #3441 ) ;
#5568 = ORIENTED_EDGE ( 'NONE', *, *, #2706, .T. ) ;
#5569 = AXIS2_PLACEMENT_3D ( 'NONE', #1039, #3077, #5127 ) ;
#5570 = CARTESIAN_POINT ( 'NONE',  ( 0.000000000000000000, 0.009999999999998008746, 0.1100000000000000006 ) ) ;
#5571 = CARTESIAN_POINT ( 'NONE',  ( 2.250000000000169642, 1.074999999999999956, 0.01000000000000000021 ) ) ;
#5572 = DIRECTION ( 'NONE',  ( 1.000000000000000000, -2.844946500603256609E-13, 0.000000000000000000 ) ) ;
#5573 = PLANE ( 'NONE',  #1264 ) ;
#5574 = ORIENTED_EDGE ( 'NONE', *, *, #13, .T. ) ;
#5575 = ADVANCED_FACE ( 'NONE', ( #3496 ), #2559, .T. ) ;
#5576 = CYLINDRICAL_SURFACE ( 'NONE', #5450, 0.07500000000000005274 ) ;
#5577 = SPHERICAL_SURFACE ( 'NONE', #2099, 0.1200000000000000094 ) ;
#5578 = FACE_OUTER_BOUND ( 'NONE', #2352, .T. ) ;
#5579 = AXIS2_PLACEMENT_3D ( 'NONE', #2794, #2365, #5847 ) ;
#5580 = ORIENTED_EDGE ( 'NONE', *, *, #4196, .T. ) ;
#5581 = ADVANCED_BREP_SHAPE_REPRESENTATION ( '', ( #1666, #3713, #3969 ), #970 ) ;
#5582 = PLANE ( 'NONE',  #2980 ) ;
#5583 = FACE_OUTER_BOUND ( 'NONE', #5871, .T. ) ;
#5584 = LINE ( 'NONE', #3068, #4026 ) ;
#5585 = CARTESIAN_POINT ( 'NONE',  ( 3.700000000000045475, 0.009999999999969588771, 0.2100000000000000200 ) ) ;
#5586 = ORIENTED_EDGE ( 'NONE', *, *, #2611, .F. ) ;
#5587 = EDGE_CURVE ( 'NONE', #2208, #2694, #3923, .T. ) ;
#5588 = CIRCLE ( 'NONE', #986, 0.1199999999999999956 ) ;
#5589 = FACE_OUTER_BOUND ( 'NONE', #2992, .T. ) ;
#5590 = ORIENTED_EDGE ( 'NONE', *, *, #4716, .F. ) ;
#5591 = ORIENTED_EDGE ( 'NONE', *, *, #5339, .T. ) ;
#5592 = DIRECTION ( 'NONE',  ( -3.533589775334555216E-14, -1.000000000000000000, 2.965033877216739765E-14 ) ) ;
#5593 = ADVANCED_FACE ( 'NONE', ( #4004 ), #4037, .T. ) ;
#5594 = ORIENTED_EDGE ( 'NONE', *, *, #2177, .T. ) ;
#5595 = CARTESIAN_POINT ( 'NONE',  ( 5.684341886080798963E-14, 0.009999999999990908522, 0.01000000000000000021 ) ) ;
#5596 = CARTESIAN_POINT ( 'NONE',  ( 0.6741208422372069187, -0.3030136709251938232, 0.8819253331742793467 ) ) ;
#5597 = ORIENTED_EDGE ( 'NONE', *, *, #4294, .F. ) ;
#5598 = EDGE_CURVE ( 'NONE', #4078, #1561, #6016, .T. ) ;
#5599 = DIRECTION ( 'NONE',  ( 0.1710878697459759512, -0.1710878697459944642, -0.9702875252478316837 ) ) ;
#5600 = EDGE_LOOP ( 'NONE', ( #6457, #2, #765, #1510, #4649, #1278, #4867 ) ) ;
#5601 = CARTESIAN_POINT ( 'NONE',  ( 2.200000000000160050, 1.074999999999973976, 0.01000000000000000021 ) ) ;
#5602 = AXIS2_PLACEMENT_3D ( 'NONE', #2373, #1261, #2907 ) ;
#5603 = DIRECTION ( 'NONE',  ( 1.000000000000000000, -5.224578939412010120E-14, 0.000000000000000000 ) ) ;
#5604 = CARTESIAN_POINT ( 'NONE',  ( 0.02499999999992040187, 0.6250000000000071054, 0.01000000000000000021 ) ) ;
#5605 = FACE_OUTER_BOUND ( 'NONE', #1905, .T. ) ;
#5606 = ORIENTED_EDGE ( 'NONE', *, *, #2169, .T. ) ;
#5607 = DIRECTION ( 'NONE',  ( -3.157967714489339979E-14, 1.000000000000000000, 0.000000000000000000 ) ) ;
#5608 = EDGE_CURVE ( 'NONE', #1224, #6228, #390, .T. ) ;
#5609 = CARTESIAN_POINT ( 'NONE',  ( 3.215600012050874312, -0.4156000120508583917, 0.2100000000000000200 ) ) ;
#5610 = DIRECTION ( 'NONE',  ( 0.000000000000000000, 0.000000000000000000, 1.000000000000000000 ) ) ;
#5611 = VERTEX_POINT ( 'NONE', #2493 ) ;
#5612 = DIRECTION ( 'NONE',  ( 0.000000000000000000, 0.000000000000000000, 1.000000000000000000 ) ) ;
#5613 = DIRECTION ( 'NONE',  ( 0.000000000000000000, 1.000000000000000000, 0.000000000000000000 ) ) ;
#5614 = DIRECTION ( 'NONE',  ( 0.1710878697460534725, -0.1710878697459844722, 0.9702875252478198043 ) ) ;
#5615 = PLANE ( 'NONE',  #328 ) ;
#5616 = ORIENTED_EDGE ( 'NONE', *, *, #6346, .T. ) ;
#5617 = VECTOR ( 'NONE', #1409, 1000.000000000000000 ) ;
#5618 = DIRECTION ( 'NONE',  ( 1.000000000000000000, 8.881784197001761928E-15, 0.000000000000000000 ) ) ;
#5619 = VERTEX_POINT ( 'NONE', #4483 ) ;
#5620 = ORIENTED_EDGE ( 'NONE', *, *, #5529, .T. ) ;
#5621 = EDGE_CURVE ( 'NONE', #532, #459, #6526, .T. ) ;
#5622 = DIRECTION ( 'NONE',  ( -7.661474398062726656E-15, 0.9848077530122055778, -0.1736481776669444310 ) ) ;
#5623 = VECTOR ( 'NONE', #3221, 1000.000000000000000 ) ;
#5624 = DIRECTION ( 'NONE',  ( 0.000000000000000000, -1.000000000000000000, 0.000000000000000000 ) ) ;
#5625 = VECTOR ( 'NONE', #4146, 1000.000000000000000 ) ;
#5626 = EDGE_LOOP ( 'NONE', ( #3386, #6218, #3898, #591 ) ) ;
#5627 = AXIS2_PLACEMENT_3D ( 'NONE', #2013, #562, #3016 ) ;
#5628 = EDGE_CURVE ( 'NONE', #5369, #4822, #2460, .T. ) ;
#5629 = AXIS2_PLACEMENT_3D ( 'NONE', #1276, #3274, #3311 ) ;
#5630 = PLANE ( 'NONE',  #4130 ) ;
#5631 = ORIENTED_EDGE ( 'NONE', *, *, #1203, .T. ) ;
#5632 = EDGE_CURVE ( 'NONE', #667, #67, #4516, .T. ) ;
#5633 = DIRECTION ( 'NONE',  ( 1.000000000000000000, 0.000000000000000000, 0.000000000000000000 ) ) ;
#5634 = VECTOR ( 'NONE', #1122, 1000.000000000000000 ) ;
#5635 = LINE ( 'NONE', #2579, #6003 ) ;
#5636 = VECTOR ( 'NONE', #4342, 1000.000000000000000 ) ;
#5637 = DIRECTION ( 'NONE',  ( 0.000000000000000000, 0.000000000000000000, 1.000000000000000000 ) ) ;
#5638 = CARTESIAN_POINT ( 'NONE',  ( 3.700000000000275069, 0.8899999999999999023, 0.05500000000000000028 ) ) ;
#5639 = ORIENTED_EDGE ( 'NONE', *, *, #2336, .T. ) ;
#5640 = ADVANCED_FACE ( 'NONE', ( #2998 ), #5577, .T. ) ;
#5641 = LINE ( 'NONE', #2997, #5869 ) ;
#5642 = CYLINDRICAL_SURFACE ( 'NONE', #1778, 0.05000000000001845329 ) ;
#5643 = DIRECTION ( 'NONE',  ( 0.000000000000000000, 0.000000000000000000, 1.000000000000000000 ) ) ;
#5644 =( BOUNDED_CURVE ( )  B_SPLINE_CURVE ( 3, ( #2070, #1631, #2596, #5655 ),
 .UNSPECIFIED., .F., .F. ) 
 B_SPLINE_CURVE_WITH_KNOTS ( ( 4, 4 ),
 ( -9.769962616701377556E-15, 0.7703190329012231663 ),
 .UNSPECIFIED. ) 
 CURVE ( )  GEOMETRIC_REPRESENTATION_ITEM ( )  RATIONAL_B_SPLINE_CURVE ( ( 1.000000000000000000, 0.9511590086810162159, 0.9511590086810162159, 1.000000000000000000 ) ) 
 REPRESENTATION_ITEM ( '' )  );
#5645 = FILL_AREA_STYLE_COLOUR ( '', #6004 ) ;
#5646 = VERTEX_POINT ( 'NONE', #3531 ) ;
#5647 = AXIS2_PLACEMENT_3D ( 'NONE', #3643, #5058, #3229 ) ;
#5648 = DIRECTION ( 'NONE',  ( 0.000000000000000000, 1.000000000000000000, 0.000000000000000000 ) ) ;
#5649 = FACE_OUTER_BOUND ( 'NONE', #2756, .T. ) ;
#5650 = CARTESIAN_POINT ( 'NONE',  ( 0.4800000000000180234, 0.009999999999969588771, 0.2100000000000000200 ) ) ;
#5651 = LINE ( 'NONE', #4082, #3527 ) ;
#5652 = EDGE_LOOP ( 'NONE', ( #334, #3799, #6366, #4260 ) ) ;
#5653 = AXIS2_PLACEMENT_3D ( 'NONE', #5947, #3459, #857 ) ;
#5654 = VECTOR ( 'NONE', #2582, 1000.000000000000000 ) ;
#5655 = CARTESIAN_POINT ( 'NONE',  ( 0.5538605814759310908, -0.4200000000000000400, 0.2100000000000000200 ) ) ;
#5656 = AXIS2_PLACEMENT_3D ( 'NONE', #2366, #4415, #822 ) ;
#5657 = VERTEX_POINT ( 'NONE', #5271 ) ;
#5658 = ORIENTED_EDGE ( 'NONE', *, *, #5751, .T. ) ;
#5659 = CARTESIAN_POINT ( 'NONE',  ( 0.6741208422372440001, -0.2258791577628045111, 0.7900000000000000355 ) ) ;
#5660 = AXIS2_PLACEMENT_3D ( 'NONE', #1108, #5230, #2606 ) ;
#5661 = ADVANCED_FACE ( 'NONE', ( #1686 ), #5642, .T. ) ;
#5662 = CARTESIAN_POINT ( 'NONE',  ( 0.000000000000000000, 0.2849999999999965339, 0.000000000000000000 ) ) ;
#5663 = CARTESIAN_POINT ( 'NONE',  ( 0.5067445124636222875, 1.337944536565310649, 0.2100000000000000200 ) ) ;
#5664 = ORIENTED_EDGE ( 'NONE', *, *, #2383, .T. ) ;
#5665 = VECTOR ( 'NONE', #2593, 1000.000000000000000 ) ;
#5666 = CARTESIAN_POINT ( 'NONE',  ( 3.198500007531808631, -0.3985000075317753354, 0.2100000000000000200 ) ) ;
#5667 = VERTEX_POINT ( 'NONE', #116 ) ;
#5668 = PLANE ( 'NONE',  #2881 ) ;
#5669 = EDGE_CURVE ( 'NONE', #3316, #3737, #1117, .T. ) ;
#5670 = DIRECTION ( 'NONE',  ( 1.000000000000000000, 6.269494727294420222E-14, 0.000000000000000000 ) ) ;
#5671 = ADVANCED_FACE ( 'NONE', ( #20 ), #5206, .T. ) ;
#5672 = LINE ( 'NONE', #2119, #1888 ) ;
#5673 = CARTESIAN_POINT ( 'NONE',  ( 1.850000000000024958, 0.4500000000000000111, 0.2100000000000000200 ) ) ;
#5674 = ORIENTED_EDGE ( 'NONE', *, *, #1995, .T. ) ;
#5675 = EDGE_CURVE ( 'NONE', #4144, #1314, #3601, .T. ) ;
#5676 = VECTOR ( 'NONE', #1176, 1000.000000000000000 ) ;
#5677 = STYLED_ITEM ( 'NONE', ( #4961 ), #5581 ) ;
#5678 = DIRECTION ( 'NONE',  ( -0.6860968888036230728, 0.6860968888032924484, 0.2419547857522797996 ) ) ;
#5679 = EDGE_CURVE ( 'NONE', #2700, #256, #2426, .T. ) ;
#5680 = DIRECTION ( 'NONE',  ( 0.000000000000000000, 0.000000000000000000, 1.000000000000000000 ) ) ;
#5681 = DIRECTION ( 'NONE',  ( 0.000000000000000000, 0.000000000000000000, -1.000000000000000000 ) ) ;
#5682 = DIRECTION ( 'NONE',  ( 0.000000000000000000, 0.000000000000000000, 1.000000000000000000 ) ) ;
#5683 = EDGE_CURVE ( 'NONE', #5762, #1052, #608, .T. ) ;
#5684 = ORIENTED_EDGE ( 'NONE', *, *, #911, .F. ) ;
#5685 = LINE ( 'NONE', #4007, #3081 ) ;
#5686 = FACE_OUTER_BOUND ( 'NONE', #2987, .T. ) ;
#5687 = DIRECTION ( 'NONE',  ( 1.000000000000000000, 3.612929164882019808E-14, 0.000000000000000000 ) ) ;
#5688 = CARTESIAN_POINT ( 'NONE',  ( 3.675000000000409717, 0.6149999999999450351, 0.2200000000000000011 ) ) ;
#5689 = ORIENTED_EDGE ( 'NONE', *, *, #703, .F. ) ;
#5690 = DIRECTION ( 'NONE',  ( -1.000000000000000000, 0.000000000000000000, 0.000000000000000000 ) ) ;
#5691 = ORIENTED_EDGE ( 'NONE', *, *, #6572, .F. ) ;
#5692 = VERTEX_POINT ( 'NONE', #575 ) ;
#5693 = CARTESIAN_POINT ( 'NONE',  ( 3.121802131519984869, -0.3218021315200090271, 0.01000000000000000021 ) ) ;
#5694 = CARTESIAN_POINT ( 'NONE',  ( 3.146139418524060094, 1.320000000000000062, 0.2100000000000000200 ) ) ;
#5695 = LINE ( 'NONE', #5564, #2728 ) ;
#5696 = ORIENTED_EDGE ( 'NONE', *, *, #6065, .T. ) ;
#5697 = ADVANCED_FACE ( 'NONE', ( #673 ), #3187, .T. ) ;
#5698 = DIRECTION ( 'NONE',  ( -0.1736481776670135424, -1.045630942536280167E-14, -0.9848077530121932543 ) ) ;
#5699 = ORIENTED_EDGE ( 'NONE', *, *, #4688, .F. ) ;
#5700 = CARTESIAN_POINT ( 'NONE',  ( 3.209280827981274786, -2.131628207280299927E-14, 0.1492085546078477931 ) ) ;
#5701 = DIRECTION ( 'NONE',  ( 1.136868377215902005E-12, -1.000000000000000000, 0.000000000000000000 ) ) ;
#5702 = CARTESIAN_POINT ( 'NONE',  ( 3.700000000000275069, 0.3674999999999430389, 0.2100000000000000200 ) ) ;
#5703 = PLANE ( 'NONE',  #4262 ) ;
#5704 = ORIENTED_EDGE ( 'NONE', *, *, #3325, .F. ) ;
#5705 = EDGE_LOOP ( 'NONE', ( #2198, #4025, #1965, #3858 ) ) ;
#5706 = EDGE_CURVE ( 'NONE', #1277, #1747, #3123, .T. ) ;
#5707 = LINE ( 'NONE', #5204, #6402 ) ;
#5708 = EDGE_CURVE ( 'NONE', #3113, #4395, #5170, .T. ) ;
#5709 = DIRECTION ( 'NONE',  ( 0.000000000000000000, 0.000000000000000000, -1.000000000000000000 ) ) ;
#5710 = CARTESIAN_POINT ( 'NONE',  ( 0.5781978684800610502, 1.221802131519994061, 0.08500000000000000611 ) ) ;
#5711 = ORIENTED_EDGE ( 'NONE', *, *, #3144, .F. ) ;
#5712 = LINE ( 'NONE', #3252, #4798 ) ;
#5713 = CARTESIAN_POINT ( 'NONE',  ( 1.265000000000042091, 0.8899999999999219646, 0.01000000000000000021 ) ) ;
#5714 = EDGE_CURVE ( 'NONE', #261, #5496, #2616, .T. ) ;
#5715 = LINE ( 'NONE', #5149, #4346 ) ;
#5716 = FACE_OUTER_BOUND ( 'NONE', #6335, .T. ) ;
#5717 = DIRECTION ( 'NONE',  ( 0.000000000000000000, -1.000000000000000000, 0.000000000000000000 ) ) ;
#5718 = ORIENTED_EDGE ( 'NONE', *, *, #4892, .T. ) ;
#5719 = ORIENTED_EDGE ( 'NONE', *, *, #2706, .F. ) ;
#5720 = LINE ( 'NONE', #6385, #6395 ) ;
#5721 = ORIENTED_EDGE ( 'NONE', *, *, #4462, .T. ) ;
#5722 = CARTESIAN_POINT ( 'NONE',  ( 2.900000000000090061, 0.06000000000003070239, 0.06000000000000130229 ) ) ;
#5723 = CARTESIAN_POINT ( 'NONE',  ( 3.400310046294864996, 0.4499999999999599876, 0.2200000000000000011 ) ) ;
#5724 = ORIENTED_EDGE ( 'NONE', *, *, #4352, .T. ) ;
#5725 = AXIS2_PLACEMENT_3D ( 'NONE', #6391, #3746, #2736 ) ;
#5726 = FACE_OUTER_BOUND ( 'NONE', #741, .T. ) ;
#5727 = CARTESIAN_POINT ( 'NONE',  ( 3.184534679710299798, -0.4124653353533486166, 0.2100000000000000200 ) ) ;
#5728 = AXIS2_PLACEMENT_3D ( 'NONE', #417, #4911, #816 ) ;
#5729 = ORIENTED_EDGE ( 'NONE', *, *, #2556, .T. ) ;
#5730 = VECTOR ( 'NONE', #5004, 1000.000000000000227 ) ;
#5731 = CARTESIAN_POINT ( 'NONE',  ( 1.220000000000025953, 0.8999999999999199751, 0.2100000000000000200 ) ) ;
#5732 = CARTESIAN_POINT ( 'NONE',  ( 3.150000000000090061, 0.8900000000000148903, 0.2100000000000000200 ) ) ;
#5733 = EDGE_CURVE ( 'NONE', #5657, #4525, #2629, .T. ) ;
#5734 = VECTOR ( 'NONE', #5698, 1000.000000000000227 ) ;
#5735 = CARTESIAN_POINT ( 'NONE',  ( 2.900000000000090061, 0.01000000000001932156, 0.01000000000000000021 ) ) ;
#5736 = CIRCLE ( 'NONE', #3382, 0.05000000000001850881 ) ;
#5737 = ORIENTED_EDGE ( 'NONE', *, *, #6563, .T. ) ;
#5738 = EDGE_CURVE ( 'NONE', #1632, #2141, #1362, .T. ) ;
#5739 = APPLICATION_CONTEXT ( 'automotive_design' ) ;
#5740 = VECTOR ( 'NONE', #1928, 1000.000000000000227 ) ;
#5741 = CARTESIAN_POINT ( 'NONE',  ( 0.4800000000000180234, 1.319999999999980078, 0.2100000000000000200 ) ) ;
#5742 = CIRCLE ( 'NONE', #2855, 0.07499999999999999722 ) ;
#5743 = DIRECTION ( 'NONE',  ( -1.000000000000000000, 5.224578939412010120E-14, 0.000000000000000000 ) ) ;
#5744 = DIRECTION ( 'NONE',  ( 0.000000000000000000, 0.000000000000000000, -1.000000000000000000 ) ) ;
#5745 = SHAPE_DEFINITION_REPRESENTATION ( #4351, #2910 ) ;
#5746 = ORIENTED_EDGE ( 'NONE', *, *, #2977, .T. ) ;
#5747 = LINE ( 'NONE', #2190, #201 ) ;
#5748 = DIRECTION ( 'NONE',  ( 0.000000000000000000, 0.000000000000000000, 1.000000000000000000 ) ) ;
#5749 = ADVANCED_FACE ( 'NONE', ( #1148 ), #6172, .T. ) ;
#5750 = DIRECTION ( 'NONE',  ( 1.000000000000000000, 4.973777466273291383E-13, 0.000000000000000000 ) ) ;
#5751 = EDGE_CURVE ( 'NONE', #1193, #2812, #823, .T. ) ;
#5752 = CARTESIAN_POINT ( 'NONE',  ( 3.121802131519984869, 1.221802131520014045, 0.08500000000000000611 ) ) ;
#5753 = PRESENTATION_LAYER_ASSIGNMENT (  '', '', ( #3507 ) ) ;
#5754 = EDGE_LOOP ( 'NONE', ( #4969, #4391, #5639, #1330 ) ) ;
#5755 = VERTEX_POINT ( 'NONE', #2685 ) ;
#5756 = LINE ( 'NONE', #1195, #833 ) ;
#5757 = VERTEX_POINT ( 'NONE', #3095 ) ;
#5758 = LINE ( 'NONE', #2296, #1599 ) ;
#5759 = CIRCLE ( 'NONE', #4904, 0.1199999999999921685 ) ;
#5760 = DIRECTION ( 'NONE',  ( -1.000000000000000000, -1.235047692136172952E-13, 0.000000000000000000 ) ) ;
#5761 = VECTOR ( 'NONE', #1833, 1000.000000000000000 ) ;
#5762 = VERTEX_POINT ( 'NONE', #2089 ) ;
#5763 = CARTESIAN_POINT ( 'NONE',  ( 3.109999999999999876, 0.8899999999999789191, 0.01000000000000020144 ) ) ;
#5764 = ADVANCED_FACE ( 'NONE', ( #4136 ), #1551, .T. ) ;
#5765 = LINE ( 'NONE', #2702, #3376 ) ;
#5766 = AXIS2_PLACEMENT_3D ( 'NONE', #6294, #1310, #4258 ) ;
#5767 = PRODUCT_RELATED_PRODUCT_CATEGORY ( 'part', '', ( #4449 ) ) ;
#5768 = ORIENTED_EDGE ( 'NONE', *, *, #4196, .F. ) ;
#5769 = VECTOR ( 'NONE', #3186, 1000.000000000000000 ) ;
#5770 = DIRECTION ( 'NONE',  ( 0.000000000000000000, 0.000000000000000000, 1.000000000000000000 ) ) ;
#5771 = LINE ( 'NONE', #2705, #1612 ) ;
#5772 = CIRCLE ( 'NONE', #2127, 0.1199999999999919464 ) ;
#5773 = DIRECTION ( 'NONE',  ( 1.000000000000000000, 0.000000000000000000, 0.000000000000000000 ) ) ;
#5774 = VERTEX_POINT ( 'NONE', #317 ) ;
#5775 = ORIENTED_EDGE ( 'NONE', *, *, #5632, .T. ) ;
#5776 = VECTOR ( 'NONE', #2601, 1000.000000000000000 ) ;
#5777 = DIRECTION ( 'NONE',  ( 0.000000000000000000, -1.000000000000000000, 0.000000000000000000 ) ) ;
#5778 = DIRECTION ( 'NONE',  ( 0.000000000000000000, 0.000000000000000000, 1.000000000000000000 ) ) ;
#5779 = CARTESIAN_POINT ( 'NONE',  ( 0.000000000000000000, 0.009999999999998008746, 0.01000000000000000021 ) ) ;
#5780 = APPLICATION_PROTOCOL_DEFINITION ( 'draft international standard', 'automotive_design', 1998, #6206 ) ;
#5781 = ORIENTED_EDGE ( 'NONE', *, *, #2355, .T. ) ;
#5782 = CARTESIAN_POINT ( 'NONE',  ( 3.025879157762799920, 1.125879157762802008, 0.7900000000000000355 ) ) ;
#5783 = DIRECTION ( 'NONE',  ( 0.000000000000000000, 0.000000000000000000, -1.000000000000000000 ) ) ;
#5784 =( GEOMETRIC_REPRESENTATION_CONTEXT ( 3 ) GLOBAL_UNCERTAINTY_ASSIGNED_CONTEXT ( ( #616 ) ) GLOBAL_UNIT_ASSIGNED_CONTEXT ( ( #2441, #3884, #5429 ) ) REPRESENTATION_CONTEXT ( 'NONE', 'WORKASPACE' ) );
#5786 = DIRECTION ( 'NONE',  ( -3.533589775334555216E-14, 1.000000000000000000, -2.965033877216739765E-14 ) ) ;
#5785 = PRODUCT_DEFINITION_CONTEXT ( 'detailed design', #2311, 'design' ) ;
#5787 = LINE ( 'NONE', #2292, #5636 ) ;
#5788 = ORIENTED_EDGE ( 'NONE', *, *, #404, .F. ) ;
#5789 = ORIENTED_EDGE ( 'NONE', *, *, #350, .F. ) ;
#5790 = CARTESIAN_POINT ( 'NONE',  ( 1.075915838023036031, 0.8899999999999369527, 0.06000000000000140638 ) ) ;
#5791 = ORIENTED_EDGE ( 'NONE', *, *, #5292, .F. ) ;
#5792 = DIRECTION ( 'NONE',  ( 0.000000000000000000, 0.000000000000000000, 1.000000000000000000 ) ) ;
#5793 = EDGE_CURVE ( 'NONE', #1365, #1680, #4353, .T. ) ;
#5794 = DIRECTION ( 'NONE',  ( 0.5901122987867467584, 0.000000000000000000, 0.8073211720378831169 ) ) ;
#5795 = ORIENTED_EDGE ( 'NONE', *, *, #2359, .F. ) ;
#5796 = DIRECTION ( 'NONE',  ( 0.8073211720376254341, 9.035018104046220751E-17, 0.5901122987870991432 ) ) ;
#5797 = EDGE_CURVE ( 'NONE', #1069, #3549, #776, .T. ) ;
#5798 = CIRCLE ( 'NONE', #5579, 0.07500000000000002498 ) ;
#5799 = ORIENTED_EDGE ( 'NONE', *, *, #6576, .F. ) ;
#5800 = CARTESIAN_POINT ( 'NONE',  ( 0.5043372870040910838, -0.3218021315200160215, 0.07197638667496689124 ) ) ;
#5801 = CARTESIAN_POINT ( 'NONE',  ( 0.9250000000000110356, 0.009999999999955379651, 0.01000000000000000021 ) ) ;
#5802 = ORIENTED_EDGE ( 'NONE', *, *, #5368, .T. ) ;
#5803 = EDGE_CURVE ( 'NONE', #4489, #1960, #3826, .T. ) ;
#5804 = DIRECTION ( 'NONE',  ( -0.6860968888037120017, -0.6860968888031844237, -0.2419547857523340895 ) ) ;
#5805 = VERTEX_POINT ( 'NONE', #1250 ) ;
#5806 = ORIENTED_EDGE ( 'NONE', *, *, #5462, .F. ) ;
#5807 = ORIENTED_EDGE ( 'NONE', *, *, #1895, .F. ) ;
#5808 = ORIENTED_EDGE ( 'NONE', *, *, #6037, .T. ) ;
#5809 = CARTESIAN_POINT ( 'NONE',  ( 3.146139418524060094, 1.320000000000000062, 0.2100000000000000200 ) ) ;
#5810 = LINE ( 'NONE', #4304, #4571 ) ;
#5811 = DIRECTION ( 'NONE',  ( 1.000000000000000000, 0.000000000000000000, 0.000000000000000000 ) ) ;
#5812 = VERTEX_POINT ( 'NONE', #247 ) ;
#5813 = DIRECTION ( 'NONE',  ( -0.8073211720376252121, 3.670476104768635624E-16, 0.5901122987870996983 ) ) ;
#5814 = CARTESIAN_POINT ( 'NONE',  ( 0.000000000000000000, 0.6749999999999329869, 0.2100000000000000200 ) ) ;
#5815 = PRESENTATION_STYLE_ASSIGNMENT (( #617 ) ) ;
#5816 = EDGE_CURVE ( 'NONE', #6095, #4464, #4774, .T. ) ;
#5817 = CARTESIAN_POINT ( 'NONE',  ( 2.200000000000160050, 1.074999999999973976, 2.081668171172170239E-16 ) ) ;
#5818 = VERTEX_POINT ( 'NONE', #2754 ) ;
#5819 = EDGE_LOOP ( 'NONE', ( #1972, #2121, #1376, #3424, #1819 ) ) ;
#5820 = SURFACE_STYLE_FILL_AREA ( #3769 ) ;
#5821 = ORIENTED_EDGE ( 'NONE', *, *, #3310, .T. ) ;
#5822 = CARTESIAN_POINT ( 'NONE',  ( 3.248236730193184929, -2.131628207280299927E-14, 0.2200000000000000011 ) ) ;
#5823 = CARTESIAN_POINT ( 'NONE',  ( 0.6800000000000639977, 0.8899999999999999023, 0.01000000000000000021 ) ) ;
#5824 = ORIENTED_EDGE ( 'NONE', *, *, #5379, .T. ) ;
#5825 = EDGE_CURVE ( 'NONE', #5055, #2339, #2259, .T. ) ;
#5826 = LINE ( 'NONE', #5321, #585 ) ;
#5827 = EDGE_CURVE ( 'NONE', #1314, #1312, #1750, .T. ) ;
#5828 = ORIENTED_EDGE ( 'NONE', *, *, #6621, .T. ) ;
#5829 = LINE ( 'NONE', #4323, #3725 ) ;
#5830 = PLANE ( 'NONE',  #941 ) ;
#5831 = ORIENTED_EDGE ( 'NONE', *, *, #3241, .T. ) ;
#5832 = EDGE_CURVE ( 'NONE', #1670, #1637, #4272, .T. ) ;
#5833 = EDGE_CURVE ( 'NONE', #4489, #5965, #3282, .T. ) ;
#5834 = CYLINDRICAL_SURFACE ( 'NONE', #6594, 0.07499999999999994171 ) ;
#5835 = CIRCLE ( 'NONE', #3478, 0.1199999999999999956 ) ;
#5836 = ORIENTED_EDGE ( 'NONE', *, *, #1164, .F. ) ;
#5837 = ORIENTED_EDGE ( 'NONE', *, *, #5669, .T. ) ;
#5838 = AXIS2_PLACEMENT_3D ( 'NONE', #1208, #1780, #5773 ) ;
#5839 = ORIENTED_EDGE ( 'NONE', *, *, #5352, .F. ) ;
#5840 = DIRECTION ( 'NONE',  ( -0.5082206017322783431, 0.5082206017326686975, -0.6952867321827486125 ) ) ;
#5841 = VECTOR ( 'NONE', #2126, 1000.000000000000000 ) ;
#5842 = DIRECTION ( 'NONE',  ( 0.000000000000000000, 0.000000000000000000, 1.000000000000000000 ) ) ;
#5843 = FACE_OUTER_BOUND ( 'NONE', #4192, .T. ) ;
#5844 = EDGE_CURVE ( 'NONE', #1033, #2348, #4373, .T. ) ;
#5845 = EDGE_LOOP ( 'NONE', ( #52, #4941, #2595, #5548, #170 ) ) ;
#5846 = CARTESIAN_POINT ( 'NONE',  ( 3.166060553929010535, 1.221802131520014045, 0.02445091209717867309 ) ) ;
#5847 = DIRECTION ( 'NONE',  ( 0.6427876096862179534, 0.000000000000000000, -0.7660444431192475756 ) ) ;
#5849 = FACE_OUTER_BOUND ( 'NONE', #3119, .T. ) ;
#5848 = UNCERTAINTY_MEASURE_WITH_UNIT (LENGTH_MEASURE( 1.000000000000000082E-05 ), #5383, 'distance_accuracy_value', 'NONE');
#5850 = AXIS2_PLACEMENT_3D ( 'NONE', #815, #1788, #6307 ) ;
#5851 = AXIS2_PLACEMENT_3D ( 'NONE', #4953, #2461, #1329 ) ;
#5852 = CARTESIAN_POINT ( 'NONE',  ( 3.025879157762799920, 1.203013670925189738, 0.8819253331742815671 ) ) ;
#5853 = ORIENTED_EDGE ( 'NONE', *, *, #4032, .T. ) ;
#5854 = VECTOR ( 'NONE', #5842, 1000.000000000000000 ) ;
#5855 = ORIENTED_EDGE ( 'NONE', *, *, #3699, .T. ) ;
#5856 = CARTESIAN_POINT ( 'NONE',  ( 2.900000000000090061, 0.06000000000003070239, 0.01000000000000020144 ) ) ;
#5857 = CARTESIAN_POINT ( 'NONE',  ( 0.5899999999999749889, 0.8899999999999999023, 1.040834085586084010E-16 ) ) ;
#5858 = DIRECTION ( 'NONE',  ( 0.000000000000000000, 0.000000000000000000, -1.000000000000000000 ) ) ;
#5859 = VERTEX_POINT ( 'NONE', #280 ) ;
#5860 = PLANE ( 'NONE',  #3050 ) ;
#5861 = EDGE_CURVE ( 'NONE', #5757, #4556, #2104, .T. ) ;
#5862 = EDGE_LOOP ( 'NONE', ( #6382, #1855, #435, #5691 ) ) ;
#5863 = VECTOR ( 'NONE', #654, 1000.000000000000000 ) ;
#5864 = CARTESIAN_POINT ( 'NONE',  ( 0.5781978684800610502, 0.8899999999999579359, 0.08500000000000000611 ) ) ;
#5865 = CARTESIAN_POINT ( 'NONE',  ( 0.5339394460709919743, 1.221802131519994061, 0.02445091209715049771 ) ) ;
#5866 = EDGE_LOOP ( 'NONE', ( #5073, #363, #3041, #3222 ) ) ;
#5867 = AXIS2_PLACEMENT_3D ( 'NONE', #6049, #6142, #5113 ) ;
#5868 = CYLINDRICAL_SURFACE ( 'NONE', #4126, 0.1249999999999858030 ) ;
#5869 = VECTOR ( 'NONE', #5044, 1000.000000000000000 ) ;
#5870 = ORIENTED_EDGE ( 'NONE', *, *, #999, .F. ) ;
#5871 = EDGE_LOOP ( 'NONE', ( #3738, #3217, #5936, #6321 ) ) ;
#5872 = EDGE_CURVE ( 'NONE', #6535, #5762, #3066, .T. ) ;
#5873 = ORIENTED_EDGE ( 'NONE', *, *, #1408, .T. ) ;
#5874 = AXIS2_PLACEMENT_3D ( 'NONE', #3084, #2678, #917 ) ;
#5875 = EDGE_CURVE ( 'NONE', #2074, #5217, #1859, .T. ) ;
#5876 = VERTEX_POINT ( 'NONE', #4839 ) ;
#5877 = VECTOR ( 'NONE', #4110, 1000.000000000000000 ) ;
#5878 = CARTESIAN_POINT ( 'NONE',  ( 3.173259398180270807, -0.3732593981802480032, 0.06685339106856665048 ) ) ;
#5879 = LINE ( 'NONE', #185, #4471 ) ;
#5880 = DIRECTION ( 'NONE',  ( 1.000000000000000000, 0.000000000000000000, 0.000000000000000000 ) ) ;
#5881 = CIRCLE ( 'NONE', #954, 0.1249999999999858030 ) ;
#5882 = EDGE_CURVE ( 'NONE', #3278, #6529, #5942, .T. ) ;
#5883 = ORIENTED_EDGE ( 'NONE', *, *, #4503, .T. ) ;
#5884 = LINE ( 'NONE', #5481, #5761 ) ;
#5885 = LINE ( 'NONE', #3395, #124 ) ;
#5886 = ADVANCED_FACE ( 'NONE', ( #5445 ), #2256, .F. ) ;
#5887 = CARTESIAN_POINT ( 'NONE',  ( 3.121802131520325041, 0.8849999999999840217, 0.08500000000000000611 ) ) ;
#5888 = FACE_OUTER_BOUND ( 'NONE', #5652, .T. ) ;
#5889 = AXIS2_PLACEMENT_3D ( 'NONE', #51, #6052, #4585 ) ;
#5890 = ORIENTED_EDGE ( 'NONE', *, *, #6518, .T. ) ;
#5891 = VERTEX_POINT ( 'NONE', #1289 ) ;
#5892 = PRESENTATION_LAYER_ASSIGNMENT (  '', '', ( #2785 ) ) ;
#5893 = CARTESIAN_POINT ( 'NONE',  ( 3.550000000000125056, 0.4000000000000339950, 0.2100000000000000200 ) ) ;
#5894 = VERTEX_POINT ( 'NONE', #3864 ) ;
#5895 = DIRECTION ( 'NONE',  ( 0.000000000000000000, 0.000000000000000000, 1.000000000000000000 ) ) ;
#5896 = CARTESIAN_POINT ( 'NONE',  ( 0.000000000000000000, 0.3674999999999430389, 0.2100000000000000200 ) ) ;
#5897 = ORIENTED_EDGE ( 'NONE', *, *, #5560, .F. ) ;
#5898 = CARTESIAN_POINT ( 'NONE',  ( 2.900000000000090061, 0.06000000000003070239, 0.01000000000000000021 ) ) ;
#5899 = DIRECTION ( 'NONE',  ( 1.000000000000000000, 0.000000000000000000, 0.000000000000000000 ) ) ;
#5900 = ORIENTED_EDGE ( 'NONE', *, *, #4630, .T. ) ;
#5901 = FACE_OUTER_BOUND ( 'NONE', #3777, .T. ) ;
#5902 = CARTESIAN_POINT ( 'NONE',  ( 3.025879157762799920, -0.2258791577628115055, 0.7900000000000000355 ) ) ;
#5903 = ORIENTED_EDGE ( 'NONE', *, *, #6367, .F. ) ;
#5904 = EDGE_CURVE ( 'NONE', #801, #113, #5810, .T. ) ;
#5905 = CYLINDRICAL_SURFACE ( 'NONE', #5629, 0.07499999999999991396 ) ;
#5906 = VERTEX_POINT ( 'NONE', #6373 ) ;
#5907 = ORIENTED_EDGE ( 'NONE', *, *, #1737, .F. ) ;
#5908 = VERTEX_POINT ( 'NONE', #5912 ) ;
#5909 = ORIENTED_EDGE ( 'NONE', *, *, #105, .F. ) ;
#5910 = AXIS2_PLACEMENT_3D ( 'NONE', #679, #1725, #4208 ) ;
#5911 = DIRECTION ( 'NONE',  ( 1.000000000000000000, -3.383536836954105029E-14, 0.000000000000000000 ) ) ;
#5912 = CARTESIAN_POINT ( 'NONE',  ( 0.5043372870040910838, 0.8999999999999630518, 0.07197638667496689124 ) ) ;
#5913 = CARTESIAN_POINT ( 'NONE',  ( 0.6800000000000639977, 0.009999999999969588771, 0.2100000000000000200 ) ) ;
#5914 = EDGE_CURVE ( 'NONE', #2746, #1983, #5879, .T. ) ;
#5915 = ORIENTED_EDGE ( 'NONE', *, *, #5714, .F. ) ;
#5916 = LINE ( 'NONE', #1359, #3615 ) ;
#5917 = CARTESIAN_POINT ( 'NONE',  ( 3.159657311566648641, -0.3596573115666312215, -0.01028787545212713969 ) ) ;
#5918 = EDGE_CURVE ( 'NONE', #4748, #3364, #5314, .T. ) ;
#5919 = DIRECTION ( 'NONE',  ( 0.000000000000000000, 0.000000000000000000, -1.000000000000000000 ) ) ;
#5920 = CARTESIAN_POINT ( 'NONE',  ( 0.5781978684800039847, -0.3218021315200160215, 0.08500000000000000611 ) ) ;
#5921 = ORIENTED_EDGE ( 'NONE', *, *, #5507, .T. ) ;
#5922 = VERTEX_POINT ( 'NONE', #1516 ) ;
#5923 = EDGE_CURVE ( 'NONE', #5439, #771, #2111, .T. ) ;
#5924 = FACE_OUTER_BOUND ( 'NONE', #4420, .T. ) ;
#5925 = LINE ( 'NONE', #864, #2492 ) ;
#5926 = CARTESIAN_POINT ( 'NONE',  ( 2.200000000000104983, -0.2250000000000000056, 2.081668171172170239E-16 ) ) ;
#5927 = CARTESIAN_POINT ( 'NONE',  ( 3.193255487536427850, -0.4379445365653235611, 0.2099999999999999922 ) ) ;
#5928 = ORIENTED_EDGE ( 'NONE', *, *, #4880, .F. ) ;
#5929 = DIRECTION ( 'NONE',  ( -0.6427876096867575217, 0.000000000000000000, -0.7660444431187950487 ) ) ;
#5930 = DIRECTION ( 'NONE',  ( -0.1710878697461170606, 0.1710878697460480602, -0.9702875252477973778 ) ) ;
#5931 = ORIENTED_EDGE ( 'NONE', *, *, #2676, .T. ) ;
#5932 = CARTESIAN_POINT ( 'NONE',  ( 3.700000000000045475, 0.8899999999999859135, 0.01000000000000000021 ) ) ;
#5933 = DIRECTION ( 'NONE',  ( -1.000000000000000000, -5.075305255429470170E-15, 0.000000000000000000 ) ) ;
#5934 = ORIENTED_EDGE ( 'NONE', *, *, #1134, .T. ) ;
#5935 = CARTESIAN_POINT ( 'NONE',  ( 0.1399999999999294031, 0.4000000000000200062, 0.000000000000000000 ) ) ;
#5936 = ORIENTED_EDGE ( 'NONE', *, *, #4903, .F. ) ;
#5937 = ORIENTED_EDGE ( 'NONE', *, *, #2185, .F. ) ;
#5938 = EDGE_CURVE ( 'NONE', #1528, #944, #3024, .T. ) ;
#5939 = VERTEX_POINT ( 'NONE', #3970 ) ;
#5940 = VECTOR ( 'NONE', #204, 1000.000000000000000 ) ;
#5941 = FACE_OUTER_BOUND ( 'NONE', #3605, .T. ) ;
#5942 = LINE ( 'NONE', #4332, #69 ) ;
#5943 = DIRECTION ( 'NONE',  ( 1.000000000000000000, -5.224578939412010120E-14, 0.000000000000000000 ) ) ;
#5944 = VERTEX_POINT ( 'NONE', #982 ) ;
#5945 = EDGE_CURVE ( 'NONE', #310, #5342, #1391, .T. ) ;
#5946 = VECTOR ( 'NONE', #854, 1000.000000000000000 ) ;
#5947 = CARTESIAN_POINT ( 'NONE',  ( 0.6800000000000000488, -0.09000000000003180456, 0.01000000000000000021 ) ) ;
#5948 = CIRCLE ( 'NONE', #6157, 0.1200000000000065598 ) ;
#5949 = DIRECTION ( 'NONE',  ( -1.000000000000000000, -4.263625043298273300E-13, 0.000000000000000000 ) ) ;
#5950 = CARTESIAN_POINT ( 'NONE',  ( 0.6568991867164665210, 1.242276374767487424, 0.8135606123580870763 ) ) ;
#5951 = VECTOR ( 'NONE', #4152, 1000.000000000000000 ) ;
#5952 = CARTESIAN_POINT ( 'NONE',  ( 3.144056088124274950, 1.125879157762810001, 0.8108377813200310369 ) ) ;
#5953 = CARTESIAN_POINT ( 'NONE',  ( 0.5200000000002089617, 0.009999999999969588771, 0.1600000000000000033 ) ) ;
#5954 = VERTEX_POINT ( 'NONE', #853 ) ;
#5955 = DIRECTION ( 'NONE',  ( 1.000000000000000000, -8.006115332508080925E-14, 0.000000000000000000 ) ) ;
#5956 = EDGE_CURVE ( 'NONE', #2282, #5085, #416, .T. ) ;
#5957 = CARTESIAN_POINT ( 'NONE',  ( 0.5559439118757719678, 1.125879157762796012, 0.8108377813200310369 ) ) ;
#5958 = DIRECTION ( 'NONE',  ( 0.000000000000000000, 1.000000000000000000, 0.000000000000000000 ) ) ;
#5959 = DIRECTION ( 'NONE',  ( -0.9848077530121993606, 0.000000000000000000, -0.1736481776669799304 ) ) ;
#5960 = ORIENTED_EDGE ( 'NONE', *, *, #4159, .F. ) ;
#5961 = EDGE_CURVE ( 'NONE', #5876, #1731, #5203, .T. ) ;
#5962 = AXIS2_PLACEMENT_3D ( 'NONE', #5340, #1320, #3759 ) ;
#5963 = PLANE ( 'NONE',  #6475 ) ;
#5964 = DIRECTION ( 'NONE',  ( 0.000000000000000000, -1.000000000000000000, 0.000000000000000000 ) ) ;
#5965 = VERTEX_POINT ( 'NONE', #1989 ) ;
#5966 = LINE ( 'NONE', #3447, #5125 ) ;
#5967 = CARTESIAN_POINT ( 'NONE',  ( 3.195662712996179877, 0.009999999999969588771, 0.07197638667496689124 ) ) ;
#5968 = ORIENTED_EDGE ( 'NONE', *, *, #1646, .F. ) ;
#5969 = EDGE_CURVE ( 'NONE', #3991, #6463, #2518, .T. ) ;
#5970 = LINE ( 'NONE', #3423, #6486 ) ;
#5971 = AXIS2_PLACEMENT_3D ( 'NONE', #1036, #534, #4680 ) ;
#5972 = ORIENTED_EDGE ( 'NONE', *, *, #5003, .T. ) ;
#5973 = ORIENTED_EDGE ( 'NONE', *, *, #3879, .F. ) ;
#5974 = VECTOR ( 'NONE', #6213, 1000.000000000000000 ) ;
#5975 = CIRCLE ( 'NONE', #5119, 0.1199999999999999956 ) ;
#5976 = LINE ( 'NONE', #3390, #479 ) ;
#5977 = DIRECTION ( 'NONE',  ( 0.000000000000000000, 0.000000000000000000, 1.000000000000000000 ) ) ;
#5978 = FACE_OUTER_BOUND ( 'NONE', #4017, .T. ) ;
#5979 = ORIENTED_EDGE ( 'NONE', *, *, #5542, .F. ) ;
#5980 = VECTOR ( 'NONE', #2546, 1000.000000000000000 ) ;
#5981 = CARTESIAN_POINT ( 'NONE',  ( 3.675000000000409717, 0.6149999999999670175, 0.000000000000000000 ) ) ;
#5982 = AXIS2_PLACEMENT_3D ( 'NONE', #2457, #5506, #4513 ) ;
#5983 = LINE ( 'NONE', #222, #1514 ) ;
#5984 = VECTOR ( 'NONE', #4008, 1000.000000000000000 ) ;
#5985 = DIRECTION ( 'NONE',  ( -1.000000000000000000, 0.000000000000000000, 0.000000000000000000 ) ) ;
#5986 = DIRECTION ( 'NONE',  ( 0.000000000000000000, -1.000000000000000000, 0.000000000000000000 ) ) ;
#5987 = DIRECTION ( 'NONE',  ( 5.681219383820326374E-13, -1.000000000000000000, 0.000000000000000000 ) ) ;
#5988 = LINE ( 'NONE', #1399, #2422 ) ;
#5989 = VERTEX_POINT ( 'NONE', #6614 ) ;
#5990 = DIRECTION ( 'NONE',  ( 0.000000000000000000, 0.000000000000000000, -1.000000000000000000 ) ) ;
#5991 = ORIENTED_EDGE ( 'NONE', *, *, #355, .F. ) ;
#5992 = VECTOR ( 'NONE', #6352, 1000.000000000000000 ) ;
#5993 = DIRECTION ( 'NONE',  ( 1.000000000000000000, 4.250072516142207524E-13, 0.000000000000000000 ) ) ;
#5994 = DIRECTION ( 'NONE',  ( -3.383536836954105029E-14, -1.000000000000000000, 0.000000000000000000 ) ) ;
#5995 = VERTEX_POINT ( 'NONE', #949 ) ;
#5996 = CARTESIAN_POINT ( 'NONE',  ( 0.02499999999992040187, 0.6149999999999670175, 0.2200000000000000011 ) ) ;
#5997 = EDGE_CURVE ( 'NONE', #3017, #82, #3926, .T. ) ;
#5998 = LINE ( 'NONE', #6567, #5200 ) ;
#5999 = ORIENTED_EDGE ( 'NONE', *, *, #6431, .F. ) ;
#6000 = DIRECTION ( 'NONE',  ( 0.000000000000000000, -1.000000000000000000, 0.000000000000000000 ) ) ;
#6001 = DIRECTION ( 'NONE',  ( -1.000000000000000000, 2.272487753529615274E-13, 0.000000000000000000 ) ) ;
#6002 = ORIENTED_EDGE ( 'NONE', *, *, #2711, .T. ) ;
#6003 = VECTOR ( 'NONE', #2513, 1000.000000000000000 ) ;
#6004 = COLOUR_RGB ( '',0.2980392156862745057, 0.2980392156862745057, 0.2980392156862745057 ) ;
#6005 = EDGE_CURVE ( 'NONE', #3889, #1785, #2488, .T. ) ;
#6006 = CARTESIAN_POINT ( 'NONE',  ( 0.7800000000000859579, -0.2249999999999590106, 0.06000000000000140638 ) ) ;
#6007 = ORIENTED_EDGE ( 'NONE', *, *, #1119, .T. ) ;
#6008 = EDGE_CURVE ( 'NONE', #6055, #3176, #6105, .T. ) ;
#6009 = DIRECTION ( 'NONE',  ( -1.000000000000000000, 0.000000000000000000, 0.000000000000000000 ) ) ;
#6010 = CARTESIAN_POINT ( 'NONE',  ( 0.7800000000000859579, -0.2249999999999590106, 0.01000000000000000021 ) ) ;
#6011 = CARTESIAN_POINT ( 'NONE',  ( 3.196696155969390052, 1.222835574493521982, 0.07783733302226299167 ) ) ;
#6012 = VERTEX_POINT ( 'NONE', #3456 ) ;
#6013 = CARTESIAN_POINT ( 'NONE',  ( 0.1399999999999294031, 0.5000000000000210942, 0.000000000000000000 ) ) ;
#6014 = FILL_AREA_STYLE_COLOUR ( '', #1265 ) ;
#6015 = LINE ( 'NONE', #3398, #1585 ) ;
#6016 = LINE ( 'NONE', #2965, #4132 ) ;
#6017 = CYLINDRICAL_SURFACE ( 'NONE', #4469, 0.1200000000000001205 ) ;
#6018 = ORIENTED_EDGE ( 'NONE', *, *, #3765, .T. ) ;
#6019 = SURFACE_STYLE_USAGE ( .BOTH. , #425 ) ;
#6020 = DIRECTION ( 'NONE',  ( 0.000000000000000000, 0.000000000000000000, 1.000000000000000000 ) ) ;
#6021 = CARTESIAN_POINT ( 'NONE',  ( 3.121802131519984869, 1.221802131520014045, 0.08500000000000959566 ) ) ;
#6022 = ADVANCED_FACE ( 'NONE', ( #3556 ), #5040, .F. ) ;
#6023 = DIRECTION ( 'NONE',  ( 0.000000000000000000, 0.000000000000000000, 1.000000000000000000 ) ) ;
#6024 = ORIENTED_EDGE ( 'NONE', *, *, #18, .T. ) ;
#6025 = CARTESIAN_POINT ( 'NONE',  ( 0.7800000000000859579, -0.08999999999996789735, 2.081668171172170239E-16 ) ) ;
#6026 = ORIENTED_EDGE ( 'NONE', *, *, #920, .F. ) ;
#6027 = LINE ( 'NONE', #3377, #2735 ) ;
#6028 = ORIENTED_EDGE ( 'NONE', *, *, #5142, .T. ) ;
#6029 = EDGE_CURVE ( 'NONE', #1299, #5818, #4068, .T. ) ;
#6030 = DIRECTION ( 'NONE',  ( 0.9848077530122130163, 3.109991088991360707E-14, 0.1736481776669025201 ) ) ;
#6031 = DIRECTION ( 'NONE',  ( -3.679090530789004612E-14, -1.000000000000000000, 3.087123507454659549E-14 ) ) ;
#6032 = ORIENTED_EDGE ( 'NONE', *, *, #4898, .T. ) ;
#6033 = EDGE_CURVE ( 'NONE', #3768, #606, #4538, .T. ) ;
#6034 = CARTESIAN_POINT ( 'NONE',  ( 0.000000000000000000, 0.3674999999999999933, 0.01000000000000000021 ) ) ;
#6035 = EDGE_LOOP ( 'NONE', ( #1473, #4633, #4531, #4289 ) ) ;
#6036 = EDGE_CURVE ( 'NONE', #2504, #6358, #6477, .T. ) ;
#6037 = EDGE_CURVE ( 'NONE', #2202, #4565, #3807, .T. ) ;
#6038 = LINE ( 'NONE', #2487, #5193 ) ;
#6039 = DIRECTION ( 'NONE',  ( -1.000000000000000000, 3.612929164882019808E-14, 0.000000000000000000 ) ) ;
#6040 = PLANE ( 'NONE',  #1915 ) ;
#6041 = ORIENTED_EDGE ( 'NONE', *, *, #4059, .T. ) ;
#6042 = CARTESIAN_POINT ( 'NONE',  ( 3.170011202246449500, -0.3218021315200113586, 0.02754666676605826980 ) ) ;
#6043 = EDGE_CURVE ( 'NONE', #1561, #6609, #5501, .T. ) ;
#6044 = CYLINDRICAL_SURFACE ( 'NONE', #3265, 0.07500000000000001110 ) ;
#6045 = DIRECTION ( 'NONE',  ( -1.853171526621275114E-14, 1.000000000000000000, 1.554995544495570229E-14 ) ) ;
#6046 = AXIS2_PLACEMENT_3D ( 'NONE', #2999, #5046, #2494 ) ;
#6047 = CIRCLE ( 'NONE', #1126, 0.1199999999999999956 ) ;
#6048 = ORIENTED_EDGE ( 'NONE', *, *, #521, .T. ) ;
#6049 = CARTESIAN_POINT ( 'NONE',  ( 3.675000000000239631, 0.6250000000000071054, 0.01000000000000000021 ) ) ;
#6050 = DIRECTION ( 'NONE',  ( 0.1736481776668974686, 1.045630942535579817E-14, -0.9848077530122137935 ) ) ;
#6051 = CARTESIAN_POINT ( 'NONE',  ( 0.02499999999992040187, 0.2750000000000055178, 0.1100000000000000006 ) ) ;
#6052 = DIRECTION ( 'NONE',  ( 0.000000000000000000, 0.000000000000000000, 1.000000000000000000 ) ) ;
#6053 = ORIENTED_EDGE ( 'NONE', *, *, #1534, .F. ) ;
#6054 = LINE ( 'NONE', #4460, #5300 ) ;
#6055 = VERTEX_POINT ( 'NONE', #378 ) ;
#6056 = CIRCLE ( 'NONE', #495, 0.07499999999999708289 ) ;
#6057 = ORIENTED_EDGE ( 'NONE', *, *, #3648, .T. ) ;
#6058 = DIRECTION ( 'NONE',  ( -1.000000000000000000, -6.021548608136700101E-14, 0.000000000000000000 ) ) ;
#6059 = VERTEX_POINT ( 'NONE', #2420 ) ;
#6060 = CARTESIAN_POINT ( 'NONE',  ( 3.025879157762799920, -0.2258791577628115055, 0.7900000000000000355 ) ) ;
#6061 = CARTESIAN_POINT ( 'NONE',  ( 0.6741208422371869347, -0.2258791577628045111, 0.7900000000000000355 ) ) ;
#6062 = EDGE_LOOP ( 'NONE', ( #3172, #4931, #4902, #4034 ) ) ;
#6063 = AXIS2_PLACEMENT_3D ( 'NONE', #2453, #5536, #5477 ) ;
#6064 = CIRCLE ( 'NONE', #5851, 0.07499999999999708289 ) ;
#6065 = EDGE_CURVE ( 'NONE', #4228, #6529, #4475, .T. ) ;
#6066 = DIRECTION ( 'NONE',  ( 0.000000000000000000, -1.000000000000000000, 0.000000000000000000 ) ) ;
#6067 = ORIENTED_EDGE ( 'NONE', *, *, #4317, .T. ) ;
#6068 = DIRECTION ( 'NONE',  ( 0.000000000000000000, 0.000000000000000000, 1.000000000000000000 ) ) ;
#6069 = DIRECTION ( 'NONE',  ( 0.6427876096867566336, 0.000000000000000000, -0.7660444431187957148 ) ) ;
#6070 = CARTESIAN_POINT ( 'NONE',  ( 0.7800000000000859579, -0.2249999999999590106, 2.081668171172170239E-16 ) ) ;
#6071 = ORIENTED_EDGE ( 'NONE', *, *, #6621, .F. ) ;
#6072 = EDGE_CURVE ( 'NONE', #1873, #3991, #2956, .T. ) ;
#6073 = VECTOR ( 'NONE', #141, 1000.000000000000000 ) ;
#6074 = COLOUR_RGB ( '',1.000000000000000000, 0.9490196078431372140, 0.8980392156862745390 ) ;
#6075 = DIRECTION ( 'NONE',  ( 0.000000000000000000, 0.000000000000000000, 1.000000000000000000 ) ) ;
#6076 = EDGE_CURVE ( 'NONE', #789, #1277, #3702, .T. ) ;
#6077 = CARTESIAN_POINT ( 'NONE',  ( 1.165000000000020020, -0.3218021315200090271, 0.08500000000000000611 ) ) ;
#6079 = CARTESIAN_POINT ( 'NONE',  ( 0.6741208422372440001, -7.105427357600998703E-15, 0.7900000000000000355 ) ) ;
#6078 = AXIS2_PLACEMENT_3D ( 'NONE', #6589, #1556, #3600 ) ;
#6080 = ORIENTED_EDGE ( 'NONE', *, *, #2714, .T. ) ;
#6081 = AXIS2_PLACEMENT_3D ( 'NONE', #4271, #3281, #147 ) ;
#6082 = FACE_OUTER_BOUND ( 'NONE', #4912, .T. ) ;
#6083 = CYLINDRICAL_SURFACE ( 'NONE', #1519, 0.1199999999999999400 ) ;
#6084 = EDGE_CURVE ( 'NONE', #196, #1277, #4734, .T. ) ;
#6085 = DIRECTION ( 'NONE',  ( 0.000000000000000000, -1.000000000000000000, 0.000000000000000000 ) ) ;
#6086 = DIRECTION ( 'NONE',  ( 0.1710878697460465891, 0.1710878697460335995, -0.9702875252478124768 ) ) ;
#6087 = VECTOR ( 'NONE', #2179, 1000.000000000000000 ) ;
#6088 = ORIENTED_EDGE ( 'NONE', *, *, #906, .F. ) ;
#6089 = AXIS2_PLACEMENT_3D ( 'NONE', #3005, #4644, #29 ) ;
#6090 = DIRECTION ( 'NONE',  ( -7.894919286215560105E-14, -1.000000000000000000, 0.000000000000000000 ) ) ;
#6091 = ORIENTED_EDGE ( 'NONE', *, *, #610, .F. ) ;
#6092 = EDGE_LOOP ( 'NONE', ( #5317, #659, #4138, #3498 ) ) ;
#6093 = AXIS2_PLACEMENT_3D ( 'NONE', #1197, #3842, #2269 ) ;
#6094 = LINE ( 'NONE', #4116, #3181 ) ;
#6095 = VERTEX_POINT ( 'NONE', #6200 ) ;
#6096 = DIRECTION ( 'NONE',  ( -3.612929164882019808E-14, -1.000000000000000000, 0.000000000000000000 ) ) ;
#6097 = LINE ( 'NONE', #976, #5414 ) ;
#6098 = EDGE_LOOP ( 'NONE', ( #181, #698, #4939, #6479 ) ) ;
#6099 = DIRECTION ( 'NONE',  ( 1.000000000000000000, -4.810026685153020374E-13, 0.000000000000000000 ) ) ;
#6100 = CIRCLE ( 'NONE', #638, 0.1249999999999431843 ) ;
#6101 = ORIENTED_EDGE ( 'NONE', *, *, #5503, .F. ) ;
#6102 = SPHERICAL_SURFACE ( 'NONE', #3639, 0.07499999999999711064 ) ;
#6103 = EDGE_CURVE ( 'NONE', #1582, #6128, #1049, .T. ) ;
#6104 = DIRECTION ( 'NONE',  ( -8.881784197002391439E-15, -1.000000000000000000, 0.000000000000000000 ) ) ;
#6105 = LINE ( 'NONE', #2025, #3271 ) ;
#6106 = DIRECTION ( 'NONE',  ( 0.000000000000000000, 0.000000000000000000, 1.000000000000000000 ) ) ;
#6107 = VERTEX_POINT ( 'NONE', #5234 ) ;
#6108 = CARTESIAN_POINT ( 'NONE',  ( 0.6741208422372440001, -7.105427357600998703E-15, 0.7900000000000000355 ) ) ;
#6109 = ADVANCED_FACE ( 'NONE', ( #15 ), #3624, .T. ) ;
#6110 = DIRECTION ( 'NONE',  ( -0.6427876096867575217, 0.000000000000000000, -0.7660444431187950487 ) ) ;
#6111 = FACE_OUTER_BOUND ( 'NONE', #6035, .T. ) ;
#6112 =( NAMED_UNIT ( * ) PLANE_ANGLE_UNIT ( ) SI_UNIT ( $, .RADIAN. ) );
#6113 = VECTOR ( 'NONE', #1046, 1000.000000000000000 ) ;
#6114 = ORIENTED_EDGE ( 'NONE', *, *, #6446, .T. ) ;
#6115 = FACE_OUTER_BOUND ( 'NONE', #4086, .T. ) ;
#6116 = CARTESIAN_POINT ( 'NONE',  ( 0.5899999999999749889, 0.8999999999999559464, 0.000000000000000000 ) ) ;
#6117 = LINE ( 'NONE', #4713, #1993 ) ;
#6118 = EDGE_CURVE ( 'NONE', #3483, #6405, #6168, .T. ) ;
#6119 = FACE_OUTER_BOUND ( 'NONE', #6265, .T. ) ;
#6120 = ORIENTED_EDGE ( 'NONE', *, *, #4569, .F. ) ;
#6121 = DIRECTION ( 'NONE',  ( -0.9848077530121907008, 0.000000000000000000, -0.1736481776670283361 ) ) ;
#6122 = EDGE_CURVE ( 'NONE', #4822, #2605, #73, .T. ) ;
#6123 = ORIENTED_EDGE ( 'NONE', *, *, #2355, .F. ) ;
#6124 = ORIENTED_EDGE ( 'NONE', *, *, #2879, .T. ) ;
#6125 = FILL_AREA_STYLE_COLOUR ( '', #6074 ) ;
#6126 = CARTESIAN_POINT ( 'NONE',  ( 0.5014999924682098653, -0.3985000075317821078, 0.2100000000000000200 ) ) ;
#6127 = DIRECTION ( 'NONE',  ( 0.000000000000000000, 0.000000000000000000, 1.000000000000000000 ) ) ;
#6128 = VERTEX_POINT ( 'NONE', #4699 ) ;
#6129 = EDGE_CURVE ( 'NONE', #3073, #2750, #5165, .T. ) ;
#6130 = CARTESIAN_POINT ( 'NONE',  ( 0.6056972492837648936, -0.2943027507162555012, 0.4019505212501719993 ) ) ;
#6131 = ORIENTED_EDGE ( 'NONE', *, *, #166, .T. ) ;
#6132 = LINE ( 'NONE', #1542, #2028 ) ;
#6133 = DIRECTION ( 'NONE',  ( 0.5082206017326081904, -0.5082206017325597847, -0.6952867321825868530 ) ) ;
#6134 = PLANE ( 'NONE',  #6383 ) ;
#6135 = DIRECTION ( 'NONE',  ( -1.000000000000000000, 0.000000000000000000, 0.000000000000000000 ) ) ;
#6136 = EDGE_LOOP ( 'NONE', ( #6511, #3892, #2214, #3147, #868, #5594 ) ) ;
#6137 = PLANE ( 'NONE',  #2761 ) ;
#6138 = DIRECTION ( 'NONE',  ( 0.5082206017325191505, 0.5082206017325191505, -0.6952867321826817770 ) ) ;
#6139 = CARTESIAN_POINT ( 'NONE',  ( 0.6800000000000639977, 0.8899999999999579359, 0.06000000000000140638 ) ) ;
#6140 = EDGE_CURVE ( 'NONE', #3553, #4724, #72, .T. ) ;
#6141 = ORIENTED_EDGE ( 'NONE', *, *, #2807, .T. ) ;
#6142 = DIRECTION ( 'NONE',  ( 0.000000000000000000, -1.000000000000000000, 0.000000000000000000 ) ) ;
#6143 = DIRECTION ( 'NONE',  ( 0.000000000000000000, 0.000000000000000000, -1.000000000000000000 ) ) ;
#6144 = LINE ( 'NONE', #2038, #279 ) ;
#6145 = DIRECTION ( 'NONE',  ( -1.000000000000000000, 0.000000000000000000, 0.000000000000000000 ) ) ;
#6146 = VERTEX_POINT ( 'NONE', #5735 ) ;
#6147 =( BOUNDED_CURVE ( )  B_SPLINE_CURVE ( 3, ( #2832, #4422, #4852, #2401 ),
 .UNSPECIFIED., .F., .F. ) 
 B_SPLINE_CURVE_WITH_KNOTS ( ( 4, 4 ),
 ( -1.953992523340275511E-14, 0.7703190329009773629 ),
 .UNSPECIFIED. ) 
 CURVE ( )  GEOMETRIC_REPRESENTATION_ITEM ( )  RATIONAL_B_SPLINE_CURVE ( ( 1.000000000000000000, 0.9511590086810457478, 0.9511590086810457478, 1.000000000000000000 ) ) 
 REPRESENTATION_ITEM ( '' )  );
#6148 = CARTESIAN_POINT ( 'NONE',  ( 0.02499999999992040187, 0.4000000000000000222, 0.2200000000000000011 ) ) ;
#6149 = ORIENTED_EDGE ( 'NONE', *, *, #3284, .F. ) ;
#6150 = EDGE_CURVE ( 'NONE', #2746, #3768, #3812, .T. ) ;
#6151 = ORIENTED_EDGE ( 'NONE', *, *, #6140, .F. ) ;
#6152 =( NAMED_UNIT ( * ) SI_UNIT ( $, .STERADIAN. ) SOLID_ANGLE_UNIT ( ) );
#6153 = DIRECTION ( 'NONE',  ( 0.1710878697461169773, -0.1710878697460454789, -0.9702875252477978218 ) ) ;
#6154 = EDGE_CURVE ( 'NONE', #6358, #1662, #4604, .T. ) ;
#6155 = VECTOR ( 'NONE', #5478, 1000.000000000000114 ) ;
#6156 = CARTESIAN_POINT ( 'NONE',  ( 0.5361041118743496980, 1.349999999999980327, 0.2100000000000000200 ) ) ;
#6157 = AXIS2_PLACEMENT_3D ( 'NONE', #1098, #5120, #4676 ) ;
#6158 = ORIENTED_EDGE ( 'NONE', *, *, #1934, .F. ) ;
#6159 = VECTOR ( 'NONE', #5599, 1000.000000000000114 ) ;
#6160 = CARTESIAN_POINT ( 'NONE',  ( 3.146139418524060094, -0.4200000000000000400, 0.2100000000000000200 ) ) ;
#6161 = ORIENTED_EDGE ( 'NONE', *, *, #2152, .F. ) ;
#6162 = LINE ( 'NONE', #1078, #6087 ) ;
#6163 = CIRCLE ( 'NONE', #1671, 0.07499999999999998335 ) ;
#6164 = CARTESIAN_POINT ( 'NONE',  ( 3.198500007531761558, 1.298500007531833589, 0.2100000000000000200 ) ) ;
#6165 = ADVANCED_FACE ( 'NONE', ( #2083 ), #2181, .F. ) ;
#6166 = VECTOR ( 'NONE', #1590, 1000.000000000000000 ) ;
#6167 = VECTOR ( 'NONE', #3998, 1000.000000000000000 ) ;
#6168 = LINE ( 'NONE', #3653, #2741 ) ;
#6169 = CARTESIAN_POINT ( 'NONE',  ( 0.5200000000002089617, -1.226739535806251835, 0.2100000000000000200 ) ) ;
#6170 = EDGE_LOOP ( 'NONE', ( #2293, #5699, #5235, #763 ) ) ;
#6171 = FACE_OUTER_BOUND ( 'NONE', #4837, .T. ) ;
#6172 = SPHERICAL_SURFACE ( 'NONE', #401, 0.07499999999999820699 ) ;
#6173 = LINE ( 'NONE', #2527, #4782 ) ;
#6174 = SHAPE_DEFINITION_REPRESENTATION ( #375, #3417 ) ;
#6175 = ORIENTED_EDGE ( 'NONE', *, *, #4306, .T. ) ;
#6176 = DIRECTION ( 'NONE',  ( 0.000000000000000000, -1.000000000000000000, 0.000000000000000000 ) ) ;
#6177 = CARTESIAN_POINT ( 'NONE',  ( 0.5781978684800610502, 0.009999999999998008746, 0.08500000000000000611 ) ) ;
#6178 = DIRECTION ( 'NONE',  ( 0.000000000000000000, 0.000000000000000000, 1.000000000000000000 ) ) ;
#6179 = CARTESIAN_POINT ( 'NONE',  ( 3.227115210664805112, -0.3089382803033585145, 0.3397860897023514681 ) ) ;
#6180 = EDGE_LOOP ( 'NONE', ( #2788, #3049, #5216, #1000 ) ) ;
#6181 = ADVANCED_FACE ( 'NONE', ( #5197 ), #6134, .T. ) ;
#6182 = AXIS2_PLACEMENT_3D ( 'NONE', #3694, #5274, #4743 ) ;
#6183 = AXIS2_PLACEMENT_3D ( 'NONE', #512, #3557, #5166 ) ;
#6184 = DIRECTION ( 'NONE',  ( 1.000000000000000000, -7.894919286215560105E-14, 0.000000000000000000 ) ) ;
#6185 = VECTOR ( 'NONE', #4838, 1000.000000000000000 ) ;
#6186 = ORIENTED_EDGE ( 'NONE', *, *, #1328, .F. ) ;
#6187 = ORIENTED_EDGE ( 'NONE', *, *, #3879, .T. ) ;
#6188 = CARTESIAN_POINT ( 'NONE',  ( 0.7800000000000859579, -0.08999999999996789735, 2.081668171172170239E-16 ) ) ;
#6189 = VECTOR ( 'NONE', #5494, 1000.000000000000000 ) ;
#6190 = CARTESIAN_POINT ( 'NONE',  ( 3.675000000000179678, 0.5000000000000639488, 0.01000000000000000021 ) ) ;
#6191 = LINE ( 'NONE', #4651, #4232 ) ;
#6192 = ORIENTED_EDGE ( 'NONE', *, *, #3128, .F. ) ;
#6193 = CIRCLE ( 'NONE', #6093, 0.07499999999999824862 ) ;
#6194 = ADVANCED_FACE ( 'NONE', ( #41 ), #542, .F. ) ;
#6195 = CARTESIAN_POINT ( 'NONE',  ( 3.200385489547215023, 0.8999999999999630518, 0.09876058346728849857 ) ) ;
#6196 = ORIENTED_EDGE ( 'NONE', *, *, #2393, .T. ) ;
#6197 = DIRECTION ( 'NONE',  ( 0.000000000000000000, 0.000000000000000000, 1.000000000000000000 ) ) ;
#6198 = LINE ( 'NONE', #3052, #6313 ) ;
#6199 = ADVANCED_FACE ( 'NONE', ( #1679 ), #3182, .T. ) ;
#6200 = CARTESIAN_POINT ( 'NONE',  ( 3.550000000000240075, 0.5000000000000639488, 0.01000000000000000021 ) ) ;
#6201 = PLANE ( 'NONE',  #3287 ) ;
#6202 = AXIS2_PLACEMENT_3D ( 'NONE', #5222, #1168, #627 ) ;
#6203 = EDGE_CURVE ( 'NONE', #2490, #3083, #700, .T. ) ;
#6204 = AXIS2_PLACEMENT_3D ( 'NONE', #2914, #2159, #2588 ) ;
#6205 = ORIENTED_EDGE ( 'NONE', *, *, #1529, .F. ) ;
#6206 = APPLICATION_CONTEXT ( 'automotive_design' ) ;
#6207 = AXIS2_PLACEMENT_3D ( 'NONE', #5601, #474, #1578 ) ;
#6208 = CARTESIAN_POINT ( 'NONE',  ( 0.4843999879491783789, 1.315600012050847090, 0.2100000000000000200 ) ) ;
#6209 = DIRECTION ( 'NONE',  ( 0.6427876096862179534, 0.000000000000000000, -0.7660444431192475756 ) ) ;
#6210 = CARTESIAN_POINT ( 'NONE',  ( 2.900000000000090061, 0.8899999999999789191, 0.01000000000000020144 ) ) ;
#6211 = DIRECTION ( 'NONE',  ( 1.000000000000000000, 0.000000000000000000, 0.000000000000000000 ) ) ;
#6212 = ORIENTED_EDGE ( 'NONE', *, *, #4976, .T. ) ;
#6213 = DIRECTION ( 'NONE',  ( 1.000000000000000000, -6.269494727294420222E-14, 0.000000000000000000 ) ) ;
#6214 = LINE ( 'NONE', #5814, #6223 ) ;
#6215 = FACE_OUTER_BOUND ( 'NONE', #4621, .T. ) ;
#6216 = CARTESIAN_POINT ( 'NONE',  ( 0.000000000000000000, 0.009999999999998008746, 0.1100000000000000006 ) ) ;
#6217 = ORIENTED_EDGE ( 'NONE', *, *, #224, .F. ) ;
#6218 = ORIENTED_EDGE ( 'NONE', *, *, #3530, .T. ) ;
#6219 = EDGE_CURVE ( 'NONE', #3329, #571, #5672, .T. ) ;
#6220 = ORIENTED_EDGE ( 'NONE', *, *, #1489, .F. ) ;
#6221 = DIRECTION ( 'NONE',  ( -1.000000000000000000, 0.000000000000000000, 0.000000000000000000 ) ) ;
#6222 = FACE_OUTER_BOUND ( 'NONE', #5866, .T. ) ;
#6223 = VECTOR ( 'NONE', #5308, 1000.000000000000000 ) ;
#6224 = VERTEX_POINT ( 'NONE', #2645 ) ;
#6225 = PLANE ( 'NONE',  #909 ) ;
#6226 = DIRECTION ( 'NONE',  ( 0.1710878697461259978, 0.1710878697461200026, 0.9702875252477830559 ) ) ;
#6227 = ADVANCED_FACE ( 'NONE', ( #2153 ), #5905, .F. ) ;
#6228 = VERTEX_POINT ( 'NONE', #3753 ) ;
#6229 = CARTESIAN_POINT ( 'NONE',  ( 0.1499999999999204192, 0.5000000000000279776, 0.2100000000000000200 ) ) ;
#6230 = CARTESIAN_POINT ( 'NONE',  ( 3.025879157762799920, -0.2258791577628115055, 0.7899999999999890443 ) ) ;
#6231 = DIRECTION ( 'NONE',  ( -1.000000000000000000, 2.842170943042985178E-13, 0.000000000000000000 ) ) ;
#6232 = ORIENTED_EDGE ( 'NONE', *, *, #3190, .F. ) ;
#6233 = ADVANCED_FACE ( 'NONE', ( #5330, #1715 ), #4365, .T. ) ;
#6234 = VERTEX_POINT ( 'NONE', #242 ) ;
#6235 = EDGE_CURVE ( 'NONE', #6494, #310, #3917, .T. ) ;
#6236 = CARTESIAN_POINT ( 'NONE',  ( 3.122835574493479704, 1.296696155969435882, 0.07783733302226911177 ) ) ;
#6237 = CARTESIAN_POINT ( 'NONE',  ( 3.121802131519984869, 0.8899999999999859135, 0.08500000000000000611 ) ) ;
#6238 = CARTESIAN_POINT ( 'NONE',  ( 0.5043372870040910838, 0.8899999999999789191, 0.07197638667496689124 ) ) ;
#6239 = PRODUCT_CONTEXT ( 'NONE', #5525, 'mechanical' ) ;
#6240 = EDGE_LOOP ( 'NONE', ( #5209, #3240, #1389, #5991 ) ) ;
#6241 = CARTESIAN_POINT ( 'NONE',  ( 2.250000000000114575, -0.1750000000000044853, 0.01000000000000000021 ) ) ;
#6242 = DIRECTION ( 'NONE',  ( 0.000000000000000000, -1.000000000000000000, 0.000000000000000000 ) ) ;
#6243 = CARTESIAN_POINT ( 'NONE',  ( 2.200000000000104983, -0.1749999999999830025, 0.01000000000000000021 ) ) ;
#6244 = UNCERTAINTY_MEASURE_WITH_UNIT (LENGTH_MEASURE( 1.000000000000000082E-05 ), #676, 'distance_accuracy_value', 'NONE');
#6245 = EDGE_CURVE ( 'NONE', #5692, #3176, #3591, .T. ) ;
#6246 = CARTESIAN_POINT ( 'NONE',  ( 2.900000000000090061, 0.8399999999999610001, 0.06000000000000130229 ) ) ;
#6247 = ORIENTED_EDGE ( 'NONE', *, *, #5833, .F. ) ;
#6248 = VERTEX_POINT ( 'NONE', #4401 ) ;
#6249 = LINE ( 'NONE', #2666, #5438 ) ;
#6250 = ORIENTED_EDGE ( 'NONE', *, *, #3804, .F. ) ;
#6251 = CARTESIAN_POINT ( 'NONE',  ( 0.6741208422372440001, 1.203013670925181300, 0.8819253331742715751 ) ) ;
#6252 = PLANE ( 'NONE',  #1827 ) ;
#6253 = ORIENTED_EDGE ( 'NONE', *, *, #5679, .F. ) ;
#6254 = VECTOR ( 'NONE', #5371, 1000.000000000000000 ) ;
#6255 = CARTESIAN_POINT ( 'NONE',  ( 2.850000000000080025, 0.8399999999999819833, 2.081668171172170239E-16 ) ) ;
#6256 = CARTESIAN_POINT ( 'NONE',  ( 0.4800000000000240186, -0.3661849300785649519, 0.2100000000000000477 ) ) ;
#6257 = VECTOR ( 'NONE', #6478, 1000.000000000000000 ) ;
#6258 = VERTEX_POINT ( 'NONE', #5398 ) ;
#6259 = AXIS2_PLACEMENT_3D ( 'NONE', #530, #493, #6121 ) ;
#6260 = CARTESIAN_POINT ( 'NONE',  ( 3.170011202246831417, 0.8849999999999840217, 0.02754666676609038994 ) ) ;
#6261 = DIRECTION ( 'NONE',  ( 0.000000000000000000, 0.000000000000000000, 1.000000000000000000 ) ) ;
#6262 = AXIS2_PLACEMENT_3D ( 'NONE', #939, #6542, #6469 ) ;
#6263 = DIRECTION ( 'NONE',  ( 0.000000000000000000, 0.000000000000000000, -1.000000000000000000 ) ) ;
#6264 = ORIENTED_EDGE ( 'NONE', *, *, #5428, .F. ) ;
#6265 = EDGE_LOOP ( 'NONE', ( #4834, #3844, #1728, #5399 ) ) ;
#6266 = AXIS2_PLACEMENT_3D ( 'NONE', #526, #4642, #3603 ) ;
#6267 = EDGE_LOOP ( 'NONE', ( #4183, #5455, #4406, #5336, #2266 ) ) ;
#6268 = VECTOR ( 'NONE', #4668, 1000.000000000000000 ) ;
#6269 = CARTESIAN_POINT ( 'NONE',  ( 0.6800000000000639977, 0.8899999999999999023, 0.01000000000000000021 ) ) ;
#6270 = CARTESIAN_POINT ( 'NONE',  ( 3.121802131519984869, 1.221802131520014045, 0.08500000000000959566 ) ) ;
#6271 = DIRECTION ( 'NONE',  ( 1.000000000000000000, -1.235047692136174719E-13, 0.000000000000000000 ) ) ;
#6272 = EDGE_CURVE ( 'NONE', #5279, #1523, #2813, .T. ) ;
#6273 = ORIENTED_EDGE ( 'NONE', *, *, #2737, .T. ) ;
#6274 = LINE ( 'NONE', #3194, #5974 ) ;
#6275 = CARTESIAN_POINT ( 'NONE',  ( 0.2996899537054105167, 0.4499999999999599876, 0.000000000000000000 ) ) ;
#6276 = ADVANCED_FACE ( 'NONE', ( #1240 ), #271, .T. ) ;
#6277 = CARTESIAN_POINT ( 'NONE',  ( 3.020000000000210072, 0.009999999999969588771, 0.2100000000000000200 ) ) ;
#6278 = MECHANICAL_DESIGN_GEOMETRIC_PRESENTATION_REPRESENTATION (  '', ( #2974 ), #2438 ) ;
#6279 = ORIENTED_EDGE ( 'NONE', *, *, #4170, .T. ) ;
#6280 = VERTEX_POINT ( 'NONE', #2782 ) ;
#6281 = ADVANCED_FACE ( 'NONE', ( #3781 ), #6401, .T. ) ;
#6282 = DIRECTION ( 'NONE',  ( 0.000000000000000000, 0.000000000000000000, 1.000000000000000000 ) ) ;
#6283 = ORIENTED_EDGE ( 'NONE', *, *, #3965, .T. ) ;
#6284 = CARTESIAN_POINT ( 'NONE',  ( 0.6741208422372440001, 1.125879157762802008, 0.7900000000000000355 ) ) ;
#6285 = DIRECTION ( 'NONE',  ( -1.000000000000000000, -4.263625043298273300E-13, 0.000000000000000000 ) ) ;
#6286 = AXIS2_PLACEMENT_3D ( 'NONE', #2831, #5990, #2400 ) ;
#6287 = ORIENTED_EDGE ( 'NONE', *, *, #2310, .F. ) ;
#6288 = VECTOR ( 'NONE', #1796, 1000.000000000000000 ) ;
#6289 = FACE_OUTER_BOUND ( 'NONE', #2356, .T. ) ;
#6290 = DIRECTION ( 'NONE',  ( 0.000000000000000000, 0.000000000000000000, -1.000000000000000000 ) ) ;
#6291 = VECTOR ( 'NONE', #3212, 1000.000000000000000 ) ;
#6292 = ORIENTED_EDGE ( 'NONE', *, *, #891, .T. ) ;
#6293 = VECTOR ( 'NONE', #5607, 1000.000000000000000 ) ;
#6294 = CARTESIAN_POINT ( 'NONE',  ( 3.122835574493479704, 1.222835574493521982, 0.09086094634728950070 ) ) ;
#6295 = AXIS2_PLACEMENT_3D ( 'NONE', #2467, #6143, #5613 ) ;
#6296 = CARTESIAN_POINT ( 'NONE',  ( 0.7800000000000859579, -0.09000000000000341061, 0.1100000000000000006 ) ) ;
#6297 = ORIENTED_EDGE ( 'NONE', *, *, #4433, .T. ) ;
#6298 = AXIS2_PLACEMENT_3D ( 'NONE', #61, #6221, #1569 ) ;
#6299 = CARTESIAN_POINT ( 'NONE',  ( 2.900000000000090061, 0.01000000000001932156, 0.01000000000000020144 ) ) ;
#6300 = ORIENTED_EDGE ( 'NONE', *, *, #146, .T. ) ;
#6301 = EDGE_LOOP ( 'NONE', ( #5883, #1196, #6032, #4997, #5332, #2184, #3946, #188, #6149, #3010, #6283, #862, #3693, #2167, #2254, #4766, #2379, #6158, #1856, #3078 ) ) ;
#6302 = ORIENTED_EDGE ( 'NONE', *, *, #4077, .T. ) ;
#6303 = AXIS2_PLACEMENT_3D ( 'NONE', #1368, #6461, #428 ) ;
#6304 = ADVANCED_FACE ( 'NONE', ( #701 ), #5834, .T. ) ;
#6305 = ORIENTED_EDGE ( 'NONE', *, *, #4194, .T. ) ;
#6306 = DIRECTION ( 'NONE',  ( -1.000000000000000000, -2.844946500603254085E-13, 0.000000000000000000 ) ) ;
#6307 = DIRECTION ( 'NONE',  ( -1.000000000000000000, -2.842170943049450051E-13, 0.000000000000000000 ) ) ;
#6308 = DIRECTION ( 'NONE',  ( 1.000000000000000000, -2.842170943049450051E-13, 0.000000000000000000 ) ) ;
#6309 = APPLICATION_PROTOCOL_DEFINITION ( 'draft international standard', 'automotive_design', 1998, #2311 ) ;
#6310 = VERTEX_POINT ( 'NONE', #6363 ) ;
#6311 = CARTESIAN_POINT ( 'NONE',  ( 3.103013670925167666, 0.9000000000000130118, 0.8819253331742915591 ) ) ;
#6312 = PLANE ( 'NONE',  #5910 ) ;
#6313 = VECTOR ( 'NONE', #2082, 1000.000000000000000 ) ;
#6314 = CARTESIAN_POINT ( 'NONE',  ( 3.110000000000355147, 0.8999999999999559464, 0.000000000000000000 ) ) ;
#6315 = EDGE_CURVE ( 'NONE', #82, #2020, #3688, .T. ) ;
#6316 = LINE ( 'NONE', #1159, #3267 ) ;
#6317 = VERTEX_POINT ( 'NONE', #6439 ) ;
#6318 = ORIENTED_EDGE ( 'NONE', *, *, #2071, .T. ) ;
#6319 = DIRECTION ( 'NONE',  ( 0.9848077530122063550, 5.963111948672813888E-14, 0.1736481776669396015 ) ) ;
#6320 = ADVANCED_FACE ( 'NONE', ( #3856 ), #3721, .F. ) ;
#6321 = ORIENTED_EDGE ( 'NONE', *, *, #392, .F. ) ;
#6322 = FACE_OUTER_BOUND ( 'NONE', #6098, .T. ) ;
#6323 = CARTESIAN_POINT ( 'NONE',  ( 0.5781978684800039847, -0.3218021315200160215, 0.08500000000000000611 ) ) ;
#6324 = EDGE_LOOP ( 'NONE', ( #4063, #227, #4013, #1844, #5365 ) ) ;
#6325 = ADVANCED_FACE ( 'NONE', ( #1179 ), #5868, .T. ) ;
#6326 = EDGE_CURVE ( 'NONE', #1719, #6403, #4800, .T. ) ;
#6327 = CARTESIAN_POINT ( 'NONE',  ( 0.6741208422371869347, -0.2258791577628045111, 0.7900000000000000355 ) ) ;
#6328 = CARTESIAN_POINT ( 'NONE',  ( 0.5014999924682098653, -0.3985000075317821078, 0.2100000000000000200 ) ) ;
#6329 = ORIENTED_EDGE ( 'NONE', *, *, #6084, .F. ) ;
#6330 = CARTESIAN_POINT ( 'NONE',  ( 2.250000000000114575, -0.1750000000000044853, 0.01000000000000000021 ) ) ;
#6331 = DIRECTION ( 'NONE',  ( 0.000000000000000000, -1.000000000000000000, 0.000000000000000000 ) ) ;
#6332 = ORIENTED_EDGE ( 'NONE', *, *, #1998, .F. ) ;
#6333 = ADVANCED_FACE ( 'NONE', ( #5265 ), #4762, .T. ) ;
#6334 = CARTESIAN_POINT ( 'NONE',  ( 0.000000000000000000, 0.2750000000000055178, 0.1100000000000000006 ) ) ;
#6335 = EDGE_LOOP ( 'NONE', ( #3296, #2814, #940, #4524 ) ) ;
#6336 = VERTEX_POINT ( 'NONE', #2213 ) ;
#6337 = VERTEX_POINT ( 'NONE', #6299 ) ;
#6338 = EDGE_LOOP ( 'NONE', ( #4803, #3640, #5836, #2697 ) ) ;
#6339 = DIRECTION ( 'NONE',  ( 0.000000000000000000, -1.000000000000000000, 0.000000000000000000 ) ) ;
#6340 = DIRECTION ( 'NONE',  ( 0.000000000000000000, 0.000000000000000000, 1.000000000000000000 ) ) ;
#6341 = DIRECTION ( 'NONE',  ( -0.5901122987871001424, 0.000000000000000000, -0.8073211720376248790 ) ) ;
#6342 = EDGE_LOOP ( 'NONE', ( #4883, #817, #3097, #1765 ) ) ;
#6343 = DIRECTION ( 'NONE',  ( 4.547473508864640180E-14, 1.000000000000000000, 0.000000000000000000 ) ) ;
#6344 = FACE_OUTER_BOUND ( 'NONE', #2100, .T. ) ;
#6345 = CARTESIAN_POINT ( 'NONE',  ( 3.121802131520325041, 0.8999999999999559464, 0.08500000000000000611 ) ) ;
#6346 = EDGE_CURVE ( 'NONE', #5989, #2243, #845, .T. ) ;
#6347 = DIRECTION ( 'NONE',  ( 0.000000000000000000, 1.000000000000000000, 0.000000000000000000 ) ) ;
#6348 = VERTEX_POINT ( 'NONE', #6006 ) ;
#6349 = ORIENTED_EDGE ( 'NONE', *, *, #2897, .T. ) ;
#6350 = DIRECTION ( 'NONE',  ( 0.000000000000000000, -1.000000000000000000, 0.000000000000000000 ) ) ;
#6351 = ORIENTED_EDGE ( 'NONE', *, *, #114, .F. ) ;
#6352 = DIRECTION ( 'NONE',  ( 0.000000000000000000, 1.000000000000000000, 0.000000000000000000 ) ) ;
#6353 = CARTESIAN_POINT ( 'NONE',  ( 0.5781978684800610502, 0.009999999999998008746, 0.01000000000000000021 ) ) ;
#6354 = EDGE_LOOP ( 'NONE', ( #2212, #4039, #2890, #5689 ) ) ;
#6355 = EDGE_CURVE ( 'NONE', #726, #5989, #3891, .T. ) ;
#6356 = CARTESIAN_POINT ( 'NONE',  ( 3.121802131519984869, -0.3218021315200160215, 0.08500000000000000611 ) ) ;
#6357 = ADVANCED_FACE ( 'NONE', ( #4533 ), #4937, .T. ) ;
#6358 = VERTEX_POINT ( 'NONE', #5935 ) ;
#6359 = CARTESIAN_POINT ( 'NONE',  ( 0.5299887977535542305, 0.8899999999999649303, 0.02754666676609038994 ) ) ;
#6360 = DIRECTION ( 'NONE',  ( 0.000000000000000000, -1.000000000000000000, 0.000000000000000000 ) ) ;
#6361 = ORIENTED_EDGE ( 'NONE', *, *, #3572, .F. ) ;
#6362 = EDGE_CURVE ( 'NONE', #2767, #4540, #6545, .T. ) ;
#6363 = CARTESIAN_POINT ( 'NONE',  ( 0.7800000000000859579, -0.08999999999996789735, 0.01000000000000020144 ) ) ;
#6364 = VECTOR ( 'NONE', #4012, 1000.000000000000000 ) ;
#6365 = ORIENTED_EDGE ( 'NONE', *, *, #5329, .T. ) ;
#6366 = ORIENTED_EDGE ( 'NONE', *, *, #2639, .T. ) ;
#6367 = EDGE_CURVE ( 'NONE', #6575, #3483, #3153, .T. ) ;
#6368 = VECTOR ( 'NONE', #1346, 1000.000000000000000 ) ;
#6370 = VERTEX_POINT ( 'NONE', #4024 ) ;
#6369 = PRODUCT_DEFINITION ( 'UNKNOWN', '', #1402, #1755 ) ;
#6371 = LINE ( 'NONE', #6410, #1060 ) ;
#6372 = CIRCLE ( 'NONE', #2419, 0.05000000000001845329 ) ;
#6373 = CARTESIAN_POINT ( 'NONE',  ( 2.250000000000169642, 1.074999999999999956, 2.081668171172170239E-16 ) ) ;
#6374 = CYLINDRICAL_SURFACE ( 'NONE', #1553, 0.05000000000001850881 ) ;
#6375 = ORIENTED_EDGE ( 'NONE', *, *, #1042, .T. ) ;
#6376 = LINE ( 'NONE', #251, #952 ) ;
#6377 = DIRECTION ( 'NONE',  ( 0.000000000000000000, 1.000000000000000000, 0.000000000000000000 ) ) ;
#6378 = DIRECTION ( 'NONE',  ( -1.000000000000000000, 0.000000000000000000, 0.000000000000000000 ) ) ;
#6379 = AXIS2_PLACEMENT_3D ( 'NONE', #643, #5778, #1622 ) ;
#6380 = VECTOR ( 'NONE', #1492, 1000.000000000000227 ) ;
#6381 = LINE ( 'NONE', #682, #3595 ) ;
#6382 = ORIENTED_EDGE ( 'NONE', *, *, #2486, .F. ) ;
#6383 = AXIS2_PLACEMENT_3D ( 'NONE', #1144, #1545, #5104 ) ;
#6384 = ORIENTED_EDGE ( 'NONE', *, *, #1709, .T. ) ;
#6385 = CARTESIAN_POINT ( 'NONE',  ( 3.675000000000124611, 0.6249999999999720224, 0.2100000000000000200 ) ) ;
#6386 = LINE ( 'NONE', #360, #5277 ) ;
#6387 = CARTESIAN_POINT ( 'NONE',  ( 0.5200000000002089617, 0.8899999999999649303, 0.06000000000000140638 ) ) ;
#6388 = EDGE_CURVE ( 'NONE', #5320, #4556, #343, .T. ) ;
#6389 = DIRECTION ( 'NONE',  ( 1.000000000000000000, 0.000000000000000000, 0.000000000000000000 ) ) ;
#6390 = ORIENTED_EDGE ( 'NONE', *, *, #6122, .F. ) ;
#6391 = CARTESIAN_POINT ( 'NONE',  ( 0.02499999999997724875, 0.5000000000000210942, 0.2100000000000000200 ) ) ;
#6392 =( LENGTH_UNIT ( ) NAMED_UNIT ( * ) SI_UNIT ( .MILLI., .METRE. ) );
#6393 = VECTOR ( 'NONE', #2307, 1000.000000000000000 ) ;
#6394 = ORIENTED_EDGE ( 'NONE', *, *, #5499, .T. ) ;
#6395 = VECTOR ( 'NONE', #2729, 1000.000000000000000 ) ;
#6396 = CYLINDRICAL_SURFACE ( 'NONE', #5766, 0.07499999999999998335 ) ;
#6397 = LINE ( 'NONE', #4297, #1938 ) ;
#6398 = ORIENTED_EDGE ( 'NONE', *, *, #1920, .F. ) ;
#6399 = ADVANCED_FACE ( 'NONE', ( #4470 ), #3385, .T. ) ;
#6400 = AXIS2_PLACEMENT_3D ( 'NONE', #6013, #1293, #2394 ) ;
#6401 = PLANE ( 'NONE',  #2201 ) ;
#6402 = VECTOR ( 'NONE', #607, 1000.000000000000227 ) ;
#6403 = VERTEX_POINT ( 'NONE', #1476 ) ;
#6404 = VERTEX_POINT ( 'NONE', #4968 ) ;
#6405 = VERTEX_POINT ( 'NONE', #1954 ) ;
#6406 = EDGE_CURVE ( 'NONE', #3347, #5295, #2449, .T. ) ;
#6407 = AXIS2_PLACEMENT_3D ( 'NONE', #5932, #5563, #4529 ) ;
#6408 = ORIENTED_EDGE ( 'NONE', *, *, #4278, .T. ) ;
#6409 = VECTOR ( 'NONE', #4210, 1000.000000000000000 ) ;
#6410 = CARTESIAN_POINT ( 'NONE',  ( 3.180000000000000160, 0.8899999999999789191, 0.1100000000000014022 ) ) ;
#6411 = EDGE_CURVE ( 'NONE', #1210, #6602, #2483, .T. ) ;
#6412 = CARTESIAN_POINT ( 'NONE',  ( 3.215600012050838785, 1.315600012050914591, 0.2100000000000000200 ) ) ;
#6413 = DIRECTION ( 'NONE',  ( 1.000000000000000000, -5.224578939412010120E-14, 0.000000000000000000 ) ) ;
#6414 = AXIS2_PLACEMENT_3D ( 'NONE', #6495, #4957, #6532 ) ;
#6415 = VERTEX_POINT ( 'NONE', #1884 ) ;
#6416 = CARTESIAN_POINT ( 'NONE',  ( 0.5361041118743261613, -0.4500000000000103362, 0.2099999999999999922 ) ) ;
#6417 = CARTESIAN_POINT ( 'NONE',  ( 2.200000000000104983, -0.2250000000000000056, 0.01000000000000000021 ) ) ;
#6418 =( NAMED_UNIT ( * ) PLANE_ANGLE_UNIT ( ) SI_UNIT ( $, .RADIAN. ) );
#6419 = DIRECTION ( 'NONE',  ( 0.000000000000000000, 1.000000000000000000, 0.000000000000000000 ) ) ;
#6420 = LINE ( 'NONE', #5546, #1464 ) ;
#6421 = VECTOR ( 'NONE', #6389, 1000.000000000000000 ) ;
#6422 = VERTEX_POINT ( 'NONE', #372 ) ;
#6423 = VERTEX_POINT ( 'NONE', #2413 ) ;
#6424 = CIRCLE ( 'NONE', #3853, 0.07499999999999820699 ) ;
#6425 = DIRECTION ( 'NONE',  ( 0.000000000000000000, 0.000000000000000000, 1.000000000000000000 ) ) ;
#6426 = CARTESIAN_POINT ( 'NONE',  ( 2.850000000000080025, 0.8399999999999819833, 0.01000000000000020144 ) ) ;
#6427 = DIRECTION ( 'NONE',  ( -2.842170943049450051E-13, 1.000000000000000000, 0.000000000000000000 ) ) ;
#6428 = CARTESIAN_POINT ( 'NONE',  ( 1.150000000000090061, 1.125879157762802008, 0.9100000000000000311 ) ) ;
#6429 = ORIENTED_EDGE ( 'NONE', *, *, #5861, .T. ) ;
#6430 = CARTESIAN_POINT ( 'NONE',  ( 3.121802131519984869, 0.01499999999999346127, 0.08500000000000000611 ) ) ;
#6431 = EDGE_CURVE ( 'NONE', #4395, #4946, #3519, .T. ) ;
#6432 = DIRECTION ( 'NONE',  ( 0.000000000000000000, -0.9848077530122063550, -0.1736481776669397126 ) ) ;
#6433 = ORIENTED_EDGE ( 'NONE', *, *, #5882, .F. ) ;
#6434 = LINE ( 'NONE', #1774, #205 ) ;
#6435 = DIRECTION ( 'NONE',  ( 0.000000000000000000, -1.000000000000000000, 0.000000000000000000 ) ) ;
#6436 = ORIENTED_EDGE ( 'NONE', *, *, #5961, .T. ) ;
#6437 = EDGE_CURVE ( 'NONE', #3106, #4966, #3994, .T. ) ;
#6438 = VECTOR ( 'NONE', #6377, 1000.000000000000000 ) ;
#6439 = CARTESIAN_POINT ( 'NONE',  ( 0.5200000000002089617, 0.009999999999969588771, 0.06000000000000140638 ) ) ;
#6440 = ORIENTED_EDGE ( 'NONE', *, *, #2897, .F. ) ;
#6441 = ORIENTED_EDGE ( 'NONE', *, *, #6036, .T. ) ;
#6442 = ORIENTED_EDGE ( 'NONE', *, *, #804, .T. ) ;
#6443 = ORIENTED_EDGE ( 'NONE', *, *, #6008, .F. ) ;
#6444 = CIRCLE ( 'NONE', #449, 0.05000000000001850881 ) ;
#6445 = LINE ( 'NONE', #3895, #6185 ) ;
#6446 = EDGE_CURVE ( 'NONE', #667, #5989, #5970, .T. ) ;
#6447 = DIRECTION ( 'NONE',  ( 0.000000000000000000, 0.000000000000000000, 1.000000000000000000 ) ) ;
#6448 = CARTESIAN_POINT ( 'NONE',  ( 0.02499999999992040187, 0.2750000000000130118, 0.1100000000000000006 ) ) ;
#6449 = ORIENTED_EDGE ( 'NONE', *, *, #13, .F. ) ;
#6450 = EDGE_CURVE ( 'NONE', #2891, #6458, #3482, .T. ) ;
#6451 = LINE ( 'NONE', #3394, #2868 ) ;
#6452 = CARTESIAN_POINT ( 'NONE',  ( 0.7800000000000859579, 1.124999999999949818, 0.01000000000000020144 ) ) ;
#6453 = CARTESIAN_POINT ( 'NONE',  ( 0.000000000000000000, 0.6249999999999720224, 0.2100000000000000200 ) ) ;
#6454 = VECTOR ( 'NONE', #3500, 1000.000000000000000 ) ;
#6455 = PLANE ( 'NONE',  #6620 ) ;
#6456 = CARTESIAN_POINT ( 'NONE',  ( 0.5781978684800610502, 0.009999999999998008746, 0.01000000000000000021 ) ) ;
#6457 = ORIENTED_EDGE ( 'NONE', *, *, #4278, .F. ) ;
#6458 = VERTEX_POINT ( 'NONE', #5034 ) ;
#6459 = ORIENTED_EDGE ( 'NONE', *, *, #95, .F. ) ;
#6460 = ADVANCED_FACE ( 'NONE', ( #6574 ), #5473, .T. ) ;
#6461 = DIRECTION ( 'NONE',  ( 0.000000000000000000, 1.000000000000000000, 0.000000000000000000 ) ) ;
#6462 = CARTESIAN_POINT ( 'NONE',  ( 2.900000000000090061, 0.01000000000001932156, 0.06000000000000130229 ) ) ;
#6463 = VERTEX_POINT ( 'NONE', #978 ) ;
#6464 = LINE ( 'NONE', #5996, #4231 ) ;
#6465 = DIRECTION ( 'NONE',  ( 0.000000000000000000, 0.000000000000000000, 1.000000000000000000 ) ) ;
#6466 = FACE_OUTER_BOUND ( 'NONE', #3228, .T. ) ;
#6467 = ORIENTED_EDGE ( 'NONE', *, *, #4811, .T. ) ;
#6468 = CARTESIAN_POINT ( 'NONE',  ( 3.025879157762799920, 1.125879157762802008, 0.7900000000000000355 ) ) ;
#6469 = DIRECTION ( 'NONE',  ( -1.000000000000000000, 6.269494727294420222E-14, 0.000000000000000000 ) ) ;
#6470 = EDGE_LOOP ( 'NONE', ( #1682, #6472, #2062, #5381, #1886, #6440, #3202, #2852, #588, #3798, #3714, #4101, #6565, #454, #5808, #2281, #2667, #1919, #492, #1791, #4786, #5870 ) ) ;
#6471 = DIRECTION ( 'NONE',  ( -6.315935428978830158E-14, 1.000000000000000000, 0.000000000000000000 ) ) ;
#6472 = ORIENTED_EDGE ( 'NONE', *, *, #5343, .T. ) ;
#6473 = ORIENTED_EDGE ( 'NONE', *, *, #3965, .F. ) ;
#6474 = PRODUCT ( 'SOD123HP-2_3D', 'SOD123HP-2_3D', '', ( #151 ) ) ;
#6475 = AXIS2_PLACEMENT_3D ( 'NONE', #3373, #4523, #4426 ) ;
#6476 = DIRECTION ( 'NONE',  ( 0.000000000000000000, 0.000000000000000000, 1.000000000000000000 ) ) ;
#6477 = LINE ( 'NONE', #6578, #2853 ) ;
#6478 = DIRECTION ( 'NONE',  ( -4.547473508864640180E-14, -1.000000000000000000, 0.000000000000000000 ) ) ;
#6479 = ORIENTED_EDGE ( 'NONE', *, *, #4972, .F. ) ;
#6480 = VECTOR ( 'NONE', #4440, 1000.000000000000000 ) ;
#6481 = CARTESIAN_POINT ( 'NONE',  ( 0.4843999879491229232, -0.4156000120508549500, 0.2100000000000000200 ) ) ;
#6482 = AXIS2_PLACEMENT_3D ( 'NONE', #6148, #3164, #4084 ) ;
#6483 = DIRECTION ( 'NONE',  ( 0.000000000000000000, -1.000000000000000000, 0.000000000000000000 ) ) ;
#6484 = LINE ( 'NONE', #5452, #414 ) ;
#6485 = AXIS2_PLACEMENT_3D ( 'NONE', #1606, #1072, #5091 ) ;
#6486 = VECTOR ( 'NONE', #5531, 1000.000000000000000 ) ;
#6487 = CARTESIAN_POINT ( 'NONE',  ( 0.02500000000003410258, 0.2750000000000409894, 0.01000000000000000021 ) ) ;
#6488 = EDGE_CURVE ( 'NONE', #3964, #472, #3019, .T. ) ;
#6489 = DIRECTION ( 'NONE',  ( -0.6860968888031516721, 0.6860968888036806934, -0.2419547857525153056 ) ) ;
#6490 = CARTESIAN_POINT ( 'NONE',  ( 3.121802131519984869, 0.01499999999999346127, 0.01000000000000000021 ) ) ;
#6491 = ORIENTED_EDGE ( 'NONE', *, *, #3268, .T. ) ;
#6492 = CYLINDRICAL_SURFACE ( 'NONE', #6286, 0.1150000000000019756 ) ;
#6493 = VECTOR ( 'NONE', #1900, 1000.000000000000000 ) ;
#6494 = VERTEX_POINT ( 'NONE', #2920 ) ;
#6495 = CARTESIAN_POINT ( 'NONE',  ( 3.121802131519984869, -0.3218021315200090271, 0.08500000000000000611 ) ) ;
#6496 = ADVANCED_FACE ( 'NONE', ( #3963 ), #3551, .T. ) ;
#6497 = CARTESIAN_POINT ( 'NONE',  ( 0.7800000000000300027, 0.9899999999999659073, 0.06000000000000140638 ) ) ;
#6498 = AXIS2_PLACEMENT_3D ( 'NONE', #3400, #958, #4881 ) ;
#6499 = VERTEX_POINT ( 'NONE', #2640 ) ;
#6500 = VECTOR ( 'NONE', #6447, 1000.000000000000000 ) ;
#6501 = DIRECTION ( 'NONE',  ( 4.547473508864640180E-14, 1.000000000000000000, 0.000000000000000000 ) ) ;
#6502 = EDGE_CURVE ( 'NONE', #1866, #3744, #4023, .T. ) ;
#6503 = CARTESIAN_POINT ( 'NONE',  ( 0.6800000000000639977, 0.8899999999999999023, 2.081668171172170239E-16 ) ) ;
#6504 = ORIENTED_EDGE ( 'NONE', *, *, #3060, .F. ) ;
#6505 = CARTESIAN_POINT ( 'NONE',  ( 2.850000000000080025, 0.06000000000000939998, 0.01000000000000000021 ) ) ;
#6506 = DIRECTION ( 'NONE',  ( -1.000000000000000000, 0.000000000000000000, 0.000000000000000000 ) ) ;
#6507 = ORIENTED_EDGE ( 'NONE', *, *, #3383, .T. ) ;
#6508 = CARTESIAN_POINT ( 'NONE',  ( 0.5033038440305970251, -0.3228355744935314520, 0.07783733302227220652 ) ) ;
#6509 = MECHANICAL_DESIGN_GEOMETRIC_PRESENTATION_REPRESENTATION (  '', ( #3507 ), #4047 ) ;
#6510 = ORIENTED_EDGE ( 'NONE', *, *, #225, .F. ) ;
#6511 = ORIENTED_EDGE ( 'NONE', *, *, #3558, .T. ) ;
#6512 = AXIS2_PLACEMENT_3D ( 'NONE', #6241, #2719, #6343 ) ;
#6513 = VECTOR ( 'NONE', #477, 1000.000000000000000 ) ;
#6514 = VECTOR ( 'NONE', #1183, 1000.000000000000000 ) ;
#6515 = CARTESIAN_POINT ( 'NONE',  ( 2.900000000000090061, 0.01000000000001221960, 2.081668171172170239E-16 ) ) ;
#6516 = CARTESIAN_POINT ( 'NONE',  ( 3.210135878339369864, 0.8899999999999789191, 0.1540577861598179943 ) ) ;
#6517 = FACE_OUTER_BOUND ( 'NONE', #4001, .T. ) ;
#6518 = EDGE_CURVE ( 'NONE', #6557, #5122, #2522, .T. ) ;
#6519 = ORIENTED_EDGE ( 'NONE', *, *, #675, .T. ) ;
#6520 = VECTOR ( 'NONE', #6197, 1000.000000000000000 ) ;
#6521 = DIRECTION ( 'NONE',  ( 0.000000000000000000, 1.000000000000000000, 0.000000000000000000 ) ) ;
#6522 =( GEOMETRIC_REPRESENTATION_CONTEXT ( 3 ) GLOBAL_UNCERTAINTY_ASSIGNED_CONTEXT ( ( #1296 ) ) GLOBAL_UNIT_ASSIGNED_CONTEXT ( ( #2660, #1657, #4310 ) ) REPRESENTATION_CONTEXT ( 'NONE', 'WORKASPACE' ) );
#6523 = CARTESIAN_POINT ( 'NONE',  ( 0.1399999999999294031, 0.4000000000000200062, 0.2200000000000000011 ) ) ;
#6524 = VECTOR ( 'NONE', #4217, 1000.000000000000000 ) ;
#6525 = DIRECTION ( 'NONE',  ( -1.000000000000000000, 0.000000000000000000, 0.000000000000000000 ) ) ;
#6526 = LINE ( 'NONE', #3976, #1242 ) ;
#6527 = DIRECTION ( 'NONE',  ( 0.1710878697460720410, -0.1710878697460435360, 0.9702875252478062595 ) ) ;
#6528 = ADVANCED_FACE ( 'NONE', ( #3048 ), #4654, .F. ) ;
#6529 = VERTEX_POINT ( 'NONE', #2079 ) ;
#6530 = CARTESIAN_POINT ( 'NONE',  ( 3.248236730193184929, 0.8999999999999630518, 0.2200000000000000011 ) ) ;
#6531 = CARTESIAN_POINT ( 'NONE',  ( 0.4907191720189419959, -2.131628207280299927E-14, 0.1492085546078477931 ) ) ;
#6532 = DIRECTION ( 'NONE',  ( 0.000000000000000000, 0.000000000000000000, -1.000000000000000000 ) ) ;
#6533 = CARTESIAN_POINT ( 'NONE',  ( 0.5781978684800610502, 1.221802131519994061, 0.08500000000000000611 ) ) ;
#6534 = EDGE_CURVE ( 'NONE', #4841, #2138, #4122, .T. ) ;
#6535 = VERTEX_POINT ( 'NONE', #3614 ) ;
#6536 = LINE ( 'NONE', #5463, #1885 ) ;
#6537 = EDGE_CURVE ( 'NONE', #3330, #3362, #211, .T. ) ;
#6538 = CARTESIAN_POINT ( 'NONE',  ( 2.250000000000114575, -0.1750000000000044853, 0.01000000000000000021 ) ) ;
#6539 = EDGE_LOOP ( 'NONE', ( #4411, #1981, #5285, #5915 ) ) ;
#6540 = DIRECTION ( 'NONE',  ( 1.000000000000000000, 7.779664990074231587E-15, 0.000000000000000000 ) ) ;
#6541 = EDGE_CURVE ( 'NONE', #1024, #1913, #3677, .T. ) ;
#6542 = DIRECTION ( 'NONE',  ( 6.269494727294420222E-14, 1.000000000000000000, 0.000000000000000000 ) ) ;
#6543 = ORIENTED_EDGE ( 'NONE', *, *, #2682, .T. ) ;
#6544 = AXIS2_PLACEMENT_3D ( 'NONE', #767, #267, #3178 ) ;
#6545 = LINE ( 'NONE', #2889, #6368 ) ;
#6546 = ORIENTED_EDGE ( 'NONE', *, *, #6219, .T. ) ;
#6547 = EDGE_CURVE ( 'NONE', #5053, #5217, #1074, .T. ) ;
#6548 = DIRECTION ( 'NONE',  ( 1.000000000000000000, -8.881784197002391439E-15, 0.000000000000000000 ) ) ;
#6549 = CARTESIAN_POINT ( 'NONE',  ( 3.170011202246451276, 0.01499999999999346127, 0.02754666676605642059 ) ) ;
#6550 = CARTESIAN_POINT ( 'NONE',  ( 2.250000000000169642, 1.074999999999999956, 2.081668171172170239E-16 ) ) ;
#6551 = VERTEX_POINT ( 'NONE', #3112 ) ;
#6552 = CARTESIAN_POINT ( 'NONE',  ( 3.560000000000399734, 0.5000000000000210942, 0.2200000000000000011 ) ) ;
#6553 = CARTESIAN_POINT ( 'NONE',  ( 3.700000000000045475, 0.6250000000000071054, 0.01000000000000000021 ) ) ;
#6554 = DIRECTION ( 'NONE',  ( -0.1710878697460479769, -0.1710878697459789766, 0.9702875252478218027 ) ) ;
#6555 = CARTESIAN_POINT ( 'NONE',  ( 3.121802131519984869, 1.221802131520014045, 0.08500000000000000611 ) ) ;
#6556 = APPLICATION_CONTEXT ( 'automotive_design' ) ;
#6557 = VERTEX_POINT ( 'NONE', #2675 ) ;
#6558 = DIRECTION ( 'NONE',  ( 0.000000000000000000, 0.000000000000000000, -1.000000000000000000 ) ) ;
#6559 = CARTESIAN_POINT ( 'NONE',  ( 0.6800000000000000488, 0.9900000000000450662, 0.06000000000000140638 ) ) ;
#6560 = CARTESIAN_POINT ( 'NONE',  ( 1.165000000000020020, -0.3700112022464978612, 0.02754666676607531173 ) ) ;
#6561 = LINE ( 'NONE', #3568, #5233 ) ;
#6562 = ORIENTED_EDGE ( 'NONE', *, *, #3943, .T. ) ;
#6563 = EDGE_CURVE ( 'NONE', #438, #5954, #3175, .T. ) ;
#6564 = CARTESIAN_POINT ( 'NONE',  ( 3.025879157762859428, -0.2258791577628115055, 0.7900000000000000355 ) ) ;
#6565 = ORIENTED_EDGE ( 'NONE', *, *, #184, .T. ) ;
#6566 = ORIENTED_EDGE ( 'NONE', *, *, #4363, .T. ) ;
#6567 = CARTESIAN_POINT ( 'NONE',  ( 3.110000000000129994, -2.842170943040399481E-14, 0.000000000000000000 ) ) ;
#6568 = ORIENTED_EDGE ( 'NONE', *, *, #1357, .T. ) ;
#6569 = CARTESIAN_POINT ( 'NONE',  ( 0.6800000000000639977, 0.8899999999999999023, 0.01000000000000020144 ) ) ;
#6570 = CARTESIAN_POINT ( 'NONE',  ( 0.02499999999992040187, 0.2849999999999965339, 0.000000000000000000 ) ) ;
#6571 = ORIENTED_EDGE ( 'NONE', *, *, #4943, .T. ) ;
#6572 = EDGE_CURVE ( 'NONE', #2202, #4664, #2543, .T. ) ;
#6573 = ADVANCED_FACE ( 'NONE', ( #633 ), #5630, .T. ) ;
#6574 = FACE_OUTER_BOUND ( 'NONE', #5066, .T. ) ;
#6575 = VERTEX_POINT ( 'NONE', #2604 ) ;
#6576 = EDGE_CURVE ( 'NONE', #1151, #1069, #5095, .T. ) ;
#6577 = DIRECTION ( 'NONE',  ( 0.1710878697460534725, -0.1710878697459844722, 0.9702875252478198043 ) ) ;
#6578 = CARTESIAN_POINT ( 'NONE',  ( 0.1399999999999294031, 0.5000000000000210942, 0.000000000000000000 ) ) ;
#6579 = LINE ( 'NONE', #950, #6513 ) ;
#6580 = EDGE_CURVE ( 'NONE', #3388, #4328, #1991, .T. ) ;
#6581 = ORIENTED_EDGE ( 'NONE', *, *, #1334, .T. ) ;
#6582 = ADVANCED_FACE ( 'NONE', ( #4156 ), #1610, .T. ) ;
#6583 = CARTESIAN_POINT ( 'NONE',  ( 0.5917999550936200448, 1.208200044906370119, 0.007858733479300441041 ) ) ;
#6584 = DIRECTION ( 'NONE',  ( 0.000000000000000000, -0.6427876096865180466, -0.7660444431189957770 ) ) ;
#6585 = DIRECTION ( 'NONE',  ( -0.6427876096863800459, 0.000000000000000000, 0.7660444431191116843 ) ) ;
#6586 = VECTOR ( 'NONE', #3730, 1000.000000000000000 ) ;
#6587 = CIRCLE ( 'NONE', #1023, 0.05000000000001850881 ) ;
#6588 = ORIENTED_EDGE ( 'NONE', *, *, #4688, .T. ) ;
#6589 = CARTESIAN_POINT ( 'NONE',  ( 3.121802131519984869, 1.221802131520014045, 0.08500000000000959566 ) ) ;
#6590 = DIRECTION ( 'NONE',  ( 0.000000000000000000, 0.000000000000000000, 1.000000000000000000 ) ) ;
#6591 = FACE_OUTER_BOUND ( 'NONE', #3043, .T. ) ;
#6593 = CARTESIAN_POINT ( 'NONE',  ( 1.850000000000024958, 0.4500000000000000111, 0.9100000000000000311 ) ) ;
#6592 = UNCERTAINTY_MEASURE_WITH_UNIT (LENGTH_MEASURE( 1.000000000000000082E-05 ), #1295, 'distance_accuracy_value', 'NONE');
#6594 = AXIS2_PLACEMENT_3D ( 'NONE', #2247, #2707, #5804 ) ;
#6595 = ORIENTED_EDGE ( 'NONE', *, *, #320, .F. ) ;
#6596 = CARTESIAN_POINT ( 'NONE',  ( 0.7800000000000859579, 1.124999999999949818, 0.01000000000000000021 ) ) ;
#6597 = ORIENTED_EDGE ( 'NONE', *, *, #6029, .F. ) ;
#6598 = VECTOR ( 'NONE', #3536, 1000.000000000000000 ) ;
#6599 = ORIENTED_EDGE ( 'NONE', *, *, #6150, .T. ) ;
#6600 = EDGE_CURVE ( 'NONE', #1719, #3504, #2576, .T. ) ;
#6601 = DIRECTION ( 'NONE',  ( 0.000000000000000000, -1.000000000000000000, 0.000000000000000000 ) ) ;
#6602 = VERTEX_POINT ( 'NONE', #1106 ) ;
#6603 = LINE ( 'NONE', #3887, #3293 ) ;
#6604 = PLANE ( 'NONE',  #5627 ) ;
#6605 = EDGE_LOOP ( 'NONE', ( #3791, #1999, #807, #3308, #202 ) ) ;
#6606 = VECTOR ( 'NONE', #4030, 1000.000000000000000 ) ;
#6607 = VECTOR ( 'NONE', #5076, 1000.000000000000000 ) ;
#6608 = DIRECTION ( 'NONE',  ( 1.000000000000000000, -2.145034673992404926E-13, 0.000000000000000000 ) ) ;
#6609 = VERTEX_POINT ( 'NONE', #3140 ) ;
#6610 = CARTESIAN_POINT ( 'NONE',  ( 2.900000000000090061, 0.8899999999999789191, 0.01000000000000000021 ) ) ;
#6611 = EDGE_CURVE ( 'NONE', #5320, #4825, #894, .T. ) ;
#6613 = CARTESIAN_POINT ( 'NONE',  ( 0.000000000000000000, 0.2750000000000055178, 0.1100000000000000006 ) ) ;
#6612 = AXIS2_PLACEMENT_3D ( 'NONE', #4751, #1163, #2200 ) ;
#6614 = CARTESIAN_POINT ( 'NONE',  ( 3.700000000000045475, 0.2750000000000485390, 0.01000000000000000021 ) ) ;
#6615 = DIRECTION ( 'NONE',  ( -0.1736481776668974686, -6.273785655213478899E-15, 0.9848077530122137935 ) ) ;
#6616 = ADVANCED_FACE ( 'NONE', ( #264 ), #2176, .F. ) ;
#6617 = VERTEX_POINT ( 'NONE', #5257 ) ;
#6618 = CIRCLE ( 'NONE', #5540, 0.05000000000001141032 ) ;
#6619 = VECTOR ( 'NONE', #2466, 1000.000000000000000 ) ;
#6620 = AXIS2_PLACEMENT_3D ( 'NONE', #4919, #3834, #3359 ) ;
#6621 = EDGE_CURVE ( 'NONE', #3141, #5033, #5765, .T. ) ;
#6622 = LINE ( 'NONE', #546, #1698 ) ;
#6623 = CARTESIAN_POINT ( 'NONE',  ( 2.250000000000114575, -0.1750000000000044853, 0.01000000000000000021 ) ) ;
#6625 = CARTESIAN_POINT ( 'NONE',  ( 0.4915658725438450394, 0.8899999999999789191, 0.1444066773140583737 ) ) ;
#6624 = CIRCLE ( 'NONE', #3833, 0.07499999999999824862 ) ;
#6626 = ORIENTED_EDGE ( 'NONE', *, *, #3621, .F. ) ;
#6627 = VECTOR ( 'NONE', #1361, 1000.000000000000000 ) ;
#6628 = VECTOR ( 'NONE', #1967, 1000.000000000000000 ) ;
#6629 = CARTESIAN_POINT ( 'NONE',  ( 3.180000000000000160, 0.01000000000001932156, 0.2100000000000000200 ) ) ;
#6630 = DIRECTION ( 'NONE',  ( -6.315935428978830158E-14, 1.000000000000000000, 0.000000000000000000 ) ) ;
#6631 = CARTESIAN_POINT ( 'NONE',  ( 0.4800000000000180234, 0.8899999999999789191, 0.2100000000000000200 ) ) ;
#6632 = ADVANCED_FACE ( 'NONE', ( #4858 ), #3712, .F. ) ;
#6633 = NEXT_ASSEMBLY_USAGE_OCCURRENCE ( 'NAUO1', ' ', ' ', #4504, #4579, $ ) ;
#6634 = NEXT_ASSEMBLY_USAGE_OCCURRENCE ( 'NAUO2', ' ', ' ', #4504, #6369, $ ) ;
#6635 = NEXT_ASSEMBLY_USAGE_OCCURRENCE ( 'NAUO3', ' ', ' ', #4504, #932, $ ) ;
ENDSEC;
END-ISO-10303-21;
